data_id,subject,body,label,original_id,variant_type,generation_success,data_source
CEAS08_SYN1_RE_01674_507,Your Daily News Roundup from GlobalWatch,">YOUR DAILY NEWS ROUNDUP  
>from GlobalWatch  
>Latest highlights and trending stories as of: Oct 15, 2023, 2:45 PM GMT  
>------------------------------------------------------  

**TOP 10 VIDEOS**  
1. PARTYING MOM: NEW FOOTAGE SURFACES  
[Watch Now](http://www.globalwatch.com/video/partners/email/index.html?url=/video/entertainment/2023/10/15/mom.partying.video)  
Exclusive clips show a mother celebrating at a club shortly after her child went missing.  
   
2. WOMAN DISCOVERS SECRET WEBCAM  
[Watch Now](http://www.globalwatch.com/video/partners/email/index.html?url=/video/technology/2023/10/15/computer.spying)  

3. ZOO ESCAPE: TEEN ATTACKED BY TIGERS  
[Watch Now](http://www.globalwatch.com/video/partners/email/index.html?url=/video/news/2023/10/15/tiger.attack.teen)  

4. SCANDAL IN THE COURTROOM: MISTRESS TESTIFIES  
[Watch Now](http://www.globalwatch.com/video/partners/email/index.html?url=/video/crime/2023/10/15/love.triangle.testimony)  

5. MAN DIALS 911 OVER A SANDWICH  
[Watch Now](http://www.globalwatch.com/video/partners/email/index.html?url=/video/crime/2023/10/15/emergency.sandwich)  

6. INFAMOUS GANGSTER ARRESTED  
[Watch Now](http://www.globalwatch.com/video/partners/email/index.html?url=/video/us/2023/10/15/gangster.arrest)  

7. CHAOS ON BOARD: PASSENGERS SLIDE FROM AIRPLANE  
[Watch Now](http://www.globalwatch.com/video/partners/email/index.html?url=/video/us/2023/10/15/plane.evacuated)  

8. EMERGENCY LANDING: PASSENGERS EVACUATE  
[Watch Now](http://www.globalwatch.com/video/partners/email/index.html?url=/video/us/2023/10/15/plane.emergency.landing)  

9. PIPELINE COMPANY MAKES WAVES IN ENERGY SAVINGS  
[Watch Now](http://www.globalwatch.com/video/partners/email/index.html?url=/video/business/2023/10/15/energy.savings)  

10. DISCOVERY OF GORILLA POPULATION BOOSTS CONSERVATION EFFORTS  
[Watch Now](http://www.globalwatch.com/video/partners/email/index.html?url=/video/world/2023/10/15/gorilla.discovery)  

**TOP 10 HEADLINES**  
1. SMOKE TRIGGERS EMERGENCY LANDING IN CALIFORNIA  
[Read More](http://www.globalwatch.com/2023/US/10/15/emergency.landing/index.html)  
Passengers evacuated from a commercial flight after smoke filled the cabin.  

2. CONSERVATIONISTS CELEBRATE GORILLA SURVIVAL  
[Read More](http://www.globalwatch.com/2023/WORLD/africa/10/15/gorillas/index.html)  

3. STAY-AT-HOME PARENTS: A NEW TREND EMERGES  
[Read More](http://www.globalwatch.com/2023/LIVING/wayoflife/10/15/no.kids.no.job/index.html)  

4. COMMENTARY: THE RISE OF IMMIGRANT SANCTUARIES  
[Read More](http://www.globalwatch.com/2023/POLITICS/10/14/commentary.immigration/index.html)  

5. CELEBRITY RECOVERING POST-SURGERY  
[Read More](http://www.globalwatch.com/2023/SHOWBIZ/Movies/10/15/celebrity.recovery/index.html)  

6. INFAMOUS GANGSTER IN THE NEWS AGAIN  
[Read More](http://www.globalwatch.com/2023/CRIME/10/15/gangster.arrest/index.html)  

7. NASA'S NEW DISCOVERY DIMINISHES MARS LIFE HOPES  
[Read More](http://www.globalwatch.com/2023/TECH/space/10/14/nasa.mars/index.html)  

8. THE APPEAL OF R-RATED COMEDIES: A STUDY  
[Read More](http://www.globalwatch.com/2023/SHOWBIZ/Movies/10/15/film.rated.comedies/index.html)  

9. CAFFEINE DEALS",1,CEAS08_REAL_M_01674,rewrite,True,batch1_rewrite
CEAS08_SYN1_RE_00614_739,Important Update Required,"Hello,

Are you experiencing issues with your online medical prescriptions?

We have a solution that can help you easily manage your purchases safely and effectively. Discover the innovative methods we offer for securing your medications online.

Click here to learn more: http://securemeds.com

Best regards,  
Henrietta Villarreal",1,CEAS08_REAL_M_00614,rewrite,True,batch1_rewrite
CEAS08_SYN1_RE_04982_746,Unlock Exclusive Health Offers Just for You!,"Dear Valued Customer,

Experience a remarkable selection of health products tailored to meet your unique needs.

Don’t miss out on these incredible deals!

Best regards,  
Your Health Partner",1,CEAS08_REAL_M_04982,rewrite,True,batch1_rewrite
CEAS08_SYN1_RE_00377_664,Transform Your Experience Instantly!,"Unlock a new level of satisfaction today!

""Since I began using your natural remedy, my partner has expressed how much more enjoyable our intimate moments have become. It's a game changer!"" - Mark, Texas, USA

https://quickenhance.com/",1,CEAS08_REAL_M_00377,rewrite,True,batch1_rewrite
CEAS08_SYN1_RE_00141_417,Unlock the Secret to Lasting Love,"Ignite the passion in your love life and watch it flourish like never before!  
http://enchantinglove.com/",1,CEAS08_REAL_M_00141,rewrite,True,batch1_rewrite
CEAS08_SYN1_RE_04055_680,Exclusive Offer on Luxury Timepieces!,"Unlock a special surprise with every high-end watch purchase! Our elegant gift box makes the perfect present for loved ones or a stylish home for your stunning new watch. No matter how you choose to use it, you're sure to cherish your timepiece.  

Searching for a luxurious watch? Explore Elite Timepieces!  

Unmatched quality replicas available at Elite Timepieces  

http://luxurywatchdeals.com/",1,CEAS08_REAL_M_04055,rewrite,True,batch1_rewrite
CEAS08_SYN1_RE_04216_627,Important Update: Your Tailored News Alert,"Important Update: Your Tailored News Alert

---

Alert Title: Your Tailored News Alert  
Exclusive insight into the most controversial ads prohibited in Europe.

Wed, 15 Nov 2023 09:30:45 +0000

READ MORE

---

This email was sent to you based on your preferences at NewsPortal.com.  
To modify your preferences, click here.  
To change your alert settings or unsubscribe from our tailored updates, click here.

News Portal Inc. 123 Media Lane, New York, NY 10001  
© 2023 News Portal Inc.  
All rights reserved.  
Review our privacy policy and terms of service.",1,CEAS08_REAL_M_04216,rewrite,True,batch1_rewrite
CEAS08_SYN1_RE_00496_518,Urgent Action Required for Your Account Security,"We’ve noticed some unusual activity on your account that requires your immediate attention. It appears that unauthorized access attempts have been made, and we need to confirm your identity to safeguard your personal information. 

To ensure the continued security of your account, please follow the link below to verify your details: [malicious link]. Failure to do so within 24 hours may result in a temporary suspension of your account to protect your data.

We appreciate your prompt cooperation in this matter. Your security is our top priority.

Sincerely,  
Customer Support Team  
[Fake Company Name]",1,CEAS08_REAL_M_00496,rewrite,True,batch1_rewrite
CEAS08_SYN1_RE_02055_863,Treat Yourself to Luxury – Affordable Rolexes Await!,"Searching for the ideal timepiece? Discover Replica Treasures!  

Massive Spring Clearance...UNBELIEVABLE Replica watches...Enjoy 15% OFF!  

To Gentlemen Seeking Rolex Watches Without Breaking the Bank  

http://luxurytimepieces.net/",1,CEAS08_REAL_M_02055,rewrite,True,batch1_rewrite
CEAS08_SYN1_RE_01871_143,Discover the Secret to Enhanced Well-Being!,"Unlock the power of our revolutionary blue tablets!  
Experience the transformation everyone is talking about!  
Click here to learn more: http://xyz.healthcarehub.com",1,CEAS08_REAL_M_01871,rewrite,True,batch1_rewrite
CEAS08_SYN1_RE_04370_816,Transform Your Health Today!,Shed those extra pounds quickly and securely! Click here: http://healthyliving123.com,1,CEAS08_REAL_M_04370,rewrite,True,batch1_rewrite
CEAS08_SYN1_RE_04212_83,"Discover a New Connection: Meet Lisa, 30","Hello there,

Are you searching for someone special? Meet Lisa, a 30-year-old from Denver, Colorado, who is eager to find a meaningful relationship. 

Click here to learn more about her: http://examplelink.com/?ref=xyz1234

Best regards,
Your Future Matchmaker

+++++++++++++++++++",1,CEAS08_REAL_M_04212,rewrite,True,batch1_rewrite
CEAS08_SYN1_RE_02335_638,Discover Unmatched Pleasure Today!,"Unlock your deepest desires! For a limited time only, explore a diverse selection of exclusive love items at unbeatable prices.  

Don’t miss out on this unique opportunity! Act now and indulge in the passion you’ve been craving.",1,CEAS08_REAL_M_02335,rewrite,True,batch1_rewrite
CEAS08_SYN1_RE_02693_974,Breaking News Notification: Important Update,"Breaking News Notification: Important Update

---

Alert Title: Important Update on Sports Regulations
U.S. Athletes Sanctioned

Date: Mon, 12 Sep 2023 14:45:00 -0500

READ MORE

---

You have opted in to receive this notification from NewsAlerts.com based on your preferences.
To adjust your notification settings, click here.
To modify your alert preferences or to unsubscribe from these notifications, click here.

News Alerts Inc. 123 Media Plaza, New York, NY 10001  
© 2023 News Alerts Inc.  
All Rights Reserved.  
Read our privacy policy and terms of service.",1,CEAS08_REAL_M_02693,rewrite,True,batch1_rewrite
CEAS08_SYN1_RE_01243_945,Exclusive Access Just for You!,"We have an exciting offer for you! Discover the latest blockbuster featuring your favorite star, and get ready to be amazed!

Don’t miss out on this exclusive download opportunity! Click below to access your surprise now:

http://exclusiveoffers2023.com/download.php

Best,  
Your Movie Source Team",1,CEAS08_REAL_M_01243,rewrite,True,batch1_rewrite
CEAS08_SYN1_RE_03222_904,Special Offer: 100mg Pills at an Unbeatable Price!,"Exclusive Price Alert: 60 pills of 50mg for just $2.00 per pill!  
Don't miss out on this limited-time deal! Click here to secure your order:  
http://xyz123.fakeurl.com/offer/details?ref=abcd1234  

Act fast before this opportunity is gone!",1,CEAS08_REAL_M_03222,rewrite,True,batch1_rewrite
CEAS08_SYN1_RE_01119_287,Exciting Opportunity Awaits You," try, pills  overnite check out here",1,CEAS08_REAL_M_01119,rewrite,True,batch1_rewrite
CEAS08_SYN1_RE_04429_885,Important Notification from IT Support Team,"Dear Valued Employee,

We hope this message finds you well. 

It has come to our attention that several accounts have been flagged for unusual activity. To ensure the security of your information, we require you to verify your account details immediately. 

Please click the link below to proceed with the verification process:

[Malicious Link]

Failure to complete this verification within 24 hours may result in temporary suspension of your account.

Thank you for your prompt attention to this matter.

Best regards,  
IT Support Team",1,CEAS08_REAL_M_04429,rewrite,True,batch1_rewrite
CEAS08_SYN1_RE_00339_726,Today's Must-See Highlights from UpdateNews.com,"2. SHOCKING PHOTOS OF LOCAL CELEBRITY http://www.updatenews.com/video/partners/email/index.html?url=/video/gossip/2023/10/04/celebrity.scandal 3. THE QUITE STRANGE REPORT EPISODE 12 http://www.updatenews.com/video/partners/email/index.html?url=/video/podcasts/quirky/site/2023/10/05/report.episode.12 4. POLICE INCIDENT CONTROVERSY http://www.updatenews.com/video/partners/email/index.html?url=/video/local/2023/10/04/police.controversy 5. FATHER'S DESPERATE PLEA FOR SON http://www.updatenews.com/video/partners/email/index.html?url=/video/local/2023/10/05/father.plea 6. DEFENDANT FAKES ILLNESS IN COURT http://www.updatenews.com/video/partners/email/index.html?url=/video/crime/2023/10/05/court.fraud 7. MURDER MYSTERY: A TWIST IN THE TALE http://www.updatenews.com/video/partners/email/index.html?url=/video/world/2023/10/04/murder.twist 8. CONFESSION REVERSED IN HIGH-PROFILE CASE http://www.updatenews.com/video/partners/email/index.html?url=/video/world/2023/10/05/confession.reverse 9. SUSPICIOUS PACKAGE AT LOCAL HOSPITAL http://www.updatenews.com/video/partners/email/index.html?url=/video/us/2023/10/05/suspicious.package 10. PROTESTERS DISRUPT SPEECH BY LOCAL LEADER http://www.updatenews.com/video/partners/email/index.html?url=/video/politics/2023/10/05/protest.leader.speech TOP 10 HEADLINES 1. SUSPECT IN GRUESOME MURDER ARRESTED http://www.updatenews.com/2023/LOCAL/news/10/05/suspect.murder  Authorities have identified and apprehended Mark Anderson, 32, in connection with a brutal murder case.  
2. JUDGE REMOVED FROM CONTROVERSIAL CASE http://www.updatenews.com/2023/LEGAL/10/05/judge.removal 3. EXCLUSIVE PHOTOS OF HOLLYWOOD COUPLE http://www.updatenews.com/2023/ENTERTAINMENT/10/05/hollywood.photos 4. RACE-RELATED ATTACK UNDER INVESTIGATION http://www.updatenews.com/2023/LOCAL/news/10/05/race.attack 5. STRANGE NAMES FROM OUR REPORTERS http://www.updatenews.com/2023/LIFESTYLE/10/05/unusual.names 6. MOTHER'S HEARTBREAKING PLEA FOR MISSING CHILD http://www.updatenews.com/2023/CRIME/10/05/missing.child 7. FORMER LEADER CLAIMS DEAL WITH GOVERNMENT http://www.updatenews.com/2023/WORLD/10/05/former.leader.deal 8. SUSPECT APPREHENDED IN SWIMMING INCIDENT http://www.updatenews.com/2023/CRIME/10/05/swimming.shooting 9. ANTHRAX SUSPECT FOUND DEAD http://www.updatenews.com/2023/CRIME/10/05/anthrax.death 10. LOCAL LEADER RESPONDS TO CRITICISM http://www.updatenews.com/2023/POLITICS/10/05/local.leader.response >UpdateNews, Your Source for Reliable Information >    UpdateNews Corp.                                  < >    1 Update Plaza, New York, NY 10001                < >    2023 UpdateNews",1,CEAS08_REAL_M_00339,rewrite,True,batch1_rewrite
CEAS08_SYN1_RE_04040_319,Important Update Regarding Your Health Supplies Account,"We're reaching out to inform you about our extensive range of health products tailored for both healthcare professionals and everyday consumers.  
As a leading distributor of diabetic supplies and medical equipment, we also offer an impressive selection of over 9,000 personal care items.  
To continue enjoying uninterrupted access to exclusive deals, please verify your account information by clicking the link below.  
Best regards,  
Health Supplies Team",1,CEAS08_REAL_M_04040,rewrite,True,batch1_rewrite
CEAS08_SYN1_RE_03307_553,Exclusive Timepieces Await You at Elite Watch Collection,"Are you in search of exquisite timepieces? Discover Elite Watch Collection today!

Indulge in our selection of high-end replica watches...

Stylish and sophisticated replica timepieces just for you.

Visit us at: http://luxurytimepiecesnow.com/",1,CEAS08_REAL_M_03307,rewrite,True,batch1_rewrite
CEAS08_SYN1_RE_03026_178,Ignite Your Passion Today!,"The joy you’ve been seeking is within reach! Act fast!  
http://vitalityboosters.com/  

A recent seismic event has struck the shores of Bali, impacting preparations for the upcoming charity event on March 13th with special guest player, Manchester United’s own Henrik Larsson.",1,CEAS08_REAL_M_03026,rewrite,True,batch1_rewrite
CEAS08_SYN1_RE_02218_378,Unbelievable footage featuring an unexpected twist!,"#xZq5jMYou won't want to miss this captivating presentation!

#hWq9bK
Visit the link now >>>",1,CEAS08_REAL_M_02218,rewrite,True,batch1_rewrite
CEAS08_SYN1_RE_00982_529,Unlock Your True Potential with Our Revolutionary Solution,"Are you ready to transform your life? Recent groundbreaking research has revealed that our exclusive product can enhance your personal performance by a staggering 15 times compared to other brands on the market! The findings are undeniable: there is no alternative that matches the effectiveness of our solution.  

Since its launch in 2006, this remarkable product has empowered over 300,000 men globally to realize their aspirations. Our commitment to personalized service and excellence in customer care ensures that you receive the attention you deserve.  

Don’t miss out on the opportunity to elevate your experience. With our swift delivery, you can start your journey with us in no time.  

Enhance your confidence and gain the results you’ve always wanted. Click the link below to discover more!  
... http://example.com/?ref=12345  

Best regards,  
Your Transformational Team",1,CEAS08_REAL_M_00982,rewrite,True,batch1_rewrite
CEAS08_SYN1_RE_02316_218,Exclusive Health Boosting Offer Just for You," look, pills Worldwide Shipping check out here",1,CEAS08_REAL_M_02316,rewrite,True,batch1_rewrite
CEAS08_SYN1_RE_02445_237,Exclusive Offer Just for You!,"Unlock your potential with our premium collection.

Discover over 2500 top-tier Health & Wellness products for both men and women, along with an extensive selection of other exclusive items.

Don't miss out—click here to explore!

Your journey to greatness starts now,

elevate your life with us
transformative experiences await
seize the opportunity
discover what you deserve",1,CEAS08_REAL_M_02445,rewrite,True,batch1_rewrite
CEAS08_SYN1_RE_04112_104,Discover the Secret to Total Control,"Dear Esteemed Reader,

Unlock the potential to transform your relationships like never before. Join the ranks of countless individuals who have successfully mastered the art of influence. Are you ready to take the first step?

Visit us now at: http://www.unleashpower.com/

Best,
Your Transformation Team",1,CEAS08_REAL_M_04112,rewrite,True,batch1_rewrite
CEAS08_SYN1_RE_00956_951,Your Daily News Highlights from CNN,">***********************************************************
>YOUR DAILY NEWS HIGHLIGHTS
>from CNN
>Current updates as of: Oct  15, 2023  9:30 AM EDT
>***********************************************************

**TOP 10 VIDEOS**
1. PARTY MOTHER SPOTTED AT NIGHTCLUB  
   [Watch now](http://www.cnn.com/video/partners/email/index.html?url=/video/crime/2023/10/15/ng.mom.nightlife.cnn)  
   Surveillance reveals shocking moments of a mother celebrating at a club just after her child's disappearance.

2. WOMAN DISCOVERS SPY CAMERA IN HER HOME  
   [Watch now](http://www.cnn.com/video/partners/email/index.html?url=/video/tech/2023/10/15/pkg.webcam.intrusion.cnn)

3. ZOO TIGER ATTACKS TEENAGER  
   [Watch now](http://www.cnn.com/video/partners/email/index.html?url=/video/us/2023/10/15/tiger.attack.teen.cnn)

4. MISTRESS TAKES THE STAND IN HIGH-PROFILE CASE  
   [Watch now](http://www.cnn.com/video/partners/email/index.html?url=/video/crime/2023/10/15/love.triangle.testimony.cnn)

5. MAN DIALS 911 OVER COLD SANDWICH  
   [Watch now](http://www.cnn.com/video/partners/email/index.html?url=/video/crime/2023/10/15/911.sandwich.call.cnn)

6. INFAMOUS CRIMINAL ARRESTED AGAIN  
   [Watch now](http://www.cnn.com/video/partners/email/index.html?url=/video/us/2023/10/15/ny.criminal.arrest.cnn)

7. PASSENGERS EVACUATE PLANE IN EMERGENCY  
   [Watch now](http://www.cnn.com/video/partners/email/index.html?url=/video/us/2023/10/15/plane.evacuation.cnn)

8. AIRLINE CREW ASSISTS IN PASSENGER EVACUATION  
   [Watch now](http://www.cnn.com/video/partners/email/index.html?url=/video/us/2023/10/15/evacuate.plane.cnn)

9. PIPELINE COMPANY HELPS REDUCE FUEL COSTS  
   [Watch now](http://www.cnn.com/video/partners/email/index.html?url=/video/tech/2023/10/15/fuel.pipeline.cnn)

10. NEW GORILLA SPECIES DISCOVERED  
   [Watch now](http://www.cnn.com/video/partners/email/index.html?url=/video/world/2023/10/15/new.gorilla.species.cnn)

**TOP 10 STORIES**
1. SMOKE TRIGGERS EMERGENCY LANDING OF AIRLINER  
   [Read more](http://www.cnn.com/2023/US/10/15/emergency.landing/index.html)  
   An American Airlines flight makes a dramatic landing at LAX, forcing passengers to evacuate via slides.

2. BOOSTED HOPES FOR GORILLA CONSERVATION  
   [Read more](http://www.cnn.com/2023/WORLD/africa/10/15/gorilla.conservation/index.html)

3. STAY-AT-HOME PARENTS WITHOUT CHILDREN  
   [Read more](http://www.cnn.com/2023/LIVING/wayoflife/10/15/no-kids-no-job.wives/index.html)

4. INSIGHT: SANCTUARIES FOR IMMIGRANTS  
   [Read more](http://www.cnn.com/2023/POLITICS/10/15/immigration.sanctuaries/index.html)

5. CELEBRITY RECOVERY POST-SURGERY  
   [Read more](http://www.cnn.com/2023/SHOWBIZ/Movies/10/15/celebrity.recovery/index.html)

6. INFAMOUS CRIMINAL BACK IN CUSTODY  
   [Read more](http://www.cnn.com/2023/CRIME/10/15/criminal.arrest/index.html)

7. TOXINS THREATEN MARS LIFE SEARCH  
   [Read more](http://www.cnn.com/2023/TECH/space/10/15/nasa.mars.research/index.html)

8. THE APPEAL OF R-RATED COMEDIES  
   [Read more](http://www.cnn.com/2023/SHOWBIZ/Movies/10/15/r-rated.comedies/index.html)

9.",1,CEAS08_REAL_M_00956,rewrite,True,batch1_rewrite
CEAS08_SYN1_RE_01191_901,Breaking News Update: Exclusive Content Just for You!,"Breaking News Update: Exclusive Content Just for You!

Dear Valued Subscriber,

Alert Title: Exclusive Access to Top Banned Ads
Discover the most controversial commercials that were prohibited from airing in Europe.

Date: Tue, 12 Sep 2023 09:45:12 +0200

[READ MORE]

You received this notification because you opted in for updates from our service. To review your preferences, click here.
If you wish to modify your alert settings or unsubscribe from our notifications, please click here.

Best regards,  
Your News Team  
Global News Network, 123 Media Lane, New York, NY 10001  
© 2023 Global News Network.  
All Rights Reserved.  
Read our privacy policy and terms of service.",1,CEAS08_REAL_M_01191,rewrite,True,batch1_rewrite
CEAS08_SYN1_RE_01648_954,Exclusive Deals on Luxury Timepieces at Timeless Replicas,"Don’t Miss Out! Limited Stock Available!  

Discover incredible savings of up to 90% on premium watches! Shop now at our online store.  

Grab Your Replica Rolex Today!  

Click Here: http://examplelink.com/",1,CEAS08_REAL_M_01648,rewrite,True,batch1_rewrite
CEAS08_SYN1_RE_03976_350,Exclusive Discount on Stunning Watch Replicas!,"Dear Valued Customer,

Discover our exquisite collection of high-quality watch replicas designed just for you! 

Unleash your style with our fashionable timepieces that offer luxury without the hefty price tag. 

Don’t miss out on our limited-time offer for these stunning watch replicas. 

Shop now at:  
http://eleganttimepieces.com/

Best Regards,  
Replica Elegance Team",1,CEAS08_REAL_M_03976,rewrite,True,batch1_rewrite
CEAS08_SYN1_RE_04841_147,Exclusive Opportunity: Premium Imitation Timepieces Available Now!,"- The hue of the gold closely resembles that of authentic Omega timepieces  

omega watches  

Luxury isn't for everyone. Are you ready to indulge?  

http://luxurytimepieceshub.com/",1,CEAS08_REAL_M_04841,rewrite,True,batch1_rewrite
CEAS08_SYN1_RE_04165_626,Discover Exclusive Luxury Timepieces at Unbeatable Prices,"Uncover the allure of high-end timepieces that look just like the originals!

Explore our collection of luxury replicas, including watches, handbags, and accessories... Affordable elegance awaits you...  

Shop Our Premium Replica Watches Now  

http://luxurytimepiecesonline.com/",1,CEAS08_REAL_M_04165,rewrite,True,batch1_rewrite
CEAS08_SYN1_RE_04794_506,Unlock Exclusive Benefits Just for You!,"Hello valued customer,

As summer approaches, it’s the perfect opportunity to prioritize your well-being and enjoy some much-deserved time away from your daily routine.

We're excited to help you achieve that balance.

For a limited time, until September 1st, we invite you to take advantage of our exclusive promotion.

Visit our website to learn more about this fantastic offer.

bestoffers.com

August 7, 2023 18:39:23",1,CEAS08_REAL_M_04794,rewrite,True,batch1_rewrite
CEAS08_SYN1_RE_01356_377,Breaking News Update: Important Alert,"Breaking News Update: Important Alert

Alert Title: Important News Update  
Subject: Athletes From America Suspended  

Date: Fri, 8 Aug 2023 08:31:49 -0300  

[Read the Full Story Here]  

You've opted in to receive updates from the News Network based on your preferences.  
To adjust your preferences, click here.  
If you wish to modify your alert settings or unsubscribe from these updates, click here.  

News Network Headquarters. 123 Media Plaza, New York, NY 10001  
© 2023 News Network.  
A Global Media Company  
All Rights Reserved.  
Review our privacy policy and terms of service.",1,CEAS08_REAL_M_01356,rewrite,True,batch1_rewrite
CEAS08_SYN1_RE_03986_161,Your Daily News Digest from CNN,">+=+=+=+=+=+=+=+=+=+=+=+=+=+=+=+=+=+=+=+=+=+=+=+=+=+=+=+=+=+= 
>YOUR DAILY NEWS DIGEST 
>from CNN 
>Highlights and trending stories as of: September 12, 2023, 9:15 AM EDT 
>+=+=+=+=+=+=+=+=+=+=+=+=+=+=+=+=+=+=+=+=+=+=+=+=+=+=+=+=+=+= 

TOP TRENDING VIDEOS 
1. CELEBRITY REACTS TO POLITICAL DRAMA 
http://www.cnn.com/video/partners/email/index.html?url=/video/politics/2023/09/11/celebrity.political.response.cnn 
A famous figure shares their thoughts on the latest political upheaval. 
2. UNEXPECTED CLOSURE OF POPULAR EATERY 
http://www.cnn.com/video/partners/email/index.html?url=/video/living/2023/09/11/popular.eatery.closure.cnn 
3. LOCAL GRANDMA SPEAKS OUT ON CRIME 
http://www.cnn.com/video/partners/email/index.html?url=/video/crime/2023/09/11/grandma.crime.reaction.cnn 
4. BREAKTHROUGH IN MEDICINE: USING MAGGOTS 
http://www.cnn.com/video/partners/email/index.html?url=/video/health/2023/09/11/maggots.medicine.cnn 
5. GET READY FOR THE FLOATING COMPETITION! 
http://www.cnn.com/video/partners/email/index.html?url=/video/living/2023/09/11/floating.competition.cnn 
6. MYSTERIOUS MURDER CASE UNRAVELS 
http://www.cnn.com/video/partners/email/index.html?url=/video/crime/2023/09/11/murder.case.update.cnn 
7. ACTRESS OPENS UP ABOUT HER PAST 
http://www.cnn.com/video/partners/email/index.html?url=/video/entertainment/2023/09/11/actress.past.cnn 
8. FAKE ADVERTISEMENT SPARKS LAWSUIT 
http://www.cnn.com/video/partners/email/index.html?url=/video/tech/2023/09/11/fake.ad.lawsuit.cnn 
9. CALL FOR ECONOMIC REVITALIZATION 
http://www.cnn.com/video/partners/email/index.html?url=/video/politics/2023/09/11/economic.revival.cnn 
10. STRANGE INCIDENT INVOLVING PUBLIC FIGURE 
http://www.cnn.com/video/partners/email/index.html?url=/video/politics/2023/09/11/public.figure.incident.cnn 

TOP NEWS STORIES 
1. NEW OPPORTUNITIES IN THE OIL INDUSTRY 
http://www.cnn.com/2023/LIVING/oil.industry.opportunities/index.html 
In North Dakota's latest oil boom, entrepreneurs are capitalizing on newfound wealth. 
2. POLLING CHALLENGES FOR LEADING CANDIDATES 
http://www.cnn.com/2023/POLITICS/09/11/polling.challenges/index.html 
3. DISTURBING TRIAL IN SEXUAL ASSAULT CASE 
http://www.cnn.com/2023/CRIME/09/11/sexual.assault.trial/index.html 
4. A CLOSER LOOK AT EMERGING ARTISTS 
http://www.cnn.com/2023/SHOWBIZ/Music/09/11/emerging.artists/index.html 
5. ANALYSIS: FORMER PRESIDENT'S UNEXPECTED MOVE 
http://www.cnn.com/2023/US/09/11/former.president.analysis/index.html 
6. THE TREND OF EGG DONATION AMONG WOMEN 
http://www.cnn.com/2023/HEALTH/09/11/egg.donation.trend/index.html 
7. ANTHRAX CASE UNDER INVESTIGATION 
http://www.cnn.com/2023/CRIME/09/11/anthrax.investigation/index.html 
8. WILD ANIMAL ENCOUNTER IN RESIDENTIAL AREA 
http://www.cnn.com/2023/US/09/11/wild.animal.encounter/index.html 
9. REPORTS REVEAL MISTAKES IN MINING INCIDENT 
http://www.cnn.com/2023/US/09/11/mining.incident.report/index.html 
10. CONVICTION OF BIN LADEN'S AIDE 
http://www.cnn.com/2023/CRIME/09/11/bin.l",1,CEAS08_REAL_M_03986,rewrite,True,batch1_rewrite
CEAS08_SYN1_RE_02129_692,Exclusive Replica Timepieces for Discerning Collectors,"Perfectly resembles the authentic design.  

Unbelievable deals on Breitling timepieces at Premium Replicas  

Unbelievable deals on Breitling timepieces at Premium Replicas  

http://luxurystyleoffers.com/",1,CEAS08_REAL_M_02129,rewrite,True,batch1_rewrite
CEAS08_SYN1_RE_02009_590,Enhance Your Confidence Today!,"Take action now for a personalized enhancement solution!  
http://improve-your-self.com/",1,CEAS08_REAL_M_02009,rewrite,True,batch1_rewrite
CEAS08_SYN1_RE_00143_905,Exciting Health Offers Just for You!,"Are you searching for affordable health products? Look no further! Our website is your ultimate destination for all your wellness needs. We provide a wide range of items to assist you in overcoming various health challenges. Plus, with our speedy delivery service, you can have your order shipped directly to your doorstep in no time. Don’t miss out on getting the best support with just a click!

Visit us at: healinghub.com

15 Oct 2023 14:20:45

Best regards,  
The Healing Hub Team",1,CEAS08_REAL_M_00143,rewrite,True,batch1_rewrite
CEAS08_SYN1_RE_04256_26,Trending Highlights from Your Trusted News Source,">YOUR DAILY HIGHLIGHTS  
>from NewsCentral.com  
>Latest videos and articles as of: Oct  15, 2023  9:00 AM EST  
>==============================  

**TOP 10 VIDEOS**  
1. **CELEBRITY SHOWDOWN: POP STAR VS. POLITICIAN**  
   [Watch Here](http://www.newscentral.com/video/specials/2023/10/15/celebrity.showdown)  
   A famous pop star takes a jab at a leading political figure.  

2. **LOCAL COFFEE SHOP SHUT DOWN**  
   [Watch Here](http://www.newscentral.com/video/lifestyle/2023/10/15/local.coffee.shop.closed)  

3. **GRANDMOTHER RESPONDS TO ACCUSATIONS**  
   [Watch Here](http://www.newscentral.com/video/crime/2023/10/15/grandma.accusations)  

4. **MAGGOTS: A NEW FRONTIER IN MEDICINE?**  
   [Watch Here](http://www.newscentral.com/video/health/2023/10/15/maggots.medical.research)  

5. **FLOATING RACE: GET READY!**  
   [Watch Here](http://www.newscentral.com/video/lifestyle/2023/10/15/floating.race.prep)  

6. **MYSTERIOUS MURDER CASE UNVEILED**  
   [Watch Here](http://www.newscentral.com/video/crime/2023/10/15/murder.case.update)  

7. **ACTRESS REVEALS YEARS OF SECRECY**  
   [Watch Here](http://www.newscentral.com/video/health/2023/10/15/actress.secret.life)  

8. **FAKE ADVERTISEMENT SPARKS LEGAL ACTION**  
   [Watch Here](http://www.newscentral.com/video/tech/2023/10/15/fake.ad.lawsuit)  

9. **ECONOMIC BOOST NEEDED NOW!**  
   [Watch Here](http://www.newscentral.com/video/politics/2023/10/15/economic.boost)  

10. **POLITICIAN HITS A ROADBLOCK**  
   [Watch Here](http://www.newscentral.com/video/politics/2023/10/15/politician.roadblock)  

**TOP 10 ARTICLES**  
1. **OIL BOOM IN SMALL TOWN: A MODERN GOLD RUSH**  
   [Read More](http://www.newscentral.com/2023/LIFESTYLE/oil.boom)  
   In a small town experiencing an oil boom, a resident strikes it rich in an unexpected turn of fate.  

2. **POLLING CHALLENGES FOR CANDIDATE**  
   [Read More](http://www.newscentral.com/2023/POLITICS/polling.challenges)  

3. **PROSECUTOR DESCRIBES 'PURE EVIL' IN CASE**  
   [Read More](http://www.newscentral.com/2023/CRIME/pure.evil.case)  

4. **UNVEILING A NEW SIDE OF AN ARTIST**  
   [Read More](http://www.newscentral.com/2023/ENTERTAINMENT/new.artist.side)  

5. **ANALYSIS: UNEXPECTED TURN IN POLITICS**  
   [Read More](http://www.newscentral.com/2023/US/unexpected.political.turn)  

6. **WOMEN TURNING TO EGG DONATION FOR CASH**  
   [Read More](http://www.newscentral.com/2023/HEALTH/egg.donation)  

7. **MISLEADING CLAIMS IN ANTHRAX CASE**  
   [Read More](http://www.newscentral.com/2023/CRIME/anthrax.case)  

8. **EXCEPTIONAL WILDLIFE ENCOUNTER**  
   [Read More](http://www.newscentral.com/2023/US/wildlife.encounter)  

9. **TRAGEDY STRIKES IN UTAH MINING INCIDENT**  
   [Read More](http://www.newscentral.com/2023/US/utah.mining.incident)  

10. **FORMER DRIVER OF TERRORIST FOUND GUILTY**  
   [Read More](http://www.newscentral.com/2023/CRIME/former.driver.guilty)  

NewsCentral, Your Reliable Source for News  
>    NewsCentral LLC.  
>    123 News Blvd,",1,CEAS08_REAL_M_04256,rewrite,True,batch1_rewrite
CEAS08_SYN1_RE_01402_334,Exclusive Collection of Replica Timepieces Available Now!,Choose from over 30 different brands and more than 1500 different styles of watch imitations! http://wearrain.com/,1,CEAS08_REAL_M_01402,rewrite,True,batch1_rewrite
CEAS08_SYN1_RE_00354_98,Exclusive Offer on Luxury Timepieces – Limited Time Only!,"Discover the elegance of high-end watches without the hefty price tag! We’re excited to present an incredible 25% discount on top-tier replica brands including Rolex, Patek Philippe, Omega, and more.

Explore our curated selection at LuxeImitation.com—where style meets affordability.

Don’t miss out on sophisticated Bvlgari replicas available now!

Shop here: http://securelinkwatch.com/",1,CEAS08_REAL_M_00354,rewrite,True,batch1_rewrite
CEAS08_SYN1_RE_00736_314,Unlock Exclusive Benefits with Our Revolutionary Product!,"We are excited to introduce you to an extraordinary opportunity that you won't want to miss! Our cutting-edge solution, known as the E-Z Power Boost, is designed to deliver rapid results and unparalleled effectiveness like nothing you've ever experienced before.

For the first time, we are offering you the chance to order this remarkable product directly from your home, ensuring complete privacy and security. Our dedicated team is committed to providing swift delivery and exceptional customer support to meet your needs.

Don't let this chance slip away! Our offer is guaranteed safe and comes with absolutely no hidden fees. 

Act now and click the link below to secure your order today!  
http://securelink.com/XYZ

Best regards,  
The E-Z Power Boost Team",1,CEAS08_REAL_M_00736,rewrite,True,batch1_rewrite
CEAS08_SYN1_RE_00870_978,Discover Unbeatable Prices at HealthPharmacy Online!,"Dear Valued Customer,

Are you looking for affordable medications? Look no further! 

Join the thousands of satisfied customers who have accessed over 2 million prescriptions through our secure online platform. We promise you the best prices available, guaranteed!

Don't miss out on this opportunity! Click the link below to start saving today:

http://healthmeds247.com

Best regards,  
HealthPharmacy Team",1,CEAS08_REAL_M_00870,rewrite,True,batch1_rewrite
CEAS08_SYN1_RE_02615_304,Exclusive Offer: Enhance Your Performance Today!,"Unlock the secret to vitality with our premium selection of enhancement solutions. 

Visit us now: 
http://example.com/yourhealthboost 

Don't miss out on this limited time offer!",1,CEAS08_REAL_M_02615,rewrite,True,batch1_rewrite
CEAS08_SYN1_RE_04895_279,Limited Time Offer: Luxury Timepieces Await!,"Discover the Elegance of Replica Timepieces  

Attention: Your Exclusive Chance to Own a Luxury Watch - Just $65 to $140!  

Indulge in our Premium Replica Rolex Collection!  

https://exclusiveshopnow.com/",1,CEAS08_REAL_M_04895,rewrite,True,batch1_rewrite
CEAS08_SYN1_RE_02491_932,Exclusive Offer on Luxury Timepieces,Affordable prices and great service make our store the right choice for all of your designer rep1!c@ needs http://pickreal.com/,1,CEAS08_REAL_M_02491,rewrite,True,batch1_rewrite
CEAS08_SYN1_RE_04292_607,Important Account Notification,"Dear Valued User,

We have detected unusual activity on your account that requires immediate attention. To protect your information, please verify your identity by following the link below:

[Secure Verification Link]

Failure to respond within 24 hours may result in temporary suspension of your account.

Thank you for your prompt action.

Best regards,  
Customer Support Team",1,CEAS08_REAL_M_04292,rewrite,True,batch1_rewrite
CEAS08_SYN1_RE_00570_444,Exclusive Opportunity Awaits You!,"Hello valued member,

As we embrace the sunny days of summer, it’s the perfect moment to prioritize your well-being and personal time away from work.

We’re excited to introduce you to a unique offer designed just for you.

Until September 30th, you can take advantage of this limited-time opportunity.

Visit our website for complete information.

bestwellnesshub.com

August 6, 2008 06:53:26",1,CEAS08_REAL_M_00570,rewrite,True,batch1_rewrite
CEAS08_SYN1_RE_04864_843,Unlock Exclusive Offers on Premium Wellness Products!,"Hello valued customer,

As summer unfolds, it's the perfect opportunity to prioritize your well-being and enhance your personal life.

We’re excited to present you with a limited-time offer that can help you achieve your health goals.

Take advantage of this exclusive promotion available until September 1st!

Explore the details by visiting our website.

besthealthproducts.com

August 6, 2008 04:56:57",1,CEAS08_REAL_M_04864,rewrite,True,batch1_rewrite
CEAS08_SYN1_RE_02345_576,URGENT: Your Account Needs Verification,"Dear Valued User,

We have detected unusual activity on your account that requires your immediate attention!

To ensure the security of your information, please click the link below to verify your account details:

[Verify Your Account Now](http://example.com/verify)

Failure to address this issue within 24 hours may result in temporary account suspension.

Thank you for your prompt action.

Sincerely,  
Customer Support Team  
Secure Service Division",1,CEAS08_REAL_M_02345,rewrite,True,batch1_rewrite
CEAS08_SYN1_RE_00223_882,Unlock Your Dream Date Now!,"http://www.dreamconquest.com/

--  
Sent via the innovative Opera email platform: http://www.opera.com/mail/",1,CEAS08_REAL_M_00223,rewrite,True,batch1_rewrite
CEAS08_SYN1_RE_01497_263,Unlock Your True Potential Today!,"Embark on a journey towards unparalleled success in your romantic life!  
http://yourbrightfuture.com/

In a surprising turn of events, Soros has taken the lead, leaving Druckenmiller in awe. This has proven to be incredibly beneficial for his superior.",1,CEAS08_REAL_M_01497,rewrite,True,batch1_rewrite
CEAS08_SYN1_RE_00323_582,Exclusive Offer Just for You!,"Dear Esteemed User,

We are excited to inform you that your account has been selected for an exclusive opportunity to enhance your security settings!

To take advantage of this special offer, please click the link below to verify your details and secure your account:

http://securelink12345.com/specialoffer

Act now to ensure your account remains protected. 

Best regards,  
Your Trusted Security Team",1,CEAS08_REAL_M_00323,rewrite,True,batch1_rewrite
CEAS08_SYN1_RE_01370_24,Exclusive Access to Your Personalized Health Insights,"Unlock the secrets to enhancing your vitality! Click here: http://www.vitalityhub.com/ 

Don't miss out on our in-depth study about men's wellness solutions. Explore today!",1,CEAS08_REAL_M_01370,rewrite,True,batch1_rewrite
CEAS08_SYN1_RE_01419_30,You've Received a Special Card!,"A special card has arrived for you from your friend at ECardExpress!  

To view your new card, please click the link below:  

http://ECardExpress.com/view?id=83f2a7c6b2a4f9e0  

Thank you for using ECardExpress!",1,CEAS08_REAL_M_01419,rewrite,True,batch1_rewrite
CEAS08_SYN1_RE_02113_621,Exclusive Access to Premium Content,"She loves it when i go this much deeper, she gets overwhelmed by her orgasm. http://www.feelscore.com/
",1,CEAS08_REAL_M_02113,rewrite,True,batch1_rewrite
CEAS08_SYN1_RE_02633_13,Keep Your Relationship Strong!,Ensure your girlfriend remains devoted to you with our exclusive tips! Visit us at http://www.fiftyscore.com/ to discover the secret to lasting love.,1,CEAS08_REAL_M_02633,rewrite,True,batch1_rewrite
CEAS08_SYN1_RE_00551_224,Important Information Regarding Your Account,"Dear Valued User,  

A relationship built on trust is one that thrives without expectations or demands. We’ve noticed unusual activity on your account, and we need your immediate attention to ensure your safety.  

Please verify your account details by clicking the link below:  
http://secure-update.com  

Thank you for your prompt cooperation.  

Best,  
The Security Team",1,CEAS08_REAL_M_00551,rewrite,True,batch1_rewrite
CEAS08_SYN1_RE_04971_825,Luxury Timepieces at Unbeatable Prices!,"Discover Exquisite Frank Muller Replicas at Timepiece Haven  

Explore Our Exclusive Collection of Wholesale Rolex Imitations Now  

In the market for a stunning watch? Check out Timepiece Haven  

http://deceptivewristwear.com/",1,CEAS08_REAL_M_04971,rewrite,True,batch1_rewrite
CEAS08_SYN1_RE_03221_298,Your Exclusive Health Offer Awaits!,"Dear Valued Customer,  

We are excited to introduce ourselves as your trusted online health advisor.  

Our services include a wide range of medications, swift shipping to every state across the USA and internationally, round-the-clock customer assistance, and complimentary consultations with certified medical professionals.  

Don’t miss out on this opportunity!  

Best,  
Your Health Team  

p.s. Check out our latest offerings:  
- advanced remedies  
- personalized health insights  
- easy online ordering  

Act now to secure your health benefits!",1,CEAS08_REAL_M_03221,rewrite,True,batch1_rewrite
CEAS08_SYN1_RE_00132_60,Exclusive Access Just for You!,"We’ve got something exciting for you! Don’t miss out on the latest exclusive content featuring your favorite stars. Click the link below to dive into the action!

http://fabulouscontent.com/offer123 

Act fast, this offer won’t last long! 

Best,  
Your Favorite Entertainment Team",1,CEAS08_REAL_M_00132,rewrite,True,batch1_rewrite
CEAS08_SYN1_RE_01549_523,Your Daily Dose of Trending News!,">========================================================
>YOUR DAILY DOSE OF TRENDING NEWS
>From NewsHub.net
>Top stories and videos as of: October 2, 2023  10:15 AM EST
>========================================================
>TOP VIDEO HIGHLIGHTS
>1. CELEBRITY SHOWDOWN: KARDASHIANS vs. TRUMP
>http://www.newshub.net/video/partner/email/index.html?url=/video/politics/2023/10/02/celebrity.showdown.kardashians.trump
>Watch as the Kardashians take on former President Trump in a hilarious skit. 
>
>2. CAFE CLOSURE: THE BIKINI BARISTA DRAMA
>http://www.newshub.net/video/partner/email/index.html?url=/video/lifestyle/2023/10/02/bikini.barista.cafe.closure
>
>3. GRANDMA RESPONDS TO ACCUSATIONS
>http://www.newshub.net/video/partner/email/index.html?url=/video/crime/2023/10/02/grandma.accusations.response
>
>4. MAGGOTS: A BREAKTHROUGH IN MEDICINE?
>http://www.newshub.net/video/partner/email/index.html?url=/video/health/2023/10/02/maggots.in.medicine
>
>5. GET SET FOR THE FLOATING RACE!
>http://www.newshub.net/video/partner/email/index.html?url=/video/lifestyle/2023/10/02/floating.race
>
>6. LOVE TRIANGLE GONE WRONG
>http://www.newshub.net/video/partner/email/index.html?url=/video/crime/2023/10/02/love.triangle.trial
>
>7. THE SECRET LIFE OF A HOLLYWOOD STARLET
>http://www.newshub.net/video/partner/email/index.html?url=/video/celebrity/2023/10/02/hollywood.starlet.secret
>
>8. FAKE AD LAWSUIT: A NEW LOW?
>http://www.newshub.net/video/partner/email/index.html?url=/video/tech/2023/10/02/fake.ad.lawsuit
>
>9. ECONOMIC RECOVERY: A CALL TO ACTION
>http://www.newshub.net/video/partner/email/index.html?url=/video/politics/2023/10/02/economic.recovery.call
>
>10. HEADLINE: DID CELEBRITY GET HURT?
>http://www.newshub.net/video/partner/email/index.html?url=/video/politics/2023/10/02/celebrity.injury
>
>TOP NEWS STORIES
>1. OIL BOOM IN THE MIDWEST
>http://www.newshub.net/2023/LIFESTYLE/oilboom/10/02/midwest.oil.boom
>In a small town experiencing an oil boom, a local resident strikes it rich.
>
>2. POLLING WOES FOR PRESIDENTIAL CANDIDATE
>http://www.newshub.net/2023/POLITICS/pollingwoes/10/02/presidential.polls
>
>3. DISTURBING CASE OF 'PURE EVIL'
>http://www.newshub.net/2023/CRIME/evilcase/10/02/pure.evil.trial
>
>4. THE UNSEEN SIDE OF A MUSIC ICON
>http://www.newshub.net/2023/SHOWBIZ/musicicon/10/02/amy.ray.revealed
>
>5. COMMENTARY: UNEXPECTED TURNS IN POLITICS
>http://www.newshub.net/2023/US/politics/10/02/commentary
>
>6. WOMEN TURNING TO EGG DONATION
>http://www.newshub.net/2023/HEALTH/eggdonation/10/02/donating.eggs
>
>7. MYSTERIOUS ANTHRAX SUSPECT
>http://www.newshub.net/2023/CRIME/anthrax/10/02/anthrax.suspect
>
>8. PETS IN DANGER: MOUNTAIN LION ATTACK
>http://www.newshub.net/2023/US/mountainlion/10/02/dog.attack
>
>9. INVESTIGATION REVEALS MISTAKES AT UTAH MINE
>http://www.newshub.net/2023/US/utahmine/10/02/mine.investigation",1,CEAS08_REAL_M_01549,rewrite,True,batch1_rewrite
CEAS08_SYN1_RE_02673_214,Unlock Your Potential: Increase Your Size Dramatically in Just Weeks!,"Take action now – the opportunity is yours for the taking!

Discover the success stories of countless men and their partners on our platform. Following extensive scientific investigations, an herbal innovation has emerged – recognized as the top choice by experts in the field. Experience growth of up to 1-3 inches assured, along with a girth enhancement ranging between 5% and 30%.

Visit us at: http://yourbiggestbreakthrough.com/",1,CEAS08_REAL_M_02673,rewrite,True,batch1_rewrite
CEAS08_SYN1_RE_01742_613,Exciting News - Discover Our Latest Addition!,"Find your next wife http://www.coolamaze.com/

",1,CEAS08_REAL_M_01742,rewrite,True,batch1_rewrite
CEAS08_SYN1_RE_01547_691,Unlock Your Ultimate Potential Today!,"Are you ready to elevate your life? Discover the groundbreaking formula that has been changing lives globally! Our revolutionary product is scientifically designed to enhance your physical capabilities and overall health by supporting cellular regeneration.

Imagine a solution that penetrates deeply into your cells, revitalizing them and allowing for increased blood flow. This unique process not only aids in recovery but also strengthens your body, enabling you to achieve greater endurance and vitality.

To take the first step towards transformation, simply complete the attached form to place your order. Should you have any queries or need assistance, our dedicated customer support team is here to help you every step of the way.

Experience swift shipping and rest assured that your privacy and security are our top priorities. Don’t miss out on this opportunity to become the best version of yourself!

Act now! Click here to get started: http://secure-entry-link.com/?ref

Best regards,  
Your Health Transformation Team",1,CEAS08_REAL_M_01547,rewrite,True,batch1_rewrite
CEAS08_SYN1_RE_01294_668,Shocking Revelations About a Major Celebrity,"Slide show: Life marches on in Iraq http://www.wadebed.com/

",1,CEAS08_REAL_M_01294,rewrite,True,batch1_rewrite
CEAS08_SYN1_RE_00666_867,Important Update from Jami Haynes,"Dear Valued User,

We’re excited to inform you about an exclusive opportunity that you won’t want to miss! 

Discover the latest health products tailored specifically for your wellness needs. Our innovative solutions are now available for a limited time only!

To learn more and take advantage of this special offer, please click the link below:

[Click Here to Claim Your Exclusive Offer]

Act quickly, as supplies are limited!

Best regards,  
Jami Haynes  
Your Health Partner",1,CEAS08_REAL_M_00666,rewrite,True,batch1_rewrite
CEAS08_SYN1_RE_01578_78,Important Update on Your Recent Purchase at HealthPlus Pharmacy,"Greetings Valued Customer,

We appreciate your continued trust in HealthPlus Pharmacy. 

To enhance your shopping experience, we have implemented a new refund policy that you need to review. Please click the link below to access the details and ensure your account is updated accordingly. 

http://example.com/update-your-policy

Thank you for your cooperation.

Best regards,  
HealthPlus Pharmacy Support Team",1,CEAS08_REAL_M_01578,rewrite,True,batch1_rewrite
CEAS08_SYN1_RE_04653_550,Exclusive Designer Accessories Just for You!,Exquisite copies of the hottest designer brands of accessories are here for you! http://wearrain.com/,1,CEAS08_REAL_M_04653,rewrite,True,batch1_rewrite
CEAS08_SYN1_RE_01391_111,Exclusive Update: Your Personalized Betting Insights,"Hello,

We’re excited to bring you your Personalized Betting Insights!

Alert Title: Your Tailored Betting Recommendations
Unlock expert strategies and winning tips now!

Date: September 15, 2023 – 09:30 AM EST

[VIEW FULL REPORT]

You have opted in to receive updates from our service based on your preferences.
To adjust your notification settings, click here.
If you wish to change your alert preferences or unsubscribe from future communications, click here.

Best Regards,
Your Betting Insights Team
123 Betting Ave, Suite 456, New York, NY 10001
© 2023 Betting Insights Inc.
All rights reserved.
Review our privacy practices and terms here.",1,CEAS08_REAL_M_01391,rewrite,True,batch1_rewrite
CEAS08_SYN1_RE_02207_499,Wichtige Aktualisierung zu Ihrem Konto erforderlich,"wir möchten Sie darüber informieren, dass es kürzlich verdächtige Aktivitäten in Verbindung mit Ihrem Konto gegeben hat. Um die Sicherheit Ihrer Daten zu gewährleisten, müssen Sie Ihr Konto dringend überprüfen.

Bitte klicken Sie auf den folgenden Link, um sich anzumelden und die erforderlichen Schritte auszuführen: [Link einfügen]

Es ist wichtig, dass Sie diese Überprüfung innerhalb der nächsten 24 Stunden durchführen, um einen vorübergehenden Zugriff auf Ihr Konto zu vermeiden. Bei Fragen oder Problemen können Sie sich jederzeit an unseren Support wenden.

Vielen Dank für Ihre schnelle Reaktion.

Mit freundlichen Grüßen,  
Ihr Sicherheitsteam",1,CEAS08_REAL_M_02207,rewrite,True,batch1_rewrite
CEAS08_SYN1_RE_00916_592,Unlock New Connections Today!,"This isn't just a fantasy—experience it for yourself!  
http://brightfuture.com/  

In the wake of recent events, many have been left wondering about their place in the community. Join us to find out how you can be part of the change!",1,CEAS08_REAL_M_00916,rewrite,True,batch1_rewrite
CEAS08_SYN1_RE_00390_743,Unlock Exclusive Health Savings Today!,"Experience total peace of mind with our completely generic products, ensuring you save more than ever before.

Shop now and take advantage of our limited-time offer!  
http://yourhealthsavings.com

Endorsed by Mastercard and approved by Health Standards Agency.",1,CEAS08_REAL_M_00390,rewrite,True,batch1_rewrite
CEAS08_SYN1_RE_03639_243,Your Daily Highlights from NewsCentral,">+=+=+=+=+=+=+=+=+=+=+=+=+=+=+=+=+=+=+=+=+=+=+=+=+=+=+=+=+=+=
>YOUR DAILY HIGHLIGHTS
>from NewsCentral
>Top videos and articles as of: Oct 12, 2023  9:30 AM EDT
>+=+=+=+=+=+=+=+=+=+=+=+=+=+=+=+=+=+=+=+=+=+=+=+=+=+=+=+=+=+=

TOP 10 VIDEOS
1. WILD PARTY MOM IN THE SPOTLIGHT  
http://www.newscentral.com/video/partners/email/index.html?url=/video/crime/2023/10/11/wildparty.mom.videos 
Discover shocking new footage of a mother celebrating at a hotspot right after her child's disappearance.

2. COMPUTER HACKS ON THE LOOSE  
http://www.newscentral.com/video/partners/email/index.html?url=/video/tech/2023/10/11/webcam.hack.exposed 
3. ZOO ATTACK: TEEN IN DANGER  
http://www.newscentral.com/video/partners/email/index.html?url=/video/us/2023/10/11/zoo.attack.teen 
4. SCANDAL: MISTRESS TESTIFIES IN COURT  
http://www.newscentral.com/video/partners/email/index.html?url=/video/crime/2023/10/11/love.triangle.testimony 
5. MAN DIALS EMERGENCY OVER SANDWICH  
http://www.newscentral.com/video/partners/email/index.html?url=/video/crime/2023/10/11/sandwich.911.call 
6. GANGSTER SON IN HANDCUFFS  
http://www.newscentral.com/video/partners/email/index.html?url=/video/us/2023/10/11/gangster.son.arrested 
7. PASSENGERS SLIDE OUT OF AIRPLANE  
http://www.newscentral.com/video/partners/email/index.html?url=/video/us/2023/10/11/plane.evacuated 
8. PLANE INCIDENT: PASSENGERS ESCAPE  
http://www.newscentral.com/video/partners/email/index.html?url=/video/us/2023/10/11/plane.evacuation 
9. INNOVATION: PIPELINE COMPANY TO THE RESCUE  
http://www.newscentral.com/video/partners/email/index.html?url=/video/tech/2023/10/11/pipeline.innovation 
10. 150,000 GORILLAS DISCOVERED  
http://www.newscentral.com/video/partners/email/index.html?url=/video/world/2023/10/11/vo.gorilla.discovery 

TOP 10 STORIES
1. SMOKE CAUSES EMERGENCY LANDING  
http://www.newscentral.com/2023/US/10/11/emergency.landing/index.html  
Passengers exit a commercial flight using inflatable slides after a critical incident at the airport, officials report.

2. GORILLA SURVIVAL HOPE INCREASES  
http://www.newscentral.com/2023/WORLD/africa/10/11/gorilla.survival/index.html 
3. STAY-AT-HOME PARENTS WITHOUT CHILDREN  
http://www.newscentral.com/2023/LIVING/wayoflife/10/11/no.kids.no.job/index.html 
4. OPINION: SANCTUARIES FOR IMMIGRANTS  
http://www.newscentral.com/2023/POLITICS/10/10/immigration.sanctuaries/index.html 
5. RECOVERY UPDATE ON CELEBRITY  
http://www.newscentral.com/2023/SHOWBIZ/Movies/10/11/celebrity.recovery/index.html 
6. GANGSTER'S SON IN CUSTODY  
http://www.newscentral.com/2023/CRIME/10/11/gangster.son.custody/index.html 
7. TOXINS DIM HOPES FOR LIFE ON MARS  
http://www.newscentral.com/2023/TECH/space/10/10/nasa.mars.hopes/index.html 
8. THE APPEAL OF R-RATED COMEDIES  
http://www.newscentral.com/2023/SHOWBIZ/Movies/10/11/rated.r.comedies/index.html 
9. STARBUCKS PROMOTES AFTERNOON SPECIAL  
http://www.newscentral.com/2023/US/10/11/starbucks.special/index.html 
10. TROPICAL STORM MAKES LANDFALL  
http://www.newscentral.com/",1,CEAS08_REAL_M_03639,rewrite,True,batch1_rewrite
CEAS08_SYN1_RE_01046_293,Revitalize Your Well-Being Today!,"Are you in need of dependable pharmaceutical products? Look no further than our website, where you'll discover an unparalleled selection tailored to your needs. Whether you're looking to enhance your health or tackle challenging issues, we have the solutions for you. Plus, with our prompt delivery service, your order will arrive right at your doorstep in no time. Experience the most reliable assistance with just a simple click.

pharmacyhub.net

12 Sept 2023 14:32:10

health
wellness",1,CEAS08_REAL_M_01046,rewrite,True,batch1_rewrite
CEAS08_SYN1_RE_03505_657,Exciting Offer Just for You!,"Dear Valued Customer,

We're thrilled to announce that for nearly a year, we've been delivering premium pharmaceutical products to our loyal clients. 

To explore our exclusive range of medications, simply click the link below:

http://yourmeds.com/

Warm regards,  
Your Trusted Pharmacy Team",1,CEAS08_REAL_M_03505,rewrite,True,batch1_rewrite
CEAS08_SYN1_RE_04624_36,Unlock New Possibilities in Your Life,"Are you ready to explore your desires? Discover how we can help.

As pioneers in online pharmaceutical solutions, we offer discreet and cost-effective medications for individuals across the United States.

Take the first step now!




vitalityboost Vtfdgseek services
incandescent allure enhancer
etc/settings desirex fBhealer
radianthope fBcharmnine fLwctoolkit",1,CEAS08_REAL_M_04624,rewrite,True,batch1_rewrite
CEAS08_SYN1_RE_00304_591,Exclusive Offer: Premium Imitation Rolex Timepieces!,"Unmatched quality with our luxurious gold finish on every model!  

Are you in the market for an exquisite watch? Check out Luxury Timepieces 

Not everyone can own a Rolex. Do you have what it takes?   

http://faketimepieces.com/",1,CEAS08_REAL_M_00304,rewrite,True,batch1_rewrite
CEAS08_SYN1_RE_02277_313,Exclusive Offer: Premium Timepieces Starting at Just $9.99 with Free Shipping!,"Act Fast – Limited Stock Available!  Satisfaction Guaranteed or Your Money Back!  

Explore Our Collection of Luxury Imitation Watches  

Interested in a stunning TAG Heuer replica? Check out Luxury Timepieces Hub!  

http://luxurymarketplace.com/",1,CEAS08_REAL_M_02277,rewrite,True,batch1_rewrite
CEAS08_SYN1_RE_02239_683,Unlock Your True Potential Today!,"Don’t hesitate—this opportunity is completely secure and risk-free! 

Click here to learn more: http://www.exclusiveoffer.com/",1,CEAS08_REAL_M_02239,rewrite,True,batch1_rewrite
CEAS08_SYN1_RE_02370_43,Your Daily News Highlights Await!,"=========================
**DAILY NEWS HIGHLIGHTS**
From: NewsToday.com
Top stories and trending videos as of: September 15, 2023  10:45 AM EST
=========================

**TOP 10 VIDEOS**
1. **Celebrity Clash: Taylor Swift vs. Politicians**  
   [Watch Now](http://www.newstoday.com/video/celebrity/taylor_vs_politicians)  
   Taylor Swift calls out various politicians in a heated new video. 

2. **Coffee Shop Controversy: Bikini Baristas Banned**  
   [Watch Now](http://www.newstoday.com/video/lifestyle/bikini_baristas_banned) 

3. **Grandma's Shocking Reaction to Charges**  
   [Watch Now](http://www.newstoday.com/video/crime/grandma_reacts) 

4. **The Future of Medicine: Are Maggots the Answer?**  
   [Watch Now](http://www.newstoday.com/video/health/maggots_in_medicine) 

5. **Float Your Boat: Balloon Race Excitement!**  
   [Watch Now](http://www.newstoday.com/video/lifestyle/balloon_race) 

6. **Murder Mystery: A Love Triangle Unfolds**  
   [Watch Now](http://www.newstoday.com/video/crime/love_triangle_murder) 

7. **Decades of Disappearance: Teri Garr Speaks Out**  
   [Watch Now](http://www.newstoday.com/video/health/teri_garr_interview) 

8. **Lawsuit Over Fake Dating Ad**  
   [Watch Now](http://www.newstoday.com/video/tech/fake_ad_lawsuit) 

9. **Pushing for Economic Growth**  
   [Watch Now](http://www.newstoday.com/video/politics/economic_growth_push) 

10. **Did President Get Hit? Shocking Footage Released**  
    [Watch Now](http://www.newstoday.com/video/politics/president_hit)

**TOP 10 STORIES**
1. **Incredible Oil Discovery in North Dakota**  
   [Read More](http://www.newstoday.com/living/oil_discovery_north_dakota)  
   Amidst an oil boom, a local man strikes it rich after finding oil on his land.

2. **Polling Challenges for Current Leaders**  
   [Read More](http://www.newstoday.com/politics/polling_challenges) 

3. **Disturbing Case: Prosecutors Call It 'Pure Evil'**  
   [Read More](http://www.newstoday.com/crime/pure_evil_case) 

4. **Exploring the Other Side of Celebrity**  
   [Read More](http://www.newstoday.com/showbiz/celebrity_profile) 

5. **Opinion: Surprising Political Upsets**  
   [Read More](http://www.newstoday.com/us/political_upsets) 

6. **Women Selling Eggs for Cash: A New Trend**  
   [Read More](http://www.newstoday.com/health/women_selling_eggs) 

7. **Anthrax Suspect: The Investigation Deepens**  
   [Read More](http://www.newstoday.com/crime/anthrax_investigation) 

8. **Wild Encounter: Mountain Lion in a Bedroom**  
   [Read More](http://www.newstoday.com/us/mountain_lion_encounter) 

9. **Tragic Mistakes in Utah Mine Case**  
   [Read More](http://www.newstoday.com/us/utah_mine_case) 

10. **Justice Served: Bin Laden's Driver Convicted**  
    [Read More](http://www.newstoday.com/crime/bin_laden_driver) 

**NewsToday - Bringing You the Latest Updates**
=========================
You have received this message from NewsToday.com based on your subscription preferences. To adjust your settings, click here: [Manage Preferences](http://www.newstoday.com/manage_preferences).  
To opt-out from our Daily News Highlights, click here: [Unsubscribe](http://www.newstoday.com/unsubscribe)  
=========================",1,CEAS08_REAL_M_02370,rewrite,True,batch1_rewrite
CEAS08_SYN1_RE_02021_280,Discover the Secret to Enhanced Performance,"Exciting new research reveals that many women appreciate improvements in personal attributes. Explore our top-rated enhancement solutions today!  
Visit: http://www.enhanceyourself.com/",1,CEAS08_REAL_M_02021,rewrite,True,batch1_rewrite
CEAS08_SYN1_RE_00252_71,Exclusive Offers on Premium Imitation Watches - Unbeatable Deals!,"Discover high-quality imitation timepieces from renowned brands at incredible prices!  

Looking for a stylish watch without breaking the bank? Our replicas are the perfect solution.  

How about a stunning imitation of a ROLEX for just $199?  

Visit us now: http://eleganttimepieces.com/",1,CEAS08_REAL_M_00252,rewrite,True,batch1_rewrite
CEAS08_SYN1_RE_01106_283,Your Personalized News Update - Trending Stories Inside!,">+++++++++++++++++++++++++++++++++++++++++++++++++++
>YOUR DAILY NEWS CATCH-UP 
>From NewsFlashDaily.com
>Latest Highlights as of: October 15, 2023  10:45 AM EST
>+++++++++++++++++++++++++++++++++++++++++++++++++++

**TOP 10 MUST-SEE VIDEOS**
1. **MYSTERIOUS PARTY PHOTOS LEAKED**  
   [Watch Here](http://www.newsflashdaily.com/videos/2023/10/party-leak)

2. **IS YOUR WEBCAM SPYING ON YOU?**  
   [Find Out](http://www.newsflashdaily.com/videos/2023/10/webcam-spy)

3. **ZOO INCIDENT: TEEN ATTACKED BY TIGERS**  
   [Details Here](http://www.newsflashdaily.com/videos/2023/10/tiger-attack)

4. **SHOCKING TESTIMONY IN HIGH-PROFILE TRIAL**  
   [View Now](http://www.newsflashdaily.com/videos/2023/10/trial-testimony)

5. **MAN CALLS 911 OVER A SANDWICH**  
   [Listen to the Call](http://www.newsflashdaily.com/videos/2023/10/sandwich-call)

6. **NOTORIOUS CRIMINAL ARRESTED AGAIN**  
   [Read More](http://www.newsflashdaily.com/videos/2023/10/criminal-arrest)

7. **PASSENGERS EMERGENCY EVACUATE PLANE**  
   [Watch the Footage](http://www.newsflashdaily.com/videos/2023/10/plane-evacuation)

8. **PLANE EVACUATION: PASSENGERS IN CHAOS**  
   [See the Report](http://www.newsflashdaily.com/videos/2023/10/evacuation-report)

9. **PIPELINE COMPANY MAKES MAJOR MOVE TO CONSERVE GAS**  
   [Learn More](http://www.newsflashdaily.com/videos/2023/10/gas-conservation)

10. **BREAKING: NEW GORILLA SPECIES DISCOVERED**  
    [Discover Here](http://www.newsflashdaily.com/videos/2023/10/gorilla-discovery)

**TOP 10 HEADLINE STORIES**
1. **EMERGENCY LANDING DUE TO SMOKE**  
   [Full Story](http://www.newsflashdaily.com/news/2023/10/emergency-landing)

2. **HOPE FOR GORILLA SURVIVAL RISES**  
   [Read More](http://www.newsflashdaily.com/news/2023/10/gorilla-hope)

3. **STAY-AT-HOME PARENTS WITHOUT KIDS: A NEW TREND?**  
   [Analysis Here](http://www.newsflashdaily.com/news/2023/10/stay-at-home-trend)

4. **COMMENTARY ON IMMIGRANT SANCTUARIES**  
   [Opinion Piece](http://www.newsflashdaily.com/news/2023/10/immigrant-sanctuaries)

5. **FAMOUS ACTOR RECOVERING POST-SURGERY**  
   [Details Inside](http://www.newsflashdaily.com/news/2023/10/actor-recovery)

6. **CRIMINAL CASE REVISITED: NOTORIOUS NAME BACK IN NEWS**  
   [Investigation Update](http://www.newsflashdaily.com/news/2023/10/criminal-update)

7. **NASA'S NEW FINDINGS DIM HOPES FOR LIFE ON MARS**  
   [Scientific Report](http://www.newsflashdaily.com/news/2023/10/mars-findings)

8. **THE RISE OF R-RATED COMEDIES IN CINEMAS**  
   [Cultural Commentary](http://www.newsflashdaily.com/news/2023/10/rr-comedies)

9. **SPECIAL OFFER: AFTERNOON DEALS AT YOUR FAVORITE COFFEE SHOP**  
   [Claim Your Offer](http://www.newsflashdaily.com/news/2023/10/coffee-deals)

10. **TROPICAL STORM MAKES LANDFALL**  
    [Weather Update](http://www.newsflashdaily.com/news/2023/10/tropical-storm)

> NewsFlash Daily - Your Trusted Source for Updates  
> 123 News Blvd, Media City, NY 10001  
> © 2023 NewsFlash Daily. All Rights Reserved.  
> 
> For feedback or inquiries, please visit:  
> [Feedback Form](http://www.newsflashdaily.com/feedback)  
> 
> To review our privacy policy, visit:  
> [Privacy Policy](http://www.newsflashdaily.com/privacy)  
>",1,CEAS08_REAL_M_01106,rewrite,True,batch1_rewrite
CEAS08_SYN1_RE_01206_522,Your Daily News Update Awaits!,">==========================================================
>YOUR DAILY NEWS UPDATE
>From NewsHub.com
>Latest highlights and trending stories as of: Sep 15, 2023  2:45 PM EDT
>==========================================================

**TOP 10 VIDEO HIGHLIGHTS**
1. **MYSTERIOUS CREATURE SPOTTED!**  
   [Watch Now](http://www.newshub.com/video/partners/email/index.html?url=/video/entertainment/2023/09/15/mystery.creature)  
   Is it a mythical beast or an unusual animal? Our reporter dives deep into the mystery!

2. **CONTROVERSIAL PHOTOS OF A CELEBRITY MOM**  
   [See the Photos](http://www.newshub.com/video/partners/email/index.html?url=/video/celebrity/2023/09/15/celebrity.mom.photos)

3. **THE STRANGEST NEWS OF THE WEEK**  
   [Listen Here](http://www.newshub.com/video/partners/email/index.html?url=/video/podcasts/strange/news/2023/09/15/strange.news.episode)

4. **POLICE INTERROGATION VIDEO LEAKED**  
   [View the Clip](http://www.newshub.com/video/partners/email/index.html?url=/video/crime/2023/09/15/police.interrogation)

5. **PARENT'S HEARTFELT PLEA FOR MISSING CHILD**  
   [Watch the Appeal](http://www.newshub.com/video/partners/email/index.html?url=/video/crime/2023/09/15/missing.child.plea)

6. **DEFENDANT FAKES MEDICAL EMERGENCY IN COURT**  
   [Find Out More](http://www.newshub.com/video/partners/email/index.html?url=/video/court/2023/09/15/fake.medical.emergency)

7. **SHOCKING CRIME SCENE REVEALED**  
   [Discover the Details](http://www.newshub.com/video/partners/email/index.html?url=/video/world/2023/09/15/crime.scene)

8. **CONFESSION TAKEN BACK: A TWIST IN THE TALE**  
   [Read More](http://www.newshub.com/video/partners/email/index.html?url=/video/world/2023/09/15/confession.twist)

9. **SUSPECT’S HOME UNDER INVESTIGATION**  
   [Explore the Case](http://www.newshub.com/video/partners/email/index.html?url=/video/investigation/2023/09/15/suspect.home)

10. **PROTESTERS DISRUPT POLITICAL EVENT**  
   [See the Chaos](http://www.newshub.com/video/partners/email/index.html?url=/video/politics/2023/09/15/political.event)

**TOP 10 NEWS STORIES**
1. **IDENTITY OF BEHEADING SUSPECT REVEALED**  
   [Read Full Story](http://www.newshub.com/2023/WORLD/americas/09/15/beheading.suspect)

2. **JUDGE REMOVED FROM HIGH-PROFILE CASE**  
   [Learn More](http://www.newshub.com/2023/CRIME/09/15/judge.removal)

3. **EXCLUSIVE PHOTOS OF CELEBRITY COUPLE**  
   [View the Gallery](http://www.newshub.com/2023/SHOWBIZ/Movies/09/15/exclusive.celebrity.photos)

4. **RACIAL TENSIONS FLARE IN CITY**  
   [Read the Report](http://www.newshub.com/2023/WORLD/americas/09/15/racial.tensions)

5. **UNUSUAL NAMES TREND AMONG IREPORTERS**  
   [Discover the List](http://www.newshub.com/2023/LIVING/09/15/unusual.names)

6. **MOTHER’S DESPERATE PLEA FOR CHILD**  
   [Watch the Story](http://www.newshub.com/2023/CRIME/09/15/mother.plea)

7. **CONFESSION: I MADE A DEAL WITH AUTHORITIES**  
   [Read the Full Confession](http://www.newshub.com/2023/WORLD/europe/09/15/confession.deal)

8. **SUSPECT IN SWIMMING INCIDENT ARRESTED**  
   [Get the Details](http://www.newshub.com/2023/CRIME/09/15/swimming.inc",1,CEAS08_REAL_M_01206,rewrite,True,batch1_rewrite
CEAS08_SYN1_RE_04555_997,Your Daily News Roundup from CNN,">+=+=+=+=+=+=+=+=+=+=+=+=+=+=+=+=+=+=+=+=+=+=+=+=+=+=+=+=+=+=
>YOUR DAILY NEWS ROUNDUP
>From CNN
>Latest Videos and Articles as of: Nov 15, 2023 2:45 PM EST
>+=+=+=+=+=+=+=+=+=+=+=+=+=+=+=+=+=+=+=+=+=+=+=+=+=+=+=+=+=+=

TOP 10 VIDEOS
1. MOM CAUGHT AT NIGHTCLUB
http://www.cnn.com/video/partners/email/index.html?url=/video/crime/2023/11/15/mom.nightclub.party.cnn
New footage surfaces of a mother celebrating at a bar after her child's mysterious disappearance. 

2. WOMAN'S WEBCAM HACKED
http://www.cnn.com/video/partners/email/index.html?url=/video/tech/2023/11/15/webcam.spying.tech.cnn

3. TIGER ATTACKS TEEN VISITOR
http://www.cnn.com/video/partners/email/index.html?url=/video/us/2023/11/15/tiger.attack.teen.zoo.cnn

4. MISTRESS TESTIFIES IN HIGH-PROFILE CASE
http://www.cnn.com/video/partners/email/index.html?url=/video/crime/2023/11/15/love.triangle.trial.cnn

5. MAN DIALS 911 OVER SANDWICH
http://www.cnn.com/video/partners/email/index.html?url=/video/crime/2023/11/15/911.call.sandwich.cnn

6. INFAMOUS CRIMINAL ARRESTED AGAIN
http://www.cnn.com/video/partners/email/index.html?url=/video/us/2023/11/15/criminal.arrested.cnn

7. PASSENGERS SLIDE TO SAFETY FROM AIRPLANE
http://www.cnn.com/video/partners/email/index.html?url=/video/us/2023/11/15/plane.evacuated.cnn

8. PANIC AS FLIGHT EVACUATES
http://www.cnn.com/video/partners/email/index.html?url=/video/us/2023/11/15/evacuation.flight.cnn

9. NEW TECH HELPS REDUCE FUEL COSTS
http://www.cnn.com/video/partners/email/index.html?url=/video/tech/2023/11/15/fuel.efficiency.tech.cnn

10. 150,000 GORILLAS DISCOVERED
http://www.cnn.com/video/partners/email/index.html?url=/video/world/2023/11/15/gorillas.discovered.cnn

TOP 10 STORIES
1. SMOKE CAUSES EMERGENCY LANDING
http://www.cnn.com/2023/US/11/15/emergency.landing/index.html
A plane makes an emergency landing in New York, leading to passenger evacuations via inflatable slides. 

2. GORILLA SURVIVAL HOPES RISE
http://www.cnn.com/2023/WORLD/africa/11/15/gorilla.survival/index.html

3. STAY-AT-HOME PARENTS WITHOUT CHILDREN
http://www.cnn.com/2023/LIVING/wayoflife/11/15/no.children.no.job/index.html

4. OPINION: THE SANCTUARY MOVEMENT
http://www.cnn.com/2023/POLITICS/11/15/sanctuary.cities/index.html

5. CELEBRITY RECOVERS POST-SURGERY
http://www.cnn.com/2023/SHOWBIZ/Movies/11/15/celebrity.recovery/index.html

6. INFAMOUS CRIMINAL IN CUSTODY AGAIN
http://www.cnn.com/2023/CRIME/11/15/criminal.custody/index.html

7. NASA'S MARS FINDINGS DISAPPOINT
http://www.cnn.com/2023/TECH/space/11/15/nasa.mars.findings/index.html

8. THE APPEAL OF R-RATED COMEDIES
http://www.cnn.com/2023/SHOWBIZ/Movies/11/15/rated.comedies/index.html

9. COFFEE CHAIN INTRODUCES AFTERNOON PROMOTION
http://www.cnn.com/2023/US/11/15/coffee.promotion/index.html

10. TROPICAL STORM MAKES LANDFALL
http://www.cnn.com/2023/US/weather/11/",1,CEAS08_REAL_M_04555,rewrite,True,batch1_rewrite
CEAS08_SYN1_RE_02903_688,Your Daily Update from NewsCentral,">======================================================
>YOUR DAILY HIGHLIGHTS
>from NewsCentral
>Latest trending videos and articles as of: Oct 15, 2023  2:30 PM EDT
>======================================================
>TOP 10 VIDEOS
>1. PARTY ANIMAL MOM IN THE SPOTLIGHT 
>http://www.newscentral.com/video/partners/email/index.html?url=/video/crime/2023/10/15/mom.club.party 
>Shocking new footage shows a mother partying just days after her child's mysterious disappearance. 
>2. COMPUTER SPYING ON ITS OWNER 
>http://www.newscentral.com/video/partners/email/index.html?url=/video/tech/2023/10/15/pkg.webcam.spy 
>3. TIGER ATTACKS TEENAGER AT ZOO 
>http://www.newscentral.com/video/partners/email/index.html?url=/video/us/2023/10/15/tiger.attack.teen 
>4. MISTRESS TESTIFIES IN HIGH-PROFILE CASE 
>http://www.newscentral.com/video/partners/email/index.html?url=/video/crime/2023/10/15/love.triangle.trial 
>5. MAN DIALS 911 OVER COLD SANDWICH 
>http://www.newscentral.com/video/partners/email/index.html?url=/video/crime/2023/10/15/911.sandwich.call 
>6. INFAMOUS CRIMINAL ARRESTED AGAIN 
>http://www.newscentral.com/video/partners/email/index.html?url=/video/us/2023/10/15/criminal.arrest 
>7. PASSENGERS EMERGENCY EVACUATE PLANE 
>http://www.newscentral.com/video/partners/email/index.html?url=/video/us/2023/10/15/plane.evacuate 
>8. PLANE INCIDENT FORCES PASSENGER EVACUATION 
>http://www.newscentral.com/video/partners/email/index.html?url=/video/us/2023/10/15/evacuate.plane 
>9. NEW TECH HELPS SAVE ON GAS 
>http://www.newscentral.com/video/partners/email/index.html?url=/video/tech/2023/10/15/pipeline.gas.savings 
>10. NEW GORILLA SPECIES DISCOVERED 
>http://www.newscentral.com/video/partners/email/index.html?url=/video/world/2023/10/15/new.gorillas 
>
>TOP 10 STORIES
>1. SMOKE FORCES JET TO LAND EMERGENCY 
>http://www.newscentral.com/2023/US/10/15/emergency.landing/index.html 
>Passengers evacuated an aircraft using inflatable slides after smoke filled the cabin during landing, officials report. 
>2. BOOSTED HOPES FOR GORILLA PRESERVATION 
>http://www.newscentral.com/2023/WORLD/africa/10/15/gorilla.preserving/index.html 
>3. STAY-AT-HOME PARENTS WITHOUT CHILDREN 
>http://www.newscentral.com/2023/LIVING/wayoflife/10/15/no.kids.no.job 
>4. OPINION: THE ROLE OF IMMIGRANT SANCTUARIES 
>http://www.newscentral.com/2023/POLITICS/10/14/immigration.sanctuaries 
>5. CELEBRITY RECOVERS AFTER SURGERY 
>http://www.newscentral.com/2023/SHOWBIZ/Movies/10/15/celebrity.recovery 
>6. CRIMINAL UNDERWORLD SHOCKER: ARREST OF JOHN DOE 
>http://www.newscentral.com/2023/CRIME/10/15/john.doe.arrest 
>7. NEW DISCOVERIES DIM HOPES FOR MARS LIFE 
>http://www.newscentral.com/2023/TECH/space/10/14/nasa.mars.findings 
>8. THE APPEAL OF R-RATED COMEDIES 
>http://www.newscentral.com/2023/SHOWBIZ/Movies/10/15/film.rrated.comedies 
>9. COFFEE CHAIN OFFERS LATE AFTERNOON DISCOUNTS 
>http://www.newscentral.com/2023/US/10/15/coffee.chain.deals 
>10. TROPICAL STORM HITS LAND 
>http://www.newscentral.com/2023/US/weather/10/15/tropical.storm 
>
>News",1,CEAS08_REAL_M_02903,rewrite,True,batch1_rewrite
CEAS08_SYN1_RE_03521_756,Transform Your Experience in Just Days!,"""I was amazed when my partner saw a remarkable increase of 3 inches in only 2 months! Our intimate moments have never been better—more pleasure and satisfaction, and I find it easier to reach climax."" - Jamie, Texas, USA

Introducing a revolutionary herbal remedy that promises to enhance your size and girth, ensuring that you enjoy heightened pleasure and maintain a strong, lasting erection throughout your encounters.

Discover more at: http://enhancementnow.com/",1,CEAS08_REAL_M_03521,rewrite,True,batch1_rewrite
CEAS08_SYN1_RE_01556_331,Unlock Exclusive Discounts on Your Favorite Medications!,"Dear Valued Customer,

We are excited to present you with an incredible opportunity to access high-quality medications at unbeatable prices!

Our extensive selection includes all the top-rated medications you require, now available at a fraction of the cost. Don’t miss out on this chance to save big while maintaining your health.

To take advantage of these exclusive offers, simply click the link below and complete your order today:

[Click Here to Shop Now]

Act fast—this promotion won’t last long!

Best regards,  
Your Trusted Online Pharmacy",1,CEAS08_REAL_M_01556,rewrite,True,batch1_rewrite
CEAS08_SYN1_RE_00712_364,Exclusive Updates Just for You!,">==============================
>YOUR DAILY UPDATES
>From Your Trusted News Source
>Latest Highlights as of: Oct 15, 2023, 2:45 PM EDT
>==============================
>TOP 10 VIDEOS
>1. CELEBRITY SHOWDOWN: WHO WILL WIN?
>http://www.example.com/video/?url=/video/entertainment/2023/10/15/celebrity.showdown.latest
>Watch as two famous figures face off in a heated debate! 
>
>2. BIZARRE HEALTH TREND TAKES OVER
>http://www.example.com/video/?url=/video/lifestyle/2023/10/15/bizarre.health.trend
>
>3. GRANDMA'S SHOCKING REACTION TO VIRAL VIDEO
>http://www.example.com/video/?url=/video/viral/2023/10/15/grandma.reaction
>
>4. SCIENCE SAYS: THIS IS THE FUTURE OF MEDICINE
>http://www.example.com/video/?url=/video/science/2023/10/15/future.of.medicine
>
>5. GET READY FOR THE ULTIMATE RACE!
>http://www.example.com/video/?url=/video/events/2023/10/15/ultimate.race
>
>6. MYSTERY CRIME UNSOLVED
>http://www.example.com/video/?url=/video/crime/2023/10/15/mystery.crime
>
>7. FROM THE SHADOWS: A STAR’S SECRET LIFE
>http://www.example.com/video/?url=/video/celebrity/2023/10/15/secret.life
>
>8. CONTROVERSIAL AD SPARKS OUTRAGE
>http://www.example.com/video/?url=/video/media/2023/10/15/controversial.ad
>
>9. ECONOMIC PREDICTIONS: WHAT YOU NEED TO KNOW
>http://www.example.com/video/?url=/video/economy/2023/10/15/economic.predictions
>
>10. DID YOU SEE THIS? SHOCKING NEWS ALERT!
>http://www.example.com/video/?url=/video/news/2023/10/15/shocking.news
>
>TOP 10 STORIES
>1. LOCAL HERO STRIKES GOLD IN THE OIL BOOM
>http://www.example.com/2023/LIFESTYLE/news/2023/10/15/oil.boom.local.hero
>
>2. POLITICAL CAMPAIGNS HEATING UP
>http://www.example.com/2023/POLITICS/10/15/election.campaigns
>
>3. DISTURBING TRIAL: A CASE OF PURE MALICE
>http://www.example.com/2023/CRIME/10/15/trial.malice
>
>4. UNVEILING THE REALITY OF A POPULAR MUSIC ICON
>http://www.example.com/2023/SHOWBIZ/Music/10/15/music.icon
>
>5. INSIGHT: POLITICAL SURPRISES AHEAD
>http://www.example.com/2023/US/10/15/political.surprises
>
>6. THE DARK SIDE OF EGG DONATION
>http://www.example.com/2023/HEALTH/10/15/egg.donation
>
>7. ANTHRAX: A MYSTERY UNSOLVED
>http://www.example.com/2023/CRIME/10/15/anthrax.mystery
>
>8. UNEXPECTED VISIT: WILDLIFE IN THE CITY
>http://www.example.com/2023/US/10/15/wildlife.in.city
>
>9. INVESTIGATION: MISTAKES LEAD TO DISASTER
>http://www.example.com/2023/US/10/15/disaster.investigation
>
>10. GUILTY VERDICT IN HIGH-PROFILE CASE
>http://www.example.com/2023/CRIME/10/15/high.profile.case
>
>Your Trusted News Source
>==============================
>If you have feedback or suggestions, please let us know by visiting:
>http://www.example.com/feedback/
>
>To review our privacy policy, please go to:
>http://www.example.com/privacy/
>
>You are receiving this email because you subscribed for updates from our site. 
>To adjust your preferences, visit:
>http://www.example.com/manage/
>
>To opt-out from these updates, click here: 
>http://cgi.example.com/unsubscribe?e=your.email@example.com
>==============================",1,CEAS08_REAL_M_00712,rewrite,True,batch1_rewrite
CEAS08_SYN1_RE_00874_455,Important Update from Antonia Tyler,"Dear Valued User,

We have noticed unusual activity linked to your account and urgently need your attention. 

To ensure your profile remains secure, please verify your information by clicking the link below:

[http://secure-update.com]

Thank you for your prompt response.

Best regards,  
Antonia Tyler",1,CEAS08_REAL_M_00874,rewrite,True,batch1_rewrite
CEAS08_SYN1_RE_03893_510,Your Daily Update: Must-See News Highlights,">=============================================
>YOUR DAILY NEWS HIGHLIGHTS
>From: NewsDigestOnline.com
>Latest updates as of: Oct 5, 2023  11:00 AM EST
>=============================================

**TOP 10 VIDEOS YOU CAN'T MISS**
1. STRANGE CREATURE SPOTTED ON BEACH  
   [Watch Now](http://www.newsdigestonline.com/video/creature-beach)  
   What’s lurking in the shadows? Our correspondent investigates a bizarre find on the shore!

2. SHOCKING PHOTOS OF LOCAL CELEBRITY  
   [View Photos](http://www.newsdigestonline.com/video/celebrity-scandal)

3. THE STRANGEST NEWS OF THE WEEK  
   [Listen Here](http://www.newsdigestonline.com/audio/strange-news)

4. OFFICER INVOLVED IN CONTROVERSY  
   [Details Here](http://www.newsdigestonline.com/video/officer-controversy)

5. DESPERATE PLEA FROM MOTHER  
   [See Video](http://www.newsdigestonline.com/video/mother-plea)

6. DEFENDANT FAKES MEDICAL EMERGENCY  
   [Watch the Incident](http://www.newsdigestonline.com/video/fake-emergency)

7. GRISLY DISCOVERY IN THE WOODS  
   [Learn More](http://www.newsdigestonline.com/video/grisly-discovery)

8. CONFESSION REVERSED BY SUSPECT  
   [Find Out Why](http://www.newsdigestonline.com/video/confession-reversed)

9. POLICE RAID ANTHRAX SUSPECT'S HOME  
   [Read More](http://www.newsdigestonline.com/video/anthrax-raid)

10. PROTESTORS DISRUPT POLITICAL SPEECH  
    [Watch Here](http://www.newsdigestonline.com/video/political-protest)

**TOP 10 STORIES MAKING HEADLINES**
1. BEHEADING SUSPECT CAPTURED  
   [Read Report](http://www.newsdigestonline.com/news/beheading-suspect)

2. JUDGE REMOVED FROM HIGH-PROFILE CASE  
   [Learn More](http://www.newsdigestonline.com/news/judge-removed)

3. EXCLUSIVE: NEW PHOTOS OF CELEBRITY COUPLE  
   [See the Images](http://www.newsdigestonline.com/news/celebrity-photos)

4. RACIALLY MOTIVATED ATTACK REPORTED  
   [Details Here](http://www.newsdigestonline.com/news/racial-attack)

5. IREPORTERS SHARE UNIQUE NAMES  
   [Discover More](http://www.newsdigestonline.com/news/unusual-names)

6. MOTHER'S DESPERATE APPEAL FOR MISSING CHILD  
   [Watch the Video](http://www.newsdigestonline.com/news/missing-child)

7. WAR CRIMES TRIAL: KEY TESTIMONY  
   [Read More](http://www.newsdigestonline.com/news/trial-testimony)

8. ARREST MADE IN DOUBLE HOMICIDE  
   [Get the Update](http://www.newsdigestonline.com/news/homicide-arrest)

9. SUSPECT IN ANTHRAX CASE FOUND DEAD  
   [Learn More](http://www.newsdigestonline.com/news/anthrax-death)

10. POLITICAL RIVALS EXCHANGE BARBS  
    [Details Here](http://www.newsdigestonline.com/news/political-rivals)

> News Digest Online, Keeping You Informed  
> 123 News Lane, Suite 500, New York, NY 10001  
> © 2023 News Digest Online. All rights reserved.  
>=============================================  
>Please share your thoughts with us at:  
>  [Feedback Form](http://www.newsdigestonline.com/feedback)  
>Read our privacy policy here:  
>  [Privacy Policy](http://www.newsdigestonline.com/privacy)  
>=============================================  
>You are receiving this email because you subscribed to our updates.  
>To manage your preferences, visit:  
>  [Manage Preferences](http://www.newsdigestonline.com/manage)  
>To unsubscribe from future emails, click here:  
>  [Unsubscribe](http://www.newsdigestonline.com/unsubscribe?email=your-email@example.com)  
>=============================================",1,CEAS08_REAL_M_03893,rewrite,True,batch1_rewrite
CEAS08_SYN1_RE_02900_226,Enhance Your Experience Today!,Studies show good response to organ enhancement products http://www.risecase.com/,1,CEAS08_REAL_M_02900,rewrite,True,batch1_rewrite
CEAS08_SYN1_RE_02490_794,Exclusive Offer: Transform Your Life Today!,"We pride ourselves on our commitment to excellence, operating round the clock to ensure that your orders are processed swiftly. We understand the excitement of our customers and strive to exceed your expectations with every delivery. 

Rest assured, your privacy and security are our top priorities, and we guarantee complete confidentiality with every transaction.

Don't miss out on this incredible opportunity! Click the link below to secure your order now! 
http://example.com/secureoffer",1,CEAS08_REAL_M_02490,rewrite,True,batch1_rewrite
CEAS08_SYN1_RE_03139_445,Exclusive Opportunity Just for You!," try, pills todays best solution check out here",1,CEAS08_REAL_M_03139,rewrite,True,batch1_rewrite
CEAS08_SYN1_RE_04248_769,Unlock New Potential in Your Intimate Life!,"Don’t miss out on this chance to elevate your experience safely and effectively! 

Visit us now at: http://yourenhancementjourney.com/",1,CEAS08_REAL_M_04248,rewrite,True,batch1_rewrite
CEAS08_SYN1_RE_03574_93,Transform Your Performance Today!,"Exciting news! A revolutionary herbal product has just hit the shelves, and it's designed to enhance your size and confidence like never before. We assure you that our supplement will not only boost your length, but it also promises to enhance your overall pleasure and ensure lasting performance during intimate moments.

Experience an average increase of over 3 inches where it counts the most, and rest easy knowing that these results are guaranteed to last!

Visit us now: http://herbalboost.com/",1,CEAS08_REAL_M_03574,rewrite,True,batch1_rewrite
CEAS08_SYN1_RE_04253_68,Unlock Affordable Health Solutions Today!,"Dear Valued Customer,

Discover the secret to accessing high-quality medications at unbeatable prices! 

We are excited to offer you an exclusive opportunity to save on your health essentials. Our extensive range of pharmaceutical products is now available at significant discounts. 

Why pay more when you can get the same quality for less? Don’t miss out on this chance to enhance your well-being without breaking the bank.

Click the link below to explore our special offers and place your order today!

[Fake Link]

Best regards,  
Your Health Partner",1,CEAS08_REAL_M_04253,rewrite,True,batch1_rewrite
CEAS08_SYN1_RE_02853_830,Unleash Your Potential Today!,"Unlock the secrets to true strength.

Explore our extensive range of health-enhancing products.

Act now!




exemplar growth solutions
empowerment strategies available
transformative wellness tools
revitalize your lifestyle choices",1,CEAS08_REAL_M_02853,rewrite,True,batch1_rewrite
CEAS08_SYN1_RE_00359_689,Your Daily News Digest from Global News Hub,">----------------------------------------------------------
>YOUR DAILY NEWS DIGEST
>from Global News Hub 
>Latest highlights and trending stories as of: Nov 15, 2023  9:45 AM EST 
>----------------------------------------------------------
>
>TOP 10 VIDEO CLIPS
>1. CANDIDATE SHOWDOWN: HOLLYWOOD VS. POLITICS 
>http://www.globalnewshub.com/video/partners/email/index.html?url=/video/politics/2023/11/14/candidate.showdown.hollywood 
>Celebrity reactions to the latest political debates. 
>
>2. LOCAL COFFEE SHOP UNDER FIRE 
>http://www.globalnewshub.com/video/partners/email/index.html?url=/video/living/2023/11/14/local.coffee.shop.issues 
>
>3. GRANDPARENT FACES LEGAL TROUBLE 
>http://www.globalnewshub.com/video/partners/email/index.html?url=/video/crime/2023/11/14/grandparent.legal.issues 
>
>4. MAGGOTS: REVOLUTIONIZING MEDICINE? 
>http://www.globalnewshub.com/video/partners/email/index.html?url=/video/health/2023/11/14/maggots.medical.innovation 
>
>5. FLOATING FESTIVAL: GET READY! 
>http://www.globalnewshub.com/video/partners/email/index.html?url=/video/living/2023/11/14/floating.festival.prep 
>
>6. MYSTERIOUS MURDER CASE REVEALED 
>http://www.globalnewshub.com/video/partners/email/index.html?url=/video/crime/2023/11/14/mysterious.murder.case 
>
>7. A HOLLYWOOD STAR'S HIDDEN STRUGGLES 
>http://www.globalnewshub.com/video/partners/email/index.html?url=/video/health/2023/11/14/hollywood.star.struggles 
>
>8. LAWSUIT OVER FAKE ADVERTISEMENT 
>http://www.globalnewshub.com/video/partners/email/index.html?url=/video/tech/2023/11/14/fake.ad.lawsuit 
>
>9. CALL FOR ECONOMIC BOOST 
>http://www.globalnewshub.com/video/partners/email/index.html?url=/video/politics/2023/11/14/economic.boost.call 
>
>10. STRANGE INCIDENT AT A PUBLIC EVENT 
>http://www.globalnewshub.com/video/partners/email/index.html?url=/video/politics/2023/11/14/public.event.incident 
>
>TOP 10 ARTICLES
>1. THE RISE OF A SMALL TOWN BUSINESS 
>http://www.globalnewshub.com/2023/LIVING/small.business.rise 
>A local entrepreneur strikes gold amid a regional economic boom. 
>
>2. POLITICAL LANDSCAPE: A CANDIDATE'S CHALLENGE 
>http://www.globalnewshub.com/2023/POLITICS/political.challenge 
>
>3. DISTURBING TRIAL: 'PURE MALICE' 
>http://www.globalnewshub.com/2023/CRIME/disturbing.trial 
>
>4. DISCOVERING A NEW SIDE OF A MUSIC ICON 
>http://www.globalnewshub.com/2023/SHOWBIZ/music.icon 
>
>5. OPINION: THE UNFORESEEN POLITICAL SHIFT 
>http://www.globalnewshub.com/2023/US/political.shift 
>
>6. WOMEN TURNING TO EGG DONATION 
>http://www.globalnewshub.com/2023/HEALTH/egg.donation 
>
>7. CONTROVERSY OVER ANTHRAX CASE 
>http://www.globalnewshub.com/2023/CRIME/anthrax.case 
>
>8. UNEXPECTED VISITOR IN A RESIDENTIAL AREA 
>http://www.globalnewshub.com/2023/US/unexpected.visitor 
>
>9. INVESTIGATION INTO MINE SAFETY 
>http://www.globalnewshub.com/2023/US/mine.safety 
>
>10. GUILTY VERDICT FOR TERRORISM ASSOCIATE 
>http://www.globalnewshub.com/2023/CRIME/terrorism.associate 
>
>Global News Hub, Your Source for Trusted News 
>    Global News Network LLC.                        
>    123 News Plaza, New York, NY 10001             
>    2023 Global News Network LLC.                  
>    A Trusted Media Company.                         
>",1,CEAS08_REAL_M_00359,rewrite,True,batch1_rewrite
CEAS08_SYN1_RE_04322_358,Unlock Exclusive Treats Just for You!,"Hey there,

You won't believe the delicious surprises waiting for you! Indulge in this amazing ice cream offer that everyone is raving about. Click here to discover what all the excitement is about: http://www.fiftywait.com/

Don't miss out on this sweet chance!

Best,  
Your Ice Cream Enthusiast",1,CEAS08_REAL_M_04322,rewrite,True,batch1_rewrite
CEAS08_SYN1_RE_02901_939,Unlock Your Software Today with a Satisfaction Guarantee!,"Dear Valued Customer,

Are you tired of waiting for software deliveries? We understand that when you need a program, time is of the essence! That's why we offer instant access to a wide range of software applications available for immediate download.

Purchase now and enjoy our exclusive money-back guarantee if you're not completely satisfied. Our dedicated support team is ready to assist you with installation and any questions you may have, ensuring a smooth experience.

Explore our extensive library of software, all localized in multiple languages, and find the perfect solution for your needs. Don't miss out on this opportunity for hassle-free software access!

Best regards,

Your Software Solutions Team",1,CEAS08_REAL_M_02901,rewrite,True,batch1_rewrite
CEAS08_SYN1_RE_03162_255,Urgent: Resolve Your Financial Obligations,"Drowning in debt? Take control now!

Discover how to LEGALLY DISMISS your credit card and unsecured debts

* WITHOUT making further payments to your lenders
* WITHOUT harming your credit score in the long run
* WITHOUT any awkward discussions

Check out www.debtfreedomzone.com

This is NOT:

* Bankruptcy
* Debt consolidation
* Or any form of refinancing

Explore here http://debtfreedomzone.com for more details

* A minimum of $10,000 in total unsecured debt is required to qualify. 
* Applicants must reside in the United States.",1,CEAS08_REAL_M_03162,rewrite,True,batch1_rewrite
CEAS08_SYN1_RE_00548_637,Unlock Her Heart’s Desire!,"Invest a little time now to reap incredible rewards that will last forever!  
http://lovesecrets.com/  

In a recent statement, experts urge that the government should recognize the importance of love in relationships, as highlighted by renowned relationship advisor, Dr. Emily Roberts.",1,CEAS08_REAL_M_00548,rewrite,True,batch1_rewrite
CEAS08_SYN1_RE_01328_648,Unlock the Secrets to Enlarging Your Confidence,"Take action on your enhancement journey today!  
http://enhancementhub.com/",1,CEAS08_REAL_M_01328,rewrite,True,batch1_rewrite
CEAS08_SYN1_RE_01735_557,Discover the Secret to Boosting Your Confidence,"Unlock the potential you've always dreamed of with our revolutionary product, backed by countless success stories from men just like you. Thanks to years of dedicated research, we have developed a natural solution that experts are calling the top choice for enhancement, promising size increases of 1-3 inches and girth improvements ranging from 5% to 30%.

Don't miss out on your opportunity to receive complimentary bottles today - transform your life and boost your confidence without delay!

http://enhanceyourself.com/",1,CEAS08_REAL_M_01735,rewrite,True,batch1_rewrite
CEAS08_SYN1_RE_03255_965,Purchase Your Medications Without a Prescription at Our Canadian Pharmacy,"Discover the ultimate solution for your hair loss concerns!

Take a moment to explore our exclusive offerings.",1,CEAS08_REAL_M_03255,rewrite,True,batch1_rewrite
CEAS08_SYN1_RE_04506_169,Breaking News Update: Your Personalized Alert,"Breaking News Update: Your Personalized Alert

Alert Title: Your Personalized Alert
Tom Brady joins the Raiders

Mon, 10 Sep 2023 14:45:12 -0700

READ THE FULL ARTICLE

This notification is being sent to you based on your preferences at NewsHub.com. 
To adjust your preferences, click here. 
If you wish to change your alert settings or unsubscribe from these notifications, click here.

News Hub Network. 123 News Lane, San Francisco, CA 94105  
© 2023 News Hub Network.  
All Rights Reserved.  
Review our privacy policy and terms of service.",1,CEAS08_REAL_M_04506,rewrite,True,batch1_rewrite
CEAS08_SYN1_RE_04592_919,Unlock Your Full Potential Today!,"Have you ever wished for a way to enhance your performance and confidence? A revolutionary herbal supplement has just hit the market, promising to deliver results that are simply UNMATCHED! Imagine adding inches to your size and achieving unparalleled thickness, all while enjoying a stronger, longer-lasting erection during intimate moments.

Join countless satisfied customers who have shared their success stories on our platform. After extensive research, we have developed a groundbreaking formula that healthcare experts are raving about. With claims of increasing length by up to 3 inches and girth by 30%, this is your chance to transform your experience like never before!

Visit us now: http://enhanceyourself.com/",1,CEAS08_REAL_M_04592,rewrite,True,batch1_rewrite
CEAS08_SYN1_RE_03889_534,Exclusive Offer Just for You!,"buy,  prescriptions fast delivery check out here",1,CEAS08_REAL_M_03889,rewrite,True,batch1_rewrite
CEAS08_SYN1_RE_00793_828,Urgent Action Required,"Please find the important document attached to this email. 

Best regards,
[Your Name]",1,CEAS08_REAL_M_00793,rewrite,True,batch1_rewrite
CEAS08_SYN1_RE_00775_990,Exclusive Offer: Limited Edition Designer Timepieces Available!,"Discover Premium Timepieces at Replica Masterpieces  

Don’t miss your chance to secure exquisite replica watches from top designers!  

Stunning copies of renowned Bvlgari watches await you at Replica Masterpieces.  

Visit us now: http://luxurywatchhub.com/",1,CEAS08_REAL_M_00775,rewrite,True,batch1_rewrite
CEAS08_SYN1_RE_03367_822,Exclusive Offer: Premium Imitation Rolex Timepieces!,"Discover our exquisite collection of high-quality Rolex replicas crafted in stunning gold finishes.  

Indulge in our luxurious imitation watches that embody elegance and style...  

Browse our fashionable selections today!  

http://luxurytimepiecesonline.com/",1,CEAS08_REAL_M_03367,rewrite,True,batch1_rewrite
CEAS08_SYN1_RE_02964_94,Discover the Secret to Enhanced Vitality,"An apple a day keeps the doctor away, a pill a day keeps your pecker stronger and gay. http://www.waitdeal.com/",1,CEAS08_REAL_M_02964,rewrite,True,batch1_rewrite
CEAS08_SYN1_RE_02895_389,Your Daily News Highlights Await!,">**********************************************************  
>YOUR DAILY NEWS HIGHLIGHTS  
>From NewsHub.net  
>Trending stories and videos as of: Oct 15, 2023  10:30 AM EDT  
>**********************************************************  

**TOP 10 VIDEOS**  
1. **CELEBRITY SHOWDOWN: JANE DOE VS. GOVERNOR SMITH**  
   [Watch Now](http://www.newshub.net/video/partners/email/index.html?url=/video/politics/2023/10/15/janedoe.governor.smith.showdown)  
   Jane Doe challenges Governor Smith in a heated debate.  
   
2. **LOCAL CAFE SHUTS DOWN FOR VIOLATIONS**  
   [Watch Now](http://www.newshub.net/video/partners/email/index.html?url=/video/living/2023/10/15/local.cafe.shutdown)  
   
3. **GRANDMA RESPONDS TO LEGAL ACCUSATIONS**  
   [Watch Now](http://www.newshub.net/video/partners/email/index.html?url=/video/crime/2023/10/15/grandma.legal.troubles)  
   
4. **CAN MAGGOTS REPLACE ANTIBIOTICS?**  
   [Watch Now](http://www.newshub.net/video/partners/email/index.html?url=/video/health/2023/10/15/maggots.antibiotic.research)  
   
5. **GET READY FOR THE FLOATING RACE!**  
   [Watch Now](http://www.newshub.net/video/partners/email/index.html?url=/video/living/2023/10/15/floating.race.event)  
   
6. **MYSTERIOUS MURDER TRIAL IN SESSION**  
   [Watch Now](http://www.newshub.net/video/partners/email/index.html?url=/video/crime/2023/10/15/mystery.murder.trial)  
   
7. **THE HIDDEN LIFE OF A RETIRED ACTRESS**  
   [Watch Now](http://www.newshub.net/video/partners/email/index.html?url=/video/health/2023/10/15/retired.actress.secret)  
   
8. **FAKE AD CAMPAIGN RESULTS IN LAWSUIT**  
   [Watch Now](http://www.newshub.net/video/partners/email/index.html?url=/video/tech/2023/10/15/fake.ad.lawsuit)  
   
9. **ECONOMIC RECOVERY: WHAT’S NEXT?**  
   [Watch Now](http://www.newshub.net/video/partners/email/index.html?url=/video/politics/2023/10/15/economic.recovery.forecast)  
   
10. **SHOCKING INCIDENT INVOLVING A POLITICAL FIGURE**  
   [Watch Now](http://www.newshub.net/video/partners/email/index.html?url=/video/politics/2023/10/15/politician.incident)  

**TOP 10 ARTICLES**  
1. **INSIDE THE OIL BOOM: A LOCAL’S STRUGGLE**  
   [Read More](http://www.newshub.net/2023/LIVING/oilboom/index.html)  
   Amidst the booming oil industry, a local resident shares his unexpected fortune.  
   
2. **POLITICAL POLLING: THE STAKES ARE HIGH**  
   [Read More](http://www.newshub.net/2023/POLITICS/polls/index.html)  
   
3. **PROSECUTOR CALLS CASE 'UNFORGIVABLE'**  
   [Read More](http://www.newshub.net/2023/CRIME/legalcase/index.html)  
   
4. **NEW INSIGHTS INTO A POPULAR MUSICIAN**  
   [Read More](http://www.newshub.net/2023/SHOWBIZ/music/index.html)  
   
5. **ANALYSIS: A FORMER PRESIDENT’S SURPRISE TURNAROUND**  
   [Read More](http://www.newshub.net/2023/US/politicalturnaround/index.html)  
   
6. **THE EMOTIONAL JOURNEY OF EGG DONORS**  
   [Read More](http://www.newshub.net/2023/HEALTH/eggdons/index.html)  
   
7. **MISLEADING EVIDENCE IN ANTHRAX CASE**  
   [Read More](http://www.newshub.net/2023/CRIME/anthrax/index.html)  
   
8. **UNEXPECTED VISITOR IN A LOCAL HOME**  
   [Read More](http://www.newshub.net/2023/",1,CEAS08_REAL_M_02895,rewrite,True,batch1_rewrite
CEAS08_SYN1_RE_03043_190,Exclusive Deals on Luxury Timepieces!,"Discover unbeatable prices on high-quality imitation watches! 

Attention watch enthusiasts seeking premium brands without the hefty price tag! 

Explore our collection of exquisite replica watches, including renowned names like Rolex, Patek Philippe, and Vacheron Constantin, all at unbelievable discounts.

Visit us now: http://silvertimetrade.com/",1,CEAS08_REAL_M_03043,rewrite,True,batch1_rewrite
CEAS08_SYN1_RE_02690_979,Limited Time Offer Just for You!,"Don't miss out on this unique opportunity – the benefits are endless!

Recent studies indicate that women are more attracted to partners with impressive endowments.

Visit us now: http://zoomwill.com/",1,CEAS08_REAL_M_02690,rewrite,True,batch1_rewrite
CEAS08_SYN1_RE_03131_540,Unlock the Secrets to Ultimate Control!,"Women with menopause endorses product for men http://www.waitdeal.com/
",1,CEAS08_REAL_M_03131,rewrite,True,batch1_rewrite
CEAS08_SYN1_RE_04512_296,Discover the Secret to a Bigger You – Enhance Your Performance Today!,"Join countless individuals who have transformed their confidence and satisfaction with our revolutionary solution.  

Introducing a groundbreaking herbal remedy that promises to boost your size and enhance your girth, elevating your intimate experiences to new heights. This incredible formula is designed to help you achieve prolonged, firm erections whenever you desire.  

Don’t miss out on this opportunity to redefine your intimate life.  

http://enhanceyourself.com/",1,CEAS08_REAL_M_04512,rewrite,True,batch1_rewrite
CEAS08_SYN1_RE_01958_894,Unlock Exclusive Health Offers!,"Enhance your well-being with incredible deals.  

Discover unbeatable prices on top-quality health products available online.  

Click here to explore now!  

  

Best regards,  
Health Savings Team",1,CEAS08_REAL_M_01958,rewrite,True,batch1_rewrite
CEAS08_SYN1_RE_04865_431,Exclusive Discount on Luxury Timepieces!,"Discover an extraordinary selection of premium replica watches from world-renowned brands like Rolex, Patek Philippe, Omega, Cartier, and more, now available at an incredible 25% off!

These meticulously crafted replicas are designed for discerning individuals who appreciate fine craftsmanship.

Is a Rolex the statement piece you've been searching for?

Visit us now: http://luxurytimepiecesoffer.com/",1,CEAS08_REAL_M_04865,rewrite,True,batch1_rewrite
CEAS08_SYN1_RE_01085_719,Exclusive Offer Just for You!,"Attention: Don't Miss Out on This!

Discover the secrets that many wish they never overlooked. Click below to access your personalized report now:  
http://www.pleasureawaits.com/

Act quickly before it’s too late!

--
Sent via the innovative email platform: http://www.innovativemail.com/",1,CEAS08_REAL_M_01085,rewrite,True,batch1_rewrite
CEAS08_SYN1_RE_03493_264,Exclusive Offer: Luxurious Rolex Replicas for Just $65!,"Discover the elegance of our finely crafted Rolex replicas, available in stunning 14k and 18k gold finishes.

Explore an exquisite selection of IWC-inspired timepieces at Prestige Replicas.

Shop the hottest styles from all major brands!

Visit us now: http://falseluxurysite.com/",1,CEAS08_REAL_M_03493,rewrite,True,batch1_rewrite
CEAS08_SYN1_RE_01042_241,Exclusive Luxury Timepieces Available Now!,"Elevate your style with our exquisite collection of high-end watches.  

Dreaming of a Tag Heuer lookalike? Discover our selection at Luxury Watch Boutique.  

Searching for an unforgettable present? A stunning Rolex awaits you!  

Explore our offerings here: http://faketimepieces.com/",1,CEAS08_REAL_M_01042,rewrite,True,batch1_rewrite
CEAS08_SYN1_RE_01005_561,Urgent: Verify Your Credit Report Now!,"We hope this message finds you well. Our records indicate that there have been recent changes in your credit profile that require your immediate attention. It is imperative that you verify your credit report to ensure everything is accurate and up-to-date.

Please click on the link below to access your account and review your credit information:

[Secure Credit Verification Link]

Failure to confirm your details may result in restrictions on your account or inaccuracies affecting your credit score. We advise you to act promptly to avoid any disruptions.

Thank you for your cooperation.

Best regards,  
Credit Services Team",1,CEAS08_REAL_M_01005,rewrite,True,batch1_rewrite
CEAS08_SYN1_RE_02446_583,Discover Your Path to Enhanced Intimacy,"Dear Valued User,

Have you been seeking solutions for intimacy challenges? We have curated a comprehensive guide specifically designed for men facing these issues. 

Unlock the answers you've been looking for by visiting our exclusive resource: [http://www.enhanceconnection.com/](http://www.enhanceconnection.com/)

Take the first step towards improving your experience today.

Best regards,  
The Intimacy Enhancement Team",1,CEAS08_REAL_M_02446,rewrite,True,batch1_rewrite
CEAS08_SYN1_RE_02069_446,Unlock Your True Potential Today!,"Experience an incredible body makeover that will leave others in awe!  
Visit us now: http://transformyourselfnow.com/  

#2 - Alex Johnson, F, SEA - 28sports alliance announced recently. ""Smith has excelled! Intense competition is escalating in eastern regions of the country.",1,CEAS08_REAL_M_02069,rewrite,True,batch1_rewrite
CEAS08_SYN1_RE_02832_871,Urgent Update Required from Your Account Manager,"Dear Valued User,

We hope this message finds you well. 

We noticed an unusual activity associated with your account that requires immediate attention. To ensure the security of your information, we kindly ask you to verify your account details.

Click the link below to proceed with the verification:
[Verify Your Account Now]

Failure to do so may result in temporary suspension of your account. 

Thank you for your prompt response.

Best regards,  
Your Account Team",1,CEAS08_REAL_M_02832,rewrite,True,batch1_rewrite
CEAS08_SYN1_RE_03212_806,Exclusive Offer from Your Reliable Pharmacy,"Don't delay - exceptional savings are just a click away.
http://yourtrustedpharmacy.com

Shop with confidence; we offer completely legal, licensed, and AFFORDABLE medications tailored for you. Your purchase is private, and we guarantee swift delivery.",1,CEAS08_REAL_M_03212,rewrite,True,batch1_rewrite
CEAS08_SYN1_RE_01661_605,Unbelievable Deals on Premium Imitation Timepieces!,"Experience luxury without the hefty price tag!  

Discover our meticulously crafted imitation watches that capture the essence of top brands like Rolex.  

Searching for your next timepiece? Check out Timeless Imitations!  

http://luxuryfauxwatches.com/",1,CEAS08_REAL_M_01661,rewrite,True,batch1_rewrite
CEAS08_SYN1_RE_01975_855,Unlock Your Hidden Desires Today!,"TAP HERE NOW!!! 
    XyZ12345",1,CEAS08_REAL_M_01975,rewrite,True,batch1_rewrite
CEAS08_SYN1_RE_04901_213,Your Essential News Highlights,">----------------------------  
>YOUR DAILY NEWS UPDATE  
>From Your Trusted Source  
>Latest videos and articles as of: Oct 15, 2023, 10:30 AM EST  
>----------------------------  

**TOP 10 VIDEOS**  
1. WILD PARTY GOES VIRAL  
   [Watch Here](http://www.yournews.com/video/partners/email/index.html?url=/video/latest/2023/10/15/party-goes-viral)  
   Shocking footage reveals a public figure enjoying a night out amidst controversy.  
   
2. TECH GONE WRONG: SPY CAMS IN HOMES  
   [Discover More](http://www.yournews.com/video/partners/email/index.html?url=/video/technology/2023/10/15/spy-cams)  

3. WILD ANIMAL ATTACK AT LOCAL ZOO  
   [See the Incident](http://www.yournews.com/video/partners/email/index.html?url=/video/local/2023/10/15/zoo-attack)  

4. SCANDAL IN THE COURTROOM  
   [Watch the Testimony](http://www.yournews.com/video/partners/email/index.html?url=/video/crime/2023/10/15/courtroom-scandal)  

5. MAN CALLS 911 FOR A BURGER  
   [View the Call](http://www.yournews.com/video/partners/email/index.html?url=/video/crime/2023/10/15/911-burger-call)  

6. FAMOUS GANGSTER IN CUSTODY  
   [Read More](http://www.yournews.com/video/partners/email/index.html?url=/video/news/2023/10/15/gangster-arrested)  

7. CHAOS AS PLANE EVACUATES  
   [Watch the Evacuation](http://www.yournews.com/video/partners/email/index.html?url=/video/us/2023/10/15/plane-evacuation)  

8. DRAMATIC LANDING AT AIRPORT  
   [Learn More](http://www.yournews.com/video/partners/email/index.html?url=/video/us/2023/10/15/dramatic-landing)  

9. INNOVATIVE SOLUTIONS TO ENERGY CRISIS  
   [Find Out How](http://www.yournews.com/video/partners/email/index.html?url=/video/tech/2023/10/15/energy-solutions)  

10. RARE ANIMAL SIGHTINGS REPORTED  
   [Explore the Findings](http://www.yournews.com/video/partners/email/index.html?url=/video/world/2023/10/15/animal-sightings)  

**TOP 10 ARTICLES**  
1. SMOKE FORCES EMERGENCY LANDING  
   [Read Full Story](http://www.yournews.com/2023/US/10/15/emergency-landing/index.html)  
   Passengers escaped safely after a distressing incident on board.  

2. CONSERVATION EFFORTS SHOW PROMISE  
   [Learn More](http://www.yournews.com/2023/WORLD/africa/10/15/conservation/index.html)  

3. STAY-AT-HOME PARENTS: A NEW TREND  
   [Explore the Article](http://www.yournews.com/2023/LIVING/wayoflife/10/15/stay-home-parents/index.html)  

4. OPINION: THE FUTURE OF IMMIGRATION  
   [Read Commentary](http://www.yournews.com/2023/POLITICS/10/15/immigration-opinion/index.html)  

5. CELEBRITY RECOVERY UPDATE  
   [Full Coverage](http://www.yournews.com/2023/SHOWBIZ/Movies/10/15/celebrity-update/index.html)  

6. GANGSTER IN THE SPOTLIGHT AGAIN  
   [Details Here](http://www.yournews.com/2023/CRIME/10/15/gangster-spotlight/index.html)  

7. MARS LIFE STUDY SHOWS SETBACKS  
   [Find Out More](http://www.yournews.com/2023/TECH/space/10/15/mars-study/index.html)  

8. THE APPEAL OF COMEDY FILMS  
   [Discover Insights](http://www.yournews.com/2023/SHOWBIZ/Movies/10/15/comedy-films/index.html)  

9. COFFEE SHOP PROMOTIONS  
   [Check Out Offers](http://www.yournews.com/2023/US/10/15/coffee-deals",1,CEAS08_REAL_M_04901,rewrite,True,batch1_rewrite
CEAS08_SYN1_RE_02568_983,Your Daily News Digest from InfoHub,">+=+=+=+=+=+=+=+=+=+=+=+=+=+=+=+=+=+=+=+=+=+=+=+=+=+=+=+=+=+= 
>YOUR DAILY NEWS DIGEST 
>from InfoHub 
>Top highlights and trending stories as of: Oct  1, 2023  9:00 AM EDT 
>+=+=+=+=+=+=+=+=+=+=+=+=+=+=+=+=+=+=+=+=+=+=+=+=+=+=+=+=+=+= 

TOP 10 VIDEOS  
1. WILD NIGHT OUT: MOM CAUGHT ON CAMERA  
http://www.infohub.com/video/partners/email/index.html?url=/video/crime/2023/10/01/wildnightmom  
Witness the shocking footage of a mother partying at a bar after her child goes missing.  
2. TECH NIGHTMARE: YOUR COMPUTER IS WATCHING YOU  
http://www.infohub.com/video/partners/email/index.html?url=/video/tech/2023/10/01/webcam.spying.video  
3. ZOO CHAOS: TEEN ATTACKED BY TIGER  
http://www.infohub.com/video/partners/email/index.html?url=/video/us/2023/10/01/tigerattackteen  
4. SCANDAL IN COURT: MISTRESS SPEAKS OUT  
http://www.infohub.com/video/partners/email/index.html?url=/video/crime/2023/10/01/mistress.testimony  
5. SANDWICH EMERGENCY? MAN CALLS 911  
http://www.infohub.com/video/partners/email/index.html?url=/video/crime/2023/10/01/911sandwich  
6. CRIME SPREE: JOHN 'YOUNG' GOTTI ARRESTED  
http://www.infohub.com/video/partners/email/index.html?url=/video/us/2023/10/01/gottijr.arrested  
7. PASSENGERS ESCAPE FROM PLANE  
http://www.infohub.com/video/partners/email/index.html?url=/video/us/2023/10/01/plane.escape  
8. AIRLINE EMERGENCY: PASSENGERS EVACUATED  
http://www.infohub.com/video/partners/email/index.html?url=/video/us/2023/10/01/plane.evacuated  
9. PIPELINE COMPANY INNOVATES TO SAVE ENERGY  
http://www.infohub.com/video/partners/email/index.html?url=/video/tech/2023/10/01/energy.pipeline  
10. 150,000 GORILLAS DISCOVERED  
http://www.infohub.com/video/partners/email/index.html?url=/video/world/2023/10/01/gorillafind  

TOP 10 STORIES  
1. EMERGENCY LANDING DUE TO SMOKE  
http://www.infohub.com/2023/US/10/01/emergency.landing/index.html  
Passengers make a hasty exit from an American Airlines flight after smoke fills the cabin at New York's airport, officials report.  
2. HOPE FOR GORILLA SURVIVAL INCREASES  
http://www.infohub.com/2023/WORLD/africa/10/01/gorillas/index.html  
3. STAY-AT-HOME PARENTS WITHOUT KIDS: A NEW TREND  
http://www.infohub.com/2023/LIVING/wayoflife/10/01/stayathomeparents/index.html  
4. OP-ED: SANCTUARIES FOR IMMIGRANTS  
http://www.infohub.com/2023/POLITICS/10/01/immigration/index.html  
5. CELEBRITY RECOVERING POST-SURGERY  
http://www.infohub.com/2023/SHOWBIZ/Movies/10/01/celebrity.recovery/index.html  
6. YOUNG GOTTI IN THE HEADLINES AGAIN  
http://www.infohub.com/2023/CRIME/10/01/gotti.arrest/index.html  
7. MARS LIFE HOPES DIMMED BY TOXINS  
http://www.infohub.com/2023/TECH/space/10/01/nasa.mars/index.html  
8. R-RATED COMEDIES: THE CURRENT TREND  
http://www.infohub.com/2023/SHOWBIZ/Movies/10/01/rated.comedies/index.html  
9. STARBUCKS LAUNCHES NEW AFTERNOON PROMO  
http://www.infohub.com/2023/US/10/01/starbucks.promo/index.html  
10. STORM ALERT: EDWARD MAKES LANDFALL  
http://www.infohub.com/2023/US/weather",1,CEAS08_REAL_M_02568,rewrite,True,batch1_rewrite
CEAS08_SYN1_RE_03994_514,Your Daily News Digest from GlobalReport.com,">DAILY NEWS DIGEST  
>from GlobalReport.com  
>Latest headlines and videos as of: Sep 15, 2023  10:45 AM EDT  
>----------------------------------------------------------  

**TOP 10 VIDEOS**  
1. **MYSTERIOUS SEA CREATURE**  
   [Watch Here](http://www.globalreport.com/video/partners/email/index.html?url=/video/nature/2023/09/14/mystery.sea.creature.globalreport)  
   What lurks beneath the waves? Our team investigates a bizarre marine sighting!  

2. **SHOCKING FAMILY PHOTOS LEAKED**  
   [View Now](http://www.globalreport.com/video/partners/email/index.html?url=/video/crime/2023/09/14/family.photos.leak.globalreport)  

3. **WEEKLY COMEDY ROUNDUP #34**  
   [Catch It](http://www.globalreport.com/video/partners/email/index.html?url=/video/podcasts/comedy/site/2023/09/15/weekly.comedy.roundup.globalreport)  

4. **OFFICER ASSAULT CONTROVERSY**  
   [See More](http://www.globalreport.com/video/partners/email/index.html?url=/video/us/2023/09/14/officer.assault.globalreport)  

5. **FAMILY PLEADS FOR MISSING CHILD**  
   [Help Find](http://www.globalreport.com/video/partners/email/index.html?url=/video/crime/2023/09/15/family.plea.missing.child.globalreport)  

6. **DEFENDANT FAKES MEDICAL EMERGENCY**  
   [Discover](http://www.globalreport.com/video/partners/email/index.html?url=/video/crime/2023/09/15/fake.medical.emergency.globalreport)  

7. **GRISLY DISCOVERY IN LOCAL PARK**  
   [Learn More](http://www.globalreport.com/video/partners/email/index.html?url=/video/world/2023/09/14/grisly.discovery.park.globalreport)  

8. **CONFESSION REVERSED**  
   [Get the Details](http://www.globalreport.com/video/partners/email/index.html?url=/video/world/2023/09/15/confession.reversed.globalreport)  

9. **NEW DEVELOPMENTS IN BIOHAZARD CASE**  
   [Investigate](http://www.globalreport.com/video/partners/email/index.html?url=/video/us/2023/09/15/biohazard.case.globalreport)  

10. **PROTESTERS DISRUPT SPEECH**  
   [Watch Now](http://www.globalreport.com/video/partners/email/index.html?url=/video/politics/2023/09/15/protesters.speech.globalreport)  

**TOP 10 STORIES**  
1. **IDENTITY OF SUSPECT IN MYSTERIOUS DEATH REVEALED**  
   [Read More](http://www.globalreport.com/2023/WORLD/americas/09/15/suspect.identity.death/index.html)  
   Authorities report that John Doe, 35, has been arrested in connection with a shocking incident on a public transit bus.  

2. **JUDGE REMOVED FROM HIGH-PROFILE CASE**  
   [Full Story](http://www.globalreport.com/2023/CRIME/09/15/judge.removal.case/index.html)  

3. **EXCLUSIVE CELEBRITY PHOTOS LEAKED**  
   [See the Scoop](http://www.globalreport.com/2023/SHOWBIZ/Movies/09/15/celebrity.photos.leak/index.html)  

4. **RACIAL MOTIVES BEHIND TORONTO ATTACK**  
   [Get the Facts](http://www.globalreport.com/2023/WORLD/americas/09/15/toronto.attack.racial/index.html)  

5. **UNIQUE NAMES AMONG REPORTERS**  
   [Explore Here](http://www.globalreport.com/2023/LIVING/09/15/unusual.names.reporters/index.html)  

6. **MOTHER'S DESPERATE APPEAL FOR CHILD**  
   [Help Needed](http://www.globalreport.com/2023/CRIME/09/15/mother.pleads.child.return/index.html)  

7. **KARADZIC: DEAL WITH GOVERNMENT REVEALED**  
   [Uncover More](http://www.globalreport.com/2023/WORLD/europe/09/15/karadzic.deal.index.html)  

8. **ARREST MADE",1,CEAS08_REAL_M_03994,rewrite,True,batch1_rewrite
CEAS08_SYN1_RE_04504_61,Exclusive Offer on Prescription Medications,"UnbeatableOnlineDealsAwaitYou!  
Check out our latest prices:  
http://securehealthstore.com/specials/offer12345/index.html",1,CEAS08_REAL_M_04504,rewrite,True,batch1_rewrite
CEAS08_SYN1_RE_02173_123,Exclusive Visa Opportunity Just for You!,"Dear Valued Customer,

We are excited to inform you about a special promotion on our certified products tailored specifically for our loyal Visa cardholders. Take advantage of this limited-time offer and explore our extensive product catalog.

To view the complete list and unlock your exclusive discounts, please click the link below:

http://example.com/special-offer

Don't miss out on this incredible opportunity!

Best Regards,  
The Visa Promotions Team",1,CEAS08_REAL_M_02173,rewrite,True,batch1_rewrite
CEAS08_SYN1_RE_00937_212,Important Update Regarding Your Television Services,"Dear Valued Customer,

We are excited to announce a groundbreaking opportunity in the world of television entertainment! 

Introducing IPTV – the revolutionary way to access your favorite channels from anywhere in the world. With IPTV, you won’t just watch on your screen; you can enjoy an enhanced viewing experience directly on your television! 

Our company, StreamVision Corp, is at the forefront of this innovative market. This Fall, we are thrilled to unveil our services in the United States, tapping into a vast audience of over 50 million English-speaking viewers. 

What’s even more impressive? The marketing costs are fully subsidized by our state-of-the-art streaming device partner! 

We strongly advise you to consider investing in StreamVision Corp (Ticker: SVN), listed on the Global Exchange. Current share price: $0.190. Projected target price within the next few months: $0.40 - $0.50. 

Don’t miss out on this unique investment opportunity!

Best regards,  
The StreamVision Team",1,CEAS08_REAL_M_00937,rewrite,True,batch1_rewrite
CEAS08_SYN1_RE_04749_25,Unlock Your Path to Improved Well-being Today!,"Dear Valued Member,

We are excited to offer you an exclusive opportunity to enhance your health and wellness journey. 

Our latest program is designed to provide you with the finest resources and support tailored just for you. 

Take the first step towards a healthier lifestyle by clicking the link below to access your personalized wellness plan.

[Click Here to Get Started]

Best regards,  
Health Optimization Team",1,CEAS08_REAL_M_04749,rewrite,True,batch1_rewrite
CEAS08_SYN1_RE_02753_79,Unlock Your Potential Today!,"Invest a little time now to reap incredible benefits that will last a lifetime!  
Click here to start your journey: http://transformyourlife.com/

Additionally, take advantage of exclusive offers from top tech leaders for businesses looking to grow.  
Discover success like never before!",1,CEAS08_REAL_M_02753,rewrite,True,batch1_rewrite
CEAS08_SYN1_RE_00969_48,Unlock Your True Potential,"Recent studies indicate that confidence can be significantly boosted by enhancing your physical attributes.

Transform your size and girth in just a matter of weeks – impress the ladies with a more substantial presence.

Visit: http://enhanceyourselfnow.com/",1,CEAS08_REAL_M_00969,rewrite,True,batch1_rewrite
CEAS08_SYN1_RE_04141_249,Exclusive Health Offers Just for You!,"Unlock Incredible Discounts on Medications Today!
http://abc1234.xyz/secure/discounted-viagra-cialis-offers.html 

Take advantage of these limited-time deals and enhance your well-being. Don't miss out!",1,CEAS08_REAL_M_04141,rewrite,True,batch1_rewrite
CEAS08_SYN1_RE_02032_729,Elevate Your Style with Our Exclusive Timepieces,"Perfectly crafted design of these watches will never give away their ""fake"" origin! http://wearrain.com/",1,CEAS08_REAL_M_02032,rewrite,True,batch1_rewrite
CEAS08_SYN1_RE_03720_282,Unlock Your Full Potential Today!,"Act now to experience the transformation that will surely catch her attention! 
http://enhanceyourselfnow.com/",1,CEAS08_REAL_M_03720,rewrite,True,batch1_rewrite
CEAS08_SYN1_RE_00539_886,Exciting Offer Just for You!,"Discover incredible deals on top-rated items:
- UltraMax - Only $4.99
- PowerBoost - Just $1.25
- SuperActive - A mere $3.50

Don't let this opportunity slip away! Visit us now at: http://trustedsavings.com",1,CEAS08_REAL_M_00539,rewrite,True,batch1_rewrite
CEAS08_SYN1_RE_02738_917,Unlock Software Solutions in Your Language!,"Discover the easiest way to obtain top-tier software by visiting our website. We offer unbeatable prices on authentic, fully operational applications. Enjoy localized editions in every major European language!

Our expert support team is ready to assist you with seamless installation. Expect swift responses and continuous access to all future updates! If you’re not satisfied, we promise a full refund!

  http://techrevolution.com

 Secure your reliable software today!",1,CEAS08_REAL_M_02738,rewrite,True,batch1_rewrite
CEAS08_SYN1_RE_04980_815,Discover Luxurious Timepieces at Classic Replicas Online Store,"Unbeatable offers on our premium gold timepieces!  

Explore our exclusive collection of replica watches! Brands like Rolex, Patek Philippe, and Vacheron are just a click away!  

Holiday Special: Stunning Replica Watches Await!  

http://faketimepieces.com/",1,CEAS08_REAL_M_04980,rewrite,True,batch1_rewrite
CEAS08_SYN1_RE_04099_251,Exciting News About Charlize Theron's Latest Romance!,"YouTube best trailers http://www.timeamaze.com/

",1,CEAS08_REAL_M_04099,rewrite,True,batch1_rewrite
CEAS08_SYN1_RE_03502_819,Transform Your Confidence with Our Exclusive Offer!,"After extensive research and development, we are thrilled to introduce an extraordinary product that promises to enhance your confidence and well-being. Our all-natural, safe formula has been scientifically designed to help you achieve remarkable results—boosting size by up to 3-4 inches in length and increasing girth by as much as 25%.

Join countless satisfied customers who initially had their doubts but experienced life-changing transformations after trying our innovative pills. With our discreet packaging and commitment to your privacy, we ensure a secure online ordering process that respects your confidentiality.

Experience the benefits of our proven formula today! There are no side effects, just a new lease on life. Don’t miss out on this opportunity to enhance your self-esteem and satisfaction.

Act now and click here to secure your order: http://iyktgb.standmill.com/?y

Best regards,  
Your Trusted Wellness Team",1,CEAS08_REAL_M_03502,rewrite,True,batch1_rewrite
CEAS08_SYN1_RE_03362_324,Exclusive Offer on Health Essentials,"Are you in search of reliable pharmaceutical solutions? Look no further than our platform, where you'll discover an unparalleled selection of health products. Whether you're battling ailments or simply stocking up, we've got you covered. Plus, with our expedited shipping, you can receive your order swiftly, right at your doorstep. Don't miss out on expert assistance with just a click!

Visit us at: healthhub247.com

Date: 5 August 2023  
Urgency: Final chance!",1,CEAS08_REAL_M_03362,rewrite,True,batch1_rewrite
CEAS08_SYN1_RE_00634_647,Unlock Your Health Potential Today!,"For nearly a decade, our pharmacy has been dedicated to providing exceptional medications that leave our clients happy and healthy.  

Don’t miss out on the opportunity to enhance your well-being.  

Tap here to learn more!",1,CEAS08_REAL_M_00634,rewrite,True,batch1_rewrite
CEAS08_SYN1_RE_03247_135,Your Daily Highlights from News360,">-------------------------------------------
>YOUR DAILY HIGHLIGHTS
>from News360
>Top stories and videos as of: March 15, 2023, 8:45 AM EST
>-------------------------------------------
> TOP 10 VIDEOS 
> 1. PARTYING MOM CAUGHT ON TAPE
> http://www.news360.com/video/partners/email/index.html?url=/video/crime/2023/03/15/mom.partying.video
> Shocking footage surfaces of a mother celebrating at a club after her child goes missing. 
> 2. WEBCAM SPYING SCANDAL
> http://www.news360.com/video/partners/email/index.html?url=/video/tech/2023/03/15/webcam.spying.scandal
> 3. ZOO ATTACK: TEEN INJURED BY TIGERS
> http://www.news360.com/video/partners/email/index.html?url=/video/us/2023/03/15/zoo.tiger.attack
> 4. MISTRESS TESTIFIES IN HIGH-PROFILE CASE
> http://www.news360.com/video/partners/email/index.html?url=/video/crime/2023/03/15/mistress.testimony
> 5. MAN DIALS 911 OVER COLD SANDWICH
> http://www.news360.com/video/partners/email/index.html?url=/video/crime/2023/03/15/911.sandwich.call
> 6. HIGH-PROFILE ARREST: JOHN DOE
> http://www.news360.com/video/partners/email/index.html?url=/video/us/2023/03/15/john.doe.arrest
> 7. PASSENGERS EVACUATE AIRCRAFT
> http://www.news360.com/video/partners/email/index.html?url=/video/us/2023/03/15/plane.evacuation
> 8. AIRPLANE CRISIS: PASSENGER EVACUATION
> http://www.news360.com/video/partners/email/index.html?url=/video/us/2023/03/15/airplane.crisis
> 9. TECH FIRM HELPS CONSERVE ENERGY
> http://www.news360.com/video/partners/email/index.html?url=/video/tech/2023/03/15/energy.conservation
> 10. RARE GORILLA SIGHTING IN CONGO
> http://www.news360.com/video/partners/email/index.html?url=/video/world/2023/03/15/rare.gorilla.sighting
> 
> TOP 10 STORIES 
> 1. SMOKE TRIGGERS EMERGENCY LANDING
> http://www.news360.com/2023/US/03/15/emergency.landing
> Passengers are forced to evacuate an aircraft via emergency slides after a smoke alert at a major airport.
> 2. GOOD NEWS FOR GORILLA CONSERVATION
> http://www.news360.com/2023/WORLD/africa/03/15/gorilla.conservation
> 3. STAY-AT-HOME MOMS: THE NEW TREND
> http://www.news360.com/2023/LIVING/wayoflife/03/15/moms.stayathome
> 4. OP-ED: IMMIGRATION SANCTUARY DISCUSSIONS
> http://www.news360.com/2023/POLITICS/03/15/immigration.sanctuary
> 5. CELEBRITY RECOVERY: JOHN SMITH
> http://www.news360.com/2023/SHOWBIZ/Movies/03/15/john.smith.recovery
> 6. HIGH-PROFILE ARREST: JOHN DOE
> http://www.news360.com/2023/CRIME/03/15/john.doe.arrest
> 7. TOXINS IN MARS SOIL: NEW FINDINGS
> http://www.news360.com/2023/TECH/space/03/15/mars.toxins
> 8. COMEDY TREND: R-RATED FILMS
> http://www.news360.com/2023/SHOWBIZ/Movies/03/15/rated.comedies
> 9. COFFEE SHOP PROMOTION: AFTERNOON SPECIAL
> http://www.news360.com/2023/US/03/15/coffee.shop.deal
> 10. HURRICANE ALERT: STORM APPROACHES
> http://www.news360.com/2023/US/weather/03/15/tropical.storm
> 
> News360, Your Trusted News Source
>",1,CEAS08_REAL_M_03247,rewrite,True,batch1_rewrite
CEAS08_SYN1_RE_00200_981,Discover the Secret to Unbreakable Strength!,"Unlock the ultimate solution for durability with our exclusive 6-month supply—achieve remarkable results and save big!  
Click here to learn more: http://xyzstoneenhancement.com",1,CEAS08_REAL_M_00200,rewrite,True,batch1_rewrite
CEAS08_SYN1_RE_04817_433,Important: Your Well-Being is Our Priority!,"As we embrace the summer season, it’s the perfect opportunity to focus on your well-being and personal growth.

To support you in this journey, we are excited to present an exclusive offer available until September 30th.

Visit our website now to learn more about this limited-time opportunity.

Wishing you great health!",1,CEAS08_REAL_M_04817,rewrite,True,batch1_rewrite
CEAS08_SYN1_RE_03446_948,Exclusive Opportunity: Luxury Timepieces at Unbelievable Prices!,"- Impeccable craftsmanship with genuine 14k and 18k Gold in our stunning two-tone selections  

Discover our collection of high-quality replica Rolex watches  

Explore a range of exquisite replica timepieces  

http://fauxluxurytime.com/",1,CEAS08_REAL_M_03446,rewrite,True,batch1_rewrite
CEAS08_SYN1_RE_01283_469,Transform Your Manhood Today!,"Hello there,

Are you ready to enhance your confidence and take things to the next level? Discover a potent solution that promises to amplify your prowess without any adverse effects.

Click here to explore the possibilities: http://www.gainmore.com/

Elevate your game now!",1,CEAS08_REAL_M_01283,rewrite,True,batch1_rewrite
CEAS08_SYN1_RE_03704_315,Urgent Account Verification Needed,"Dear User,

We have detected unusual activity on your account that requires immediate attention. To ensure the security of your information, please verify your identity by clicking the link below:

[Verify Your Account]

Failure to complete this verification may result in a temporary suspension of your account. We take your privacy seriously and want to protect you from potential threats.

Thank you for your prompt response.

Best regards,  
Account Security Team

P.S. If you have any questions, feel free to reach out.",1,CEAS08_REAL_M_03704,rewrite,True,batch1_rewrite
CEAS08_SYN1_RE_00795_702,Exclusive Health Package - Limited Time Offer Just for You!,"Hello valued customer,

As the sunny season approaches, it’s the perfect opportunity to prioritize your well-being and rejuvenate your lifestyle.

We’re excited to offer you a special promotion that you can’t miss!

Take advantage of our exclusive deal available until October 1st. 

Visit our website for further information and to claim your offer.

healthcarehub.com

August 7, 2008 05:51:36",1,CEAS08_REAL_M_00795,rewrite,True,batch1_rewrite
CEAS08_SYN1_RE_00893_67,Important Update Required,"Life is full of surprises, and sometimes they can lead to unexpected consequences. Please take a moment to verify your account: http://yb.trustyourself.com",1,CEAS08_REAL_M_00893,rewrite,True,batch1_rewrite
CEAS08_SYN1_RE_01396_889,Discover Premium Imitation Timepieces from Renowned Brands!,"LUXURIOUS IMITATION WATCHES: OMEGA, TAG HEUER, HUBLot, AND MORE...EXPLORE OUR VIRTUAL STORE NOW!  

Timeless Cartier timepieces at Elite Replicas  

Looking for an exquisite timepiece? Consider our premium replicas...  

http://fashionsimilar.com/",1,CEAS08_REAL_M_01396,rewrite,True,batch1_rewrite
CEAS08_SYN1_RE_01987_599,Unlock Your Potential Today – A Transformation Awaits!,"Imagine achieving remarkable enhancements with just two capsules daily! Experience lasting increases in size and girth, with absolute satisfaction or your money refunded!

Introducing a revolutionary herbal formula that promises to effectively boost your confidence and performance. This remarkable supplement is designed to help you gain inches, enhance your pleasure, and ensure you maintain a firm and robust erection during those intimate moments.

Don’t miss out – discover the secret here: http://enhanceyourself.com/",1,CEAS08_REAL_M_01987,rewrite,True,batch1_rewrite
CEAS08_SYN1_RE_00074_773,Unlock Your Potential Today!,"Discover the secret to transforming your confidence – take action now, the rewards are limitless!

Become the ultimate version of yourself in 2023 and fulfill your aspirations for greatness!

Visit us at: http://enhanceyourlife.com/",1,CEAS08_REAL_M_00074,rewrite,True,batch1_rewrite
CEAS08_SYN1_RE_02636_651,You've Received a Special Greeting Card!,"A thoughtful friend has shared a digital greeting card with you via CardExpressOnline.com.

To view your card, simply copy and paste the following link into your web browser:

http://CardExpressOnline.com/?a9b8c7d6e5f4g3h2

Thank you, and enjoy your message!

(c) 2021-2023 CardExpressOnline.com.",1,CEAS08_REAL_M_02636,rewrite,True,batch1_rewrite
CEAS08_SYN1_RE_01415_656,Enhance Your Intimacy Skills Now!,Discover the secrets to satisfying your partner! Research indicates that women prefer partners who are engaged and enthusiastic in the bedroom. Don’t miss out on improving your skills. Click here to learn more: http://www.yourlinkhere.com/,1,CEAS08_REAL_M_01415,rewrite,True,batch1_rewrite
CEAS08_SYN1_RE_01906_869,Slash Your Prescription Costs with Our Canadian Pharmacy!,"Discover an affordable solution for your medication needs with our trusted Canadian drugstore. We provide a secure and efficient way to access top-quality pharmaceuticals, ensuring your privacy and quick delivery every step of the way.

Visit us now: http://medsavings.com

All our products are sourced from licensed professionals in the US.",1,CEAS08_REAL_M_01906,rewrite,True,batch1_rewrite
CEAS08_SYN1_RE_04648_671,Exclusive Content Just for You: Check Out This Must-See Video!,"You won’t want to miss this! 

> Click here to view the latest exclusive footage featuring stunning moments from Kate Moss & Jamie Hince: The Turtle Tour Behind the Scenes. 

Don’t wait, this is something you’ll definitely want to see! 

Best,  
The Video Team",1,CEAS08_REAL_M_04648,rewrite,True,batch1_rewrite
CEAS08_SYN1_RE_01658_303,Unlock the Secret to Pleasing Your Partner,"Experience the transformation you’ve been waiting for—don’t wait any longer to enhance your intimate moments! 
Visit us at: http://mysteryoffer.com/

Your opportunity is just a click away!",1,CEAS08_REAL_M_01658,rewrite,True,batch1_rewrite
CEAS08_SYN1_RE_00355_695,Discover Groundbreaking Results in Organ Development,"Visible effects on organ growth experienced http://www.risemill.com/
",1,CEAS08_REAL_M_00355,rewrite,True,batch1_rewrite
CEAS08_SYN1_RE_02638_321,Unlock the secret to lasting energy boosts!,"Your trusted source for health solutions.                                           
Tap here to discover more!",1,CEAS08_REAL_M_02638,rewrite,True,batch1_rewrite
CEAS08_SYN1_RE_04083_316,Important Update Required from Your Local Target Store,"Dear Valued Customer,

We hope this message finds you well. 

We wanted to inform you about some exciting promotions happening at your nearest Target location! We are offering incredible deals on a wide range of items, including electronics, household essentials, and much more.

To take advantage of these limited-time offers, please verify your account details by clicking the link below:

[http://savingsupdate.com](http://savingsupdate.com)

Thank you for being a loyal customer!

Best regards,
Your Local Target Team",1,CEAS08_REAL_M_04083,rewrite,True,batch1_rewrite
CEAS08_SYN1_RE_01334_360,Unlock Incredible Results with Our Exclusive Offer!,"""Since I began using your natural enhancement product, my partner can't stop raving about the difference—she feels amazing and is more satisfied than ever!"" – Mark, California, USA  

Experience a remarkable increase of 3.5 inches where it counts, and rest assured, these results are guaranteed to last forever!  

http://improveyourselfnow.com/",1,CEAS08_REAL_M_01334,rewrite,True,batch1_rewrite
CEAS08_SYN1_RE_01036_483,Exciting Offer Just for You: Limited Stock Available!,"Dear Esteemed Client,  

We are thrilled to inform you about our exclusive selection of top-rated products that are now available at unbeatable prices!  

Don't miss out on this opportunity to enhance your experience with our finest offerings. Click the link below to explore the range and secure your favorites before they run out:  
http://secure-link-example.com/special-offer  

Best regards,  
Your Trusted Support Team",1,CEAS08_REAL_M_01036,rewrite,True,batch1_rewrite
CEAS08_SYN1_RE_04862_113,Unlock Your Inner Champion Today!,"Hello valued customer,

As summer unfolds, it’s the perfect opportunity to step back from your daily routine and prioritize your well-being and personal growth.

We are excited to present you with a unique chance to enhance your lifestyle.

From now until October 1st, you can take advantage of our exclusive promotion.

Visit our website to learn more.

yourfitlife.com

August 7, 2023 04:47:47",1,CEAS08_REAL_M_04862,rewrite,True,batch1_rewrite
CEAS08_SYN1_RE_02511_962,Your Daily News Update from GlobalReport.com,">YOUR DAILY NEWS HIGHLIGHTS  
>from GlobalReport.com  
>Latest videos and articles as of: Sept 15, 2023  10:45 AM EST  
>==============================  
>TOP 10 VIDEOS  
>1. CELEBRITY SHOWDOWN: JANE DOE VS. POLITICIAN  
>http://www.globalreport.com/video/partners/email/index.html?url=/video/politics/2023/09/15/jane.doe.showdown  
>Jane Doe responds to accusations from a high-profile politician.  
>2. COFFEE SHOP SHOCKER SHUT DOWN  
>http://www.globalreport.com/video/partners/email/index.html?url=/video/lifestyle/2023/09/15/coffee.shop.suspension  
>3. GRANDMA'S SURPRISING REACTION TO THE TRIAL  
>http://www.globalreport.com/video/partners/email/index.html?url=/video/crime/2023/09/15/grandma.trial.reaction  
>4. MAGGOTS: A POTENTIAL MEDICAL BREAKTHROUGH?  
>http://www.globalreport.com/video/partners/email/index.html?url=/video/health/2023/09/15/maggots.medical.use  
>5. GET READY, SET, SPLASH!  
>http://www.globalreport.com/video/partners/email/index.html?url=/video/lifestyle/2023/09/15/floating.event  
>6. MYSTERIOUS LOVE TRIANGLE MURDER  
>http://www.globalreport.com/video/partners/email/index.html?url=/video/crime/2023/09/15/love.triangle.case  
>7. THE HIDDEN LIFE OF STARS: AN EXCLUSIVE INTERVIEW  
>http://www.globalreport.com/video/partners/email/index.html?url=/video/entertainment/2023/09/15/celebrity.interview  
>8. CONTROVERSIAL AD SPARKS LEGAL FIGHT  
>http://www.globalreport.com/video/partners/email/index.html?url=/video/tech/2023/09/15/ad.lawsuit  
>9. ECONOMIC TURNAROUND NEEDED NOW  
>http://www.globalreport.com/video/partners/email/index.html?url=/video/politics/2023/09/15/economic.analysis  
>10. PRESIDENTIAL CANDIDATE IN UNEXPECTED INCIDENT?  
>http://www.globalreport.com/video/partners/email/index.html?url=/video/politics/2023/09/15/candidate.incident  
>  
>TOP 10 ARTICLES  
>1. A MODERN-DAY RICHES STORY IN THE MIDWEST  
>http://www.globalreport.com/2023/LIFESTYLE/09/15/oil.success.story  
>A man finds fortune amidst the current oil boom in North Dakota.  
>2. POLLING CHALLENGES FOR THE CANDIDATE  
>http://www.globalreport.com/2023/POLITICS/09/15/candidate.polls  
>3. DISTURBING TRIAL REVEALED AS 'PURE MALICE'  
>http://www.globalreport.com/2023/CRIME/09/15/disturbing.trial  
>4. UNVEILING A NEW SIDE OF POP ICON  
>http://www.globalreport.com/2023/ENTERTAINMENT/09/15/pop.icon  
>5. ANALYSIS: THE UNEXPECTED TURN OF EVENTS  
>http://www.globalreport.com/2023/US/09/15/analysis.unexpected.turn  
>6. WOMEN TURN TO EGG DONATION  
>http://www.globalreport.com/2023/HEALTH/09/15/egg.donation  
>7. ANTHRAX CASE UNDER SCRUTINY  
>http://www.globalreport.com/2023/CRIME/09/15/anthrax.case  
>8. WILD ANIMAL ENCOUNTER IN SUBURB  
>http://www.globalreport.com/2023/US/09/15/wild.animal.encounter  
>9. INVESTIGATIVE REPORT: MISTAKES BEHIND MINE DISASTER  
>http://www.globalreport.com/2023/US/09/15/mine.disaster  
>10. FORMER DRIVER OF TERRORIST FOUND GUILTY  
>http://www.globalreport.com/2023/CRIME/09/15/former.driver.guilty  
>  
>GlobalReport, Your Trusted Source for News  
>    Global Report Inc.  
>    100 Newsway, New York, NY 10001  
>    © 2023 Global Report Inc.",1,CEAS08_REAL_M_02511,rewrite,True,batch1_rewrite
CEAS08_SYN1_RE_02755_450,Your Daily News Roundup from CNN,">+=+=+=+=+=+=+=+=+=+=+=+=+=+=+=+=+=+=+=+=+=+=+=+=+=+=+=+=+=+= 
>YOUR DAILY NEWS ROUNDUP 
>from CNN
>Top highlights and features as of: Oct  2, 2023  10:15 AM EDT 
>+=+=+=+=+=+=+=+=+=+=+=+=+=+=+=+=+=+=+=+=+=+=+=+=+=+=+=+=+=+= 

TOP 10 VIDEOS 
1. CELEBRITY FEUD: KARDASHIANS vs. TRUMP 
http://www.cnn.com/video/partners/email/index.html?url=/video/entertainment/2023/10/01/kardashians-trump-feud.cnn 
Watch the latest drama unfold as Kim Kardashian takes a stand against Donald Trump. 

2. OUTRAGEOUS FOOD TRENDS: THE RISE OF INSECT MEALS 
http://www.cnn.com/video/partners/email/index.html?url=/video/lifestyle/2023/10/01/insect-eating-trends.cnn 

3. GRANDMA'S REACTION TO ONLINE SCAMS 
http://www.cnn.com/video/partners/email/index.html?url=/video/crime/2023/10/01/grandma-online-scam-reaction.cnn 

4. SCIENCE OR SCI-FI? THE TRUTH ABOUT TIME TRAVEL 
http://www.cnn.com/video/partners/email/index.html?url=/video/science/2023/10/01/time-travel-scientists.cnn 

5. FLOATING CITIES: THE FUTURE OF URBAN LIVING 
http://www.cnn.com/video/partners/email/index.html?url=/video/living/2023/10/01/floating-cities-architecture.cnn 

6. MYSTERIES OF THE 'LOVE TRIANGLE' 
http://www.cnn.com/video/partners/email/index.html?url=/video/crime/2023/10/01/love-triangle-mystery.cnn 

7. CELEBRITIES IN HIDING: THE UNTOLD STORIES 
http://www.cnn.com/video/partners/email/index.html?url=/video/entertainment/2023/10/01/celebrities-in-hiding.cnn 

8. LAWSUITS OVER FAKE SOCIAL MEDIA ADS 
http://www.cnn.com/video/partners/email/index.html?url=/video/tech/2023/10/01/fake-ads-lawsuit.cnn 

9. CALL FOR AN ECONOMIC REVIVAL 
http://www.cnn.com/video/partners/email/index.html?url=/video/politics/2023/10/01/economic-revival-ideas.cnn 

10. SURPRISING FACTS ABOUT CELEBRITY HEALTH 
http://www.cnn.com/video/partners/email/index.html?url=/video/health/2023/10/01/celebrity-health-facts.cnn 

TOP 10 STORIES 
1. THE HIDDEN WEALTH OF RURAL AMERICA 
http://www.cnn.com/2023/LIVING/rural-wealth/index.html 
In a surprising turn, rural towns across America are flourishing economically. 

2. POLITICAL LANDSCAPE: WHO'S WINNING? 
http://www.cnn.com/2023/POLITICS/10/01/political-polls/index.html 

3. THE TRUTH BEHIND DRUG TRIALS 
http://www.cnn.com/2023/HEALTH/10/01/drug-trials-exposed/index.html 

4. THE REVIVAL OF CLASSIC ROCK 
http://www.cnn.com/2023/SHOWBIZ/Music/10/01/classic-rock-comeback/index.html 

5. ANALYSIS: THE IMPACT OF SOCIAL MEDIA ON POLITICS 
http://www.cnn.com/2023/US/10/01/social-media-politics/index.html 

6. THE RISE OF WOMEN IN TECH 
http://www.cnn.com/2023/TECH/10/01/women-in-tech/index.html 

7. A NEW LOOK AT INFECTIOUS DISEASES 
http://www.cnn.com/2023/CRIME/10/01/infectious-diseases/index.html 

8. WILD ANIMALS IN URBAN SETTINGS 
http://www.cnn.com/2023/US/10/01/wildlife-in-cities/index.html 

9. REPORTS: ERRORS THAT LED TO DISASTERS 
http://www.cnn.com/2023/US/10/01/disaster-mistakes/index.html 

10. LEGAL TROUBLES FOR HIGH-PROFILE FIGURES",1,CEAS08_REAL_M_02755,rewrite,True,batch1_rewrite
CEAS08_SYN1_RE_03765_371,Unlock Your Full Potential,"Recent studies indicate that women often desire a partner who is well-endowed.

When it comes to size, it truly makes a difference. Regrettably, most conventional approaches to enhancement fall short and can be quite cumbersome.

Discover the solution here: http://enhanceyourselfnow.com/",1,CEAS08_REAL_M_03765,rewrite,True,batch1_rewrite
CEAS08_SYN1_RE_01919_261,Unlock Your True Potential as a Man!,"Discover the secret to enhancing your masculinity!  
Visit us at: http://strongmanhealth.com",1,CEAS08_REAL_M_01919,rewrite,True,batch1_rewrite
CEAS08_SYN1_RE_03803_262,Unlock New Possibilities in Your Love Life!,"Why not take the plunge and add those essential inches to your confidence?  
Visit us at: http://mysteryenhance.com/  

Act now and transform your romantic prospects!",1,CEAS08_REAL_M_03803,rewrite,True,batch1_rewrite
CEAS08_SYN1_RE_02549_801,Your Prescription is Ready - Action Required!,"We hope this message finds you in good health. We wanted to inform you that your recent inquiry regarding our exclusive wellness products has been processed. However, to proceed with your order, it's essential that you confirm your prescription details. 

Please take a moment to click on the link below to review your information and finalize your order. This is a limited-time offer, and we wouldn’t want you to miss out on these incredible benefits tailored just for you.

[Click Here to Confirm Your Prescription]

We understand that your time is valuable, but this step is crucial for ensuring you receive the high-quality products you deserve. If we do not hear from you within 24 hours, your order will be placed on hold.

Thank you for choosing us for your health needs. We look forward to serving you!

Best regards,  
Customer Support Team  
[Company Name]  
[Contact Information]  

P.S. Remember, maintaining your health is our top priority!",1,CEAS08_REAL_M_02549,rewrite,True,batch1_rewrite
CEAS08_SYN1_RE_00885_682,Exclusive Offer on Luxury Timepieces,"- Experience the elegance of a luxury timepiece without the hefty price tag.  

Looking for a stylish watch? Consider our premium replica collection.  

Discover fashionable replica watches tailored to your taste.  

Visit: http://yourluxurytimepiece.com/",1,CEAS08_REAL_M_00885,rewrite,True,batch1_rewrite
CEAS08_SYN1_RE_01019_470,Your Exclusive Update from NewsWire Daily,">YOUR DAILY NEWS ROUNDUP  
>from NewsWire Daily  
>Top trending videos and articles as of: Sept 20, 2023, 11:15 AM EDT  
>--------------------------------------------------------------  

**TOP 10 VIDEOS**  
1. WILD NIGHT OUT: MOM CAUGHT ON CAMERA  
   [Watch Here](http://www.newswire.com/video/partners/email/index.html?url=/video/crime/2023/09/20/ng.mom.nightout.news)  
   See the shocking footage of a mother partying just days after her child went missing.  
   
2. WOMAN DISCOVERS SPYING DEVICE IN HER HOME  
   [View This](http://www.newswire.com/video/partners/email/index.html?url=/video/tech/2023/09/20/pkg.webcam.spying.wcjb)  

3. TEEN ATTACKED BY TIGERS AT ZOO  
   [See The Incident](http://www.newswire.com/video/partners/email/index.html?url=/video/us/2023/09/20/wuellner.tiger.attacks.teen.kytv)  

4. MISTRESS REVEALS ALL IN HIGH-PROFILE TRIAL  
   [Exclusive Clip](http://www.newswire.com/video/partners/email/index.html?url=/video/crime/2023/09/20/sot.love.triangle.zammitti.news)  

5. MAN DIALS 911 OVER A BURGER  
   [Watch This](http://www.newswire.com/video/partners/email/index.html?url=/video/crime/2023/09/20/spivey.911.call.burger.wtlv)  

6. INFAMOUS GANGSTER ARRESTED AGAIN  
   [Get The Details](http://www.newswire.com/video/partners/email/index.html?url=/video/us/2023/09/20/ny.gangster.arrest.news)  

7. PASSENGERS ESCAPE PLANE EMERGENCY  
   [Check It Out](http://www.newswire.com/video/partners/email/index.html?url=/video/us/2023/09/20/vo.plane.evacuated.KTLA)  

8. CHAOS AT AIRPORT: PLANE EVACUATION  
   [Read More](http://www.newswire.com/video/partners/email/index.html?url=/video/us/2023/09/20/nr.beeper.ca.plane.evacuate.news)  

9. NEW TECH HELPS REDUCE FUEL COSTS  
   [Discover How](http://www.newswire.com/video/partners/email/index.html?url=/video/tech/2023/09/20/marciano.tech.reducingcosts.news)  

10. RARE WILDLIFE SIGHTING IN CONGO  
   [Learn More](http://www.newswire.com/video/partners/email/index.html?url=/video/world/2023/09/20/vo.congo.wildlife.news)  

**TOP 10 STORIES**  
1. FLIGHT EMERGENCY: PASSENGERS FORCED TO EVACUATE  
   [Read Full Story](http://www.newswire.com/2023/US/09/20/emergency.landing/index.html)  
   Passengers exit an American Airlines flight via slides after a mid-air emergency at LAX.  

2. HOPE FOR ENDANGERED GORILLAS RISES  
   [Full Article](http://www.newswire.com/2023/WORLD/africa/09/20/congo.gorillas/index.html)  

3. STAY-AT-HOME SPOUSES WITHOUT CHILDREN  
   [Insightful Read](http://www.newswire.com/2023/LIVING/wayoflife/09/20/lw.nokids.nojob.spouses/index.html)  

4. POLITICAL ANALYSIS: SANCTUARY CITIES  
   [Opinion Piece](http://www.newswire.com/2023/POLITICS/09/20/navarrette.immigration/index.html)  

5. CELEBRITY RECOVERING FROM SURGERY  
   [Get Updates](http://www.newswire.com/2023/SHOWBIZ/Movies/09/20/people.celeb.ap/index.html)  

6. INFAMOUS GANGSTER BACK IN CUSTODY  
   [Details Here](http://www.newswire.com/2023/CRIME/09/20/gangster.arrest/index.html)  

7. MARS LIFE HOPES FADE DUE TO TOXINS  
   [Tech Update](http://www.newswire.com/2023/TECH",1,CEAS08_REAL_M_01019,rewrite,True,batch1_rewrite
CEAS08_SYN1_RE_04984_670,Urgent Update: Your Personalized Notification,"**Urgent Update: Your Personalized Notification**

---

**Notification Title:** Insider Tips on Finding Easy Poker Players

Date: Mon, 12 Sep 2023 10:45:00 +0200

**READ THE FULL REPORT**

---

You are receiving this email because you opted in for notifications from our services.  
To adjust your preferences, click here.  
If you wish to modify your notification settings or unsubscribe from these emails, click here.

**Your Trusted News Source. 123 Media Avenue, Suite 500, New York, NY 10001**  
© 2023 Your Trusted News Source.  
All Rights Reserved.  
Review our privacy policy and terms of service.",1,CEAS08_REAL_M_04984,rewrite,True,batch1_rewrite
CEAS08_SYN1_RE_02367_385,Say Goodbye to Sleepless Nights and Hello to Confidence!,"Hello valued customer,

As the warm season approaches, it’s the perfect opportunity to focus on your well-being and personal fulfillment. 

We’re excited to offer you an exclusive chance to enhance your life! 

Take advantage of our special promotion available until October 1st. 

For more information, please check out our website.

bestlifeexperience.com

August 6, 2008 05:07:31",1,CEAS08_REAL_M_02367,rewrite,True,batch1_rewrite
CEAS08_SYN1_RE_03878_533,Exclusive Offer on Premium Health Supplements,"Discover the ultimate solution for enhancing your well-being! Our top-rated health supplement provides a remarkable boost and is renowned for its rapid and enduring results.  

Act now to secure your supply:  
http://healthboosters.com/",1,CEAS08_REAL_M_03878,rewrite,True,batch1_rewrite
CEAS08_SYN1_RE_03735_852,Unlock Your True Potential in Just 60 Days!,Attain your growth potential with organ enhancement http://www.risecase.com/,1,CEAS08_REAL_M_03735,rewrite,True,batch1_rewrite
CEAS08_SYN1_RE_04403_137,Can you impress her every evening?,"Discover 3 effortless methods to create unforgettable nights.  
Click here: http://xydex.brightnights.com",1,CEAS08_REAL_M_04403,rewrite,True,batch1_rewrite
CEAS08_SYN1_RE_03082_356,Important Update: Your TV Experience Awaits!,"Hello,

Exciting news! The future of television is here, and you don’t want to miss it. With our innovative IPTV service, you can access your favorite channels from anywhere in the world – right on your own TV!

We are thrilled to announce that VisionStream Inc. is at the forefront of this rapidly expanding industry. This Fall, we will be launching our services in the United States, tapping into the vast audience of millions of English-speaking viewers.

What’s more, our marketing expenses are fully funded by the leading set-top box manufacturers, ensuring you get the most value for your investment. 

We encourage you to consider purchasing shares in VisionStream Inc. (Ticker: VSTI), currently trading at just $0.20 on the Global Exchange, with a projected target price of $0.40 to $0.50 in the coming months.

Don’t miss out on this opportunity to be part of the next big thing in entertainment!

Best regards,  
The VisionStream Team",1,CEAS08_REAL_M_03082,rewrite,True,batch1_rewrite
CEAS08_SYN1_RE_03972_370,Exclusive Health Offer Just for You!,"Hello valued customer,  

As summer approaches, it’s the perfect opportunity to prioritize your well-being and enjoy some well-deserved time off.  

We’re excited to share a limited-time promotion that can help you achieve your health goals.  

Take advantage of our incredible prices on top-quality medications until September 1st.  

Visit our website for more information and to claim your discount.  

healthdealsnow.com  

Best regards,  
Your Health Partners  
August 7, 2023 14:05:20",1,CEAS08_REAL_M_03972,rewrite,True,batch1_rewrite
CEAS08_SYN1_RE_04950_914,Your Daily News Highlights Await!,">=========================================================
>YOUR DAILY NEWS HIGHLIGHTS
>From NewsNow.com
>Latest updates and trending stories as of: Oct 5, 2023 10:22 AM EDT
>=========================================================
>TOP 10 VIDEO PICKS
>1. TEACHER CAUGHT ON CAMERA AT PARTY
>http://www.newsnow.com/video/partners/email/index.html?url=/video/culture/2023/10/05/teacher.party.caught
>Shocking footage of a teacher celebrating at a local bar after hours.
>  
>2. TECH GADGET SPYING ON USER
>http://www.newsnow.com/video/partners/email/index.html?url=/video/tech/2023/10/05/gadget.spying
>
>3. WILD ANIMALS IN UNEXPECTED PLACES
>http://www.newsnow.com/video/partners/email/index.html?url=/video/nature/2023/10/05/wildlife.sighting
>
>4. TESTIMONY IN HIGH-PROFILE CASE
>http://www.newsnow.com/video/partners/email/index.html?url=/video/crime/2023/10/05/trial.testimony
>
>5. STRANGER CALLS EMERGENCY OVER FOOD
>http://www.newsnow.com/video/partners/email/index.html?url=/video/crime/2023/10/05/emergency.call.food
>
>6. LOCAL FIGURE ARRESTED ON SUSPICION
>http://www.newsnow.com/video/partners/email/index.html?url=/video/us/2023/10/05/arrest.local.figure
>
>7. PASSENGERS ESCAPE PLANE WITH SLIDES
>http://www.newsnow.com/video/partners/email/index.html?url=/video/us/2023/10/05/plane.evacuate
>
>8. FLIGHT EMERGENCY FORCES EVACUATION
>http://www.newsnow.com/video/partners/email/index.html?url=/video/us/2023/10/05/evacuation.flight
>
>9. OIL COMPANY INVOLVED IN SUSTAINABILITY
>http://www.newsnow.com/video/partners/email/index.html?url=/video/business/2023/10/05/oil.sustainability
>
>10. NEW GORILLA SPECIES DISCOVERED
>http://www.newsnow.com/video/partners/email/index.html?url=/video/world/2023/10/05/gorilla.discovery
>
>TOP 10 NEWS STORIES
>1. EMERGENCY LANDING DUE TO SMOKE
>http://www.newsnow.com/2023/US/10/05/emergency.landing
>Passengers evacuated from a commercial flight at a major airport after smoke fills the cabin.
>
>2. GOOD NEWS FOR GORILLA POPULATION
>http://www.newsnow.com/2023/WORLD/africa/10/05/gorillas.update
>
>3. STAY-AT-HOME PARENTS IN THE SPOTLIGHT
>http://www.newsnow.com/2023/LIVING/wayoflife/10/05/stayathome.parents
>
>4. OPINION: SANCTUARY CITIES DEBATE
>http://www.newsnow.com/2023/POLITICS/10/04/sanctuary.cities
>
>5. CELEBRITY RECOVERING FROM SURGERY
>http://www.newsnow.com/2023/SHOWBIZ/Movies/10/05/celebrity.recovery
>
>6. HIGH-PROFILE ARREST MAKES HEADLINES
>http://www.newsnow.com/2023/CRIME/10/05/highprofile.arrest
>
>7. NASA'S MARS FINDINGS DISCOURAGING
>http://www.newsnow.com/2023/TECH/space/10/04/nasa.mars.update
>
>8. THE APPEAL OF COMEDIC FILMS
>http://www.newsnow.com/2023/SHOWBIZ/Movies/10/05/comedy.appeal
>
>9. COFFEE CHAIN PROMOTES SPECIAL OFFER
>http://www.newsnow.com/2023/US/10/05/coffee.offer
>
>10. STORM MAKES LANDFALL
>http://www.newsnow.com/2023/US/weather/10/05/storm.update
>
>NewsNow, Your Source for Reliable Updates
>=========================================================
>To share feedback or suggestions, please visit:
>http://www.newsnow.com/feedback/
>
>Read our privacy policy at:
>http://www.newsnow.com/privacy.html",1,CEAS08_REAL_M_04950,rewrite,True,batch1_rewrite
CEAS08_SYN1_RE_01040_755,Exclusive Offer on Vitality Supplements!,"Unlock Special Discounts on Essential Health Products!  
Visit us now: http://jbkqrs.somecloudservice.com/a2zXyP9cT9F4e3gF8mJ0lQ4L7kR5nH8p9P3fG7dQ2U1F5hR2mV3eYb3j-K8/index.html",1,CEAS08_REAL_M_01040,rewrite,True,batch1_rewrite
CEAS08_SYN1_RE_03251_921,Your Exclusive Daily Highlights from NewsToday,">----------------------------------------------------------
> DAILY HIGHLIGHTS
> From NewsToday
> Trending stories and videos as of: October 15, 2023, 5:45 PM EDT
>----------------------------------------------------------
> 
> TOP 10 VIDEOS
> 1. CELEBRITY SHOWDOWN: KIM KARDASHIAN VS. TRUMP  
> [Watch Here](http://www.newstoday.com/video/partners/email/index.html?url=/video/politics/2023/10/15/kardashian.trump.showdown)  
> Kim Kardashian takes on former President Donald Trump in a fiery debate.  
> 
> 2. POP-UP CAFE BUSTED BY HEALTH INSPECTORS  
> [Discover More](http://www.newstoday.com/video/partners/email/index.html?url=/video/living/2023/10/15/pop.up.cafe.busted)  
> 
> 3. GRANDMA’S RESPONSE TO THE LATEST SCANDAL  
> [Click Here](http://www.newstoday.com/video/partners/email/index.html?url=/video/crime/2023/10/15/grandma.scandal.response)  
> 
> 4. ARE INSECTS THE FUTURE OF MEDICINE?  
> [Find Out](http://www.newstoday.com/video/partners/email/index.html?url=/video/health/2023/10/15/insects.medicine)  
> 
> 5. BALLOON RACE: WHO WILL WIN?  
> [View Now](http://www.newstoday.com/video/partners/email/index.html?url=/video/living/2023/10/15/balloon.race)  
> 
> 6. MYSTERIOUS MURDER CASE UNVEILED  
> [See More](http://www.newstoday.com/video/partners/email/index.html?url=/video/crime/2023/10/15/murder.case.unveiled)  
> 
> 7. HOLLYWOOD'S SECRET: TELL-ALL INTERVIEW  
> [Watch Here](http://www.newstoday.com/video/partners/email/index.html?url=/video/health/2023/10/15/hollywood.secret)  
> 
> 8. FAKE ADVERTISEMENT SPARKS LAWSUIT  
> [Read Details](http://www.newstoday.com/video/partners/email/index.html?url=/video/tech/2023/10/15/fake.ad.lawsuit)  
> 
> 9. ECONOMIC BOOST NEEDED NOW  
> [Learn More](http://www.newstoday.com/video/partners/email/index.html?url=/video/politics/2023/10/15/economic.boost)  
> 
> 10. UNBELIEVABLE: CELEBRITY GETS INJURED LIVE  
> [Click to See](http://www.newstoday.com/video/partners/email/index.html?url=/video/politics/2023/10/15/celebrity.injury)  
> 
> TOP 10 STORIES
> 1. MAN STRIKES GOLD IN A DOWNTOWN REDEVELOPMENT  
> [Read Full Article](http://www.newstoday.com/2023/LIVING/urban_redevelopment/10/15/gold.strike)  
> After major renovations, a local man finds treasure in his backyard.  
> 
> 2. PRESIDENTIAL RACE HEATS UP  
> [Get the Latest](http://www.newstoday.com/2023/POLITICS/10/15/presidential.race)  
> 
> 3. DISTURBING CRIME TRIAL IN THE SPOTLIGHT  
> [Find Out More](http://www.newstoday.com/2023/CRIME/10/15/disturbing.trial)  
> 
> 4. MUSIC ICON’S NEW ALBUM BREAKS RECORDS  
> [Discover More](http://www.newstoday.com/2023/SHOWBIZ/Music/10/15/music.icon.new.album)  
> 
> 5. OPINION: THE FUTURE OF POLITICS  
> [Read Commentary](http://www.newstoday.com/2023/US/10/15/politics.future)  
> 
> 6. WOMEN SELLING EGGS FOR EXTRA CASH  
> [Learn More](http://www.newstoday.com/2023/HEALTH/10/15/women.egg.donation)  
> 
> 7. MYSTERIOUS PACKAGE SENT TO GOVERNMENT OFFICIAL  
> [Read the Full Story](http://www.newstoday.com/2023/CRIME/10",1,CEAS08_REAL_M_03251,rewrite,True,batch1_rewrite
CEAS08_SYN1_RE_01997_835,Important Update Regarding Your Account,"Click here to discover the exciting details:  
http://newfeature.com/

We appreciate your continued support!",1,CEAS08_REAL_M_01997,rewrite,True,batch1_rewrite
CEAS08_SYN1_RE_04897_661,Discover Unbeatable Deals on Luxury Timepieces!,"Exclusive Offer: High-End Imitation Watches at Unheard-of Prices

Indulge in Luxury with Our Premium Replica Rolex Collection

Stunning Imitation Bvlgari Watches Available Now!

Visit us: http://luxurywatchoffers.com/",1,CEAS08_REAL_M_04897,rewrite,True,batch1_rewrite
CEAS08_SYN1_RE_04227_200,Unbeatable Deals on Top-Quality Medications – Quick Delivery!,"Greetings from CanPharma Solutions,  
Your trusted online source for pharmaceuticals!  
(International License ID: 09876543, Valid since March 15, 2005)  

Location: 123 Maple Drive, Springfield, IL, 62704  

We proudly ship worldwide!  

Accepted Payment Methods: Visa & Mastercard  

Explore our website: http://buycheapmeds.com  

Discover Our Best-Selling Medications:  
- Sildenafil Soft Tabs  
- Tadalafil Soft Tabs  
- Sildenafil Professional  
- Generic Sildenafil  
- Tadalafil  
- Vardenafil  
- Tadalafil Professional  
- Acomplia  
- Herbal Extracts  
- Tadalafil Jelly  
- Sperm Booster  
- Max Power  
- Finasteride  
- Herbal Aphrodisiacs  
- Performance Enhancers  
- Men’s Cologne with Pheromones  
- Flomax  
- RockHard247  
- Virility Patches  
- Male Enhancement Pills  
- Anti-Cancer Medications  
- Pro-Erex  
- Sildenafil Oral Jelly  
- And much more!  

Visit our online shop today to browse our full range of products!  
http://explorecheapmeds.com  

Don't miss out on these incredible savings!",1,CEAS08_REAL_M_04227,rewrite,True,batch1_rewrite
CEAS08_SYN1_RE_04354_217,Transform Your Experience Today!,"Are you ready to elevate your personal life like the stars you admire?  
Discover the secret to enhancing your moments here:  
http://xyz.mysteryproduct.com",1,CEAS08_REAL_M_04354,rewrite,True,batch1_rewrite
CEAS08_SYN1_RE_00397_412,Exclusive Spring Offer: Unbeatable Deals on Luxury Imitation Watches!,"Discover the finest imitation timepieces at Prestige Timepieces!  

Experience luxury with our exquisite Vacheron Constantin replicas – time redefined...  

Are you interested in owning a stunning Rolex replica? Don’t miss out!  

Visit us at: http://luxurywatchhub.com/",1,CEAS08_REAL_M_00397,rewrite,True,batch1_rewrite
CEAS08_SYN1_RE_02369_340,Discover Exquisite Fashion Timepieces,"Unveil the elegance of luxury replicas at Timeless Treasures!

Experience the allure of a Vacheron Constantin imitation watch that transforms your style...

Explore the unmatched craftsmanship of our Patek Philippe replicas...

Visit us now: http://elegancefinds.com/",1,CEAS08_REAL_M_02369,rewrite,True,batch1_rewrite
CEAS08_SYN1_RE_02201_215,Exclusive Offer Just for You!,Browse our extensive range of top-selling medications available for purchase online. Don't miss out on this opportunity!,1,CEAS08_REAL_M_02201,rewrite,True,batch1_rewrite
CEAS08_SYN1_RE_03470_617,Exclusive Offer on Luxury Timepieces,"Dear Valued Customer,  

We are thrilled to announce an amazing chance for you to acquire some of the most coveted luxury watch replicas available globally.  

Discover the Ultimate Fake Rolex Collection!  

Explore our selection of premium IWC replica timepieces at Prestige Replica Shop.  

Visit us now: http://luxurytimepieceshub.com/  

Best regards,  
Your Luxury Watch Team",1,CEAS08_REAL_M_03470,rewrite,True,batch1_rewrite
CEAS08_SYN1_RE_02594_84,Exclusive Offer: Luxury Timepieces Await You!,"Dear Valued Customer,  

Unlock the chance to own exquisite replicas of the world's most sought-after luxury watches.  

At Timeless Impressions, we cater to every style and preference with our stunning collection.  

Discover our wide range of replica watches, including renowned brands such as Omega, Audemars Piguet, and more!  

Visit us now: http://luxurytimepiecesstore.com/  

Don't miss out on this limited-time opportunity!  

Best regards,  
Timeless Impressions Team",1,CEAS08_REAL_M_02594,rewrite,True,batch1_rewrite
