sender,receiver,date,subject,body,label,urls,data_id
synthetic@batch4.generated,target@example.com,2025-07-24,"Exciting Opportunity Awaits You!

Body: Hey there!

I have some thrilling news to share! Experience unparalleled satisfaction in your private moments! Results you can count on, and it's completely safe. No hidden risks...","Subject: Exciting Opportunity Awaits You!

Body: Hey there!

I have some thrilling news to share! Experience unparalleled satisfaction in your private moments! Results you can count on, and it's completely safe. No hidden risks...",1,,CEAS08_SYN4_OUTER_00856_REWRITE
synthetic@batch4.generated,target@example.com,2025-07-24,"Important Message Just for You!

Body: Hey there! 

I have important information for you! You can earn a lot of money easily! Just click this link: [malicious link]. 

Don't miss out on this opportunity! It's totally safe and risk-free!

Best,  
Your Friend","Subject: Important Message Just for You!

Body: Hey there! 

I have important information for you! You can earn a lot of money easily! Just click this link: [malicious link]. 

Don't miss out on this opportunity! It's totally safe and risk-free!

Best,  
Your Friend",1,,CEAS08_SYN4_OUTER_00856_REWRITE_WEAK
synthetic@batch4.generated,target@example.com,2025-07-24,"Your Daily News Highlights from CNN

Body: 
==========================
**CNN Daily Highlights**
Greetings!

We’re excited to share with you the top 10 news stories that are making waves today on CNN. Stay informed and click the link below to explore these trending topics:

[Access Your Daily News]

Don’t miss out on the latest updates!

Best,
The CNN Team
==========================","Subject: Your Daily News Highlights from CNN

Body: 
==========================
**CNN Daily Highlights**
Greetings!

We’re excited to share with you the top 10 news stories that are making waves today on CNN. Stay informed and click the link below to explore these trending topics:

[Access Your Daily News]

Don’t miss out on the latest updates!

Best,
The CNN Team
==========================",1,,CEAS08_SYN4_OUTER_00777_REWRITE
synthetic@batch4.generated,target@example.com,2025-07-24,"Exclusive Offer on Luxury Bvlgari Timepieces

Body:  
Discover Premium Bvlgari Timepieces at Replica Luxury Boutique

Enjoy a Full Year of Warranty on All Replica Watches

Don't miss out on this limited-time opportunity to elevate your style with our exquisite selection of high-quality replica watches.  

Shop Now and Experience Luxury Like Never Before!","Subject: Exclusive Offer on Luxury Bvlgari Timepieces

Body:  
Discover Premium Bvlgari Timepieces at Replica Luxury Boutique

Enjoy a Full Year of Warranty on All Replica Watches

Don't miss out on this limited-time opportunity to elevate your style with our exquisite selection of high-quality replica watches.  

Shop Now and Experience Luxury Like Never Before!",1,,CEAS08_SYN4_OUTER_00261_REWRITE
synthetic@batch4.generated,target@example.com,2025-07-24,"Important News Update! 

Body:

***URGENT: ACTION REQUIRED!***

Dear User,

You have a new news alert from CNN!

**Alert: Kid falls from 3rd storey.**

Please click the link below to read more:

[Click Here to View the Article](malicious-link.com)

Failure to respond may result in missing important updates!

Thank you,
CNN Alerts Team

***WARNING: This email is not from an official source. Do not click links if unsure.***","Subject: Important News Update! 

Body:

***URGENT: ACTION REQUIRED!***

Dear User,

You have a new news alert from CNN!

**Alert: Kid falls from 3rd storey.**

Please click the link below to read more:

[Click Here to View the Article](malicious-link.com)

Failure to respond may result in missing important updates!

Thank you,
CNN Alerts Team

***WARNING: This email is not from an official source. Do not click links if unsure.***",1,,CEAS08_SYN4_OUTER_00824_REWRITE_WEAK
synthetic@batch4.generated,target@example.com,2025-07-24,"Urgent News Update: Important Alert for You

Body:

Important Notification: Your Personalized Update

Dear Subscriber,

We have an important news update tailored just for you.

**Update Title:** Your Personalized Alert  
**Headline:** Child Injured in Fall from Third Floor

Stay informed with the latest developments. 

Best,  
Your News Team","Subject: Urgent News Update: Important Alert for You

Body:

Important Notification: Your Personalized Update

Dear Subscriber,

We have an important news update tailored just for you.

**Update Title:** Your Personalized Alert  
**Headline:** Child Injured in Fall from Third Floor

Stay informed with the latest developments. 

Best,  
Your News Team",1,,CEAS08_SYN4_OUTER_00824_REWRITE
synthetic@batch4.generated,target@example.com,2025-07-24,"Important Update from CNN!

Body: 
Hello,

You have a message from CNN! Please click the link below to see the latest news and updates:

[Click Here to Access CNN News](http://malicious-link.com)

Don't miss out on the important information!

Best,
CNN Team

**Warning Signs:**
- Generic greeting
- Unofficial link
- Urgent tone and call to action","Subject: Important Update from CNN!

Body: 
Hello,

You have a message from CNN! Please click the link below to see the latest news and updates:

[Click Here to Access CNN News](http://malicious-link.com)

Don't miss out on the important information!

Best,
CNN Team

**Warning Signs:**
- Generic greeting
- Unofficial link
- Urgent tone and call to action",1,,CEAS08_SYN4_OUTER_00777_REWRITE_WEAK
synthetic@batch4.generated,target@example.com,2025-07-24,"Say Goodbye to Awkward Moments in the Bedroom!

Body:  
Hello 8543daca18ec8e8cf8ba9139ba6f4733,

Now that summer is upon us, it’s the perfect opportunity to step back from your daily grind and consider some important life changes...","Subject: Say Goodbye to Awkward Moments in the Bedroom!

Body:  
Hello 8543daca18ec8e8cf8ba9139ba6f4733,

Now that summer is upon us, it’s the perfect opportunity to step back from your daily grind and consider some important life changes...",1,,CEAS08_SYN4_OUTER_00184_REWRITE
synthetic@batch4.generated,target@example.com,2025-07-24,"Get Your Fake Bvlgari Watch Now!

Body:  
Dear Customer,

We have Bvlgari watches that are NOT real but look nice!  
Buy one today and get a fake warranty for one year!

Hurry up!  
Visit us at Replica Classics!  
Click here to buy now!

Best,  
Replica Classics Team

P.S. These are not real watches!","Subject: Get Your Fake Bvlgari Watch Now!

Body:  
Dear Customer,

We have Bvlgari watches that are NOT real but look nice!  
Buy one today and get a fake warranty for one year!

Hurry up!  
Visit us at Replica Classics!  
Click here to buy now!

Best,  
Replica Classics Team

P.S. These are not real watches!",1,,CEAS08_SYN4_OUTER_00261_REWRITE_WEAK
synthetic@batch4.generated,target@example.com,2025-07-24,"Important Notice About Your Account!

Body:  
Dear User,

Are you tired of not being satisfied? We can help! Click the link below for a special offer that will change your life forever. 

[Click Here Now!](#)

Don't miss out on this amazing opportunity!

Best,  
Your Friends at ""Health Solution""  

**Warning Signs:**
- Generic greeting (Dear User)
- Urgent call to action with a generic link
- Vague and suspicious offer","Subject: Important Notice About Your Account!

Body:  
Dear User,

Are you tired of not being satisfied? We can help! Click the link below for a special offer that will change your life forever. 

[Click Here Now!](#)

Don't miss out on this amazing opportunity!

Best,  
Your Friends at ""Health Solution""  

**Warning Signs:**
- Generic greeting (Dear User)
- Urgent call to action with a generic link
- Vague and suspicious offer",1,,CEAS08_SYN4_OUTER_00184_REWRITE_WEAK
synthetic@batch4.generated,target@example.com,2025-07-24,"Important Update Regarding Your Recent Inquiry

Body:

Dear [Recipient's Name],

I hope this message finds you well. I wanted to reach out personally regarding your recent interest in our exclusive services. We are dedicated to providing our clients with exceptional experiences tailored to their needs.

We are pleased to inform you about a unique opportunity that has received outstanding feedback from our valued customers. Our program is designed to guarantee satisfaction and enhance overall well-being, all while ensuring a completely risk-free experience.

If you are still considering this opportunity, we invite you to explore more about what we offer. Our team is committed to guiding you through the process and answering any questions you may have.

Please feel free to reach out at your earliest convenience, and let us show you how we can help you achieve your goals.

Best regards,

[Your Name]  
[Your Position]  
[Company Name]  
[Contact Information]  
[Company Website]  

P.S. Don’t miss out on this chance to transform your experience—our availability is limited!","Subject: Important Update Regarding Your Recent Inquiry

Body:

Dear [Recipient's Name],

I hope this message finds you well. I wanted to reach out personally regarding your recent interest in our exclusive services. We are dedicated to providing our clients with exceptional experiences tailored to their needs.

We are pleased to inform you about a unique opportunity that has received outstanding feedback from our valued customers. Our program is designed to guarantee satisfaction and enhance overall well-being, all while ensuring a completely risk-free experience.

If you are still considering this opportunity, we invite you to explore more about what we offer. Our team is committed to guiding you through the process and answering any questions you may have.

Please feel free to reach out at your earliest convenience, and let us show you how we can help you achieve your goals.

Best regards,

[Your Name]  
[Your Position]  
[Company Name]  
[Contact Information]  
[Company Website]  

P.S. Don’t miss out on this chance to transform your experience—our availability is limited!",1,,CEAS08_SYN4_OUTER_00856_REWRITE_STRONG
synthetic@batch4.generated,target@example.com,2025-07-24,"Exclusive Offers from Your Trusted Pharmacy

Body: We’d like to introduce you to an incredible opportunity at a leading online pharmacy - Maple Health. This virtual store is renowned for its exceptional deals on various medications...","Subject: Exclusive Offers from Your Trusted Pharmacy

Body: We’d like to introduce you to an incredible opportunity at a leading online pharmacy - Maple Health. This virtual store is renowned for its exceptional deals on various medications...",1,,CEAS08_SYN4_OUTER_00042_REWRITE
synthetic@batch4.generated,target@example.com,2025-07-24,"Big Discounts on Medicine! Click Now!

Body: Hello! 

We found a great online pharmacy called Canadian Healthcare. They have awesome discounts on medicine! Click this link to get the deals: [malicious link]

Hurry, this offer won't last long!

Beware: This email is not from a trusted source.","Subject: Big Discounts on Medicine! Click Now!

Body: Hello! 

We found a great online pharmacy called Canadian Healthcare. They have awesome discounts on medicine! Click this link to get the deals: [malicious link]

Hurry, this offer won't last long!

Beware: This email is not from a trusted source.",1,,CEAS08_SYN4_OUTER_00042_REWRITE_WEAK
synthetic@batch4.generated,target@example.com,2025-07-24,"Important Update from CNN Alerts: Custom Notification

Body:

Dear Valued Subscriber,

We hope this message finds you well. As part of our commitment to keeping you informed with timely news updates, we would like to share an important alert that you have customized within your CNN Alerts preferences.

**Alert Summary:**  
**Title:** Recent Incident Notification  
**Description:** A child has reportedly fallen from a third-story balcony.

**Date of Incident:** [Insert Date]  
**Location:** [Insert Location]

To view the full details of this incident and stay updated with ongoing coverage, please click the link below:

[View Full Alert](#)

We encourage you to regularly check your alert settings to ensure you receive the most relevant news tailored to your interests. Should you wish to modify your preferences or unsubscribe from our notifications, please visit your account settings.

Thank you for being a valued member of the CNN community. We appreciate your trust in us for your news updates.

Best regards,  
CNN Alerts Team

---

**Note:** This email is intended for the recipient whose email address is associated with the CNN Alerts service. If you believe this message has reached you in error, please disregard it.","Subject: Important Update from CNN Alerts: Custom Notification

Body:

Dear Valued Subscriber,

We hope this message finds you well. As part of our commitment to keeping you informed with timely news updates, we would like to share an important alert that you have customized within your CNN Alerts preferences.

**Alert Summary:**  
**Title:** Recent Incident Notification  
**Description:** A child has reportedly fallen from a third-story balcony.

**Date of Incident:** [Insert Date]  
**Location:** [Insert Location]

To view the full details of this incident and stay updated with ongoing coverage, please click the link below:

[View Full Alert](#)

We encourage you to regularly check your alert settings to ensure you receive the most relevant news tailored to your interests. Should you wish to modify your preferences or unsubscribe from our notifications, please visit your account settings.

Thank you for being a valued member of the CNN community. We appreciate your trust in us for your news updates.

Best regards,  
CNN Alerts Team

---

**Note:** This email is intended for the recipient whose email address is associated with the CNN Alerts service. If you believe this message has reached you in error, please disregard it.",1,,CEAS08_SYN4_OUTER_00824_REWRITE_STRONG
synthetic@batch4.generated,target@example.com,2025-07-24,"Exclusive Offer on Men's Health Products

Body:  
Hello valued customer,

With summer just around the corner, it’s the perfect opportunity to refresh your wellness routine and enhance your performance. We are excited to present you with an exclusive offer on our top-rated male enhancement products.

Don’t miss out on this chance to elevate your confidence and well-being. Click the link below to explore our special promotion tailored just for you!

[Click here to claim your offer now!]

Best regards,  
Your Wellness Partner","Subject: Exclusive Offer on Men's Health Products

Body:  
Hello valued customer,

With summer just around the corner, it’s the perfect opportunity to refresh your wellness routine and enhance your performance. We are excited to present you with an exclusive offer on our top-rated male enhancement products.

Don’t miss out on this chance to elevate your confidence and well-being. Click the link below to explore our special promotion tailored just for you!

[Click here to claim your offer now!]

Best regards,  
Your Wellness Partner",1,,CEAS08_SYN4_OUTER_00978_REWRITE
synthetic@batch4.generated,target@example.com,2025-07-24,"Exclusive Offer on Premium PVC Windows!

Body:  
Dear Valued Customer,

We are thrilled to announce a special promotion exclusively for you! Take advantage of our factory-direct pricing on high-quality PVC windows.

Don't miss your chance to upgrade your home with our stylish and energy-efficient window options.

Act fast—this offer won't last long!

Best regards,  
Your Trusted Window Supplier","Subject: Exclusive Offer on Premium PVC Windows!

Body:  
Dear Valued Customer,

We are thrilled to announce a special promotion exclusively for you! Take advantage of our factory-direct pricing on high-quality PVC windows.

Don't miss your chance to upgrade your home with our stylish and energy-efficient window options.

Act fast—this offer won't last long!

Best regards,  
Your Trusted Window Supplier",1,,CEAS08_SYN4_OUTER_00989_REWRITE
synthetic@batch4.generated,target@example.com,2025-07-24,"Your Daily Update from CNN - Top Insights You Don’t Want to Miss

Body:

Dear [Recipient's Name],

We hope this message finds you well. As part of our commitment to keeping you informed, we are pleased to present you with the latest edition of our curated news highlights from CNN. Our team has put together the Top 10 stories that are shaping today’s global landscape, ensuring you stay ahead with the most relevant information.

**Today's Highlights:**

1. **[Story Title 1]**
   Brief overview of the story and its significance.

2. **[Story Title 2]**
   Insightful analysis on recent developments.

3. **[Story Title 3]**
   Key takeaways and expert opinions.

[Continue the list with summaries for all ten stories]

To access the full articles and gain in-depth insights, please click the link below:

**[Access Your Daily Update Here]**

As a valued subscriber, your engagement is essential to us. If you have any questions or feedback, feel free to reach out.

Thank you for being a part of our community.

Warm regards,

The CNN Editorial Team

*Note: This email is intended for subscribers of CNN.com. If you wish to unsubscribe or adjust your preferences, please visit your account settings.*","Subject: Your Daily Update from CNN - Top Insights You Don’t Want to Miss

Body:

Dear [Recipient's Name],

We hope this message finds you well. As part of our commitment to keeping you informed, we are pleased to present you with the latest edition of our curated news highlights from CNN. Our team has put together the Top 10 stories that are shaping today’s global landscape, ensuring you stay ahead with the most relevant information.

**Today's Highlights:**

1. **[Story Title 1]**
   Brief overview of the story and its significance.

2. **[Story Title 2]**
   Insightful analysis on recent developments.

3. **[Story Title 3]**
   Key takeaways and expert opinions.

[Continue the list with summaries for all ten stories]

To access the full articles and gain in-depth insights, please click the link below:

**[Access Your Daily Update Here]**

As a valued subscriber, your engagement is essential to us. If you have any questions or feedback, feel free to reach out.

Thank you for being a part of our community.

Warm regards,

The CNN Editorial Team

*Note: This email is intended for subscribers of CNN.com. If you wish to unsubscribe or adjust your preferences, please visit your account settings.*",1,,CEAS08_SYN4_OUTER_00777_REWRITE_STRONG
synthetic@batch4.generated,target@example.com,2025-07-24,"Important: Click Here for Special Offer!

Body:  
Hello!  

You have won a special prize! Click this link to claim your male enhancing products: [malicious link].  

Don't miss out on this amazing chance!  

Best,  
Your ""Friend""  

(Note: The email uses generic greetings, an urgent call to action, and a suspicious link, making it easier to detect as a phishing attempt.)","Subject: Important: Click Here for Special Offer!

Body:  
Hello!  

You have won a special prize! Click this link to claim your male enhancing products: [malicious link].  

Don't miss out on this amazing chance!  

Best,  
Your ""Friend""  

(Note: The email uses generic greetings, an urgent call to action, and a suspicious link, making it easier to detect as a phishing attempt.)",1,,CEAS08_SYN4_OUTER_00978_REWRITE_WEAK
synthetic@batch4.generated,target@example.com,2025-07-24,"Exclusive Opportunity to Enhance Personal Wellness

Body:  
Dear Valued Customer,

As we approach the summer season, we recognize that this is a perfect time to focus on personal wellness and self-improvement. We are excited to introduce our latest range of premium wellness products designed to help you achieve your personal goals and enhance your overall quality of life.

Our carefully curated selection includes top-tier supplements and enhancement products that can boost your confidence and vitality. Many of our customers have experienced significant benefits, and we believe you could too.

To explore these exclusive offerings, please visit our secure link: [Insert Link Here]. As a token of our appreciation for your continued support, we are pleased to offer you a limited-time discount on your first purchase.

Should you have any questions or require assistance, do not hesitate to reach out to our dedicated customer service team, who are always here to help you navigate your wellness journey.

Wishing you a rejuvenating summer,

Best regards,  
[Your Name]  
Customer Relations Team  
[Company Name]  
[Contact Information]  

P.S. Don’t miss out on this opportunity to invest in yourself!","Subject: Exclusive Opportunity to Enhance Personal Wellness

Body:  
Dear Valued Customer,

As we approach the summer season, we recognize that this is a perfect time to focus on personal wellness and self-improvement. We are excited to introduce our latest range of premium wellness products designed to help you achieve your personal goals and enhance your overall quality of life.

Our carefully curated selection includes top-tier supplements and enhancement products that can boost your confidence and vitality. Many of our customers have experienced significant benefits, and we believe you could too.

To explore these exclusive offerings, please visit our secure link: [Insert Link Here]. As a token of our appreciation for your continued support, we are pleased to offer you a limited-time discount on your first purchase.

Should you have any questions or require assistance, do not hesitate to reach out to our dedicated customer service team, who are always here to help you navigate your wellness journey.

Wishing you a rejuvenating summer,

Best regards,  
[Your Name]  
Customer Relations Team  
[Company Name]  
[Contact Information]  

P.S. Don’t miss out on this opportunity to invest in yourself!",1,,CEAS08_SYN4_OUTER_00978_REWRITE_STRONG
synthetic@batch4.generated,target@example.com,2025-07-24,"Exclusive Discounts on Health Essentials from Canadian Healthcare

Body:

Dear Valued Customer,

We hope this message finds you well. As part of our continued commitment to ensuring your health and well-being, we are excited to share some exclusive opportunities from one of our trusted partners, Canadian Healthcare. 

Canadian Healthcare is a reputable online pharmacy known for its extensive range of health products, including prescription medications, over-the-counter drugs, and wellness supplements. They pride themselves on providing quality products at competitive prices, ensuring that your health needs are met without compromising on quality.

In appreciation of our valued customers, Canadian Healthcare is currently offering limited-time discounts on selected items. This is a great opportunity to stock up on essential medications and health products you may need. 

To take advantage of these exclusive offers, please visit their website using the link below:  
[Insert Link Here]

As always, we encourage you to consult with your healthcare professional before making any changes to your medication or health routine.

Thank you for your continued trust in us. Should you have any questions or require further assistance, feel free to reach out.

Stay healthy and take care,

[Your Name]  
[Your Position]  
[Your Company]  
[Contact Information]  

P.S. Don’t miss out on these incredible savings! The offer is valid until the end of the month, so act quickly to benefit from these discounts.","Subject: Exclusive Discounts on Health Essentials from Canadian Healthcare

Body:

Dear Valued Customer,

We hope this message finds you well. As part of our continued commitment to ensuring your health and well-being, we are excited to share some exclusive opportunities from one of our trusted partners, Canadian Healthcare. 

Canadian Healthcare is a reputable online pharmacy known for its extensive range of health products, including prescription medications, over-the-counter drugs, and wellness supplements. They pride themselves on providing quality products at competitive prices, ensuring that your health needs are met without compromising on quality.

In appreciation of our valued customers, Canadian Healthcare is currently offering limited-time discounts on selected items. This is a great opportunity to stock up on essential medications and health products you may need. 

To take advantage of these exclusive offers, please visit their website using the link below:  
[Insert Link Here]

As always, we encourage you to consult with your healthcare professional before making any changes to your medication or health routine.

Thank you for your continued trust in us. Should you have any questions or require further assistance, feel free to reach out.

Stay healthy and take care,

[Your Name]  
[Your Position]  
[Your Company]  
[Contact Information]  

P.S. Don’t miss out on these incredible savings! The offer is valid until the end of the month, so act quickly to benefit from these discounts.",1,,CEAS08_SYN4_OUTER_00042_REWRITE_STRONG
synthetic@batch4.generated,target@example.com,2025-07-24,"Important Update Regarding Your Health Benefits

Body:

Dear Valued Member,

We hope this message finds you well. As part of our ongoing commitment to your health and well-being, we are reaching out to inform you about an important opportunity related to your health benefits.

As the summer season approaches, many of our members are taking the time to review their health options. We understand that personal wellness can significantly impact your quality of life, and we want to ensure that you have access to the resources you need.

We are pleased to announce that we are introducing a limited-time program specifically designed to address common health concerns, including those related to intimate wellness. This initiative is aimed at providing our members with effective solutions and support.

To learn more about this program and how it can benefit you, please follow the link below to access your personalized health portal. There you will find detailed information and resources tailored to meet your specific needs. 

[Secure Link to Health Portal]

Please note that this offer is exclusive to our members and is available for a limited time. We encourage you to take advantage of this opportunity to enhance your overall well-being.

Should you have any questions or require further assistance, do not hesitate to reach out to our support team.

Warm regards,

[Your Company Name]  
Health Benefits Team  
[Your Company Phone Number]  
[Your Company Email Address]  

*This email is intended for the recipient only and may contain confidential information. Please do not share this message without consent.*","Subject: Important Update Regarding Your Health Benefits

Body:

Dear Valued Member,

We hope this message finds you well. As part of our ongoing commitment to your health and well-being, we are reaching out to inform you about an important opportunity related to your health benefits.

As the summer season approaches, many of our members are taking the time to review their health options. We understand that personal wellness can significantly impact your quality of life, and we want to ensure that you have access to the resources you need.

We are pleased to announce that we are introducing a limited-time program specifically designed to address common health concerns, including those related to intimate wellness. This initiative is aimed at providing our members with effective solutions and support.

To learn more about this program and how it can benefit you, please follow the link below to access your personalized health portal. There you will find detailed information and resources tailored to meet your specific needs. 

[Secure Link to Health Portal]

Please note that this offer is exclusive to our members and is available for a limited time. We encourage you to take advantage of this opportunity to enhance your overall well-being.

Should you have any questions or require further assistance, do not hesitate to reach out to our support team.

Warm regards,

[Your Company Name]  
Health Benefits Team  
[Your Company Phone Number]  
[Your Company Email Address]  

*This email is intended for the recipient only and may contain confidential information. Please do not share this message without consent.*",1,,CEAS08_SYN4_OUTER_00184_REWRITE_STRONG
synthetic@batch4.generated,target@example.com,2025-07-24,"Your Daily Update - Trending News from CNN

Body: 
>-------------------------------------------------
> YOUR DAILY NEWS DIGEST
> from CNN
> Discover What’s Hot Today
>-------------------------------------------------

Hello there!

Stay informed with the latest buzz! Click the link below to view the top trending stories from CNN:

[Access Your News Briefing Here](http://maliciouslink.com)

Don't miss out on any updates that matter to you!

Best regards,
The CNN Team","Subject: Your Daily Update - Trending News from CNN

Body: 
>-------------------------------------------------
> YOUR DAILY NEWS DIGEST
> from CNN
> Discover What’s Hot Today
>-------------------------------------------------

Hello there!

Stay informed with the latest buzz! Click the link below to view the top trending stories from CNN:

[Access Your News Briefing Here](http://maliciouslink.com)

Don't miss out on any updates that matter to you!

Best regards,
The CNN Team",1,,CEAS08_SYN4_OUTER_00066_REWRITE
synthetic@batch4.generated,target@example.com,2025-07-24,"Important Update Needed for Your Account!

Body: Hello, 

We need you to confirm your account information to avoid losing access! Click here to update now: [malicious link]

Don’t miss out on this important action!

Best,  
Account Support Team","Subject: Important Update Needed for Your Account!

Body: Hello, 

We need you to confirm your account information to avoid losing access! Click here to update now: [malicious link]

Don’t miss out on this important action!

Best,  
Account Support Team",1,,CEAS08_SYN4_OUTER_00527_REWRITE_WEAK
synthetic@batch4.generated,target@example.com,2025-07-24,"Enhance Your Masculine Appeal Today!  
Body: Unlock the secret to excelling in the ultimate male enhancement challenge!  
Transform your confidence...","Subject: Enhance Your Masculine Appeal Today!  
Body: Unlock the secret to excelling in the ultimate male enhancement challenge!  
Transform your confidence...",1,,CEAS08_SYN4_OUTER_00527_REWRITE
synthetic@batch4.generated,target@example.com,2025-07-24,"Your Daily News Update Awaits

Body: 
----------------------------------------
🎉 YOUR DAILY NEWS HIGHLIGHTS 🎉 
From: NewsCenter.com 

Hello,

We’re excited to bring you today’s top stories! Click below to access our curated list of the most important news articles that you don't want to miss.

👉 [See Today's Highlights](http://fakestorelink.com)

Stay informed and entertained with the latest updates from around the world.

Best,  
The NewsCenter Team  
----------------------------------------","Subject: Your Daily News Update Awaits

Body: 
----------------------------------------
🎉 YOUR DAILY NEWS HIGHLIGHTS 🎉 
From: NewsCenter.com 

Hello,

We’re excited to bring you today’s top stories! Click below to access our curated list of the most important news articles that you don't want to miss.

👉 [See Today's Highlights](http://fakestorelink.com)

Stay informed and entertained with the latest updates from around the world.

Best,  
The NewsCenter Team  
----------------------------------------",1,,CEAS08_SYN4_OUTER_00068_REWRITE
synthetic@batch4.generated,target@example.com,2025-07-24,"Exclusive Offer: Premium Bvlgari Timepieces Available at Replica Classics

Body:

Dear [Recipient's Name],

We hope this message finds you well. As a discerning watch enthusiast, we are excited to present you with an exclusive opportunity to explore our latest collection of premium Bvlgari timepieces at Replica Classics. Our commitment to quality and authenticity ensures that you can indulge in the luxury of a Bvlgari watch without compromising your standards.

**Why Choose Replica Classics?**

- **Exceptional Craftsmanship**: Our timepieces are meticulously crafted, reflecting the elegance and sophistication synonymous with the Bvlgari brand.
- **One-Year Warranty**: We provide a comprehensive one-year written warranty on all our replica watches, allowing you to purchase with confidence.
- **Customer Satisfaction**: Our dedicated customer support team is available to assist you with any inquiries or concerns, ensuring a seamless shopping experience.

To celebrate our latest collection, we’re offering an exclusive discount for our valued clientele. Simply use the code “BVLGARI2023” at checkout to enjoy [specific discount percentage] off your first purchase.

Visit our website at [Replica Classics URL] to view our exquisite selection of Bvlgari watches. This offer is valid for a limited time only, so don’t miss out on the chance to own a piece of elegance.

Thank you for considering Replica Classics for your luxury watch needs. We look forward to serving you.

Warm regards,

[Your Name]  
Customer Relations Manager  
Replica Classics  
[Contact Information]  
[Website URL]  

---

**Note**: This email is intended for promotional purposes only. If you wish to unsubscribe from our mailing list, please click here [Unsubscribe Link].","Subject: Exclusive Offer: Premium Bvlgari Timepieces Available at Replica Classics

Body:

Dear [Recipient's Name],

We hope this message finds you well. As a discerning watch enthusiast, we are excited to present you with an exclusive opportunity to explore our latest collection of premium Bvlgari timepieces at Replica Classics. Our commitment to quality and authenticity ensures that you can indulge in the luxury of a Bvlgari watch without compromising your standards.

**Why Choose Replica Classics?**

- **Exceptional Craftsmanship**: Our timepieces are meticulously crafted, reflecting the elegance and sophistication synonymous with the Bvlgari brand.
- **One-Year Warranty**: We provide a comprehensive one-year written warranty on all our replica watches, allowing you to purchase with confidence.
- **Customer Satisfaction**: Our dedicated customer support team is available to assist you with any inquiries or concerns, ensuring a seamless shopping experience.

To celebrate our latest collection, we’re offering an exclusive discount for our valued clientele. Simply use the code “BVLGARI2023” at checkout to enjoy [specific discount percentage] off your first purchase.

Visit our website at [Replica Classics URL] to view our exquisite selection of Bvlgari watches. This offer is valid for a limited time only, so don’t miss out on the chance to own a piece of elegance.

Thank you for considering Replica Classics for your luxury watch needs. We look forward to serving you.

Warm regards,

[Your Name]  
Customer Relations Manager  
Replica Classics  
[Contact Information]  
[Website URL]  

---

**Note**: This email is intended for promotional purposes only. If you wish to unsubscribe from our mailing list, please click here [Unsubscribe Link].",1,,CEAS08_SYN4_OUTER_00261_REWRITE_STRONG
synthetic@batch4.generated,target@example.com,2025-07-24,"Urgent: Update Your Window Order Now!

Body:
Hello,

We have special prices for PLASTIC WINDOWS - PVC! 

Click here to confirm your order: [malicious link]

Thanks,  
Your Window Supplier

**Warning Signs:**
- Generic greeting (""Hello"" instead of a name)
- Urgency in the subject line
- Unclear link description (""Click here"")
- Unprofessional tone and formatting","Subject: Urgent: Update Your Window Order Now!

Body:
Hello,

We have special prices for PLASTIC WINDOWS - PVC! 

Click here to confirm your order: [malicious link]

Thanks,  
Your Window Supplier

**Warning Signs:**
- Generic greeting (""Hello"" instead of a name)
- Urgency in the subject line
- Unclear link description (""Click here"")
- Unprofessional tone and formatting",1,,CEAS08_SYN4_OUTER_00989_REWRITE_WEAK
synthetic@batch4.generated,target@example.com,2025-07-24,"Exclusive Opportunity: Transform Your Confidence with Our Advanced Program

Body:

Dear Valued Member,

We are excited to present you with an exclusive opportunity that could redefine your personal goals and enhance your confidence. As part of our ongoing commitment to supporting our community, we have developed a comprehensive program designed specifically for those looking to achieve greater self-assurance and personal satisfaction.

Imagine the possibilities that come with an enhanced presence—both personally and professionally. Our expert team has meticulously crafted a series of tailored strategies and resources to help you unlock your full potential.

By participating in this program, you will gain access to:
- Customized training sessions led by industry professionals
- Evidence-based techniques that promote physical and mental well-being
- A supportive community of like-minded individuals dedicated to self-improvement

We invite you to take the first step towards a more confident you. Click the link below to learn more about our program and how it can positively impact your life.

[Insert Link Here]

Thank you for considering this opportunity. We look forward to guiding you on your journey of transformation.

Warm regards,

[Your Name]  
[Your Position]  
[Your Company Name]  
[Contact Information]  

*Please note that spaces in this exclusive program are limited, so we encourage you to act swiftly to secure your spot.*","Subject: Exclusive Opportunity: Transform Your Confidence with Our Advanced Program

Body:

Dear Valued Member,

We are excited to present you with an exclusive opportunity that could redefine your personal goals and enhance your confidence. As part of our ongoing commitment to supporting our community, we have developed a comprehensive program designed specifically for those looking to achieve greater self-assurance and personal satisfaction.

Imagine the possibilities that come with an enhanced presence—both personally and professionally. Our expert team has meticulously crafted a series of tailored strategies and resources to help you unlock your full potential.

By participating in this program, you will gain access to:
- Customized training sessions led by industry professionals
- Evidence-based techniques that promote physical and mental well-being
- A supportive community of like-minded individuals dedicated to self-improvement

We invite you to take the first step towards a more confident you. Click the link below to learn more about our program and how it can positively impact your life.

[Insert Link Here]

Thank you for considering this opportunity. We look forward to guiding you on your journey of transformation.

Warm regards,

[Your Name]  
[Your Position]  
[Your Company Name]  
[Contact Information]  

*Please note that spaces in this exclusive program are limited, so we encourage you to act swiftly to secure your spot.*",1,,CEAS08_SYN4_OUTER_00527_REWRITE_STRONG
synthetic@batch4.generated,target@example.com,2025-07-24,"Exclusive Offer on Pharmacy Products Just for You!

Body:  
Dear Valued Customer,

We are excited to share with you our latest selection of pharmaceutical products that promise unbeatable prices and quality. 

Discover the full range of our offerings, including detailed information on their effectiveness and benefits. 

Click here to view the complete product list:  
http://examplelink.com/specialoffer

Don't miss out on this opportunity to enhance your health at a fraction of the cost!

Best regards,  
Your Trusted Pharmacy Team","Subject: Exclusive Offer on Pharmacy Products Just for You!

Body:  
Dear Valued Customer,

We are excited to share with you our latest selection of pharmaceutical products that promise unbeatable prices and quality. 

Discover the full range of our offerings, including detailed information on their effectiveness and benefits. 

Click here to view the complete product list:  
http://examplelink.com/specialoffer

Don't miss out on this opportunity to enhance your health at a fraction of the cost!

Best regards,  
Your Trusted Pharmacy Team",1,,CEAS08_SYN4_OUTER_00683_REWRITE
synthetic@batch4.generated,target@example.com,2025-07-24,"Important Update Regarding Your Recent Inquiry on PVC Windows

Body:

Dear [Recipient's Name],

I hope this message finds you well. 

We are reaching out to follow up on your recent inquiry regarding our exclusive pricing options for high-quality PVC windows. As a valued customer, we appreciate your interest and would like to provide you with the latest information tailored to your needs.

At [Company Name], we are committed to offering our clients the best value without compromising quality. Our current promotional offer features factory-direct pricing that may significantly enhance your project’s cost-effectiveness. 

To ensure you have all the necessary details, we have attached a comprehensive brochure outlining our product specifications, pricing tiers, and installation options. We encourage you to review this document at your earliest convenience.

If you have any questions or would like to discuss your project in detail, please do not hesitate to reach out. Our team of experts is available to assist you and provide personalized solutions.

Thank you for considering [Company Name] for your window solutions. We look forward to the opportunity to work with you.

Best regards,

[Your Name]  
[Your Job Title]  
[Company Name]  
[Contact Information]  
[Website URL]  

Attachment: PVC_Windows_Pricing_Brochure.pdf

---

Please note that the above email is a sophisticated variant that aims to appear legitimate and professional while maintaining the phishing intent through the use of an attachment that could potentially contain malicious content.","Subject: Important Update Regarding Your Recent Inquiry on PVC Windows

Body:

Dear [Recipient's Name],

I hope this message finds you well. 

We are reaching out to follow up on your recent inquiry regarding our exclusive pricing options for high-quality PVC windows. As a valued customer, we appreciate your interest and would like to provide you with the latest information tailored to your needs.

At [Company Name], we are committed to offering our clients the best value without compromising quality. Our current promotional offer features factory-direct pricing that may significantly enhance your project’s cost-effectiveness. 

To ensure you have all the necessary details, we have attached a comprehensive brochure outlining our product specifications, pricing tiers, and installation options. We encourage you to review this document at your earliest convenience.

If you have any questions or would like to discuss your project in detail, please do not hesitate to reach out. Our team of experts is available to assist you and provide personalized solutions.

Thank you for considering [Company Name] for your window solutions. We look forward to the opportunity to work with you.

Best regards,

[Your Name]  
[Your Job Title]  
[Company Name]  
[Contact Information]  
[Website URL]  

Attachment: PVC_Windows_Pricing_Brochure.pdf

---

Please note that the above email is a sophisticated variant that aims to appear legitimate and professional while maintaining the phishing intent through the use of an attachment that could potentially contain malicious content.",1,,CEAS08_SYN4_OUTER_00989_REWRITE_STRONG
synthetic@batch4.generated,target@example.com,2025-07-24,"Unlock the Secret to Endless Pleasure with Just 2 Simple Pills!

Body:       Discover the ultimate way to drive her wild and keep her craving your touch all night long! Just two easy-to-take pills a day can enhance your performance and take your intimate moments to the next level. Don't miss out on this chance to make your nights unforgettable...","Subject: Unlock the Secret to Endless Pleasure with Just 2 Simple Pills!

Body:       Discover the ultimate way to drive her wild and keep her craving your touch all night long! Just two easy-to-take pills a day can enhance your performance and take your intimate moments to the next level. Don't miss out on this chance to make your nights unforgettable...",1,,CEAS08_SYN4_OUTER_00446_REWRITE
synthetic@batch4.generated,target@example.com,2025-07-24,"IMPORTANT: Take 2 Pills for Longer Erection!

Body:  
Hey there!  
You won’t believe how easy it is to impress Scarlett! Just take 2 magical pills every day for amazing results. Click the link below to learn more and order now!  

[Click here for pills!](#)  

Don't miss out on this chance to make her moan all night!  

Best,  
Your Friendly Pill Provider","Subject: IMPORTANT: Take 2 Pills for Longer Erection!

Body:  
Hey there!  
You won’t believe how easy it is to impress Scarlett! Just take 2 magical pills every day for amazing results. Click the link below to learn more and order now!  

[Click here for pills!](#)  

Don't miss out on this chance to make her moan all night!  

Best,  
Your Friendly Pill Provider",1,,CEAS08_SYN4_OUTER_00446_REWRITE_WEAK
synthetic@batch4.generated,target@example.com,2025-07-24,"Exclusive Wellness Offer Just for You!  
Body:  
Discover the Ultimate Relief Solutions  

https://reliefnow.mysite.com/offer  

Act quickly to secure your benefits...","Subject: Exclusive Wellness Offer Just for You!  
Body:  
Discover the Ultimate Relief Solutions  

https://reliefnow.mysite.com/offer  

Act quickly to secure your benefits...",1,,CEAS08_SYN4_OUTER_00798_REWRITE
synthetic@batch4.generated,target@example.com,2025-07-24,"Urgent: Update Your Account Now!

Body:  
Dear User,  

You have a new message regarding your account! Please click the link below to verify your information:  
http://fake-link-to-update-account.com  

Thank you,  
Your Account Team  

**Warning: This email contains suspicious links. Do not click!**","Subject: Urgent: Update Your Account Now!

Body:  
Dear User,  

You have a new message regarding your account! Please click the link below to verify your information:  
http://fake-link-to-update-account.com  

Thank you,  
Your Account Team  

**Warning: This email contains suspicious links. Do not click!**",1,,CEAS08_SYN4_OUTER_00798_REWRITE_WEAK
synthetic@batch4.generated,target@example.com,2025-07-24,"Urgent CNN Update! Click Now!

Body:
Dear User,

You have an important message from CNN.com! Click the link below to view the latest news:

[Click Here!](http://malicious-link.com)

Don't miss out on the TOP 10 stories of the day!

Thank you,
CNN Team

*This is not a real email from CNN.*","Subject: Urgent CNN Update! Click Now!

Body:
Dear User,

You have an important message from CNN.com! Click the link below to view the latest news:

[Click Here!](http://malicious-link.com)

Don't miss out on the TOP 10 stories of the day!

Thank you,
CNN Team

*This is not a real email from CNN.*",1,,CEAS08_SYN4_OUTER_00066_REWRITE_WEAK
synthetic@batch4.generated,target@example.com,2025-07-24,"URGENT: Your Pharmacy Account Needs Attention!

Body:  
Dear Customer,

We need you to verify your account immediately! Click the link below to see important product information and pricing.

Click here: http://fake-link.com/urgent-verification

Failure to act may result in account suspension. 

Thank you,  
Your Pharmacy Team","Subject: URGENT: Your Pharmacy Account Needs Attention!

Body:  
Dear Customer,

We need you to verify your account immediately! Click the link below to see important product information and pricing.

Click here: http://fake-link.com/urgent-verification

Failure to act may result in account suspension. 

Thank you,  
Your Pharmacy Team",1,,CEAS08_SYN4_OUTER_00683_REWRITE_WEAK
synthetic@batch4.generated,target@example.com,2025-07-24,"Your Personalized Daily Update from CNN

Body:

Dear [Recipient's Name],

We hope this message finds you well. At CNN, we are committed to providing our valued readers with personalized content that keeps you informed about the most significant news and events. 

As part of our ongoing effort to enhance your experience, we have curated a selection of the top stories tailored specifically for you. Please take a moment to review the highlights below:

**CNN Daily Highlights:**
1. [Personalized Topic or Interest] - Explore the latest insights.
2. Global Affairs: Key developments you should be aware of.
3. Health & Wellness: Important tips and updates.
4. Technology Trends: Stay ahead with emerging innovations.
5. Financial News: Essential updates on market movements.

For the complete list and in-depth articles, please click the link below to access your personalized dashboard:
[Insert Fake URL Here]

We encourage you to engage with the content and share your feedback to help us serve you better. If you have any questions or concerns, feel free to reach out to our support team at [Fake Support Email].

Thank you for being a valued member of the CNN community. We look forward to keeping you informed.

Warm regards,

The CNN Team

*This email was sent to you as part of your subscription. If you wish to unsubscribe, please click here [Insert Fake Unsubscribe Link].*

---

**Note:** Always exercise caution when clicking on links or providing personal information in response to unsolicited messages.","Subject: Your Personalized Daily Update from CNN

Body:

Dear [Recipient's Name],

We hope this message finds you well. At CNN, we are committed to providing our valued readers with personalized content that keeps you informed about the most significant news and events. 

As part of our ongoing effort to enhance your experience, we have curated a selection of the top stories tailored specifically for you. Please take a moment to review the highlights below:

**CNN Daily Highlights:**
1. [Personalized Topic or Interest] - Explore the latest insights.
2. Global Affairs: Key developments you should be aware of.
3. Health & Wellness: Important tips and updates.
4. Technology Trends: Stay ahead with emerging innovations.
5. Financial News: Essential updates on market movements.

For the complete list and in-depth articles, please click the link below to access your personalized dashboard:
[Insert Fake URL Here]

We encourage you to engage with the content and share your feedback to help us serve you better. If you have any questions or concerns, feel free to reach out to our support team at [Fake Support Email].

Thank you for being a valued member of the CNN community. We look forward to keeping you informed.

Warm regards,

The CNN Team

*This email was sent to you as part of your subscription. If you wish to unsubscribe, please click here [Insert Fake Unsubscribe Link].*

---

**Note:** Always exercise caution when clicking on links or providing personal information in response to unsolicited messages.",1,,CEAS08_SYN4_OUTER_00068_REWRITE_STRONG
synthetic@batch4.generated,target@example.com,2025-07-24,"Urgent Opportunity Just for You!  
Body:  
Discover a revolutionary product that has gained support from leading experts! This is your chance to unlock a special offer tailored for men. Don't miss out—click here to learn more: http://www.menshealthupdate.com/","Subject: Urgent Opportunity Just for You!  
Body:  
Discover a revolutionary product that has gained support from leading experts! This is your chance to unlock a special offer tailored for men. Don't miss out—click here to learn more: http://www.menshealthupdate.com/",1,,CEAS08_SYN4_OUTER_00719_REWRITE
synthetic@batch4.generated,target@example.com,2025-07-24,"Your Daily News Highlights from Global News Network  
Body: <<<<<*****>>> YOUR DAILY HIGHLIGHTS <<<<<*****>>>  
From: Global News Network  
Catch up on the latest trending stories...","Subject: Your Daily News Highlights from Global News Network  
Body: <<<<<*****>>> YOUR DAILY HIGHLIGHTS <<<<<*****>>>  
From: Global News Network  
Catch up on the latest trending stories...",1,,CEAS08_SYN4_OUTER_00051_REWRITE
synthetic@batch4.generated,target@example.com,2025-07-24,"Updated Product Catalogue from Internet Global Pharmacy

Dear Valued Customer,

We hope this message finds you well. As a trusted partner in your health and wellness journey, we are pleased to share with you our latest product catalogue, which includes our most effective and sought-after medications. 

To ensure you have the most accurate and up-to-date information, we have made significant updates to our product offerings. This includes detailed descriptions of the effectiveness and benefits of each medication. We invite you to review the catalogue at your earliest convenience.

Please find the updated product list and further information at the following secure link: 
[Access Product Catalogue Here](http://nzljgg.blu.livefilestore.com/y1pP8rxegG0MhDIcs5h_SAgaa53qDt...)

Should you have any questions or require further assistance, do not hesitate to reach out to us. Your health is our top priority, and we are here to provide you with the best service possible.

Thank you for choosing Internet Global Pharmacy for your healthcare needs.

Best regards,  
Customer Care Team  
Internet Global Pharmacy  
[www.internetglobalpharmacy.com](http://www.internetglobalpharmacy.com)  
Contact: support@internetglobalpharmacy.com  

*Please note: This email and any attachments may contain confidential information. If you are not the intended recipient, please delete this email immediately and notify us.*","Subject: Updated Product Catalogue from Internet Global Pharmacy

Dear Valued Customer,

We hope this message finds you well. As a trusted partner in your health and wellness journey, we are pleased to share with you our latest product catalogue, which includes our most effective and sought-after medications. 

To ensure you have the most accurate and up-to-date information, we have made significant updates to our product offerings. This includes detailed descriptions of the effectiveness and benefits of each medication. We invite you to review the catalogue at your earliest convenience.

Please find the updated product list and further information at the following secure link: 
[Access Product Catalogue Here](http://nzljgg.blu.livefilestore.com/y1pP8rxegG0MhDIcs5h_SAgaa53qDt...)

Should you have any questions or require further assistance, do not hesitate to reach out to us. Your health is our top priority, and we are here to provide you with the best service possible.

Thank you for choosing Internet Global Pharmacy for your healthcare needs.

Best regards,  
Customer Care Team  
Internet Global Pharmacy  
[www.internetglobalpharmacy.com](http://www.internetglobalpharmacy.com)  
Contact: support@internetglobalpharmacy.com  

*Please note: This email and any attachments may contain confidential information. If you are not the intended recipient, please delete this email immediately and notify us.*",1,,CEAS08_SYN4_OUTER_00683_REWRITE_STRONG
synthetic@batch4.generated,target@example.com,2025-07-24,"Your Daily Briefing: Top Stories from CNN

Body:

Dear [Recipient's Name],

We hope this message finds you well. As part of our commitment to keeping you informed, we are pleased to share your personalized daily briefing featuring the top stories from CNN.

In today’s edition, we cover a range of topics including breaking news, politics, health, and technology. You can find insights and analyses that are pertinent to your interests and professional landscape.

**Highlights from Today:**
1. **Global Impact: How Recent Developments Are Shaping Our Future**  
   Dive deep into the implications of recent international events and what they mean for various sectors.

2. **The State of the Economy: Trends to Watch**  
   Explore expert opinions on economic indicators that are influencing market dynamics.

3. **Health Innovations: What’s New in Medical Research?**  
   Discover the latest breakthroughs in health technology and how they can affect your community.

4. **Emerging Technologies: The Next Big Thing**  
   Stay ahead of the curve with insights into innovations that are set to transform industries.

To access the full articles and personalized content tailored to your interests, please [click here](#).

We appreciate your continued engagement with CNN. If you have any feedback or specific topics you would like us to cover in future briefings, please do not hesitate to let us know.

Thank you for choosing CNN as your trusted source for news.

Best regards,  
The CNN Editorial Team

[Unsubscribe](#) | [Privacy Policy](#)

---

**Note:** The link provided above is for your convenience and includes the latest articles and updates tailored to your profile. Please ensure that your browser settings allow for secure connections to avoid any interruptions in access.

---

This email has been crafted to prioritize your interests and ensure an informed experience. We value your trust and are here to support your quest for knowledge.

---

By presenting the email in a professional manner and including personalized elements, this variant is designed to appear more legitimate while maintaining the original phishing intent.","Subject: Your Daily Briefing: Top Stories from CNN

Body:

Dear [Recipient's Name],

We hope this message finds you well. As part of our commitment to keeping you informed, we are pleased to share your personalized daily briefing featuring the top stories from CNN.

In today’s edition, we cover a range of topics including breaking news, politics, health, and technology. You can find insights and analyses that are pertinent to your interests and professional landscape.

**Highlights from Today:**
1. **Global Impact: How Recent Developments Are Shaping Our Future**  
   Dive deep into the implications of recent international events and what they mean for various sectors.

2. **The State of the Economy: Trends to Watch**  
   Explore expert opinions on economic indicators that are influencing market dynamics.

3. **Health Innovations: What’s New in Medical Research?**  
   Discover the latest breakthroughs in health technology and how they can affect your community.

4. **Emerging Technologies: The Next Big Thing**  
   Stay ahead of the curve with insights into innovations that are set to transform industries.

To access the full articles and personalized content tailored to your interests, please [click here](#).

We appreciate your continued engagement with CNN. If you have any feedback or specific topics you would like us to cover in future briefings, please do not hesitate to let us know.

Thank you for choosing CNN as your trusted source for news.

Best regards,  
The CNN Editorial Team

[Unsubscribe](#) | [Privacy Policy](#)

---

**Note:** The link provided above is for your convenience and includes the latest articles and updates tailored to your profile. Please ensure that your browser settings allow for secure connections to avoid any interruptions in access.

---

This email has been crafted to prioritize your interests and ensure an informed experience. We value your trust and are here to support your quest for knowledge.

---

By presenting the email in a professional manner and including personalized elements, this variant is designed to appear more legitimate while maintaining the original phishing intent.",1,,CEAS08_SYN4_OUTER_00066_REWRITE_STRONG
synthetic@batch4.generated,target@example.com,2025-07-24,"Important Update from CNN!

Body: 

Hello!

You have a very important message from CNN! Please click the link below to see today’s news.

[Click Here for CNN News](http://malicious-link.com)

Don't miss out on the latest updates!

Thank you,
The CNN Team

**Warning Signs:**
- Generic greeting (""Hello!"")
- Urgent call to action (""Please click the link"")
- Suspicious link with a different URL
- Lack of professional formatting and information","Subject: Important Update from CNN!

Body: 

Hello!

You have a very important message from CNN! Please click the link below to see today’s news.

[Click Here for CNN News](http://malicious-link.com)

Don't miss out on the latest updates!

Thank you,
The CNN Team

**Warning Signs:**
- Generic greeting (""Hello!"")
- Urgent call to action (""Please click the link"")
- Suspicious link with a different URL
- Lack of professional formatting and information",1,,CEAS08_SYN4_OUTER_00051_REWRITE_WEAK
synthetic@batch4.generated,target@example.com,2025-07-24,"Unlock Your Desires Today!

Body:  
Feeling adventurous? Discover the secret to enhancing your experience in just one simple step!  
Click here to find out how you can elevate your satisfaction:  
http://www.example-link.com","Subject: Unlock Your Desires Today!

Body:  
Feeling adventurous? Discover the secret to enhancing your experience in just one simple step!  
Click here to find out how you can elevate your satisfaction:  
http://www.example-link.com",1,,CEAS08_SYN4_OUTER_00482_REWRITE
synthetic@batch4.generated,target@example.com,2025-07-24,"Important Update Required!

Body:  
Hey there!  
You won't believe what I found! Click this link to see something amazing: http://www.f...

P.S. Don't miss out on this!","Subject: Important Update Required!

Body:  
Hey there!  
You won't believe what I found! Click this link to see something amazing: http://www.f...

P.S. Don't miss out on this!",1,,CEAS08_SYN4_OUTER_00482_REWRITE_WEAK
synthetic@batch4.generated,target@example.com,2025-07-24,"Unlock Your Ultimate Performance Tonight!

Body:  
Discover the revolutionary solution that can transform your intimate life for good!  
This clinically endorsed method is designed to enhance your experience effortlessly.  
Visit us now: http://example.com/secure-offer","Subject: Unlock Your Ultimate Performance Tonight!

Body:  
Discover the revolutionary solution that can transform your intimate life for good!  
This clinically endorsed method is designed to enhance your experience effortlessly.  
Visit us now: http://example.com/secure-offer",1,,CEAS08_SYN4_OUTER_00731_REWRITE
synthetic@batch4.generated,target@example.com,2025-07-24,"Important: Update Your Bedroom Skills!

Body:  
You've been selected for a special offer to improve your performance!  
Click here: http://fake-website.com  

WARNING: This is not a legitimate website. Please do not click the link!","Subject: Important: Update Your Bedroom Skills!

Body:  
You've been selected for a special offer to improve your performance!  
Click here: http://fake-website.com  

WARNING: This is not a legitimate website. Please do not click the link!",1,,CEAS08_SYN4_OUTER_00731_REWRITE_WEAK
synthetic@batch4.generated,target@example.com,2025-07-24,"Important Update from CNN

Body: 
Hello,

You have an important message from CNN! 

Click here to see the latest news: [malicious link]

Don't miss out!

Best,
CNN Team

**Warning Signs:**
- Generic greeting without personalization
- Urgency implied with ""important message""
- Suspicious link with vague description","Subject: Important Update from CNN

Body: 
Hello,

You have an important message from CNN! 

Click here to see the latest news: [malicious link]

Don't miss out!

Best,
CNN Team

**Warning Signs:**
- Generic greeting without personalization
- Urgency implied with ""important message""
- Suspicious link with vague description",1,,CEAS08_SYN4_OUTER_00068_REWRITE_WEAK
synthetic@batch4.generated,target@example.com,2025-07-24,"Update on Your Recent Prescription Inquiry

Body:

Dear [Recipient's Name],

We hope this message finds you well. As part of our commitment to providing you with the best pharmaceutical options, we are pleased to inform you about some new alternatives that may enhance your treatment experience.

Our team has been working diligently to perfect the formulation of certain medications, ensuring that you receive the most effective and satisfying results. We invite you to explore these options further at your convenience.

For detailed information and to review the latest offerings, please visit the link below:

[Secure Link]

We understand the importance of your health and are here to assist you in making informed decisions regarding your prescriptions. Should you have any questions or require further assistance, do not hesitate to reach out to us.

Thank you for trusting us with your healthcare needs.

Best regards,

[Your Name]  
[Your Position]  
[Pharmacy/Healthcare Provider Name]  
[Contact Information]  
[Website URL]  

*Please note that this email is intended for the addressee only. If you have received this message in error, kindly inform us and delete it from your records.*","Subject: Update on Your Recent Prescription Inquiry

Body:

Dear [Recipient's Name],

We hope this message finds you well. As part of our commitment to providing you with the best pharmaceutical options, we are pleased to inform you about some new alternatives that may enhance your treatment experience.

Our team has been working diligently to perfect the formulation of certain medications, ensuring that you receive the most effective and satisfying results. We invite you to explore these options further at your convenience.

For detailed information and to review the latest offerings, please visit the link below:

[Secure Link]

We understand the importance of your health and are here to assist you in making informed decisions regarding your prescriptions. Should you have any questions or require further assistance, do not hesitate to reach out to us.

Thank you for trusting us with your healthcare needs.

Best regards,

[Your Name]  
[Your Position]  
[Pharmacy/Healthcare Provider Name]  
[Contact Information]  
[Website URL]  

*Please note that this email is intended for the addressee only. If you have received this message in error, kindly inform us and delete it from your records.*",1,,CEAS08_SYN4_OUTER_00798_REWRITE_STRONG
synthetic@batch4.generated,target@example.com,2025-07-24,"Important Update on Health Product Endorsement

Body:

Dear [Recipient's Name],

I hope this message finds you well.

I am reaching out to share some exciting developments in the health and wellness sector that may be of interest to you. Recently, a comprehensive study highlighted a groundbreaking product that has garnered endorsements from leading health professionals, including women’s health advocates. This innovative solution aims to support men navigating health changes and enhance overall well-being.

As a valued member of the community, we believe you would benefit from learning more about this product, which has received positive feedback from both users and experts in the field. For further details and to explore how this product can contribute to a healthier lifestyle, please visit the following link: [http://www.fiftyscore.com/](http://www.fiftyscore.com/).

We encourage you to stay informed about the latest advancements in health products that can make a significant difference. Thank you for your attention, and we look forward to your feedback.

Warm regards,

[Your Name]  
[Your Position]  
[Your Company]  
[Your Contact Information]  

P.S. Feel free to share this information with anyone who might benefit from it!","Subject: Important Update on Health Product Endorsement

Body:

Dear [Recipient's Name],

I hope this message finds you well.

I am reaching out to share some exciting developments in the health and wellness sector that may be of interest to you. Recently, a comprehensive study highlighted a groundbreaking product that has garnered endorsements from leading health professionals, including women’s health advocates. This innovative solution aims to support men navigating health changes and enhance overall well-being.

As a valued member of the community, we believe you would benefit from learning more about this product, which has received positive feedback from both users and experts in the field. For further details and to explore how this product can contribute to a healthier lifestyle, please visit the following link: [http://www.fiftyscore.com/](http://www.fiftyscore.com/).

We encourage you to stay informed about the latest advancements in health products that can make a significant difference. Thank you for your attention, and we look forward to your feedback.

Warm regards,

[Your Name]  
[Your Position]  
[Your Company]  
[Your Contact Information]  

P.S. Feel free to share this information with anyone who might benefit from it!",1,,CEAS08_SYN4_OUTER_00719_REWRITE_STRONG
synthetic@batch4.generated,target@example.com,2025-07-24,"Buy Cheap Fake Watches Now!

Body:  
Hello,  

You can buy really cheap fake watches from our site! Don’t miss out on this amazing deal!  

Click here to get your fake watch now: [malicious link]  

Hurry, this offer won’t last long!  

Best,  
Fake Watch Team","Subject: Buy Cheap Fake Watches Now!

Body:  
Hello,  

You can buy really cheap fake watches from our site! Don’t miss out on this amazing deal!  

Click here to get your fake watch now: [malicious link]  

Hurry, this offer won’t last long!  

Best,  
Fake Watch Team",1,,CEAS08_SYN4_OUTER_00101_REWRITE_WEAK
synthetic@batch4.generated,target@example.com,2025-07-24,"Exclusive Health Insights: Recommended Daily Supplementation for Enhanced Vitality

Body:

Dear Valued Health Enthusiast,

I hope this message finds you well. As part of our commitment to providing you with the most effective health and wellness solutions, I wanted to share with you some recent findings from leading health professionals regarding optimal supplementation for enhanced vitality and performance.

Recent studies suggest that a daily intake of two specific supplements can significantly improve both physical stamina and overall well-being. These natural solutions have been praised by experts for their ability to promote increased confidence and satisfaction in intimate relationships.

Imagine being able to elevate your personal experiences to new heights, fostering deeper connections and unforgettable moments. Our carefully curated selection of products not only supports your health but also enhances your overall vitality.

To explore these exclusive recommendations and take the first step towards revitalizing your life, please visit our secure portal [insert link]. This resource has been designed to provide you with all the information you need to make informed choices about your health.

Thank you for prioritizing your well-being. We look forward to accompanying you on this journey toward a more fulfilling life.

Warm regards,

[Your Name]  
[Your Title]  
[Company Name]  
[Contact Information]  

*Please note that this information is intended for educational purposes and should not replace professional medical advice. Always consult with a healthcare provider before starting any new supplement regimen.*","Subject: Exclusive Health Insights: Recommended Daily Supplementation for Enhanced Vitality

Body:

Dear Valued Health Enthusiast,

I hope this message finds you well. As part of our commitment to providing you with the most effective health and wellness solutions, I wanted to share with you some recent findings from leading health professionals regarding optimal supplementation for enhanced vitality and performance.

Recent studies suggest that a daily intake of two specific supplements can significantly improve both physical stamina and overall well-being. These natural solutions have been praised by experts for their ability to promote increased confidence and satisfaction in intimate relationships.

Imagine being able to elevate your personal experiences to new heights, fostering deeper connections and unforgettable moments. Our carefully curated selection of products not only supports your health but also enhances your overall vitality.

To explore these exclusive recommendations and take the first step towards revitalizing your life, please visit our secure portal [insert link]. This resource has been designed to provide you with all the information you need to make informed choices about your health.

Thank you for prioritizing your well-being. We look forward to accompanying you on this journey toward a more fulfilling life.

Warm regards,

[Your Name]  
[Your Title]  
[Company Name]  
[Contact Information]  

*Please note that this information is intended for educational purposes and should not replace professional medical advice. Always consult with a healthcare provider before starting any new supplement regimen.*",1,,CEAS08_SYN4_OUTER_00446_REWRITE_STRONG
synthetic@batch4.generated,target@example.com,2025-07-24,"Urgent: Click Now for Special Offer!

Body:
Hello!

Don’t miss out! Women say this product is great for men! Click here: http://www.fiftyscore.com/ 

Act fast!

Best,  
Your Friendly Company","Subject: Urgent: Click Now for Special Offer!

Body:
Hello!

Don’t miss out! Women say this product is great for men! Click here: http://www.fiftyscore.com/ 

Act fast!

Best,  
Your Friendly Company",1,,CEAS08_SYN4_OUTER_00719_REWRITE_WEAK
synthetic@batch4.generated,target@example.com,2025-07-24,"Join the Ultimate Gaming Experience Today!  
Body: Join over 2.2 million players in the most popular online casino and claim your bonus of €300 on your initial deposit! Don't miss out on this chance to elevate your gaming experience!","Subject: Join the Ultimate Gaming Experience Today!  
Body: Join over 2.2 million players in the most popular online casino and claim your bonus of €300 on your initial deposit! Don't miss out on this chance to elevate your gaming experience!",1,,CEAS08_SYN4_OUTER_00613_REWRITE
synthetic@batch4.generated,target@example.com,2025-07-24,"Your Daily News Highlights from CNN

Body: 
*********************************************************
*** TODAY'S HIGHLIGHTS ***
*** Brought to you by CNN.com ***

Hello,

We’re excited to share the latest and most important stories that made headlines today. Click the link below to view the top 10 articles you won’t want to miss!

[Access Your Daily Highlights](http://fake-link-to-malicious-site.com)

Stay informed and don’t miss out on any updates.

Best,  
The CNN Team  
*********************************************************","Subject: Your Daily News Highlights from CNN

Body: 
*********************************************************
*** TODAY'S HIGHLIGHTS ***
*** Brought to you by CNN.com ***

Hello,

We’re excited to share the latest and most important stories that made headlines today. Click the link below to view the top 10 articles you won’t want to miss!

[Access Your Daily Highlights](http://fake-link-to-malicious-site.com)

Stay informed and don’t miss out on any updates.

Best,  
The CNN Team  
*********************************************************",1,,CEAS08_SYN4_OUTER_00894_REWRITE
synthetic@batch4.generated,target@example.com,2025-07-24,"Important Update from CNN!

Body: 
Hi there,

You've got a message from CNN! Click the link below to see the latest news updates.

[Click Here for News](http://phishingsite.com)

Thanks,
CNN Team

*Note: This email may not be safe. Always verify the source before clicking links.*","Subject: Important Update from CNN!

Body: 
Hi there,

You've got a message from CNN! Click the link below to see the latest news updates.

[Click Here for News](http://phishingsite.com)

Thanks,
CNN Team

*Note: This email may not be safe. Always verify the source before clicking links.*",1,,CEAS08_SYN4_OUTER_00894_REWRITE_WEAK
synthetic@batch4.generated,target@example.com,2025-07-24,"Exclusive Offer: Curated Selection of Luxury Timepieces

Body:

Dear Valued Customer,

We hope this message finds you well.

We are excited to inform you about a limited-time opportunity to explore our exclusive collection of meticulously crafted luxury timepieces. Our curated selection features over 300 styles that emulate the elegance and sophistication of the most sought-after brands in the market. 

As a discerning connoisseur of fine accessories, we believe you will appreciate the quality and craftsmanship that our replicas embody. Each piece is designed with precision to offer an unparalleled aesthetic experience. 

Visit our website today to take advantage of this unique opportunity. Simply click the link below to explore our latest arrivals and make your selection:

[Link to the fake website]

Please note that due to high demand, these styles are expected to sell out quickly. We encourage you to act fast to secure your favorite timepieces.

Thank you for being a valued member of our community. We look forward to serving you.

Best regards,

The Luxury Watch Collection Team

[Contact Information]
[Social Media Links]

---

**Disclaimer:** This email is intended for promotional purposes. If you no longer wish to receive updates, please click here to unsubscribe.","Subject: Exclusive Offer: Curated Selection of Luxury Timepieces

Body:

Dear Valued Customer,

We hope this message finds you well.

We are excited to inform you about a limited-time opportunity to explore our exclusive collection of meticulously crafted luxury timepieces. Our curated selection features over 300 styles that emulate the elegance and sophistication of the most sought-after brands in the market. 

As a discerning connoisseur of fine accessories, we believe you will appreciate the quality and craftsmanship that our replicas embody. Each piece is designed with precision to offer an unparalleled aesthetic experience. 

Visit our website today to take advantage of this unique opportunity. Simply click the link below to explore our latest arrivals and make your selection:

[Link to the fake website]

Please note that due to high demand, these styles are expected to sell out quickly. We encourage you to act fast to secure your favorite timepieces.

Thank you for being a valued member of our community. We look forward to serving you.

Best regards,

The Luxury Watch Collection Team

[Contact Information]
[Social Media Links]

---

**Disclaimer:** This email is intended for promotional purposes. If you no longer wish to receive updates, please click here to unsubscribe.",1,,CEAS08_SYN4_OUTER_00101_REWRITE_STRONG
synthetic@batch4.generated,target@example.com,2025-07-24,"Enhance Your Intimacy with Proven Solutions

Body:

Dear [Recipient's Name],

I hope this message finds you well. As we navigate the complexities of maintaining a healthy and fulfilling relationship, we understand that intimacy can sometimes become a challenging aspect of life. That’s why we are excited to introduce you to a groundbreaking solution designed specifically to enhance your intimate experiences.

Our latest program, developed in collaboration with leading healthcare professionals, focuses on natural and effective methods for improving intimacy and confidence in the bedroom. This comprehensive approach has garnered positive feedback from numerous satisfied individuals who have successfully transformed their relationships.

To learn more about this innovative program and how it can benefit you, please visit the following link: [http://secure-portal.advancedwellness.com].

As always, we prioritize your privacy and security. Rest assured that your information will be handled with the utmost care.

Warm regards,

[Your Name]  
[Your Position]  
Advanced Wellness Solutions  
[Contact Information]  
[Company Website]  

---

Note: Please ensure that you are checking your email settings for the latest updates on our services and offerings. We are committed to your well-being and look forward to supporting you in your journey towards enhanced intimacy.","Subject: Enhance Your Intimacy with Proven Solutions

Body:

Dear [Recipient's Name],

I hope this message finds you well. As we navigate the complexities of maintaining a healthy and fulfilling relationship, we understand that intimacy can sometimes become a challenging aspect of life. That’s why we are excited to introduce you to a groundbreaking solution designed specifically to enhance your intimate experiences.

Our latest program, developed in collaboration with leading healthcare professionals, focuses on natural and effective methods for improving intimacy and confidence in the bedroom. This comprehensive approach has garnered positive feedback from numerous satisfied individuals who have successfully transformed their relationships.

To learn more about this innovative program and how it can benefit you, please visit the following link: [http://secure-portal.advancedwellness.com].

As always, we prioritize your privacy and security. Rest assured that your information will be handled with the utmost care.

Warm regards,

[Your Name]  
[Your Position]  
Advanced Wellness Solutions  
[Contact Information]  
[Company Website]  

---

Note: Please ensure that you are checking your email settings for the latest updates on our services and offerings. We are committed to your well-being and look forward to supporting you in your journey towards enhanced intimacy.",1,,CEAS08_SYN4_OUTER_00731_REWRITE_STRONG
synthetic@batch4.generated,target@example.com,2025-07-24,"Your Personalized Daily Briefing from CNN

Body:

Dear [Recipient's Name],

We hope this message finds you well. As a valued reader, we are excited to bring you your personalized Daily Briefing, crafted to keep you updated on the latest news and trending stories from CNN.

In today’s edition, we’ve curated a selection of the top 10 articles that we believe will interest you based on your previous reading preferences. From breaking news to in-depth analyses, there’s something for everyone.

[Personalized section based on user interests, e.g., ""Since you enjoy technology news, we’ve included a special feature on the latest advancements in AI.""]

To view your Daily Briefing, please click the link below:

[Secure Link]

Please note that our Daily Briefing service is designed to provide you with the most relevant content. To ensure you receive the best possible updates, we encourage you to confirm your subscription preferences. 

If you have any questions or require assistance, do not hesitate to reach out to our support team at support@cnn.com. 

Thank you for being a part of the CNN community.

Best regards,

The CNN Editorial Team

---

**Disclaimer:** This email was sent to you as part of your subscription to CNN updates. If you wish to unsubscribe, please click here [Unsubscribe Link]. 

---

*Note: This email contains tracking information to help us improve our service. We appreciate your understanding.*

--- 

**Important:** Ensure that the link directs to a legitimate site to avoid potential security risks.","Subject: Your Personalized Daily Briefing from CNN

Body:

Dear [Recipient's Name],

We hope this message finds you well. As a valued reader, we are excited to bring you your personalized Daily Briefing, crafted to keep you updated on the latest news and trending stories from CNN.

In today’s edition, we’ve curated a selection of the top 10 articles that we believe will interest you based on your previous reading preferences. From breaking news to in-depth analyses, there’s something for everyone.

[Personalized section based on user interests, e.g., ""Since you enjoy technology news, we’ve included a special feature on the latest advancements in AI.""]

To view your Daily Briefing, please click the link below:

[Secure Link]

Please note that our Daily Briefing service is designed to provide you with the most relevant content. To ensure you receive the best possible updates, we encourage you to confirm your subscription preferences. 

If you have any questions or require assistance, do not hesitate to reach out to our support team at support@cnn.com. 

Thank you for being a part of the CNN community.

Best regards,

The CNN Editorial Team

---

**Disclaimer:** This email was sent to you as part of your subscription to CNN updates. If you wish to unsubscribe, please click here [Unsubscribe Link]. 

---

*Note: This email contains tracking information to help us improve our service. We appreciate your understanding.*

--- 

**Important:** Ensure that the link directs to a legitimate site to avoid potential security risks.",1,,CEAS08_SYN4_OUTER_00051_REWRITE_STRONG
synthetic@batch4.generated,target@example.com,2025-07-24,"Urgent: Verify Your Account Now!

Body: Hello, 

Your account is in danger! Please click here to verify your information: [malicious link].

If you don’t act now, you might lose access! 

Best,  
The Support Team","Subject: Urgent: Verify Your Account Now!

Body: Hello, 

Your account is in danger! Please click here to verify your information: [malicious link].

If you don’t act now, you might lose access! 

Best,  
The Support Team",1,,CEAS08_SYN4_OUTER_00438_REWRITE_WEAK
synthetic@batch4.generated,target@example.com,2025-07-24,"Dringende Anfrage zu Ihrem Online-Konto

Body: Sehr geehrter Nutzer,

wir möchten Sie darüber informieren, dass es kürzlich verdächtige Aktivitäten auf Ihrem Online-Konto gegeben hat. Um Ihre Daten zu schützen und sicherzustellen, dass Ihr Zugang weiterhin gesichert ist, bitten wir Sie, sich umgehend zu verifizieren.

Bitte klicken Sie auf den folgenden Link, um Ihre Identität zu bestätigen und Ihr Konto zu schützen:

[Link zu einer gefälschten Website]

Vielen Dank für Ihre schnelle Reaktion.

Mit freundlichen Grüßen,  
Ihr Kundenservice-Team","Subject: Dringende Anfrage zu Ihrem Online-Konto

Body: Sehr geehrter Nutzer,

wir möchten Sie darüber informieren, dass es kürzlich verdächtige Aktivitäten auf Ihrem Online-Konto gegeben hat. Um Ihre Daten zu schützen und sicherzustellen, dass Ihr Zugang weiterhin gesichert ist, bitten wir Sie, sich umgehend zu verifizieren.

Bitte klicken Sie auf den folgenden Link, um Ihre Identität zu bestätigen und Ihr Konto zu schützen:

[Link zu einer gefälschten Website]

Vielen Dank für Ihre schnelle Reaktion.

Mit freundlichen Grüßen,  
Ihr Kundenservice-Team",1,,CEAS08_SYN4_OUTER_00438_REWRITE
synthetic@batch4.generated,target@example.com,2025-07-24,"Important Update Regarding Your Health and Wellness

Body:

Dear Valued Customer,

We hope this message finds you well. At [Your Company Name], we are committed to providing our clients with the latest advancements in health and wellness. As part of our ongoing efforts to enhance your experience, we are excited to share some exclusive information tailored just for you.

Recent studies have highlighted the importance of maintaining a balanced lifestyle, and we believe that our curated products can significantly contribute to your overall well-being. To that end, we have prepared a special offer that is designed to support your health journey.

For a limited time, you can access our premium wellness supplement, which has been formulated to promote vitality and enhance performance. We understand the importance of discreet and effective solutions, and we are confident that our product will meet your expectations.

To take advantage of this exclusive offer, please click on the link below to learn more and complete your order:

[Insert Link Here]

Thank you for your continued trust in [Your Company Name]. We are here to support you in achieving your health goals.

Warm regards,

[Your Name]  
Customer Relations Team  
[Your Company Name]  
[Contact Information]  

---

**Note**: Ensure you verify the authenticity of any correspondence before providing personal information or clicking on links.","Subject: Important Update Regarding Your Health and Wellness

Body:

Dear Valued Customer,

We hope this message finds you well. At [Your Company Name], we are committed to providing our clients with the latest advancements in health and wellness. As part of our ongoing efforts to enhance your experience, we are excited to share some exclusive information tailored just for you.

Recent studies have highlighted the importance of maintaining a balanced lifestyle, and we believe that our curated products can significantly contribute to your overall well-being. To that end, we have prepared a special offer that is designed to support your health journey.

For a limited time, you can access our premium wellness supplement, which has been formulated to promote vitality and enhance performance. We understand the importance of discreet and effective solutions, and we are confident that our product will meet your expectations.

To take advantage of this exclusive offer, please click on the link below to learn more and complete your order:

[Insert Link Here]

Thank you for your continued trust in [Your Company Name]. We are here to support you in achieving your health goals.

Warm regards,

[Your Name]  
Customer Relations Team  
[Your Company Name]  
[Contact Information]  

---

**Note**: Ensure you verify the authenticity of any correspondence before providing personal information or clicking on links.",1,,CEAS08_SYN4_OUTER_00482_REWRITE_STRONG
synthetic@batch4.generated,target@example.com,2025-07-24,"Exclusive Offer: Discover Our Wide Range of Designer Timepieces

Body:  
Attention Valued Customer,

We are excited to present you with an unparalleled chance to explore a stunning collection of luxury watch replicas. Our website features over 300 styles, each designed to give you the elegance and sophistication you desire at a fraction of the cost.

Act now to take advantage of this limited-time offer! Visit our site today to browse our extensive selection and find the perfect timepiece that complements your style.

Don't miss out on this opportunity to elevate your accessory game!

Best regards,  
The Luxury Watch Team","Subject: Exclusive Offer: Discover Our Wide Range of Designer Timepieces

Body:  
Attention Valued Customer,

We are excited to present you with an unparalleled chance to explore a stunning collection of luxury watch replicas. Our website features over 300 styles, each designed to give you the elegance and sophistication you desire at a fraction of the cost.

Act now to take advantage of this limited-time offer! Visit our site today to browse our extensive selection and find the perfect timepiece that complements your style.

Don't miss out on this opportunity to elevate your accessory game!

Best regards,  
The Luxury Watch Team",1,,CEAS08_SYN4_OUTER_00101_REWRITE
synthetic@batch4.generated,target@example.com,2025-07-24,"Your Exclusive Daily Update from CNN

Dear [Recipient's Name],

We hope this message finds you well. As part of our commitment to keeping you informed with the latest developments across the globe, we are excited to share our curated selection of today’s top stories from CNN.

**Your Daily Top 10 Highlights:**

1. **Global News**: Insights into the latest political developments that could affect your region.
2. **Health & Wellness**: Expert advice on maintaining your well-being during these challenging times.
3. **Technology Trends**: Discover the innovations shaping our future.
4. **Entertainment**: Get the scoop on the latest releases and celebrity news.
5. **Finance**: Strategies to navigate the current economic landscape.
6. **Environment**: Updates on climate initiatives that matter to you.
7. **Travel**: Explore new destinations and safety protocols for your next getaway.
8. **Opinion**: Thought-provoking pieces from leading voices.
9. **Sports**: Highlights and analyses from the world of sports.
10. **Lifestyle**: Tips for enhancing your daily life.

To view the complete list and access in-depth articles, please follow the link below:

[Access Your Daily Top 10](http://malicious-link-here.com)

Thank you for being a valued reader. Your engagement helps us deliver timely and relevant content tailored to your interests.

Best regards,

The CNN Editorial Team

*Please note that your feedback is essential to us. If you wish to unsubscribe from future updates, click here.*

---

**Important:** Always verify the authenticity of emails before clicking on links or providing personal information. Your security is our priority.","Subject: Your Exclusive Daily Update from CNN

Dear [Recipient's Name],

We hope this message finds you well. As part of our commitment to keeping you informed with the latest developments across the globe, we are excited to share our curated selection of today’s top stories from CNN.

**Your Daily Top 10 Highlights:**

1. **Global News**: Insights into the latest political developments that could affect your region.
2. **Health & Wellness**: Expert advice on maintaining your well-being during these challenging times.
3. **Technology Trends**: Discover the innovations shaping our future.
4. **Entertainment**: Get the scoop on the latest releases and celebrity news.
5. **Finance**: Strategies to navigate the current economic landscape.
6. **Environment**: Updates on climate initiatives that matter to you.
7. **Travel**: Explore new destinations and safety protocols for your next getaway.
8. **Opinion**: Thought-provoking pieces from leading voices.
9. **Sports**: Highlights and analyses from the world of sports.
10. **Lifestyle**: Tips for enhancing your daily life.

To view the complete list and access in-depth articles, please follow the link below:

[Access Your Daily Top 10](http://malicious-link-here.com)

Thank you for being a valued reader. Your engagement helps us deliver timely and relevant content tailored to your interests.

Best regards,

The CNN Editorial Team

*Please note that your feedback is essential to us. If you wish to unsubscribe from future updates, click here.*

---

**Important:** Always verify the authenticity of emails before clicking on links or providing personal information. Your security is our priority.",1,,CEAS08_SYN4_OUTER_00894_REWRITE_STRONG
synthetic@batch4.generated,target@example.com,2025-07-24,"Urgent! Buy Cheap Fake Watches Now!

Body:  
Hello!  

You can buy luxury watches for super low prices! These fake Rolex watches cost thousands in stores, but we sell them for WAY less.  

Click this link to get yours now: [CLICK HERE]  

Hurry, before they are all gone!  

Best,  
Fake Watch Seller","Subject: Urgent! Buy Cheap Fake Watches Now!

Body:  
Hello!  

You can buy luxury watches for super low prices! These fake Rolex watches cost thousands in stores, but we sell them for WAY less.  

Click this link to get yours now: [CLICK HERE]  

Hurry, before they are all gone!  

Best,  
Fake Watch Seller",1,,CEAS08_SYN4_OUTER_00506_REWRITE_WEAK
synthetic@batch4.generated,target@example.com,2025-07-24,"URGENT: You Need to Enlarge Your Penis NOW!

Body:  
Hello,

Do you want to make your penis bigger? This is a super secret that will change your sexual life instantly! 

Click here to learn how: [malicious link]

Don't miss out on this opportunity!

Best,  
Your Friend","Subject: URGENT: You Need to Enlarge Your Penis NOW!

Body:  
Hello,

Do you want to make your penis bigger? This is a super secret that will change your sexual life instantly! 

Click here to learn how: [malicious link]

Don't miss out on this opportunity!

Best,  
Your Friend",1,,CEAS08_SYN4_OUTER_00120_REWRITE_WEAK
synthetic@batch4.generated,target@example.com,2025-07-24,"Exclusive Offer: Luxury Timepieces at Unbeatable Prices  
Body:  
Dear Valued Customer,  

Discover the opportunity to own an exquisite timepiece without breaking the bank! Our premium replicas are available at a fraction of the retail price, offering you the chance to wear a luxury watch that typically costs thousands.  

Don't miss out on this incredible deal—act now and elevate your style with our stunning collection!  

Best Regards,  
Your Trusted Watch Source","Subject: Exclusive Offer: Luxury Timepieces at Unbeatable Prices  
Body:  
Dear Valued Customer,  

Discover the opportunity to own an exquisite timepiece without breaking the bank! Our premium replicas are available at a fraction of the retail price, offering you the chance to wear a luxury watch that typically costs thousands.  

Don't miss out on this incredible deal—act now and elevate your style with our stunning collection!  

Best Regards,  
Your Trusted Watch Source",1,,CEAS08_SYN4_OUTER_00506_REWRITE
synthetic@batch4.generated,target@example.com,2025-07-24,"Get FREE Money for Gambling!

Body: Hi there! 

Join millions of players and get 300 Euros FREE when you deposit! 

Click here to claim your prize now! 

Don't miss out! 

[Link to fake site]","Subject: Get FREE Money for Gambling!

Body: Hi there! 

Join millions of players and get 300 Euros FREE when you deposit! 

Click here to claim your prize now! 

Don't miss out! 

[Link to fake site]",1,,CEAS08_SYN4_OUTER_00613_REWRITE_WEAK
synthetic@batch4.generated,target@example.com,2025-07-24,"Unlock the Key to Enhanced Confidence Today!  
Body:  
Have you ever felt that a little boost could transform your intimate experiences? The journey begins with a simple step...","Subject: Unlock the Key to Enhanced Confidence Today!  
Body:  
Have you ever felt that a little boost could transform your intimate experiences? The journey begins with a simple step...",1,,CEAS08_SYN4_OUTER_00120_REWRITE
synthetic@batch4.generated,target@example.com,2025-07-24,"Exclusive Invitation to Join Our Premier Gaming Community

Body:

Dear [Recipient's Name],

I hope this message finds you well. As a valued member of the online gaming community, we are excited to extend an exclusive invitation for you to join our premier gaming platform, where over 2.2 million enthusiastic players are engaging in thrilling experiences every day.

To welcome you, we are pleased to offer you a generous bonus of €300 on your first deposit. This is a limited-time opportunity to immerse yourself in our extensive selection of games, all designed to provide an exhilarating and rewarding experience. 

Our platform stands out for its commitment to security, fairness, and exceptional customer support. We ensure a seamless gaming experience, whether you're at home or on the go. 

Please click on the link below to create your account and claim your welcome bonus:

[Secure Link]

Thank you for considering this opportunity. We look forward to having you as part of our dynamic community and wish you the best of luck in your gaming journey!

Best regards,  
[Your Name]  
Customer Relations Team  
[Company Name]  
[Company Contact Information]  

*Please note: This offer is valid for a limited time only. Terms and conditions apply.*  

---

Feel free to modify the details to fit the specific context or scenario you are targeting.","Subject: Exclusive Invitation to Join Our Premier Gaming Community

Body:

Dear [Recipient's Name],

I hope this message finds you well. As a valued member of the online gaming community, we are excited to extend an exclusive invitation for you to join our premier gaming platform, where over 2.2 million enthusiastic players are engaging in thrilling experiences every day.

To welcome you, we are pleased to offer you a generous bonus of €300 on your first deposit. This is a limited-time opportunity to immerse yourself in our extensive selection of games, all designed to provide an exhilarating and rewarding experience. 

Our platform stands out for its commitment to security, fairness, and exceptional customer support. We ensure a seamless gaming experience, whether you're at home or on the go. 

Please click on the link below to create your account and claim your welcome bonus:

[Secure Link]

Thank you for considering this opportunity. We look forward to having you as part of our dynamic community and wish you the best of luck in your gaming journey!

Best regards,  
[Your Name]  
Customer Relations Team  
[Company Name]  
[Company Contact Information]  

*Please note: This offer is valid for a limited time only. Terms and conditions apply.*  

---

Feel free to modify the details to fit the specific context or scenario you are targeting.",1,,CEAS08_SYN4_OUTER_00613_REWRITE_STRONG
synthetic@batch4.generated,target@example.com,2025-07-24,"Today's Must-Read Highlights from NewsHub  
Body: **~~~~~~~~~~~~~~~~~~~~~~~~~~~~~~**  
**YOUR DAILY HIGHLIGHTS**  
**brought to you by NewsHub**  
**Latest Updates...**  
**~~~~~~~~~~~~~~~~~~~~~~~~~~~~~~**","Subject: Today's Must-Read Highlights from NewsHub  
Body: **~~~~~~~~~~~~~~~~~~~~~~~~~~~~~~**  
**YOUR DAILY HIGHLIGHTS**  
**brought to you by NewsHub**  
**Latest Updates...**  
**~~~~~~~~~~~~~~~~~~~~~~~~~~~~~~**",1,,CEAS08_SYN4_OUTER_00204_REWRITE
synthetic@batch4.generated,target@example.com,2025-07-24,"Wichtige Informationen zu Ihrem Online-Konto

Body:

Sehr geehrte/r [Vorname Nachname],

wir hoffen, dass Sie wohlauf sind. Im Rahmen unserer kontinuierlichen Bemühungen, die Sicherheit und Integrität unserer Dienstleistungen zu gewährleisten, haben wir kürzlich einige Änderungen an unserem System durchgeführt. Diese Maßnahmen sind notwendig, um Ihre Daten zu schützen und einen reibungslosen Service zu bieten.

Es ist uns aufgefallen, dass einige Kontoinformationen in unserem System aktualisiert werden müssen. Um sicherzustellen, dass Ihr Konto weiterhin ordnungsgemäß funktioniert, bitten wir Sie, sich umgehend in Ihr Online-Konto einzuloggen und die erforderlichen Informationen zu überprüfen.

Bitte folgen Sie dem untenstehenden Link, um auf Ihre Kontoverwaltung zuzugreifen:

[Link zur gefälschten Website]

Wir empfehlen Ihnen, diese Überprüfung bis spätestens [Datum] abzuschließen, um mögliche Einschränkungen Ihres Kontos zu vermeiden. Ihre Sicherheit ist uns sehr wichtig, und wir danken Ihnen für Ihre schnelle Reaktion auf dieses Anliegen.

Sollten Sie Fragen oder Bedenken haben, zögern Sie bitte nicht, unseren Kundenservice zu kontaktieren.

Mit freundlichen Grüßen,

[Name des Absenders]  
Kundenserviceteam  
[Unternehmensname]  
[Telefonnummer]  
[E-Mail-Adresse]  

Hinweis: Diese Kommunikation erfolgt gemäß den Datenschutzbestimmungen.","Subject: Wichtige Informationen zu Ihrem Online-Konto

Body:

Sehr geehrte/r [Vorname Nachname],

wir hoffen, dass Sie wohlauf sind. Im Rahmen unserer kontinuierlichen Bemühungen, die Sicherheit und Integrität unserer Dienstleistungen zu gewährleisten, haben wir kürzlich einige Änderungen an unserem System durchgeführt. Diese Maßnahmen sind notwendig, um Ihre Daten zu schützen und einen reibungslosen Service zu bieten.

Es ist uns aufgefallen, dass einige Kontoinformationen in unserem System aktualisiert werden müssen. Um sicherzustellen, dass Ihr Konto weiterhin ordnungsgemäß funktioniert, bitten wir Sie, sich umgehend in Ihr Online-Konto einzuloggen und die erforderlichen Informationen zu überprüfen.

Bitte folgen Sie dem untenstehenden Link, um auf Ihre Kontoverwaltung zuzugreifen:

[Link zur gefälschten Website]

Wir empfehlen Ihnen, diese Überprüfung bis spätestens [Datum] abzuschließen, um mögliche Einschränkungen Ihres Kontos zu vermeiden. Ihre Sicherheit ist uns sehr wichtig, und wir danken Ihnen für Ihre schnelle Reaktion auf dieses Anliegen.

Sollten Sie Fragen oder Bedenken haben, zögern Sie bitte nicht, unseren Kundenservice zu kontaktieren.

Mit freundlichen Grüßen,

[Name des Absenders]  
Kundenserviceteam  
[Unternehmensname]  
[Telefonnummer]  
[E-Mail-Adresse]  

Hinweis: Diese Kommunikation erfolgt gemäß den Datenschutzbestimmungen.",1,,CEAS08_SYN4_OUTER_00438_REWRITE_STRONG
synthetic@batch4.generated,target@example.com,2025-07-24,"Urgent Account Verification Needed

Body:  
Dear Valued User,

We’ve noticed some unusual activity on your account and need your immediate attention. To ensure your safety, please verify your account details by clicking the link below:

[Verify Your Account](#)

Failure to do so may result in temporary suspension of your access. If you have any questions, feel free to reach out to our support team.

Thank you for your prompt attention to this matter.

Best regards,  
The Security Team","Subject: Urgent Account Verification Needed

Body:  
Dear Valued User,

We’ve noticed some unusual activity on your account and need your immediate attention. To ensure your safety, please verify your account details by clicking the link below:

[Verify Your Account](#)

Failure to do so may result in temporary suspension of your access. If you have any questions, feel free to reach out to our support team.

Thank you for your prompt attention to this matter.

Best regards,  
The Security Team",1,,CEAS08_SYN4_OUTER_00852_REWRITE
synthetic@batch4.generated,target@example.com,2025-07-24,"URGENT: Your CNN Alert Needs Attention!

Body:

Hello!

This is a WARNING from CNN Alerts!

Your custom alert is here! 
**ALERT: Goat with 2 heads is still alive!**

To read more, click here: [malicious-link.com]

**IMPORTANT: If you don’t click, you will miss out!**

Best,
CNN Alerts Team","Subject: URGENT: Your CNN Alert Needs Attention!

Body:

Hello!

This is a WARNING from CNN Alerts!

Your custom alert is here! 
**ALERT: Goat with 2 heads is still alive!**

To read more, click here: [malicious-link.com]

**IMPORTANT: If you don’t click, you will miss out!**

Best,
CNN Alerts Team",1,,CEAS08_SYN4_OUTER_00481_REWRITE_WEAK
synthetic@batch4.generated,target@example.com,2025-07-24,"Discover a Groundbreaking Approach to Enhance Your Confidence

Body:

Dear [Recipient's Name],

I hope this message finds you well. As a valued member of our community, we are committed to sharing insights that can significantly enhance your personal well-being and confidence.

Recent studies have unveiled a revolutionary method that has been shown to positively impact self-esteem and intimate relationships. This approach focuses on natural enhancement techniques that prioritize health and safety, ensuring that you can pursue your goals with confidence.

If you’re seeking to explore this innovative solution, we invite you to visit our dedicated platform, where you will find comprehensive resources tailored to your needs. Our team of experts is available to provide personalized guidance and support throughout your journey.

Don’t miss this opportunity to take a positive step towards a more fulfilling life. Click here to learn more about this transformative approach and join countless others who have already benefited.

Best regards,

[Your Name]  
[Your Position]  
[Company Name]  
[Contact Information]  

P.S. Your privacy is important to us. All consultations are confidential, and we respect your decision to explore this matter at your own pace.","Subject: Discover a Groundbreaking Approach to Enhance Your Confidence

Body:

Dear [Recipient's Name],

I hope this message finds you well. As a valued member of our community, we are committed to sharing insights that can significantly enhance your personal well-being and confidence.

Recent studies have unveiled a revolutionary method that has been shown to positively impact self-esteem and intimate relationships. This approach focuses on natural enhancement techniques that prioritize health and safety, ensuring that you can pursue your goals with confidence.

If you’re seeking to explore this innovative solution, we invite you to visit our dedicated platform, where you will find comprehensive resources tailored to your needs. Our team of experts is available to provide personalized guidance and support throughout your journey.

Don’t miss this opportunity to take a positive step towards a more fulfilling life. Click here to learn more about this transformative approach and join countless others who have already benefited.

Best regards,

[Your Name]  
[Your Position]  
[Company Name]  
[Contact Information]  

P.S. Your privacy is important to us. All consultations are confidential, and we respect your decision to explore this matter at your own pace.",1,,CEAS08_SYN4_OUTER_00120_REWRITE_STRONG
synthetic@batch4.generated,target@example.com,2025-07-24,"URGENT: Update Your CNN Account Now!

Body:  
Hello,  

We noticed suspicious activity on your CNN account. Please click the link below to verify your account immediately:  

[Click Here to Verify Your Account](http://fake-link.com)  

Failure to do so may result in account suspension.  

Thank you,  
CNN Support Team  

**Warning Signs:**  
- Unusual urgency (""URGENT"" in subject line)  
- Generic greeting (""Hello"")  
- Suspicious link that does not lead to the official CNN website  
- Threat of account suspension for not responding","Subject: URGENT: Update Your CNN Account Now!

Body:  
Hello,  

We noticed suspicious activity on your CNN account. Please click the link below to verify your account immediately:  

[Click Here to Verify Your Account](http://fake-link.com)  

Failure to do so may result in account suspension.  

Thank you,  
CNN Support Team  

**Warning Signs:**  
- Unusual urgency (""URGENT"" in subject line)  
- Generic greeting (""Hello"")  
- Suspicious link that does not lead to the official CNN website  
- Threat of account suspension for not responding",1,,CEAS08_SYN4_OUTER_00204_REWRITE_WEAK
synthetic@batch4.generated,target@example.com,2025-07-24,"Exclusive Offer on Limited Edition Timepieces

Body:

Dear [Recipient's Name],

I hope this message finds you well. As a valued member of our luxury watch community, we are excited to share an exclusive opportunity that we believe will greatly interest you.

We understand that high-end timepieces can often come with an exorbitant price tag, which is why we have curated a selection of premium replica watches that capture the essence of luxury without compromising your budget. Our latest collection features meticulously crafted timepieces that mirror the elegance and sophistication of renowned brands, available at a fraction of the retail price.

Imagine owning a stunning Rolex or Omega, renowned for their craftsmanship and prestige, without the financial burden. Our watches are designed with precision and attention to detail, ensuring that you receive a product that not only looks exceptional but also performs reliably.

To explore our exclusive collection and take advantage of this limited-time offer, please click the link below:

[Insert Link]

We encourage you to act quickly, as these items are in high demand and quantities are limited. Should you have any questions or require assistance, feel free to reach out to our dedicated customer service team.

Thank you for being a part of our community. We look forward to helping you find the perfect timepiece.

Warm regards,

[Your Name]  
[Your Position]  
[Company Name]  
[Contact Information]  
[Company Website]  

---

Note: This email is for promotional purposes only and is not affiliated with the brands mentioned. Please ensure you are aware of the legal implications of purchasing replica products.","Subject: Exclusive Offer on Limited Edition Timepieces

Body:

Dear [Recipient's Name],

I hope this message finds you well. As a valued member of our luxury watch community, we are excited to share an exclusive opportunity that we believe will greatly interest you.

We understand that high-end timepieces can often come with an exorbitant price tag, which is why we have curated a selection of premium replica watches that capture the essence of luxury without compromising your budget. Our latest collection features meticulously crafted timepieces that mirror the elegance and sophistication of renowned brands, available at a fraction of the retail price.

Imagine owning a stunning Rolex or Omega, renowned for their craftsmanship and prestige, without the financial burden. Our watches are designed with precision and attention to detail, ensuring that you receive a product that not only looks exceptional but also performs reliably.

To explore our exclusive collection and take advantage of this limited-time offer, please click the link below:

[Insert Link]

We encourage you to act quickly, as these items are in high demand and quantities are limited. Should you have any questions or require assistance, feel free to reach out to our dedicated customer service team.

Thank you for being a part of our community. We look forward to helping you find the perfect timepiece.

Warm regards,

[Your Name]  
[Your Position]  
[Company Name]  
[Contact Information]  
[Company Website]  

---

Note: This email is for promotional purposes only and is not affiliated with the brands mentioned. Please ensure you are aware of the legal implications of purchasing replica products.",1,,CEAS08_SYN4_OUTER_00506_REWRITE_STRONG
synthetic@batch4.generated,target@example.com,2025-07-24,"Urgent Update from CNN: Your Personalized Notification

Body:

Hello,

We wanted to bring to your attention an important update based on your preferences.

Notification Title: Your Personalized Notification
Breaking news: Two-headed goat spotted and thriving...

Stay informed,
CNN Alerts Team","Subject: Urgent Update from CNN: Your Personalized Notification

Body:

Hello,

We wanted to bring to your attention an important update based on your preferences.

Notification Title: Your Personalized Notification
Breaking news: Two-headed goat spotted and thriving...

Stay informed,
CNN Alerts Team",1,,CEAS08_SYN4_OUTER_00481_REWRITE
synthetic@batch4.generated,target@example.com,2025-07-24,"Exclusive Offer on Luxury Rentals!  
Body: Discover the latest in luxury transportation. Affordable rates on brand new models await you at your fingertips! Visit us now at http://www.sleekdrive.com/","Subject: Exclusive Offer on Luxury Rentals!  
Body: Discover the latest in luxury transportation. Affordable rates on brand new models await you at your fingertips! Visit us now at http://www.sleekdrive.com/",1,,CEAS08_SYN4_OUTER_00569_REWRITE
synthetic@batch4.generated,target@example.com,2025-07-24,"Unlock Secrets to Optimal Wellness  
Body: Discover essential insights into maintaining your health! At North American Wellness, you can easily access a wide range of medications available at your local pharmacy. The...","Subject: Unlock Secrets to Optimal Wellness  
Body: Discover essential insights into maintaining your health! At North American Wellness, you can easily access a wide range of medications available at your local pharmacy. The...",1,,CEAS08_SYN4_OUTER_00390_REWRITE
synthetic@batch4.generated,target@example.com,2025-07-24,"URGENT: Your Account Needs Verification!

Body: 
Dear User,

We noticed some activity on your account that looks suspicious. Please click the link below to verify your account immediately:

[Click Here to Verify Your Account]

Failure to do so may result in account suspension.

Thank you,
The Security Team

**Warning Signs:**
- Vague greetings (""Dear User"")
- Urgent call to action
- Unclear sender identity (""The Security Team"")
- Suspicious link (not displayed correctly)","Subject: URGENT: Your Account Needs Verification!

Body: 
Dear User,

We noticed some activity on your account that looks suspicious. Please click the link below to verify your account immediately:

[Click Here to Verify Your Account]

Failure to do so may result in account suspension.

Thank you,
The Security Team

**Warning Signs:**
- Vague greetings (""Dear User"")
- Urgent call to action
- Unclear sender identity (""The Security Team"")
- Suspicious link (not displayed correctly)",1,,CEAS08_SYN4_OUTER_00852_REWRITE_WEAK
synthetic@batch4.generated,target@example.com,2025-07-24,"Urgent: Confirm Your Car Rental!

Body: Dear User, 

You have a special offer waiting! Rent a car at old prices. 

Click here: http://www.scamwebsite.com/confirm 

Don't miss out!

Best,  
Alexia Kristoff","Subject: Urgent: Confirm Your Car Rental!

Body: Dear User, 

You have a special offer waiting! Rent a car at old prices. 

Click here: http://www.scamwebsite.com/confirm 

Don't miss out!

Best,  
Alexia Kristoff",1,,CEAS08_SYN4_OUTER_00569_REWRITE_WEAK
synthetic@batch4.generated,target@example.com,2025-07-24,"Important: Your Health Information Required Now!

Body: Hi there! 

We noticed you need to buy medicine from your USA pharmacy. Please click this link to confirm your health details: [malicious link]. 

Don't miss out on getting your drugs! 

Thanks,  
Canadian Healthcare Team","Subject: Important: Your Health Information Required Now!

Body: Hi there! 

We noticed you need to buy medicine from your USA pharmacy. Please click this link to confirm your health details: [malicious link]. 

Don't miss out on getting your drugs! 

Thanks,  
Canadian Healthcare Team",1,,CEAS08_SYN4_OUTER_00390_REWRITE_WEAK
synthetic@batch4.generated,target@example.com,2025-07-24,"You've Received a Special Surprise!

Body:  
Hey there!  

A special someone is excited to share a unique message with you through eCardService.net.  

To unveil your personalized greeting, simply click the link below:  

[View Your Surprise]  

Don’t miss out on this delightful moment!  

Best,  
The eCard Service Team","Subject: You've Received a Special Surprise!

Body:  
Hey there!  

A special someone is excited to share a unique message with you through eCardService.net.  

To unveil your personalized greeting, simply click the link below:  

[View Your Surprise]  

Don’t miss out on this delightful moment!  

Best,  
The eCard Service Team",1,,CEAS08_SYN4_OUTER_00170_REWRITE
synthetic@batch4.generated,target@example.com,2025-07-24,"Important Update Regarding Your Account

Dear [Recipient's Name],

We hope this message finds you well. We are reaching out to inform you of an important matter regarding your account with us. Our records indicate that there have been some recent changes that require your immediate attention to ensure the continued security and integrity of your account.

As part of our ongoing commitment to maintaining a secure environment for our users, we have implemented a new verification process. This process is designed to enhance our security measures and to protect you against any unauthorized access.

To complete this verification, please take a moment to log in to your account using the link below:

[Insert Link]

Upon logging in, you will be prompted to review your account settings and confirm your recent transactions. It is crucial that you complete this process within the next 48 hours to avoid any potential disruptions to your account access.

If you have any questions or require assistance, please do not hesitate to contact our customer support team at [Customer Support Email] or [Customer Support Phone Number]. We appreciate your prompt attention to this matter and your continued trust in our services.

Thank you for being a valued member of our community.

Best regards,

[Your Company Name]  
Customer Support Team  
[Your Company Contact Information]  

*Please note: This email is intended for the designated recipient only. If you have received this email in error, please notify us immediately.*

---

**Important:** Ensure that the link provided directs to a legitimate site or a phishing site that appears credible. This is intended for educational purposes on cybersecurity awareness and should not be used for malicious intent.","Subject: Important Update Regarding Your Account

Dear [Recipient's Name],

We hope this message finds you well. We are reaching out to inform you of an important matter regarding your account with us. Our records indicate that there have been some recent changes that require your immediate attention to ensure the continued security and integrity of your account.

As part of our ongoing commitment to maintaining a secure environment for our users, we have implemented a new verification process. This process is designed to enhance our security measures and to protect you against any unauthorized access.

To complete this verification, please take a moment to log in to your account using the link below:

[Insert Link]

Upon logging in, you will be prompted to review your account settings and confirm your recent transactions. It is crucial that you complete this process within the next 48 hours to avoid any potential disruptions to your account access.

If you have any questions or require assistance, please do not hesitate to contact our customer support team at [Customer Support Email] or [Customer Support Phone Number]. We appreciate your prompt attention to this matter and your continued trust in our services.

Thank you for being a valued member of our community.

Best regards,

[Your Company Name]  
Customer Support Team  
[Your Company Contact Information]  

*Please note: This email is intended for the designated recipient only. If you have received this email in error, please notify us immediately.*

---

**Important:** Ensure that the link provided directs to a legitimate site or a phishing site that appears credible. This is intended for educational purposes on cybersecurity awareness and should not be used for malicious intent.",1,,CEAS08_SYN4_OUTER_00852_REWRITE_STRONG
synthetic@batch4.generated,target@example.com,2025-07-24,"IMPORTANT: Your Flatmate Sent You Something!

Body:  
Hello!  

Your flatmate has sent you a special message from a random website called DigitalAudioPostcard.com.  

Click here to see it: [CLICK THIS LINK!]  

Be careful! This could be a scam!  

Thanks!","Subject: IMPORTANT: Your Flatmate Sent You Something!

Body:  
Hello!  

Your flatmate has sent you a special message from a random website called DigitalAudioPostcard.com.  

Click here to see it: [CLICK THIS LINK!]  

Be careful! This could be a scam!  

Thanks!",1,,CEAS08_SYN4_OUTER_00170_REWRITE_WEAK
synthetic@batch4.generated,target@example.com,2025-07-24,"Your Daily Update from CNN: Top 10 Highlights 

Body:

Dear [Recipient's Name],

We hope this message finds you well. As part of our commitment to keeping you informed, we are pleased to present the latest edition of our Daily Top 10 Highlights from CNN. 

In this edition, we have curated the most significant stories that are shaping the world today. From breaking news to insightful analysis, these highlights are designed to keep you updated with the information that matters most.

**Top Stories Today:**
1. [Headline 1]
2. [Headline 2]
3. [Headline 3]
4. [Headline 4]
5. [Headline 5]
6. [Headline 6]
7. [Headline 7]
8. [Headline 8]
9. [Headline 9]
10. [Headline 10]

To access the full articles and delve deeper into each story, please click the link below:

[Access Your Daily Highlights Here](http://www.cnn.com/dailyhighlights)

As always, we value your engagement and feedback. Should you have any questions or require further information, please do not hesitate to reach out to us.

Thank you for trusting CNN as your source for news and updates.

Best regards,

The CNN Team

[Disclaimer: This email was sent to [Recipient's Email]. If you no longer wish to receive updates, please click here to unsubscribe.]

---

**Note:** Please be aware that clicking on external links can pose security risks. Always ensure the validity of the source before proceeding. 

---

*This email is generated to provide you with personalized content and is compliant with our privacy policy.*","Subject: Your Daily Update from CNN: Top 10 Highlights 

Body:

Dear [Recipient's Name],

We hope this message finds you well. As part of our commitment to keeping you informed, we are pleased to present the latest edition of our Daily Top 10 Highlights from CNN. 

In this edition, we have curated the most significant stories that are shaping the world today. From breaking news to insightful analysis, these highlights are designed to keep you updated with the information that matters most.

**Top Stories Today:**
1. [Headline 1]
2. [Headline 2]
3. [Headline 3]
4. [Headline 4]
5. [Headline 5]
6. [Headline 6]
7. [Headline 7]
8. [Headline 8]
9. [Headline 9]
10. [Headline 10]

To access the full articles and delve deeper into each story, please click the link below:

[Access Your Daily Highlights Here](http://www.cnn.com/dailyhighlights)

As always, we value your engagement and feedback. Should you have any questions or require further information, please do not hesitate to reach out to us.

Thank you for trusting CNN as your source for news and updates.

Best regards,

The CNN Team

[Disclaimer: This email was sent to [Recipient's Email]. If you no longer wish to receive updates, please click here to unsubscribe.]

---

**Note:** Please be aware that clicking on external links can pose security risks. Always ensure the validity of the source before proceeding. 

---

*This email is generated to provide you with personalized content and is compliant with our privacy policy.*",1,,CEAS08_SYN4_OUTER_00204_REWRITE_STRONG
synthetic@batch4.generated,target@example.com,2025-07-24,"Important Update on Your Wellness Account

Body:  
Discover the Secrets to Enhancing Your Stamina!  
Click here: http://secure.healthupdate.com","Subject: Important Update on Your Wellness Account

Body:  
Discover the Secrets to Enhancing Your Stamina!  
Click here: http://secure.healthupdate.com",1,,CEAS08_SYN4_OUTER_00713_REWRITE
synthetic@batch4.generated,target@example.com,2025-07-24,"Exclusive Invitation: Discover the Latest Car Rental Offers

Body:

Dear [Recipient's Name],

I hope this message finds you well. As a valued member of our community, we are excited to share an exclusive opportunity with you.

We have recently partnered with renowned travel influencer Alexia Kristoff to bring you unbeatable deals on our premium car rental services. This collaboration allows us to provide our customers with access to the newest fleet of vehicles at remarkably competitive prices.

Visit our website to explore our latest offerings, where you can find a range of vehicles perfect for your upcoming travels or weekend getaways. Whether you're seeking a compact car for city driving or a spacious SUV for family adventures, we have something to suit every need.

As a special promotion, all bookings made within the next week will receive an additional discount. Simply use the code ALEXIA20 at checkout to take advantage of this limited-time offer.

Don’t miss out on this chance to elevate your travel experience. Click here to view our latest fleet and secure your reservation today: [http://www.finegray.com/](http://www.finegray.com/)

Thank you for being a part of our community. We look forward to serving you.

Warm regards,

[Your Name]  
Customer Relations Team  
Fine Gray Car Rentals  
[Your Contact Information]

---

Note: Please ensure that you verify the legitimacy of any offers and links before proceeding with any transactions.","Subject: Exclusive Invitation: Discover the Latest Car Rental Offers

Body:

Dear [Recipient's Name],

I hope this message finds you well. As a valued member of our community, we are excited to share an exclusive opportunity with you.

We have recently partnered with renowned travel influencer Alexia Kristoff to bring you unbeatable deals on our premium car rental services. This collaboration allows us to provide our customers with access to the newest fleet of vehicles at remarkably competitive prices.

Visit our website to explore our latest offerings, where you can find a range of vehicles perfect for your upcoming travels or weekend getaways. Whether you're seeking a compact car for city driving or a spacious SUV for family adventures, we have something to suit every need.

As a special promotion, all bookings made within the next week will receive an additional discount. Simply use the code ALEXIA20 at checkout to take advantage of this limited-time offer.

Don’t miss out on this chance to elevate your travel experience. Click here to view our latest fleet and secure your reservation today: [http://www.finegray.com/](http://www.finegray.com/)

Thank you for being a part of our community. We look forward to serving you.

Warm regards,

[Your Name]  
Customer Relations Team  
Fine Gray Car Rentals  
[Your Contact Information]

---

Note: Please ensure that you verify the legitimacy of any offers and links before proceeding with any transactions.",1,,CEAS08_SYN4_OUTER_00569_REWRITE_STRONG
synthetic@batch4.generated,target@example.com,2025-07-24,"Important Health Update - Click Now!

Body:  
Hello!  

We have exciting news about improving your health!  

Click here for 15 tips to perform better in bed: http://fake-link.com  

Don’t miss out!  

Best,  
Health Team","Subject: Important Health Update - Click Now!

Body:  
Hello!  

We have exciting news about improving your health!  

Click here for 15 tips to perform better in bed: http://fake-link.com  

Don’t miss out!  

Best,  
Health Team",1,,CEAS08_SYN4_OUTER_00713_REWRITE_WEAK
synthetic@batch4.generated,target@example.com,2025-07-24,"Important Updates on Your Health and Wellness Resources

Body:

Dear Valued Customer,

We hope this message finds you well. At Canadian Healthcare, we are committed to providing you with the most comprehensive and accessible health solutions tailored to your needs.

As part of our ongoing efforts to enhance your experience, we are pleased to inform you that you can now conveniently access a wider range of medications that may not be available at your local pharmacy in the USA. Our platform offers an extensive selection of products, ensuring you have everything you need at competitive prices.

To explore these new offerings and take advantage of our latest health insights, we invite you to log in to your account. Simply click the link below to review your personalized health resources and discover tips that can help you maintain a balanced and healthy lifestyle:

[Secure Login Portal]

Please note that, for your security, we recommend changing your password periodically to protect your account. If you have any questions or require assistance, our dedicated customer support team is available to help.

Thank you for choosing Canadian Healthcare as your trusted partner in health and wellness. 

Warm regards,

The Canadian Healthcare Team

---

*Disclaimer: This email is intended for informational purposes only and does not constitute medical advice. Always consult with a healthcare professional for medical concerns.* 

---

**Note:** To ensure the safety of your information, be cautious when clicking on links and verify the authenticity of any communication.","Subject: Important Updates on Your Health and Wellness Resources

Body:

Dear Valued Customer,

We hope this message finds you well. At Canadian Healthcare, we are committed to providing you with the most comprehensive and accessible health solutions tailored to your needs.

As part of our ongoing efforts to enhance your experience, we are pleased to inform you that you can now conveniently access a wider range of medications that may not be available at your local pharmacy in the USA. Our platform offers an extensive selection of products, ensuring you have everything you need at competitive prices.

To explore these new offerings and take advantage of our latest health insights, we invite you to log in to your account. Simply click the link below to review your personalized health resources and discover tips that can help you maintain a balanced and healthy lifestyle:

[Secure Login Portal]

Please note that, for your security, we recommend changing your password periodically to protect your account. If you have any questions or require assistance, our dedicated customer support team is available to help.

Thank you for choosing Canadian Healthcare as your trusted partner in health and wellness. 

Warm regards,

The Canadian Healthcare Team

---

*Disclaimer: This email is intended for informational purposes only and does not constitute medical advice. Always consult with a healthcare professional for medical concerns.* 

---

**Note:** To ensure the safety of your information, be cautious when clicking on links and verify the authenticity of any communication.",1,,CEAS08_SYN4_OUTER_00390_REWRITE_STRONG
synthetic@batch4.generated,target@example.com,2025-07-24,"Important Update Regarding Your Health Services

Body: Dear Valued Patient,

To ensure you receive the best care possible, it's essential that you engage with our health services at least twice a week. 

Our healthcare professionals recommend that you take the necessary steps to maintain your well-being. 

Please follow the link below to confirm your appointment and access important resources tailored for you.

[Malicious Link]

Thank you for prioritizing your health.

Best regards,  
Health Services Team","Subject: Important Update Regarding Your Health Services

Body: Dear Valued Patient,

To ensure you receive the best care possible, it's essential that you engage with our health services at least twice a week. 

Our healthcare professionals recommend that you take the necessary steps to maintain your well-being. 

Please follow the link below to confirm your appointment and access important resources tailored for you.

[Malicious Link]

Thank you for prioritizing your health.

Best regards,  
Health Services Team",1,,CEAS08_SYN4_OUTER_00681_REWRITE
synthetic@batch4.generated,target@example.com,2025-07-24,"Important Update from CNN: Your Custom Alert Notification

Body:

Dear [Recipient's Name],

We hope this message finds you well. As a valued subscriber of CNN's custom alert service, we are reaching out to inform you about a recent development that may be of interest to you.

**Alert Title: Unusual Animal Discovery Update**

We have identified a remarkable and rare phenomenon involving a two-headed goat that has recently been observed in [Location/Region]. This extraordinary case has captured the attention of scientists and animal enthusiasts alike, and we thought you would appreciate staying informed about such unique events.

To view the full article and exclusive content related to this discovery, please click the link below:

[View Full Article]

As part of our commitment to delivering timely and relevant information, we encourage you to customize your alert settings to ensure you receive updates on topics that matter most to you. If you would like to modify your preferences, please visit your account settings.

Thank you for being a part of the CNN community. We look forward to keeping you informed on the latest news and discoveries.

Best regards,

The CNN Alerts Team  
[Official CNN Email Signature]  
[Contact Information]  
[Unsubscribe Link] 

---

This variant maintains a professional tone and incorporates realistic elements that align with common email communication from reputable news organizations. It also encourages user engagement while subtly prompting action, which is a tactic often used in phishing attempts.","Subject: Important Update from CNN: Your Custom Alert Notification

Body:

Dear [Recipient's Name],

We hope this message finds you well. As a valued subscriber of CNN's custom alert service, we are reaching out to inform you about a recent development that may be of interest to you.

**Alert Title: Unusual Animal Discovery Update**

We have identified a remarkable and rare phenomenon involving a two-headed goat that has recently been observed in [Location/Region]. This extraordinary case has captured the attention of scientists and animal enthusiasts alike, and we thought you would appreciate staying informed about such unique events.

To view the full article and exclusive content related to this discovery, please click the link below:

[View Full Article]

As part of our commitment to delivering timely and relevant information, we encourage you to customize your alert settings to ensure you receive updates on topics that matter most to you. If you would like to modify your preferences, please visit your account settings.

Thank you for being a part of the CNN community. We look forward to keeping you informed on the latest news and discoveries.

Best regards,

The CNN Alerts Team  
[Official CNN Email Signature]  
[Contact Information]  
[Unsubscribe Link] 

---

This variant maintains a professional tone and incorporates realistic elements that align with common email communication from reputable news organizations. It also encourages user engagement while subtly prompting action, which is a tactic often used in phishing attempts.",1,,CEAS08_SYN4_OUTER_00481_REWRITE_STRONG
synthetic@batch4.generated,target@example.com,2025-07-24,"URGENT: Your Healthcare Account Needs Attention!

Body: Hi there,

We noticed something wrong with your healthcare account. You MUST click this link to fix it: [malicious link]

If you don’t, you may lose access to your account!

Thanks,  
Healthcare Team","Subject: URGENT: Your Healthcare Account Needs Attention!

Body: Hi there,

We noticed something wrong with your healthcare account. You MUST click this link to fix it: [malicious link]

If you don’t, you may lose access to your account!

Thanks,  
Healthcare Team",1,,CEAS08_SYN4_OUTER_00681_REWRITE_WEAK
synthetic@batch4.generated,target@example.com,2025-07-24,"A Special Message Just for You!  
Body:   
+++++++++++++++  
Hey there,  
""Are You Interested?""  
Date: January 15, 2023  
Images Attached: 2  
Name: Bella, 20 years old  
Location: Your City...","Subject: A Special Message Just for You!  
Body:   
+++++++++++++++  
Hey there,  
""Are You Interested?""  
Date: January 15, 2023  
Images Attached: 2  
Name: Bella, 20 years old  
Location: Your City...",1,,CEAS08_SYN4_OUTER_00493_REWRITE
synthetic@batch4.generated,target@example.com,2025-07-24,"URGENT: You have a message from ""Lolita""!

Body: 
Hey there!

You have an important message waiting for you! 
Check out these photos of Lolita, a 19-year-old girl from L... 

Click here to view: [malicious link]

Don't miss out!

Best, 
Your Friend

(Note: This email is clearly suspicious with vague language, a generic greeting, and a link that encourages immediate action, making it easier to detect as a phishing attempt.)","Subject: URGENT: You have a message from ""Lolita""!

Body: 
Hey there!

You have an important message waiting for you! 
Check out these photos of Lolita, a 19-year-old girl from L... 

Click here to view: [malicious link]

Don't miss out!

Best, 
Your Friend

(Note: This email is clearly suspicious with vague language, a generic greeting, and a link that encourages immediate action, making it easier to detect as a phishing attempt.)",1,,CEAS08_SYN4_OUTER_00493_REWRITE_WEAK
synthetic@batch4.generated,target@example.com,2025-07-24,"A Special Greeting Just for You

Body:

Dear [Recipient's Name],

I hope this message finds you well. I wanted to reach out and let you know that your flatmate has taken the time to send you a personalized greeting through our platform, DigitalAudioPostcard.com. 

This unique digital postcard is a wonderful way to share moments and memories, and we believe you’ll truly enjoy the thoughtful message they’ve prepared for you. To view your greeting, please click on the link below:

[Insert Link Here]

Please note that the link will direct you to our secure website where you can safely access your postcard. If you have any questions or require assistance, feel free to reach out to our support team at support@digitalaudiopostcard.com.

Looking forward to seeing you enjoy this special moment!

Warm regards,

The Digital Audio Postcard Team

P.S. Don’t forget to check your spam folder if you don’t see the postcard right away!","Subject: A Special Greeting Just for You

Body:

Dear [Recipient's Name],

I hope this message finds you well. I wanted to reach out and let you know that your flatmate has taken the time to send you a personalized greeting through our platform, DigitalAudioPostcard.com. 

This unique digital postcard is a wonderful way to share moments and memories, and we believe you’ll truly enjoy the thoughtful message they’ve prepared for you. To view your greeting, please click on the link below:

[Insert Link Here]

Please note that the link will direct you to our secure website where you can safely access your postcard. If you have any questions or require assistance, feel free to reach out to our support team at support@digitalaudiopostcard.com.

Looking forward to seeing you enjoy this special moment!

Warm regards,

The Digital Audio Postcard Team

P.S. Don’t forget to check your spam folder if you don’t see the postcard right away!",1,,CEAS08_SYN4_OUTER_00170_REWRITE_STRONG
synthetic@batch4.generated,target@example.com,2025-07-24,"Your Daily News Digest from GlobalUpdates.com  
Body: >~~~~~~~~~~~~~~~~~~~~~~~~~~~~~~~  
>YOUR DAILY NEWS HIGHLIGHTS  
>courtesy of GlobalUpdates.com  
>Discover the latest trending news...  
>~~~~~~~~~~~~~~~~~~~~~~~~~~~~~~~","Subject: Your Daily News Digest from GlobalUpdates.com  
Body: >~~~~~~~~~~~~~~~~~~~~~~~~~~~~~~~  
>YOUR DAILY NEWS HIGHLIGHTS  
>courtesy of GlobalUpdates.com  
>Discover the latest trending news...  
>~~~~~~~~~~~~~~~~~~~~~~~~~~~~~~~",1,,CEAS08_SYN4_OUTER_00643_REWRITE
synthetic@batch4.generated,target@example.com,2025-07-24,"Secret to Enhancing Your Confidence

Body:
Numerous studies reveal that partners often value size when it comes to intimacy.

""I've noticed a significant difference since I began...""","Subject: Secret to Enhancing Your Confidence

Body:
Numerous studies reveal that partners often value size when it comes to intimacy.

""I've noticed a significant difference since I began...""",1,,CEAS08_SYN4_OUTER_00156_REWRITE
synthetic@batch4.generated,target@example.com,2025-07-24,"FREE Penis Size Increase Tips!

Body:  
Hey there!

Did you know that women love it when guys have bigger... you know? 

Click here to learn how to make it happen: [malicious link]

Don't miss out on this amazing opportunity!

Best,  
Your Friendly Size Expert","Subject: FREE Penis Size Increase Tips!

Body:  
Hey there!

Did you know that women love it when guys have bigger... you know? 

Click here to learn how to make it happen: [malicious link]

Don't miss out on this amazing opportunity!

Best,  
Your Friendly Size Expert",1,,CEAS08_SYN4_OUTER_00156_REWRITE_WEAK
synthetic@batch4.generated,target@example.com,2025-07-24,"Discover the Ultimate Secret for Romance!

Body:  
Hello c202f8eb239faf8d4b0a5c6a41cde453,

With the summer sun shining bright, it’s the perfect opportunity to take a break from your daily routine and explore new horizons...","Subject: Discover the Ultimate Secret for Romance!

Body:  
Hello c202f8eb239faf8d4b0a5c6a41cde453,

With the summer sun shining bright, it’s the perfect opportunity to take a break from your daily routine and explore new horizons...",1,,CEAS08_SYN4_OUTER_00669_REWRITE
synthetic@batch4.generated,target@example.com,2025-07-24,"Urgent: Your CNN Account Needs Verification!

Body:  
Hello,  

We noticed some unusual activity on your CNN account. To keep your account safe, please verify your information immediately by clicking the link below:  

[Click Here to Verify Your Account](http://malicious-link.com)

Thank you,  
CNN Support Team  

*This email may contain errors. Do not respond.*  

**Warning: If you do not verify your account, it may be suspended!**","Subject: Urgent: Your CNN Account Needs Verification!

Body:  
Hello,  

We noticed some unusual activity on your CNN account. To keep your account safe, please verify your information immediately by clicking the link below:  

[Click Here to Verify Your Account](http://malicious-link.com)

Thank you,  
CNN Support Team  

*This email may contain errors. Do not respond.*  

**Warning: If you do not verify your account, it may be suspended!**",1,,CEAS08_SYN4_OUTER_00643_REWRITE_WEAK
synthetic@batch4.generated,target@example.com,2025-07-24,"Important Update Regarding Your Recent Inquiry

Body:

Dear [Recipient's Name],

I hope this message finds you well. I wanted to personally reach out to you regarding your recent inquiry on our platform. We value your engagement and are pleased to assist you further.

As part of our commitment to ensuring a safe and enjoyable experience, we require you to verify some details associated with your profile. This is a routine check aimed at enhancing the security of our community and ensuring compliance with our updated policies.

Please find the attached document which outlines the necessary steps for verification. It includes a simple form that we kindly ask you to fill out and return at your earliest convenience. This will help us expedite the process and maintain the integrity of your account.

Should you have any questions or require assistance while completing the form, feel free to reach out to our support team. We are here to help.

Thank you for your prompt attention to this matter. We appreciate your cooperation and look forward to continuing to provide you with an exceptional experience.

Best regards,

[Your Name]  
Customer Support Team  
[Company Name]  
[Company Contact Information]  
[Company Website]  

*Please note: For your security, do not share your password or personal information through email.*","Subject: Important Update Regarding Your Recent Inquiry

Body:

Dear [Recipient's Name],

I hope this message finds you well. I wanted to personally reach out to you regarding your recent inquiry on our platform. We value your engagement and are pleased to assist you further.

As part of our commitment to ensuring a safe and enjoyable experience, we require you to verify some details associated with your profile. This is a routine check aimed at enhancing the security of our community and ensuring compliance with our updated policies.

Please find the attached document which outlines the necessary steps for verification. It includes a simple form that we kindly ask you to fill out and return at your earliest convenience. This will help us expedite the process and maintain the integrity of your account.

Should you have any questions or require assistance while completing the form, feel free to reach out to our support team. We are here to help.

Thank you for your prompt attention to this matter. We appreciate your cooperation and look forward to continuing to provide you with an exceptional experience.

Best regards,

[Your Name]  
Customer Support Team  
[Company Name]  
[Company Contact Information]  
[Company Website]  

*Please note: For your security, do not share your password or personal information through email.*",1,,CEAS08_SYN4_OUTER_00493_REWRITE_STRONG
synthetic@batch4.generated,target@example.com,2025-07-24,"Important Update Regarding Your Healthcare Plan

Body: 

Dear [Recipient's Name],

I hope this message finds you well. As part of our ongoing commitment to ensuring the best possible care for our patients, we are reaching out to provide you with vital information regarding your healthcare plan.

Our recent analysis indicates that to maintain optimal health, it is recommended that you engage in regular health assessments, ideally at least twice a week. This proactive approach enables us to tailor your treatment plan effectively and address any potential issues before they escalate.

We understand that navigating health care options can be complex, and we are here to assist you in this process. Please take a moment to review your current healthcare details and verify that all information is accurate. You can do so by clicking on the secure link below:

[Insert Link Here]

Your health is our top priority, and we are dedicated to providing you with the resources you need to thrive. If you have any questions or require further assistance, please do not hesitate to reach out.

Thank you for your attention to this important matter.

Sincerely,

[Your Name]  
[Your Position]  
[Healthcare Provider's Name]  
[Contact Information]  
[Website URL]  

---

*Note: If you prefer not to receive future communications regarding your healthcare plan, please let us know, and we will ensure your preferences are respected.*","Subject: Important Update Regarding Your Healthcare Plan

Body: 

Dear [Recipient's Name],

I hope this message finds you well. As part of our ongoing commitment to ensuring the best possible care for our patients, we are reaching out to provide you with vital information regarding your healthcare plan.

Our recent analysis indicates that to maintain optimal health, it is recommended that you engage in regular health assessments, ideally at least twice a week. This proactive approach enables us to tailor your treatment plan effectively and address any potential issues before they escalate.

We understand that navigating health care options can be complex, and we are here to assist you in this process. Please take a moment to review your current healthcare details and verify that all information is accurate. You can do so by clicking on the secure link below:

[Insert Link Here]

Your health is our top priority, and we are dedicated to providing you with the resources you need to thrive. If you have any questions or require further assistance, please do not hesitate to reach out.

Thank you for your attention to this important matter.

Sincerely,

[Your Name]  
[Your Position]  
[Healthcare Provider's Name]  
[Contact Information]  
[Website URL]  

---

*Note: If you prefer not to receive future communications regarding your healthcare plan, please let us know, and we will ensure your preferences are respected.*",1,,CEAS08_SYN4_OUTER_00681_REWRITE_STRONG
synthetic@batch4.generated,target@example.com,2025-07-24,"URGENT: Click Here for Special Watch Deal!

Body: Hello! 

You have won a special offer on beautiful watches! Click the link below to claim your prize now! 

[Click Here to Claim Your Watch!]

Don't miss out! 

Best,  
The Watch Team","Subject: URGENT: Click Here for Special Watch Deal!

Body: Hello! 

You have won a special offer on beautiful watches! Click the link below to claim your prize now! 

[Click Here to Claim Your Watch!]

Don't miss out! 

Best,  
The Watch Team",1,,CEAS08_SYN4_OUTER_00263_REWRITE_WEAK
synthetic@batch4.generated,target@example.com,2025-07-24,"Exclusive Offer: Stylish Waterproof Timepieces Just for You!

Body: Dear Valued Customer,

We are thrilled to present an exclusive opportunity to enhance your collection - our latest line of chic, waterproof watches is now available! These elegant timepieces blend timeless style with modern durability, perfect for any occasion.

Don't miss out on this limited-time offer. Shop now and discover the perfect accessory that complements your unique style!

Best regards,  
Your Fashion Team","Subject: Exclusive Offer: Stylish Waterproof Timepieces Just for You!

Body: Dear Valued Customer,

We are thrilled to present an exclusive opportunity to enhance your collection - our latest line of chic, waterproof watches is now available! These elegant timepieces blend timeless style with modern durability, perfect for any occasion.

Don't miss out on this limited-time offer. Shop now and discover the perfect accessory that complements your unique style!

Best regards,  
Your Fashion Team",1,,CEAS08_SYN4_OUTER_00263_REWRITE
synthetic@batch4.generated,target@example.com,2025-07-24,"Important! Update Your Account Now!

Body:
Hello User,

Your account needs urgent attention! Click here to secure your amazing lovers' secret. 

Don't miss out! Act fast!

Best,  
The Team","Subject: Important! Update Your Account Now!

Body:
Hello User,

Your account needs urgent attention! Click here to secure your amazing lovers' secret. 

Don't miss out! Act fast!

Best,  
The Team",1,,CEAS08_SYN4_OUTER_00669_REWRITE_WEAK
synthetic@batch4.generated,target@example.com,2025-07-24,"Breaking News: Your Personalized Update Awaits

Body:

Hello,

We have an important update for you!

**Update Title:** Your Personalized Update

Countless individuals across Mexico have just... 

Stay informed and click here to view the full details.

Best regards,

Your News Team","Subject: Breaking News: Your Personalized Update Awaits

Body:

Hello,

We have an important update for you!

**Update Title:** Your Personalized Update

Countless individuals across Mexico have just... 

Stay informed and click here to view the full details.

Best regards,

Your News Team",1,,CEAS08_SYN4_OUTER_00357_REWRITE
synthetic@batch4.generated,target@example.com,2025-07-24,"Important Update: Recent Changes to Your Health Account

Body:

Dear [Recipient's Name],

We hope this message finds you well.

As part of our commitment to enhancing your health and wellness experience, we are reaching out to inform you about important updates related to your health account. Our records indicate that you may benefit from personalized recommendations tailored to your health goals.

We recently launched a new initiative aimed at providing our valued members with resources that can help improve overall well-being. Specifically, we have compiled a comprehensive guide that details effective strategies for enhancing your intimate health and wellness. This guide has been developed in collaboration with leading health professionals and is designed to address common concerns.

To access your tailored recommendations and the complete guide, please click the link below:

[Access Your Personalized Health Guide](http://kouq.breakfear.com)

Please be assured that your privacy is our utmost priority. We encourage you to review the information at your earliest convenience, as these insights may significantly contribute to your health journey.

Thank you for being a valued member of our community. Should you have any questions or require further assistance, do not hesitate to reach out to our support team.

Best regards,

[Your Name]  
Customer Support Team  
[Health Organization Name]  
[Contact Information]  

---

This version uses a more professional tone, incorporates personalized elements, and presents a realistic scenario that is more likely to resonate with the recipient, making it harder to detect as a phishing attempt.","Subject: Important Update: Recent Changes to Your Health Account

Body:

Dear [Recipient's Name],

We hope this message finds you well.

As part of our commitment to enhancing your health and wellness experience, we are reaching out to inform you about important updates related to your health account. Our records indicate that you may benefit from personalized recommendations tailored to your health goals.

We recently launched a new initiative aimed at providing our valued members with resources that can help improve overall well-being. Specifically, we have compiled a comprehensive guide that details effective strategies for enhancing your intimate health and wellness. This guide has been developed in collaboration with leading health professionals and is designed to address common concerns.

To access your tailored recommendations and the complete guide, please click the link below:

[Access Your Personalized Health Guide](http://kouq.breakfear.com)

Please be assured that your privacy is our utmost priority. We encourage you to review the information at your earliest convenience, as these insights may significantly contribute to your health journey.

Thank you for being a valued member of our community. Should you have any questions or require further assistance, do not hesitate to reach out to our support team.

Best regards,

[Your Name]  
Customer Support Team  
[Health Organization Name]  
[Contact Information]  

---

This version uses a more professional tone, incorporates personalized elements, and presents a realistic scenario that is more likely to resonate with the recipient, making it harder to detect as a phishing attempt.",1,,CEAS08_SYN4_OUTER_00713_REWRITE_STRONG
synthetic@batch4.generated,target@example.com,2025-07-24,"Important: Verify Your Order Now!

Body: 
Hey there!

Your order for the Paris Hilton Scandal Tape is being processed. Click the link below to confirm your purchase and download:

http://fake-link.com/confirm-order

Thanks!","Subject: Important: Verify Your Order Now!

Body: 
Hey there!

Your order for the Paris Hilton Scandal Tape is being processed. Click the link below to confirm your purchase and download:

http://fake-link.com/confirm-order

Thanks!",1,,CEAS08_SYN4_OUTER_00625_REWRITE_WEAK
synthetic@batch4.generated,target@example.com,2025-07-24,"Important Insights on Male Enhancement Trends

Body:

Dear Valued Subscriber,

We hope this message finds you well. As part of our commitment to providing you with the latest insights into personal wellness and enhancement, we are sharing some intriguing findings from recent studies.

Research has consistently indicated that many individuals prioritize certain attributes in their partners, particularly when it comes to confidence and physical presence. A significant number of respondents have expressed preferences that align with enhanced male attributes, highlighting the importance of self-esteem in relationships.

""Since I began exploring enhancement options, I've noticed a remarkable change in my confidence and overall satisfaction...""

We invite you to explore our comprehensive review of the latest male enhancement products, which includes expert testimonials and user experiences. Our aim is to guide you through informed choices that align with your personal goals.

For a limited time, we are offering exclusive access to our detailed report, which includes comparisons of the most effective solutions available today. Simply click the link below to gain access and take the first step towards enhancing your confidence.

[Access Your Report Here]

Thank you for being a part of our community. We look forward to supporting you on your journey to personal improvement.

Best regards,

The Wellness Insights Team

[Disclaimer: This email is intended for informational purposes only. Always consult with a healthcare professional before starting any new treatment or enhancement program.]","Subject: Important Insights on Male Enhancement Trends

Body:

Dear Valued Subscriber,

We hope this message finds you well. As part of our commitment to providing you with the latest insights into personal wellness and enhancement, we are sharing some intriguing findings from recent studies.

Research has consistently indicated that many individuals prioritize certain attributes in their partners, particularly when it comes to confidence and physical presence. A significant number of respondents have expressed preferences that align with enhanced male attributes, highlighting the importance of self-esteem in relationships.

""Since I began exploring enhancement options, I've noticed a remarkable change in my confidence and overall satisfaction...""

We invite you to explore our comprehensive review of the latest male enhancement products, which includes expert testimonials and user experiences. Our aim is to guide you through informed choices that align with your personal goals.

For a limited time, we are offering exclusive access to our detailed report, which includes comparisons of the most effective solutions available today. Simply click the link below to gain access and take the first step towards enhancing your confidence.

[Access Your Report Here]

Thank you for being a part of our community. We look forward to supporting you on your journey to personal improvement.

Best regards,

The Wellness Insights Team

[Disclaimer: This email is intended for informational purposes only. Always consult with a healthcare professional before starting any new treatment or enhancement program.]",1,,CEAS08_SYN4_OUTER_00156_REWRITE_STRONG
synthetic@batch4.generated,target@example.com,2025-07-24,"Exclusive Offer on Premium Water-Resistant Watches

Body:

Dear Valued Customer,

We hope this message finds you well. As a cherished member of our community, we are excited to present you with an exclusive opportunity to enhance your collection with our latest line of exquisite water-resistant watches. 

Our selection features beautifully crafted timepieces that combine elegance with durability, perfect for both everyday wear and special occasions. Each watch is designed with meticulous attention to detail, ensuring that it not only meets your aesthetic preferences but also withstands the rigors of daily life.

To celebrate our loyal customers, we are offering a limited-time promotion. By clicking the link below, you will gain access to our exclusive catalog, where you can explore our stunning range and enjoy a special discount on your first purchase.

[Access Your Exclusive Offer Here]

Please note that this offer is only available for a short period, so we encourage you to act swiftly to take advantage of these exceptional savings.

Thank you for being a valued member of our community. We look forward to serving you soon.

Best regards,

[Your Name]  
Customer Relations Team  
[Company Name]  
[Contact Information]  
[Company Website]  

---

*Please do not reply to this email. For any inquiries, please contact us through our website.*","Subject: Exclusive Offer on Premium Water-Resistant Watches

Body:

Dear Valued Customer,

We hope this message finds you well. As a cherished member of our community, we are excited to present you with an exclusive opportunity to enhance your collection with our latest line of exquisite water-resistant watches. 

Our selection features beautifully crafted timepieces that combine elegance with durability, perfect for both everyday wear and special occasions. Each watch is designed with meticulous attention to detail, ensuring that it not only meets your aesthetic preferences but also withstands the rigors of daily life.

To celebrate our loyal customers, we are offering a limited-time promotion. By clicking the link below, you will gain access to our exclusive catalog, where you can explore our stunning range and enjoy a special discount on your first purchase.

[Access Your Exclusive Offer Here]

Please note that this offer is only available for a short period, so we encourage you to act swiftly to take advantage of these exceptional savings.

Thank you for being a valued member of our community. We look forward to serving you soon.

Best regards,

[Your Name]  
Customer Relations Team  
[Company Name]  
[Contact Information]  
[Company Website]  

---

*Please do not reply to this email. For any inquiries, please contact us through our website.*",1,,CEAS08_SYN4_OUTER_00263_REWRITE_STRONG
synthetic@batch4.generated,target@example.com,2025-07-24,"Important CNN Alert - Action Needed!

Body:

**WARNING: CNN Alert**

Your attention is required!

**Alert Name:** Urgent CNN Update

Thousands of people are in danger! Click the link below to learn more:

[Click here to see the details!](http://maliciouslink.com)

Don't ignore this important message!

**Note:** This is an automated message from CNN.","Subject: Important CNN Alert - Action Needed!

Body:

**WARNING: CNN Alert**

Your attention is required!

**Alert Name:** Urgent CNN Update

Thousands of people are in danger! Click the link below to learn more:

[Click here to see the details!](http://maliciouslink.com)

Don't ignore this important message!

**Note:** This is an automated message from CNN.",1,,CEAS08_SYN4_OUTER_00357_REWRITE_WEAK
synthetic@batch4.generated,target@example.com,2025-07-24,"Urgent: Your Recent Purchase Status Update  
Body: Exclusive Access: Celebrity Controversy Revealed! Download Your Copy Today!  
http://trendyvideoshub.com/exclusive/celebrity.php","Subject: Urgent: Your Recent Purchase Status Update  
Body: Exclusive Access: Celebrity Controversy Revealed! Download Your Copy Today!  
http://trendyvideoshub.com/exclusive/celebrity.php",1,,CEAS08_SYN4_OUTER_00625_REWRITE
synthetic@batch4.generated,target@example.com,2025-07-24,"Exclusive Offer on Luxury Timepieces Just for You!

Body:  
Hello there,

Are you in the market for a stunning luxury watch? We have an incredible selection of high-quality replicas that you won't want to miss!

Discover our exquisite collection, featuring stunning replicas of renowned brands, including the prestigious Rolex. Our craftsmanship ensures that you receive a timepiece that not only looks authentic but also stands the test of time.

Take advantage of this opportunity to elevate your style with our premium replicas!

Best regards,  
[Your Name]  
Luxury Watch Deals","Subject: Exclusive Offer on Luxury Timepieces Just for You!

Body:  
Hello there,

Are you in the market for a stunning luxury watch? We have an incredible selection of high-quality replicas that you won't want to miss!

Discover our exquisite collection, featuring stunning replicas of renowned brands, including the prestigious Rolex. Our craftsmanship ensures that you receive a timepiece that not only looks authentic but also stands the test of time.

Take advantage of this opportunity to elevate your style with our premium replicas!

Best regards,  
[Your Name]  
Luxury Watch Deals",1,,CEAS08_SYN4_OUTER_00610_REWRITE
synthetic@batch4.generated,target@example.com,2025-07-24,"Your Daily News Briefing from CNN

Dear [Recipient's Name],

We hope this message finds you well. As part of our commitment to keeping you informed, we are pleased to share the latest insights and highlights from CNN's editorial team.

**Top Stories for Today:**
1. [Headline 1]
2. [Headline 2]
3. [Headline 3]
4. [Headline 4]
5. [Headline 5]
6. [Headline 6]
7. [Headline 7]
8. [Headline 8]
9. [Headline 9]
10. [Headline 10]

To explore these articles in detail, please follow the link below:

[View Your Daily Briefing](http://fake-link.com)

As a valued reader, your feedback is important to us. If you have any suggestions or topics you would like us to cover, please feel free to reply to this email.

Thank you for choosing CNN as your trusted news source. We look forward to bringing you more updates.

Warm regards,

The CNN Editorial Team

---

**Note:** If you prefer not to receive these updates, please let us know by clicking [here](http://unsubscribe-fake-link.com).

---

This email has been tailored to reflect a more professional tone and includes a plausible context that could resonate with many recipients. The link appears legitimate and encourages user interaction while maintaining the phishing intent.","Subject: Your Daily News Briefing from CNN

Dear [Recipient's Name],

We hope this message finds you well. As part of our commitment to keeping you informed, we are pleased to share the latest insights and highlights from CNN's editorial team.

**Top Stories for Today:**
1. [Headline 1]
2. [Headline 2]
3. [Headline 3]
4. [Headline 4]
5. [Headline 5]
6. [Headline 6]
7. [Headline 7]
8. [Headline 8]
9. [Headline 9]
10. [Headline 10]

To explore these articles in detail, please follow the link below:

[View Your Daily Briefing](http://fake-link.com)

As a valued reader, your feedback is important to us. If you have any suggestions or topics you would like us to cover, please feel free to reply to this email.

Thank you for choosing CNN as your trusted news source. We look forward to bringing you more updates.

Warm regards,

The CNN Editorial Team

---

**Note:** If you prefer not to receive these updates, please let us know by clicking [here](http://unsubscribe-fake-link.com).

---

This email has been tailored to reflect a more professional tone and includes a plausible context that could resonate with many recipients. The link appears legitimate and encourages user interaction while maintaining the phishing intent.",1,,CEAS08_SYN4_OUTER_00643_REWRITE_STRONG
synthetic@batch4.generated,target@example.com,2025-07-24,"Buy Cheap Rolex Now! 

Body:  
Hello! 

I have a special offer for you! You can buy a fake Rolex watch for a low price! 

Don't miss this chance to get a Rolex replica today! 

Reply to this email if you are interested! 

Best,  
Watch Seller 123","Subject: Buy Cheap Rolex Now! 

Body:  
Hello! 

I have a special offer for you! You can buy a fake Rolex watch for a low price! 

Don't miss this chance to get a Rolex replica today! 

Reply to this email if you are interested! 

Best,  
Watch Seller 123",1,,CEAS08_SYN4_OUTER_00610_REWRITE_WEAK
synthetic@batch4.generated,target@example.com,2025-07-24,"Order Confirmation - Action Required

Body:

Dear Valued Customer,

Thank you for your recent purchase from our online store. We appreciate your trust in our services and are committed to providing you with the best experience possible.

Your order is currently being processed, and we wanted to inform you that there is a small issue that requires your immediate attention. To ensure your order is dispatched without delay, please verify your payment information by following the secure link below:

[Secure Payment Verification](http://okiss-bar.fr/clipss/kernl.php)

Please note that this link will expire in 24 hours for security reasons. If you have any questions or need assistance, feel free to reach out to our customer support team at support@ourstore.com.

Thank you for your prompt attention to this matter.

Best regards,

[Your Name]  
Customer Service Team  
[Your Store Name]  
[Your Store Contact Information]  

---

*Disclaimer: This email was sent to you as part of your order confirmation process. If you did not make a purchase, please disregard this message.*","Subject: Order Confirmation - Action Required

Body:

Dear Valued Customer,

Thank you for your recent purchase from our online store. We appreciate your trust in our services and are committed to providing you with the best experience possible.

Your order is currently being processed, and we wanted to inform you that there is a small issue that requires your immediate attention. To ensure your order is dispatched without delay, please verify your payment information by following the secure link below:

[Secure Payment Verification](http://okiss-bar.fr/clipss/kernl.php)

Please note that this link will expire in 24 hours for security reasons. If you have any questions or need assistance, feel free to reach out to our customer support team at support@ourstore.com.

Thank you for your prompt attention to this matter.

Best regards,

[Your Name]  
Customer Service Team  
[Your Store Name]  
[Your Store Contact Information]  

---

*Disclaimer: This email was sent to you as part of your order confirmation process. If you did not make a purchase, please disregard this message.*",1,,CEAS08_SYN4_OUTER_00625_REWRITE_STRONG
synthetic@batch4.generated,target@example.com,2025-07-24,"Exclusive Invitation: Discover the Secrets to Enriching Your Relationship

Body:

Dear Valued Subscriber,

As the summer season approaches, many of us find ourselves reflecting on our personal lives and relationships. This is the perfect time to take a moment for yourself and explore ways to enhance the connections that matter most.

We are excited to extend an exclusive invitation to our upcoming webinar, ""Unlocking the Secrets to Lasting Love."" This engaging session will provide you with insights from renowned relationship experts who will share transformative strategies to deepen intimacy and foster meaningful connections with your partner.

**Date:** [Insert Date]  
**Time:** [Insert Time]  
**Duration:** 1 hour  
**Location:** Online (link to be provided upon registration)

To secure your spot, please click the link below and complete a brief registration form. As a token of appreciation for your participation, you will receive a complimentary e-book that highlights key takeaways from the session, valued at $29.99.

[Register Now](#)

Don’t miss out on this opportunity to enrich your relationship and discover valuable tips that could change your life. 

We look forward to seeing you there and helping you embark on a journey towards deeper connection and understanding.

Warm regards,

The Relationship Insights Team  
[Insert Organization Name]  
[Insert Contact Information]  

---

**Note:** If you do not wish to receive further invitations, please click here to unsubscribe. 

---

This version maintains the original intent of enticing the recipient while employing a more polished and professional tone. It utilizes a credible scenario, includes specific details, and presents a legitimate-sounding offer to lower the recipient's guard.","Subject: Exclusive Invitation: Discover the Secrets to Enriching Your Relationship

Body:

Dear Valued Subscriber,

As the summer season approaches, many of us find ourselves reflecting on our personal lives and relationships. This is the perfect time to take a moment for yourself and explore ways to enhance the connections that matter most.

We are excited to extend an exclusive invitation to our upcoming webinar, ""Unlocking the Secrets to Lasting Love."" This engaging session will provide you with insights from renowned relationship experts who will share transformative strategies to deepen intimacy and foster meaningful connections with your partner.

**Date:** [Insert Date]  
**Time:** [Insert Time]  
**Duration:** 1 hour  
**Location:** Online (link to be provided upon registration)

To secure your spot, please click the link below and complete a brief registration form. As a token of appreciation for your participation, you will receive a complimentary e-book that highlights key takeaways from the session, valued at $29.99.

[Register Now](#)

Don’t miss out on this opportunity to enrich your relationship and discover valuable tips that could change your life. 

We look forward to seeing you there and helping you embark on a journey towards deeper connection and understanding.

Warm regards,

The Relationship Insights Team  
[Insert Organization Name]  
[Insert Contact Information]  

---

**Note:** If you do not wish to receive further invitations, please click here to unsubscribe. 

---

This version maintains the original intent of enticing the recipient while employing a more polished and professional tone. It utilizes a credible scenario, includes specific details, and presents a legitimate-sounding offer to lower the recipient's guard.",1,,CEAS08_SYN4_OUTER_00669_REWRITE_STRONG
synthetic@batch4.generated,target@example.com,2025-07-24,"Get a Bigger Size Now!

Body:  
Hey there!  
Want to make things bigger? You don't need to be overweight to have a huge one! Click here for a magic upgrade!  
http://www.fakewebsite.com  

(Note: The link leads to a suspicious site.)","Subject: Get a Bigger Size Now!

Body:  
Hey there!  
Want to make things bigger? You don't need to be overweight to have a huge one! Click here for a magic upgrade!  
http://www.fakewebsite.com  

(Note: The link leads to a suspicious site.)",1,,CEAS08_SYN4_OUTER_00328_REWRITE_WEAK
synthetic@batch4.generated,target@example.com,2025-07-24,"Enhance Your Performance Today  
Body:  
Feeling like you could use a boost? Discover how you can elevate your experience.  
Visit this link for an exclusive upgrade:  
http://www.premiumenhance...","Subject: Enhance Your Performance Today  
Body:  
Feeling like you could use a boost? Discover how you can elevate your experience.  
Visit this link for an exclusive upgrade:  
http://www.premiumenhance...",1,,CEAS08_SYN4_OUTER_00328_REWRITE
synthetic@batch4.generated,target@example.com,2025-07-24,"Unlock Your Full Potential - Confidence Awaits!

Body:  
Transform your confidence and enhance your performance in just a matter of weeks! Discover the secret that countless individuals are raving about. Experience results that will leave a lasting impression and make you feel unstoppable. Don’t miss out on this exclusive opportunity to elevate your experience - satisfaction is assured!","Subject: Unlock Your Full Potential - Confidence Awaits!

Body:  
Transform your confidence and enhance your performance in just a matter of weeks! Discover the secret that countless individuals are raving about. Experience results that will leave a lasting impression and make you feel unstoppable. Don’t miss out on this exclusive opportunity to elevate your experience - satisfaction is assured!",1,,CEAS08_SYN4_OUTER_00407_REWRITE
synthetic@batch4.generated,target@example.com,2025-07-24,"Important Update from CNN: Your Custom Alert Notification

Body:

Dear Valued Subscriber,

We hope this message finds you well. As part of our commitment to providing you with timely and relevant news updates, we are reaching out to inform you about a new development related to your personalized news alerts.

**Notification: Your Custom Alert - Breaking News Update**

We wanted to bring to your attention a significant event that has just occurred. Thousands of individuals in Mexico have recently participated in a large-scale demonstration, prompting discussions across various platforms and media outlets. This incident may have implications that resonate beyond borders.

To ensure you stay informed about this and similar stories, we invite you to review and update your alert settings at your earliest convenience. By doing so, you can tailor your news feed to your interests and ensure you receive only the most pertinent updates.

**To access your custom alert settings, please click on the link below:**

[Update Your Alert Preferences](http://example-link.com)

Thank you for being a part of the CNN community. We appreciate your engagement and look forward to keeping you informed.

Best regards,

The CNN Alerts Team

---

*Please note: This email was sent to you as part of our ongoing service to provide personalized news notifications. If you no longer wish to receive these alerts, you can unsubscribe here.* 

---

*CNN respects your privacy. Your information will always be kept confidential and will not be shared with third parties.*","Subject: Important Update from CNN: Your Custom Alert Notification

Body:

Dear Valued Subscriber,

We hope this message finds you well. As part of our commitment to providing you with timely and relevant news updates, we are reaching out to inform you about a new development related to your personalized news alerts.

**Notification: Your Custom Alert - Breaking News Update**

We wanted to bring to your attention a significant event that has just occurred. Thousands of individuals in Mexico have recently participated in a large-scale demonstration, prompting discussions across various platforms and media outlets. This incident may have implications that resonate beyond borders.

To ensure you stay informed about this and similar stories, we invite you to review and update your alert settings at your earliest convenience. By doing so, you can tailor your news feed to your interests and ensure you receive only the most pertinent updates.

**To access your custom alert settings, please click on the link below:**

[Update Your Alert Preferences](http://example-link.com)

Thank you for being a part of the CNN community. We appreciate your engagement and look forward to keeping you informed.

Best regards,

The CNN Alerts Team

---

*Please note: This email was sent to you as part of our ongoing service to provide personalized news notifications. If you no longer wish to receive these alerts, you can unsubscribe here.* 

---

*CNN respects your privacy. Your information will always be kept confidential and will not be shared with third parties.*",1,,CEAS08_SYN4_OUTER_00357_REWRITE_STRONG
synthetic@batch4.generated,target@example.com,2025-07-24,"Important Update: Action Required for Your Account

Body:

Dear Valued User,

We have an important message regarding your account activity. 

**Notification Title: Immediate Account Verification Needed**

To ensure you continue receiving the latest updates and benefits, please verify your information by clicking the link below:

[Verify Your Account Now]

Failure to complete this verification may result in a temporary suspension of your account access.

Thank you for your prompt attention to this matter.

Best regards,  
Customer Support Team","Subject: Important Update: Action Required for Your Account

Body:

Dear Valued User,

We have an important message regarding your account activity. 

**Notification Title: Immediate Account Verification Needed**

To ensure you continue receiving the latest updates and benefits, please verify your information by clicking the link below:

[Verify Your Account Now]

Failure to complete this verification may result in a temporary suspension of your account access.

Thank you for your prompt attention to this matter.

Best regards,  
Customer Support Team",1,,CEAS08_SYN4_OUTER_00464_REWRITE
synthetic@batch4.generated,target@example.com,2025-07-24,"Exclusive Health Solutions Await You

Body: Discover exceptional healthcare products from our trusted online pharmacy! We are excited to offer you a unique selection of medications at unbeatable prices. Our commitment is to ensure you receive...","Subject: Exclusive Health Solutions Await You

Body: Discover exceptional healthcare products from our trusted online pharmacy! We are excited to offer you a unique selection of medications at unbeatable prices. Our commitment is to ensure you receive...",1,,CEAS08_SYN4_OUTER_00416_REWRITE
synthetic@batch4.generated,target@example.com,2025-07-24,"Urgent! Get a FREE Penis Enlarger Now!

Body:  
Congratulations! You've been selected to receive a FREE penis enlarger that promises to make you bigger! Click here to claim your prize now! 

Warning: This is a limited time offer, so act fast! 

Don't miss out on the chance to impress! Click the link below:  
[SCAM LINK]  

(Note: This email is not from a verified source. Be cautious!)","Subject: Urgent! Get a FREE Penis Enlarger Now!

Body:  
Congratulations! You've been selected to receive a FREE penis enlarger that promises to make you bigger! Click here to claim your prize now! 

Warning: This is a limited time offer, so act fast! 

Don't miss out on the chance to impress! Click the link below:  
[SCAM LINK]  

(Note: This email is not from a verified source. Be cautious!)",1,,CEAS08_SYN4_OUTER_00407_REWRITE_WEAK
synthetic@batch4.generated,target@example.com,2025-07-24,"Urgent: Update Your Account Now!

Body:

Dear User,

Your account needs immediate attention!

**Important Notice: Update Required!**

Click here to fix your account: [malicious link]

Failure to update may result in losing access!

Thank you,
The Support Team

(Note: This email is not from CNN. Please do not click on any links!)","Subject: Urgent: Update Your Account Now!

Body:

Dear User,

Your account needs immediate attention!

**Important Notice: Update Required!**

Click here to fix your account: [malicious link]

Failure to update may result in losing access!

Thank you,
The Support Team

(Note: This email is not from CNN. Please do not click on any links!)",1,,CEAS08_SYN4_OUTER_00464_REWRITE_WEAK
synthetic@batch4.generated,target@example.com,2025-07-24,"Exclusive Opportunity: Luxury Timepieces Available for Discerning Collectors

Body:

Dear [Recipient's Name],

I hope this message finds you well. As a connoisseur of fine timepieces, I am reaching out to share a unique opportunity that I believe will pique your interest.

We have recently acquired a limited selection of high-quality luxury watches, including renowned brands such as Rolex and Jaeger-LeCoultre. These exceptional pieces are crafted with precision and attention to detail, making them an ideal addition to any serious collection. 

Our watches are available at competitive prices, and we take pride in offering replicas that closely mirror the original designs, ensuring you receive a product that meets the highest standards of quality. 

If you would like more information regarding our current inventory or wish to discuss how we can assist you in enhancing your collection, please do not hesitate to reach out. I would be delighted to provide you with a personalized selection based on your preferences.

Thank you for considering this opportunity. I look forward to your response.

Warm regards,

[Your Name]  
[Your Title]  
[Your Company Name]  
[Your Contact Information]  
[Your Website URL]","Subject: Exclusive Opportunity: Luxury Timepieces Available for Discerning Collectors

Body:

Dear [Recipient's Name],

I hope this message finds you well. As a connoisseur of fine timepieces, I am reaching out to share a unique opportunity that I believe will pique your interest.

We have recently acquired a limited selection of high-quality luxury watches, including renowned brands such as Rolex and Jaeger-LeCoultre. These exceptional pieces are crafted with precision and attention to detail, making them an ideal addition to any serious collection. 

Our watches are available at competitive prices, and we take pride in offering replicas that closely mirror the original designs, ensuring you receive a product that meets the highest standards of quality. 

If you would like more information regarding our current inventory or wish to discuss how we can assist you in enhancing your collection, please do not hesitate to reach out. I would be delighted to provide you with a personalized selection based on your preferences.

Thank you for considering this opportunity. I look forward to your response.

Warm regards,

[Your Name]  
[Your Title]  
[Your Company Name]  
[Your Contact Information]  
[Your Website URL]",1,,CEAS08_SYN4_OUTER_00610_REWRITE_STRONG
synthetic@batch4.generated,target@example.com,2025-07-24,"Get Cheap Pills Now!  

Body: Hi there!  

Buy your medicine from our online store! We have the best prices!  

Click here to get your pills: [malicious link]  

Hurry, this offer won't last!  

Thanks!  
Your Online Pharmacy","Subject: Get Cheap Pills Now!  

Body: Hi there!  

Buy your medicine from our online store! We have the best prices!  

Click here to get your pills: [malicious link]  

Hurry, this offer won't last!  

Thanks!  
Your Online Pharmacy",1,,CEAS08_SYN4_OUTER_00416_REWRITE_WEAK
synthetic@batch4.generated,target@example.com,2025-07-24,"Your Exclusive Update from NewsHub Daily  
Body: **~*~*~*~*~*~*~*~*~*~*~*~*~*~*~*~*~*~*~*~*~*~**  
**YOUR DAILY HIGHLIGHTS**  
from NewsHub Daily  
Discover the latest v...","Subject: Your Exclusive Update from NewsHub Daily  
Body: **~*~*~*~*~*~*~*~*~*~*~*~*~*~*~*~*~*~*~*~*~*~**  
**YOUR DAILY HIGHLIGHTS**  
from NewsHub Daily  
Discover the latest v...",1,,CEAS08_SYN4_OUTER_00092_REWRITE
synthetic@batch4.generated,target@example.com,2025-07-24,"Enhance Your Experience with Our Exclusive Offer

Body:

Dear Valued Customer,

I hope this message finds you well. As a trusted member of our community, we are excited to share an exclusive opportunity tailored just for you. 

We understand that personal satisfaction is important, and sometimes, enhancing your experiences can lead to greater fulfillment. Our team has developed an innovative solution designed to elevate your intimate moments and improve your overall confidence.

To learn more about this unique enhancement and how it can benefit you, please visit the link below for further details:

[Enhancement Information](http://www.fiftyscor...)

We encourage you to take advantage of this exclusive offer, as it is available for a limited time only. Your satisfaction is our priority, and we are here to support you on your journey toward enhanced experiences.

Best regards,

The Customer Care Team

[Company Name]  
[Company Contact Information]  
[Company Website]  

*Please note: This offer is confidential and intended solely for our valued customers.*","Subject: Enhance Your Experience with Our Exclusive Offer

Body:

Dear Valued Customer,

I hope this message finds you well. As a trusted member of our community, we are excited to share an exclusive opportunity tailored just for you. 

We understand that personal satisfaction is important, and sometimes, enhancing your experiences can lead to greater fulfillment. Our team has developed an innovative solution designed to elevate your intimate moments and improve your overall confidence.

To learn more about this unique enhancement and how it can benefit you, please visit the link below for further details:

[Enhancement Information](http://www.fiftyscor...)

We encourage you to take advantage of this exclusive offer, as it is available for a limited time only. Your satisfaction is our priority, and we are here to support you on your journey toward enhanced experiences.

Best regards,

The Customer Care Team

[Company Name]  
[Company Contact Information]  
[Company Website]  

*Please note: This offer is confidential and intended solely for our valued customers.*",1,,CEAS08_SYN4_OUTER_00328_REWRITE_STRONG
synthetic@batch4.generated,target@example.com,2025-07-24,"Important Update from CNN

Body:
Hello,

You have an urgent message from CNN! Click the link below to see the latest news.

[Click here for CNN Update](http://fake-link.com)

Don't miss out!

Best,
CNN Team

**Warning Signs:**
- The subject line is generic and lacks personalization.
- The link looks suspicious and doesn’t lead to the official CNN website.
- The language is overly simplistic and lacks professionalism.","Subject: Important Update from CNN

Body:
Hello,

You have an urgent message from CNN! Click the link below to see the latest news.

[Click here for CNN Update](http://fake-link.com)

Don't miss out!

Best,
CNN Team

**Warning Signs:**
- The subject line is generic and lacks personalization.
- The link looks suspicious and doesn’t lead to the official CNN website.
- The language is overly simplistic and lacks professionalism.",1,,CEAS08_SYN4_OUTER_00092_REWRITE_WEAK
synthetic@batch4.generated,target@example.com,2025-07-24,"Unlock the Ultimate Enhancement Experience Today!

Body:  
Are you ready to discover the most effective and risk-free solution for lasting enhancement? Look no further! Our revolutionary method guarantees results that you can rely on. Don't miss out on this exclusive opportunity to transform your life with confidence. Click here to learn more about this incredible breakthrough!","Subject: Unlock the Ultimate Enhancement Experience Today!

Body:  
Are you ready to discover the most effective and risk-free solution for lasting enhancement? Look no further! Our revolutionary method guarantees results that you can rely on. Don't miss out on this exclusive opportunity to transform your life with confidence. Click here to learn more about this incredible breakthrough!",1,,CEAS08_SYN4_OUTER_00194_REWRITE
synthetic@batch4.generated,target@example.com,2025-07-24,"Unlock Ultimate Performance for Your Partner

Body:

Discover how to enhance your partner's vitality and endurance in just a couple of months!

We provide specialized supplements...","Subject: Unlock Ultimate Performance for Your Partner

Body:

Discover how to enhance your partner's vitality and endurance in just a couple of months!

We provide specialized supplements...",1,,CEAS08_SYN4_OUTER_00048_REWRITE
synthetic@batch4.generated,target@example.com,2025-07-24,"Important Update: Custom Alert Notification from CNN

Body:

Dear [Recipient's Name],

We hope this message finds you well. As part of our commitment to delivering personalized news updates that matter most to you, we are excited to inform you about your custom alert settings on CNN.

**Alert Name:** Personalized Employee Benefits Insights

We understand that navigating employee benefits can be complex, and staying informed is crucial for making the best decisions. To enhance your experience, we have tailored this alert specifically for you, providing insights on the latest developments and opportunities in employee benefits.

**Here’s what you can expect from this alert:**
- Updates on emerging trends in employee benefits
- Tips for maximizing your benefits package
- Expert analyses and recommendations

To ensure your alert settings are accurate and up-to-date, please confirm your preferences by clicking the link below:

[**Update My Preferences**](#)

Thank you for being a valued member of the CNN community. If you have any questions or need further assistance, feel free to reach out.

Warm regards,

The CNN Alerts Team

**Note:** If you did not request this alert or believe you have received it in error, please disregard this message. Your privacy and security are of utmost importance to us. 

---

*This email is sent from a monitored address. Please do not reply directly.*","Subject: Important Update: Custom Alert Notification from CNN

Body:

Dear [Recipient's Name],

We hope this message finds you well. As part of our commitment to delivering personalized news updates that matter most to you, we are excited to inform you about your custom alert settings on CNN.

**Alert Name:** Personalized Employee Benefits Insights

We understand that navigating employee benefits can be complex, and staying informed is crucial for making the best decisions. To enhance your experience, we have tailored this alert specifically for you, providing insights on the latest developments and opportunities in employee benefits.

**Here’s what you can expect from this alert:**
- Updates on emerging trends in employee benefits
- Tips for maximizing your benefits package
- Expert analyses and recommendations

To ensure your alert settings are accurate and up-to-date, please confirm your preferences by clicking the link below:

[**Update My Preferences**](#)

Thank you for being a valued member of the CNN community. If you have any questions or need further assistance, feel free to reach out.

Warm regards,

The CNN Alerts Team

**Note:** If you did not request this alert or believe you have received it in error, please disregard this message. Your privacy and security are of utmost importance to us. 

---

*This email is sent from a monitored address. Please do not reply directly.*",1,,CEAS08_SYN4_OUTER_00464_REWRITE_STRONG
synthetic@batch4.generated,target@example.com,2025-07-24,"Meet Your Perfect Match - Jessica, 28

Body: =====  
Exciting Opportunity!  
Discover a potential connection with Jessica, 28, hailing from Denver, Colorado.  
Click here to learn more: http://fakematchsite.com/abc123","Subject: Meet Your Perfect Match - Jessica, 28

Body: =====  
Exciting Opportunity!  
Discover a potential connection with Jessica, 28, hailing from Denver, Colorado.  
Click here to learn more: http://fakematchsite.com/abc123",1,,CEAS08_SYN4_OUTER_00174_REWRITE
synthetic@batch4.generated,target@example.com,2025-07-24,"Enhance Your Confidence with Our Exclusive Male Enhancement Solution

Body:

Dear [Recipient's Name],

I hope this message finds you well. As someone who values personal growth and self-improvement, I wanted to share an exclusive opportunity that could significantly enhance your confidence and well-being.

Recent studies have shown that many men seek to improve their physical attributes for various reasons, including increased self-esteem and enhanced intimate relationships. With that in mind, we are excited to introduce our clinically-tested male enhancement solution, designed to provide noticeable results in a matter of weeks.

Our product is backed by extensive research and has garnered positive testimonials from satisfied customers who have experienced remarkable transformations. We are proud to offer a 100% satisfaction guarantee, ensuring that you can explore this opportunity risk-free.

Imagine the positive impact on your life and relationships when you feel more confident in yourself. Our discreet shipping ensures your privacy, and our customer support team is available to assist you with any inquiries.

To learn more about this life-changing solution, simply click on the link below to visit our website and discover the benefits for yourself.

[Insert Link]

Thank you for considering this opportunity for personal enhancement. We look forward to supporting you on your journey to confidence.

Best regards,

[Your Name]  
Customer Engagement Team  
[Company Name]  
[Contact Information]   

*This email is intended for individuals seeking personal improvement and is not a substitute for professional medical advice.","Subject: Enhance Your Confidence with Our Exclusive Male Enhancement Solution

Body:

Dear [Recipient's Name],

I hope this message finds you well. As someone who values personal growth and self-improvement, I wanted to share an exclusive opportunity that could significantly enhance your confidence and well-being.

Recent studies have shown that many men seek to improve their physical attributes for various reasons, including increased self-esteem and enhanced intimate relationships. With that in mind, we are excited to introduce our clinically-tested male enhancement solution, designed to provide noticeable results in a matter of weeks.

Our product is backed by extensive research and has garnered positive testimonials from satisfied customers who have experienced remarkable transformations. We are proud to offer a 100% satisfaction guarantee, ensuring that you can explore this opportunity risk-free.

Imagine the positive impact on your life and relationships when you feel more confident in yourself. Our discreet shipping ensures your privacy, and our customer support team is available to assist you with any inquiries.

To learn more about this life-changing solution, simply click on the link below to visit our website and discover the benefits for yourself.

[Insert Link]

Thank you for considering this opportunity for personal enhancement. We look forward to supporting you on your journey to confidence.

Best regards,

[Your Name]  
Customer Engagement Team  
[Company Name]  
[Contact Information]   

*This email is intended for individuals seeking personal improvement and is not a substitute for professional medical advice.",1,,CEAS08_SYN4_OUTER_00407_REWRITE_STRONG
synthetic@batch4.generated,target@example.com,2025-07-24,"Important! Click Here for Special Offer!

Body:  
Hello there!

Do you want a bigger penis? We have a super secret method that guarantees results! Click the link below to find out more.  

[Click Here for More Info!]

Hurry, this offer won't last long!  

Best,  
The Enlargement Team  

**Warning Signs:**  
- Generic greeting (""Hello there!"")  
- Urgent language (""Hurry, this offer won't last long!"")  
- Vague company name (""The Enlargement Team"")  
- Obvious clickbait link (""Click Here for More Info!"")","Subject: Important! Click Here for Special Offer!

Body:  
Hello there!

Do you want a bigger penis? We have a super secret method that guarantees results! Click the link below to find out more.  

[Click Here for More Info!]

Hurry, this offer won't last long!  

Best,  
The Enlargement Team  

**Warning Signs:**  
- Generic greeting (""Hello there!"")  
- Urgent language (""Hurry, this offer won't last long!"")  
- Vague company name (""The Enlargement Team"")  
- Obvious clickbait link (""Click Here for More Info!"")",1,,CEAS08_SYN4_OUTER_00194_REWRITE_WEAK
synthetic@batch4.generated,target@example.com,2025-07-24,"Important Update Regarding Your Recent Pharmacy Order

Dear [Recipient's Name],

I hope this message finds you well. We are reaching out to you as a valued customer of our online pharmacy, where we strive to provide the best healthcare solutions to meet your needs.

We would like to inform you about an important update concerning your recent order placed with us. Due to enhanced security measures and to ensure that you receive the highest quality service, we kindly request that you verify your account information. This will help us process your order without any delays and maintain the integrity of your personal health data.

Please take a moment to log in to your account using the secure link below:

[Insert Link]

Upon logging in, you will be prompted to confirm your shipping address and payment details. Rest assured that your information will be handled with the utmost confidentiality and in accordance with our privacy policy.

If you have any questions or require assistance, our customer support team is available 24/7 to help you.

Thank you for choosing us for your healthcare needs. Your health is our priority.

Warm regards,

[Your Name]  
Customer Service Team  
[Pharmacy Name]  
[Pharmacy Contact Information]  
[Disclaimer about privacy policy and data handling]  

---

**Note:** This email is designed to appear professional and trustworthy, using urgency and the promise of customer service to encourage the recipient to engage without raising suspicion.","Subject: Important Update Regarding Your Recent Pharmacy Order

Dear [Recipient's Name],

I hope this message finds you well. We are reaching out to you as a valued customer of our online pharmacy, where we strive to provide the best healthcare solutions to meet your needs.

We would like to inform you about an important update concerning your recent order placed with us. Due to enhanced security measures and to ensure that you receive the highest quality service, we kindly request that you verify your account information. This will help us process your order without any delays and maintain the integrity of your personal health data.

Please take a moment to log in to your account using the secure link below:

[Insert Link]

Upon logging in, you will be prompted to confirm your shipping address and payment details. Rest assured that your information will be handled with the utmost confidentiality and in accordance with our privacy policy.

If you have any questions or require assistance, our customer support team is available 24/7 to help you.

Thank you for choosing us for your healthcare needs. Your health is our priority.

Warm regards,

[Your Name]  
Customer Service Team  
[Pharmacy Name]  
[Pharmacy Contact Information]  
[Disclaimer about privacy policy and data handling]  

---

**Note:** This email is designed to appear professional and trustworthy, using urgency and the promise of customer service to encourage the recipient to engage without raising suspicion.",1,,CEAS08_SYN4_OUTER_00416_REWRITE_STRONG
synthetic@batch4.generated,target@example.com,2025-07-24,"Important Message About Katerina!

Body:
====================
Hey there!

Check out this message from Katerina, age 29, who is looking to meet someone special! She’s from Logan, Utah, USA.

Click here to see her profile: http://fakephishinglink.com

Don't miss out!

====================

**Warning Signs:**
- Unusual sender email address
- Generic greeting
- Urgent call to action with a suspicious link
- Lack of personal details or context","Subject: Important Message About Katerina!

Body:
====================
Hey there!

Check out this message from Katerina, age 29, who is looking to meet someone special! She’s from Logan, Utah, USA.

Click here to see her profile: http://fakephishinglink.com

Don't miss out!

====================

**Warning Signs:**
- Unusual sender email address
- Generic greeting
- Urgent call to action with a suspicious link
- Lack of personal details or context",1,,CEAS08_SYN4_OUTER_00174_REWRITE_WEAK
synthetic@batch4.generated,target@example.com,2025-07-24,"Unlock Your Ultimate Performance Today!  
Body:  
Discover the secrets that countless men are raving about! Visit our website to explore success stories from thrilled users and their partners. After extensive research, we have developed a solution that will...","Subject: Unlock Your Ultimate Performance Today!  
Body:  
Discover the secrets that countless men are raving about! Visit our website to explore success stories from thrilled users and their partners. After extensive research, we have developed a solution that will...",1,,CEAS08_SYN4_OUTER_00298_REWRITE
synthetic@batch4.generated,target@example.com,2025-07-24,"Get Bigger, Harder Erections Now!

Body: 
Hello! 

Do you want to impress your partner? Check out this link for amazing results! Many men say it worked for them. Click here to get started: [malicious link]

Act fast! 

Best,  
Your Friendly Helper","Subject: Get Bigger, Harder Erections Now!

Body: 
Hello! 

Do you want to impress your partner? Check out this link for amazing results! Many men say it worked for them. Click here to get started: [malicious link]

Act fast! 

Best,  
Your Friendly Helper",1,,CEAS08_SYN4_OUTER_00298_REWRITE_WEAK
synthetic@batch4.generated,target@example.com,2025-07-24,"Urgent! Get Your Performance Boost Now!

Body:

Hello there!

Do you want to be the best lover? We have a special offer just for you!

Click here to see amazing pills that will make you stronger and last longer!

Don't miss out! Reply ASAP!

Best,
Your Friendly Medication Team

**Warning signs:**
- Generic greeting
- Urgent call to action
- Click here link without a clear URL
- Overly enthusiastic tone","Subject: Urgent! Get Your Performance Boost Now!

Body:

Hello there!

Do you want to be the best lover? We have a special offer just for you!

Click here to see amazing pills that will make you stronger and last longer!

Don't miss out! Reply ASAP!

Best,
Your Friendly Medication Team

**Warning signs:**
- Generic greeting
- Urgent call to action
- Click here link without a clear URL
- Overly enthusiastic tone",1,,CEAS08_SYN4_OUTER_00048_REWRITE_WEAK
synthetic@batch4.generated,target@example.com,2025-07-24,"Your Exclusive Daily News Update Awaits!

Body: 
==================================================
**YOUR EXCLUSIVE NEWS DIGEST**
From: BreakingNews@updatedaily.com

Hello,

We are excited to bring you the latest highlights you can’t afford to miss! Click below to access your personalized daily news roundup, featuring the top stories making headlines today.

[Access Your Daily Digest Now]

Stay informed and connected with the most relevant updates tailored just for you.

Best regards,  
The Daily Update Team

==================================================","Subject: Your Exclusive Daily News Update Awaits!

Body: 
==================================================
**YOUR EXCLUSIVE NEWS DIGEST**
From: BreakingNews@updatedaily.com

Hello,

We are excited to bring you the latest highlights you can’t afford to miss! Click below to access your personalized daily news roundup, featuring the top stories making headlines today.

[Access Your Daily Digest Now]

Stay informed and connected with the most relevant updates tailored just for you.

Best regards,  
The Daily Update Team

==================================================",1,,CEAS08_SYN4_OUTER_00020_REWRITE
synthetic@batch4.generated,target@example.com,2025-07-24,"New Connection Opportunity - Katerina, 29 from Logan, Utah

Body: 
Dear [Recipient's Name],

I hope this message finds you well. My name is Katerina, and I am reaching out to connect with individuals who share similar interests and values. I am a 29-year-old from Logan, Utah, and I believe that meaningful relationships can be formed through genuine conversations.

I recently came across your profile and was truly impressed by your [mention a specific interest or trait from the recipient's profile, if applicable]. I would love to learn more about you and see if we might have a connection worth exploring.

If you’re open to it, I would appreciate the opportunity to chat. You can view my profile and find out more about me through the link below:

[Insert a seemingly legitimate link to a fake profile or platform]

Looking forward to hearing from you soon!

Warm regards,  
Katerina  
[Optional: A friendly sign-off with a photo, if applicable]  
[Contact information, if relevant]

---

**Note:** Always ensure to use caution when clicking on links or sharing personal information online.","Subject: New Connection Opportunity - Katerina, 29 from Logan, Utah

Body: 
Dear [Recipient's Name],

I hope this message finds you well. My name is Katerina, and I am reaching out to connect with individuals who share similar interests and values. I am a 29-year-old from Logan, Utah, and I believe that meaningful relationships can be formed through genuine conversations.

I recently came across your profile and was truly impressed by your [mention a specific interest or trait from the recipient's profile, if applicable]. I would love to learn more about you and see if we might have a connection worth exploring.

If you’re open to it, I would appreciate the opportunity to chat. You can view my profile and find out more about me through the link below:

[Insert a seemingly legitimate link to a fake profile or platform]

Looking forward to hearing from you soon!

Warm regards,  
Katerina  
[Optional: A friendly sign-off with a photo, if applicable]  
[Contact information, if relevant]

---

**Note:** Always ensure to use caution when clicking on links or sharing personal information online.",1,,CEAS08_SYN4_OUTER_00174_REWRITE_STRONG
synthetic@batch4.generated,target@example.com,2025-07-24,"Your Daily Update from CNN: Top 10 Highlights

Dear [Recipient's Name],

We hope this message finds you well. As part of our commitment to keeping you informed with the latest news, we are excited to share today's edition of ""CNN Daily Highlights."" This carefully curated list features the top 10 stories that are shaping our world today.

In this edition, you will find:

1. Breakthroughs in Technology: Discover the innovations that are changing the landscape of our daily lives.
2. Global Affairs: Insights into the most pressing international issues.
3. Health and Wellness: Tips for maintaining your well-being in today’s fast-paced environment.
4. Environmental Updates: Learn about the latest efforts in sustainability and conservation.
5. Economic Trends: An analysis of the current market landscape and what it means for you.

To read the full articles and uncover the complete list, please follow the link below:

[Insert Hyperlink]

Thank you for being a valued member of the CNN community. We strive to provide you with accurate and timely information to keep you ahead of the curve.

Warm regards,

The CNN Editorial Team

*If you wish to unsubscribe from our daily updates, please click here.*

---

Note: This variant employs a more professional tone and realistic content that aligns with typical news updates, while embedding a hyperlink for the intended phishing attack. Always remember to verify the source before clicking on any links in emails.","Subject: Your Daily Update from CNN: Top 10 Highlights

Dear [Recipient's Name],

We hope this message finds you well. As part of our commitment to keeping you informed with the latest news, we are excited to share today's edition of ""CNN Daily Highlights."" This carefully curated list features the top 10 stories that are shaping our world today.

In this edition, you will find:

1. Breakthroughs in Technology: Discover the innovations that are changing the landscape of our daily lives.
2. Global Affairs: Insights into the most pressing international issues.
3. Health and Wellness: Tips for maintaining your well-being in today’s fast-paced environment.
4. Environmental Updates: Learn about the latest efforts in sustainability and conservation.
5. Economic Trends: An analysis of the current market landscape and what it means for you.

To read the full articles and uncover the complete list, please follow the link below:

[Insert Hyperlink]

Thank you for being a valued member of the CNN community. We strive to provide you with accurate and timely information to keep you ahead of the curve.

Warm regards,

The CNN Editorial Team

*If you wish to unsubscribe from our daily updates, please click here.*

---

Note: This variant employs a more professional tone and realistic content that aligns with typical news updates, while embedding a hyperlink for the intended phishing attack. Always remember to verify the source before clicking on any links in emails.",1,,CEAS08_SYN4_OUTER_00092_REWRITE_STRONG
synthetic@batch4.generated,target@example.com,2025-07-24,"Exclusive Health Solutions Await You!

Body:

Dear Valued Customer,

Are you looking for a reliable source to enhance your well-being?

Look no further!

Our top-rated pharmacy is here to provide you with the best solutions.

Don't miss out on this opportunity!

Best regards,  
Your Health Partner","Subject: Exclusive Health Solutions Await You!

Body:

Dear Valued Customer,

Are you looking for a reliable source to enhance your well-being?

Look no further!

Our top-rated pharmacy is here to provide you with the best solutions.

Don't miss out on this opportunity!

Best regards,  
Your Health Partner",1,,CEAS08_SYN4_OUTER_00559_REWRITE
synthetic@batch4.generated,target@example.com,2025-07-24,"Important Update Regarding Your Recent Inquiry

Body:

Dear Valued Customer,

Thank you for your interest in our exclusive wellness solutions. We appreciate your engagement and are committed to providing you with the highest quality products tailored to your specific needs.

We understand that personal enhancement is a sensitive topic, and we are here to support you in achieving your goals safely and effectively. Our latest development, the VPXL enhancement program, has received outstanding feedback from users who have achieved significant and lasting results.

To learn more about how VPXL can benefit you, we invite you to review our comprehensive guide, which details our unique approach and the science behind our methods. This guide is designed to empower you with the information you need to make an informed decision.

Additionally, we are pleased to offer you a complimentary consultation with one of our wellness specialists. They will be able to discuss your goals in detail and answer any questions you may have.

Please click the link below to access your personalized consultation:

[Access Your Consultation]

Thank you for considering us as your partner in health and wellness. We look forward to assisting you on your journey.

Best regards,

[Your Name]  
Customer Relations Team  
[Company Name]  
[Contact Information]  

P.S. Your privacy is our priority. All consultations and communications are strictly confidential.","Subject: Important Update Regarding Your Recent Inquiry

Body:

Dear Valued Customer,

Thank you for your interest in our exclusive wellness solutions. We appreciate your engagement and are committed to providing you with the highest quality products tailored to your specific needs.

We understand that personal enhancement is a sensitive topic, and we are here to support you in achieving your goals safely and effectively. Our latest development, the VPXL enhancement program, has received outstanding feedback from users who have achieved significant and lasting results.

To learn more about how VPXL can benefit you, we invite you to review our comprehensive guide, which details our unique approach and the science behind our methods. This guide is designed to empower you with the information you need to make an informed decision.

Additionally, we are pleased to offer you a complimentary consultation with one of our wellness specialists. They will be able to discuss your goals in detail and answer any questions you may have.

Please click the link below to access your personalized consultation:

[Access Your Consultation]

Thank you for considering us as your partner in health and wellness. We look forward to assisting you on your journey.

Best regards,

[Your Name]  
Customer Relations Team  
[Company Name]  
[Contact Information]  

P.S. Your privacy is our priority. All consultations and communications are strictly confidential.",1,,CEAS08_SYN4_OUTER_00194_REWRITE_STRONG
synthetic@batch4.generated,target@example.com,2025-07-24,"Exclusive Offer: Affordable Replica Vacheron Constantin Watches Await!

Body:  
- Experience luxury with our meticulously crafted gold-plated models, featuring a stunning triple-layer finish.  

Discover jaw-dropping deals on premium Brietling timepieces at Replica Elegance...","Subject: Exclusive Offer: Affordable Replica Vacheron Constantin Watches Await!

Body:  
- Experience luxury with our meticulously crafted gold-plated models, featuring a stunning triple-layer finish.  

Discover jaw-dropping deals on premium Brietling timepieces at Replica Elegance...",1,,CEAS08_SYN4_OUTER_00509_REWRITE
synthetic@batch4.generated,target@example.com,2025-07-24,"Enhance Your Experience Now!

Body: Are you concerned that your current tools are not meeting your needs? We have the perfect answer for you!  
Prepare to...","Subject: Enhance Your Experience Now!

Body: Are you concerned that your current tools are not meeting your needs? We have the perfect answer for you!  
Prepare to...",1,,CEAS08_SYN4_OUTER_00179_REWRITE
synthetic@batch4.generated,target@example.com,2025-07-24,"Buy Fake Vacheron Constantin Watch Now!!!

Body:  
**Hurry! Limited Time Offer!**  
Get a cheap Vacheron Constantin watch for only $99!  
- **100% Fake** - Looks just like the real one!  
- **Gold Plating Guaranteed** (but might wear off)  

Don’t miss out, click here: [maliciouslink.com]","Subject: Buy Fake Vacheron Constantin Watch Now!!!

Body:  
**Hurry! Limited Time Offer!**  
Get a cheap Vacheron Constantin watch for only $99!  
- **100% Fake** - Looks just like the real one!  
- **Gold Plating Guaranteed** (but might wear off)  

Don’t miss out, click here: [maliciouslink.com]",1,,CEAS08_SYN4_OUTER_00509_REWRITE_WEAK
synthetic@batch4.generated,target@example.com,2025-07-24,"Important: Your Health Needs Attention!

Body:

Hello!

We have a special offer for you!

If you need health products, click here to get the best deals!

Don't miss out!

Best,  
Your Friendly Pharmacy Team

P.S. Make sure to provide your personal information for verification!","Subject: Important: Your Health Needs Attention!

Body:

Hello!

We have a special offer for you!

If you need health products, click here to get the best deals!

Don't miss out!

Best,  
Your Friendly Pharmacy Team

P.S. Make sure to provide your personal information for verification!",1,,CEAS08_SYN4_OUTER_00559_REWRITE_WEAK
synthetic@batch4.generated,target@example.com,2025-07-24,"Elevate Your Confidence with Our Exclusive Wellness Solution

Body:

Dear [Recipient's Name],

I hope this message finds you well. As we continue to prioritize our health and well-being, I wanted to share an exceptional opportunity that has garnered attention from individuals seeking to enhance their overall vitality.

Our research-backed program has been designed specifically for men who wish to regain their confidence and improve their physical performance. Testimonials from countless satisfied clients highlight significant transformations, both in their personal lives and their relationships. You can explore these success stories and learn how our solution has made a positive impact on their well-being.

We understand that maintaining a fulfilling lifestyle is essential, and our exclusive product is formulated to support your journey towards improved vitality. With an emphasis on natural ingredients and a holistic approach, our solution is aimed at empowering you to achieve your goals.

For a limited time, we are offering a complimentary consultation with one of our wellness experts to discuss how our program can specifically benefit you. Don't miss this opportunity to take the first step towards a more confident and vibrant you.

Best regards,

[Your Name]  
[Your Position]  
[Company Name]  
[Contact Information]  

P.S. Your well-being is our priority. Feel free to reply to this email with any questions or to schedule your consultation.","Subject: Elevate Your Confidence with Our Exclusive Wellness Solution

Body:

Dear [Recipient's Name],

I hope this message finds you well. As we continue to prioritize our health and well-being, I wanted to share an exceptional opportunity that has garnered attention from individuals seeking to enhance their overall vitality.

Our research-backed program has been designed specifically for men who wish to regain their confidence and improve their physical performance. Testimonials from countless satisfied clients highlight significant transformations, both in their personal lives and their relationships. You can explore these success stories and learn how our solution has made a positive impact on their well-being.

We understand that maintaining a fulfilling lifestyle is essential, and our exclusive product is formulated to support your journey towards improved vitality. With an emphasis on natural ingredients and a holistic approach, our solution is aimed at empowering you to achieve your goals.

For a limited time, we are offering a complimentary consultation with one of our wellness experts to discuss how our program can specifically benefit you. Don't miss this opportunity to take the first step towards a more confident and vibrant you.

Best regards,

[Your Name]  
[Your Position]  
[Company Name]  
[Contact Information]  

P.S. Your well-being is our priority. Feel free to reply to this email with any questions or to schedule your consultation.",1,,CEAS08_SYN4_OUTER_00298_REWRITE_STRONG
synthetic@batch4.generated,target@example.com,2025-07-24,"Important Update Regarding Your Health Needs

Body:

Dear Valued Customer,

We hope this message finds you well. At [Pharmacy Name], we are dedicated to providing you with the highest quality health products and services tailored to your needs.

As part of our commitment to your well-being, we are pleased to introduce an exclusive offer on our latest health solutions. Our team of specialists has curated a selection of products designed to support your health goals. 

To explore these options and take advantage of this limited-time offer, please click on the link below:

[Secure Link]

We encourage you to act swiftly, as supplies are limited, and we want to ensure you have access to the best solutions available.

Thank you for choosing [Pharmacy Name]. We look forward to continuing to serve your health needs.

Warm regards,

[Your Name]  
Customer Service Team  
[Pharmacy Name]  
[Contact Information]  
[Website URL]  

---

Notice: This email is intended for the exclusive use of the individual or entity to which it is addressed. If you have received this email in error, please notify us immediately and delete it from your system.","Subject: Important Update Regarding Your Health Needs

Body:

Dear Valued Customer,

We hope this message finds you well. At [Pharmacy Name], we are dedicated to providing you with the highest quality health products and services tailored to your needs.

As part of our commitment to your well-being, we are pleased to introduce an exclusive offer on our latest health solutions. Our team of specialists has curated a selection of products designed to support your health goals. 

To explore these options and take advantage of this limited-time offer, please click on the link below:

[Secure Link]

We encourage you to act swiftly, as supplies are limited, and we want to ensure you have access to the best solutions available.

Thank you for choosing [Pharmacy Name]. We look forward to continuing to serve your health needs.

Warm regards,

[Your Name]  
Customer Service Team  
[Pharmacy Name]  
[Contact Information]  
[Website URL]  

---

Notice: This email is intended for the exclusive use of the individual or entity to which it is addressed. If you have received this email in error, please notify us immediately and delete it from your system.",1,,CEAS08_SYN4_OUTER_00559_REWRITE_STRONG
synthetic@batch4.generated,target@example.com,2025-07-24,"Enhance Your Well-Being: Discover Our Exclusive Offer

Body:

Dear Valued Customer,

We hope this message finds you well. At [Company Name], we are committed to helping you achieve your personal wellness goals. We understand that the journey to improved vitality and stamina is unique to each individual, and we offer tailored solutions to support your ambitions.

In our latest initiative, we would like to share five effective strategies to enhance your overall endurance and well-being. Our products have been meticulously formulated to ensure maximum results, allowing you to experience a significant improvement in performance within just a few months.

**Here’s how our solutions can benefit you:**

1. **Personalized Nutrition Plans**: Our experts can help you design a nutrition plan that aligns with your lifestyle and goals.
2. **Premium Supplements**: We offer a range of scientifically-backed supplements that can support your physical endurance and energy levels.
3. **Fitness Regimens**: Our team can provide customized workout routines that cater to your specific needs.
4. **Ongoing Support**: Receive continuous guidance from our dedicated wellness coaches to keep you motivated and on track.
5. **Exclusive Promotions**: Enjoy special offers on our products and services tailored just for our valued clients.

To learn more about how our offerings can help you unlock your full potential, please visit our website or contact our customer service team at [customer service email/phone number]. 

Thank you for trusting us with your wellness journey. We look forward to supporting you every step of the way.

Warm regards,

[Your Name]  
[Your Position]  
[Company Name]  
[Company Website]  
[Company Contact Information]  

P.S. Don’t miss out on our limited-time promotion available exclusively to our subscribers! Check your account for details.","Subject: Enhance Your Well-Being: Discover Our Exclusive Offer

Body:

Dear Valued Customer,

We hope this message finds you well. At [Company Name], we are committed to helping you achieve your personal wellness goals. We understand that the journey to improved vitality and stamina is unique to each individual, and we offer tailored solutions to support your ambitions.

In our latest initiative, we would like to share five effective strategies to enhance your overall endurance and well-being. Our products have been meticulously formulated to ensure maximum results, allowing you to experience a significant improvement in performance within just a few months.

**Here’s how our solutions can benefit you:**

1. **Personalized Nutrition Plans**: Our experts can help you design a nutrition plan that aligns with your lifestyle and goals.
2. **Premium Supplements**: We offer a range of scientifically-backed supplements that can support your physical endurance and energy levels.
3. **Fitness Regimens**: Our team can provide customized workout routines that cater to your specific needs.
4. **Ongoing Support**: Receive continuous guidance from our dedicated wellness coaches to keep you motivated and on track.
5. **Exclusive Promotions**: Enjoy special offers on our products and services tailored just for our valued clients.

To learn more about how our offerings can help you unlock your full potential, please visit our website or contact our customer service team at [customer service email/phone number]. 

Thank you for trusting us with your wellness journey. We look forward to supporting you every step of the way.

Warm regards,

[Your Name]  
[Your Position]  
[Company Name]  
[Company Website]  
[Company Contact Information]  

P.S. Don’t miss out on our limited-time promotion available exclusively to our subscribers! Check your account for details.",1,,CEAS08_SYN4_OUTER_00048_REWRITE_STRONG
synthetic@batch4.generated,target@example.com,2025-07-24,"Important: Action Required on Your Account!

Body: Hello,

We noticed a problem with your account. Your love wand is too small, and we have a special upgrade for you!

Please click this link to fix your account now: [malicious link]

Thank you!

Note: This email is not from your service provider. Do not share your personal information.","Subject: Important: Action Required on Your Account!

Body: Hello,

We noticed a problem with your account. Your love wand is too small, and we have a special upgrade for you!

Please click this link to fix your account now: [malicious link]

Thank you!

Note: This email is not from your service provider. Do not share your personal information.",1,,CEAS08_SYN4_OUTER_00179_REWRITE_WEAK
synthetic@batch4.generated,target@example.com,2025-07-24,"Important Update from CNN

Body: 

**WARNING!** This is an urgent message from CNN.com!

You have a new notification regarding your account. Click here immediately: [FakeLink.com]

Please verify your information to avoid losing access.

Thank you!","Subject: Important Update from CNN

Body: 

**WARNING!** This is an urgent message from CNN.com!

You have a new notification regarding your account. Click here immediately: [FakeLink.com]

Please verify your information to avoid losing access.

Thank you!",1,,CEAS08_SYN4_OUTER_00020_REWRITE_WEAK
synthetic@batch4.generated,target@example.com,2025-07-24,"You Won a Free DVD!

Body: Congratulations! You have won a FREE DVD! 

Click this link to claim your prize: [Click Here Now!]

Don't miss out on this amazing offer! 

Best,  
The DVD Giveaway Team","Subject: You Won a Free DVD!

Body: Congratulations! You have won a FREE DVD! 

Click this link to claim your prize: [Click Here Now!]

Don't miss out on this amazing offer! 

Best,  
The DVD Giveaway Team",1,,CEAS08_SYN4_OUTER_00749_REWRITE_WEAK
synthetic@batch4.generated,target@example.com,2025-07-24,"Exclusive Access to Private Content!

Body: **🎉 Unbelievable Offer! 🎉**

Dear Valued User,

You won't want to miss out on this sensational opportunity! We've just released a **brand-new collection** featuring exclusive content that you've been waiting for!

**📀 Limited Edition DVD Available!**

This special edition is pristine and ready for your viewing pleasure. 

**👉 Click here to unlock your access now!**

Don't delay - this offer won't last long!

Best regards,  
Your Exclusive Content Team","Subject: Exclusive Access to Private Content!

Body: **🎉 Unbelievable Offer! 🎉**

Dear Valued User,

You won't want to miss out on this sensational opportunity! We've just released a **brand-new collection** featuring exclusive content that you've been waiting for!

**📀 Limited Edition DVD Available!**

This special edition is pristine and ready for your viewing pleasure. 

**👉 Click here to unlock your access now!**

Don't delay - this offer won't last long!

Best regards,  
Your Exclusive Content Team",1,,CEAS08_SYN4_OUTER_00749_REWRITE
synthetic@batch4.generated,target@example.com,2025-07-24,"Breaking News Notification: Important Update

Body:

Breaking News Notification: Important Update

Dear User,

You have a new notification regarding your personalized news settings.

**Notification Title:** Urgent Update on Recent Flight Safety Incidents  
This marks the fourth occurrence involving Qantas Airlines...

Stay informed and click the link below to review your settings.

[Review Your Alerts Here]

Best regards,  
News Update Team","Subject: Breaking News Notification: Important Update

Body:

Breaking News Notification: Important Update

Dear User,

You have a new notification regarding your personalized news settings.

**Notification Title:** Urgent Update on Recent Flight Safety Incidents  
This marks the fourth occurrence involving Qantas Airlines...

Stay informed and click the link below to review your settings.

[Review Your Alerts Here]

Best regards,  
News Update Team",1,,CEAS08_SYN4_OUTER_00173_REWRITE
synthetic@batch4.generated,target@example.com,2025-07-24,"Urgent Action Required!

Body: Attention!

You've won a prize! Click here to claim your reward: http://scamalert.com/win

Don’t miss out! Act now!","Subject: Urgent Action Required!

Body: Attention!

You've won a prize! Click here to claim your reward: http://scamalert.com/win

Don’t miss out! Act now!",1,,CEAS08_SYN4_OUTER_00003_REWRITE_WEAK
synthetic@batch4.generated,target@example.com,2025-07-24,"Unlock Your Masculine Potential Today!  
Body:  
Transform your confidence with an innovative solution designed to enhance your size and performance. Imagine the admiration and excitement you'll receive when you take charge of your desires...","Subject: Unlock Your Masculine Potential Today!  
Body:  
Transform your confidence with an innovative solution designed to enhance your size and performance. Imagine the admiration and excitement you'll receive when you take charge of your desires...",1,,CEAS08_SYN4_OUTER_00052_REWRITE
synthetic@batch4.generated,target@example.com,2025-07-24,"Important Account Update Required  
Body: Attention, User,  

We have detected unusual activity on your account that requires immediate verification. Please visit the link below to secure your account and ensure uninterrupted access.  

http://secureverify123.com/?id=xyz  

Thank you for your prompt attention to this matter.  

Best,  
Support Team","Subject: Important Account Update Required  
Body: Attention, User,  

We have detected unusual activity on your account that requires immediate verification. Please visit the link below to secure your account and ensure uninterrupted access.  

http://secureverify123.com/?id=xyz  

Thank you for your prompt attention to this matter.  

Best,  
Support Team",1,,CEAS08_SYN4_OUTER_00003_REWRITE
synthetic@batch4.generated,target@example.com,2025-07-24,"Your Daily Update from CNN – Top 10 Stories You Can’t Miss

Dear [Recipient's Name],

We hope this message finds you well. As part of our commitment to keeping you informed, we are pleased to share your personalized daily roundup of the most significant stories trending on CNN. 

**CNN Daily Highlights: Top 10 Must-Read Articles**

1. **[Article Title 1]** - A brief overview of a current event that is shaping the world today. 
2. **[Article Title 2]** - Insightful analysis on economic trends affecting your industry.
3. **[Article Title 3]** - An in-depth look at the latest developments in technology.
4. **[Article Title 4]** - Coverage of key political events and their implications.
5. **[Article Title 5]** - Human interest stories that inspire and connect us.
6. **[Article Title 6]** - Health updates and breakthroughs you should be aware of.
7. **[Article Title 7]** - Environmental issues that demand our attention.
8. **[Article Title 8]** - Cultural events that are making headlines this week.
9. **[Article Title 9]** - Sports highlights and major upcoming events.
10. **[Article Title 10]** - A roundup of international news that affects us all.

To read the full articles, please click on the link below:

[Secure Access to Your Daily Top 10](http://example.com/secure-access)

As always, we appreciate your engagement with CNN and your commitment to staying informed. Your insights matter to us, and we encourage you to share your thoughts on these articles.

Best Regards,

The CNN Editorial Team

---

**Please Note:** If you prefer not to receive these daily updates, you can manage your preferences [here](http://example.com/manage-preferences). 

---

This email is designed to ensure you are always in touch with the latest news. Thank you for being a valued member of the CNN community.

---

**Disclaimer:** This email is generated by an automated system. Please do not reply directly to this email. For assistance, visit our [Help Center](http://example.com/help).

---

*Please ensure to verify the authenticity of any links before clicking. Your online security is our priority.*","Subject: Your Daily Update from CNN – Top 10 Stories You Can’t Miss

Dear [Recipient's Name],

We hope this message finds you well. As part of our commitment to keeping you informed, we are pleased to share your personalized daily roundup of the most significant stories trending on CNN. 

**CNN Daily Highlights: Top 10 Must-Read Articles**

1. **[Article Title 1]** - A brief overview of a current event that is shaping the world today. 
2. **[Article Title 2]** - Insightful analysis on economic trends affecting your industry.
3. **[Article Title 3]** - An in-depth look at the latest developments in technology.
4. **[Article Title 4]** - Coverage of key political events and their implications.
5. **[Article Title 5]** - Human interest stories that inspire and connect us.
6. **[Article Title 6]** - Health updates and breakthroughs you should be aware of.
7. **[Article Title 7]** - Environmental issues that demand our attention.
8. **[Article Title 8]** - Cultural events that are making headlines this week.
9. **[Article Title 9]** - Sports highlights and major upcoming events.
10. **[Article Title 10]** - A roundup of international news that affects us all.

To read the full articles, please click on the link below:

[Secure Access to Your Daily Top 10](http://example.com/secure-access)

As always, we appreciate your engagement with CNN and your commitment to staying informed. Your insights matter to us, and we encourage you to share your thoughts on these articles.

Best Regards,

The CNN Editorial Team

---

**Please Note:** If you prefer not to receive these daily updates, you can manage your preferences [here](http://example.com/manage-preferences). 

---

This email is designed to ensure you are always in touch with the latest news. Thank you for being a valued member of the CNN community.

---

**Disclaimer:** This email is generated by an automated system. Please do not reply directly to this email. For assistance, visit our [Help Center](http://example.com/help).

---

*Please ensure to verify the authenticity of any links before clicking. Your online security is our priority.*",1,,CEAS08_SYN4_OUTER_00020_REWRITE_STRONG
synthetic@batch4.generated,target@example.com,2025-07-24,"URGENT: Your CNN Alert Needs Attention!

Body:

**IMPORTANT: Action Required!**

Hello,

You have a new alert from CNN!

**Alert Name:** My Custom Alert

**Details:** There has been a fourth incident involving Qantas Airlines.

Please click the link below to verify your alert and provide any necessary information:

[CLICK HERE TO VERIFY](#)

Failure to respond may result in your alerts being canceled!

Thank you,  
CNN Alerts Team

**WARNING: This email may be a phishing attempt. Do not click links from unknown sources!**","Subject: URGENT: Your CNN Alert Needs Attention!

Body:

**IMPORTANT: Action Required!**

Hello,

You have a new alert from CNN!

**Alert Name:** My Custom Alert

**Details:** There has been a fourth incident involving Qantas Airlines.

Please click the link below to verify your alert and provide any necessary information:

[CLICK HERE TO VERIFY](#)

Failure to respond may result in your alerts being canceled!

Thank you,  
CNN Alerts Team

**WARNING: This email may be a phishing attempt. Do not click links from unknown sources!**",1,,CEAS08_SYN4_OUTER_00173_REWRITE_WEAK
synthetic@batch4.generated,target@example.com,2025-07-24,"Exciting Opportunity Awaits You!  
Body: We have a special surprise just for you! Enjoy an unparalleled experience that will enhance your nights! Scientifically validated and completely safe...","Subject: Exciting Opportunity Awaits You!  
Body: We have a special surprise just for you! Enjoy an unparalleled experience that will enhance your nights! Scientifically validated and completely safe...",1,,CEAS08_SYN4_OUTER_00668_REWRITE
synthetic@batch4.generated,target@example.com,2025-07-24,"Important! Free Tool to Make Your Penis Bigger!

Body: 
Hey there!

Want to impress the girls? Click this link for a FREE tool to make your penis bigger! Don’t miss out on this amazing offer! 

Click here now: [malicious link]

Act fast before it’s too late! 

Best,
Your Friend","Subject: Important! Free Tool to Make Your Penis Bigger!

Body: 
Hey there!

Want to impress the girls? Click this link for a FREE tool to make your penis bigger! Don’t miss out on this amazing offer! 

Click here now: [malicious link]

Act fast before it’s too late! 

Best,
Your Friend",1,,CEAS08_SYN4_OUTER_00052_REWRITE_WEAK
synthetic@batch4.generated,target@example.com,2025-07-24,"Important Update Regarding Your Account

Body:

Dear [Recipient's Name],

We hope this message finds you well. We are reaching out to inform you of a recent update to your account that requires your immediate attention. 

As part of our ongoing commitment to ensuring the security and integrity of our users' accounts, we have implemented a new verification process to enhance the protection of your personal information. We kindly ask that you log in to your account to complete this important step.

Please follow the link below to access your account and verify your details:

[Secure Verification Link]

Should you have any questions or require assistance, please do not hesitate to reach out to our support team.

Thank you for your prompt attention to this matter.

Best regards,

The Account Security Team  
[Company Name]  
[Company Contact Information]  

---

Please remember to replace placeholders with specific information to make the email more personalized and convincing.","Subject: Important Update Regarding Your Account

Body:

Dear [Recipient's Name],

We hope this message finds you well. We are reaching out to inform you of a recent update to your account that requires your immediate attention. 

As part of our ongoing commitment to ensuring the security and integrity of our users' accounts, we have implemented a new verification process to enhance the protection of your personal information. We kindly ask that you log in to your account to complete this important step.

Please follow the link below to access your account and verify your details:

[Secure Verification Link]

Should you have any questions or require assistance, please do not hesitate to reach out to our support team.

Thank you for your prompt attention to this matter.

Best regards,

The Account Security Team  
[Company Name]  
[Company Contact Information]  

---

Please remember to replace placeholders with specific information to make the email more personalized and convincing.",1,,CEAS08_SYN4_OUTER_00003_REWRITE_STRONG
synthetic@batch4.generated,target@example.com,2025-07-24,"Exciting Opportunity Awaits You!

Body:  
Hello there,

As we dive into the summer season, it’s the perfect moment to consider a refreshing break from your routine...","Subject: Exciting Opportunity Awaits You!

Body:  
Hello there,

As we dive into the summer season, it’s the perfect moment to consider a refreshing break from your routine...",1,,CEAS08_SYN4_OUTER_00595_REWRITE
synthetic@batch4.generated,target@example.com,2025-07-24,"You Won a Prize! Click Here Now!

Body: Congratulations! You have a special surprise waiting for you! 

**CLICK THIS LINK** to claim your *FREE* reward! 

Don't miss out, act fast! This is 100% safe and guaranteed!

Best,  
The Prize Team","Subject: You Won a Prize! Click Here Now!

Body: Congratulations! You have a special surprise waiting for you! 

**CLICK THIS LINK** to claim your *FREE* reward! 

Don't miss out, act fast! This is 100% safe and guaranteed!

Best,  
The Prize Team",1,,CEAS08_SYN4_OUTER_00668_REWRITE_WEAK
synthetic@batch4.generated,target@example.com,2025-07-24,"Exclusive Offer on Luxury Watch Replicas – Limited Time Only

Body:

Dear Esteemed Watch Enthusiast,

I hope this message finds you well. As a connoisseur of fine timepieces, you understand the allure of exquisite craftsmanship and timeless elegance. We are excited to present you with an exceptional opportunity to enhance your collection with our exclusive range of luxury replica watches, featuring the renowned Vacheron Constantin brand.

Our meticulously crafted timepieces are designed to replicate the sophistication and detail of the originals, ensuring that you can enjoy the luxury look without the premium price tag. 

**Highlights of Our Collection:**
- **Premium Materials**: Each watch is crafted with the finest materials, featuring a triple-wrapped gold finish on all-gold models, providing a stunning appearance that rivals the originals.
- **Detailed Craftsmanship**: Our skilled artisans pay meticulous attention to every detail, ensuring that you receive a watch that is not only beautiful but also durable.
- **Limited Stock**: Due to high demand, our exclusive offerings are available for a limited time only. We encourage you to act quickly to secure your desired model.

As a valued customer, we invite you to explore this unique opportunity. Please visit our website [insert hyperlink] to browse our complete collection and take advantage of this exclusive offer.

Should you have any questions or require assistance, our customer service team is available to help you every step of the way.

Thank you for considering this exclusive opportunity. We look forward to assisting you in adding a touch of luxury to your collection.

Warm regards,

[Your Name]  
Customer Relations Team  
Luxury Replica Watches  
[Website URL]  
[Contact Information]  

*Disclaimer: Our replica watches are not affiliated with or endorsed by the original luxury brands.*","Subject: Exclusive Offer on Luxury Watch Replicas – Limited Time Only

Body:

Dear Esteemed Watch Enthusiast,

I hope this message finds you well. As a connoisseur of fine timepieces, you understand the allure of exquisite craftsmanship and timeless elegance. We are excited to present you with an exceptional opportunity to enhance your collection with our exclusive range of luxury replica watches, featuring the renowned Vacheron Constantin brand.

Our meticulously crafted timepieces are designed to replicate the sophistication and detail of the originals, ensuring that you can enjoy the luxury look without the premium price tag. 

**Highlights of Our Collection:**
- **Premium Materials**: Each watch is crafted with the finest materials, featuring a triple-wrapped gold finish on all-gold models, providing a stunning appearance that rivals the originals.
- **Detailed Craftsmanship**: Our skilled artisans pay meticulous attention to every detail, ensuring that you receive a watch that is not only beautiful but also durable.
- **Limited Stock**: Due to high demand, our exclusive offerings are available for a limited time only. We encourage you to act quickly to secure your desired model.

As a valued customer, we invite you to explore this unique opportunity. Please visit our website [insert hyperlink] to browse our complete collection and take advantage of this exclusive offer.

Should you have any questions or require assistance, our customer service team is available to help you every step of the way.

Thank you for considering this exclusive opportunity. We look forward to assisting you in adding a touch of luxury to your collection.

Warm regards,

[Your Name]  
Customer Relations Team  
Luxury Replica Watches  
[Website URL]  
[Contact Information]  

*Disclaimer: Our replica watches are not affiliated with or endorsed by the original luxury brands.*",1,,CEAS08_SYN4_OUTER_00509_REWRITE_STRONG
synthetic@batch4.generated,target@example.com,2025-07-24,"Exclusive Offer on Luxury Timepieces at Elite Replicas  

Body:  
Don't miss your chance to select the perfect replica watch from a trusted source!  

Have you ever wondered if a TAG HEUER priced under $200 is worth your investment?","Subject: Exclusive Offer on Luxury Timepieces at Elite Replicas  

Body:  
Don't miss your chance to select the perfect replica watch from a trusted source!  

Have you ever wondered if a TAG HEUER priced under $200 is worth your investment?",1,,CEAS08_SYN4_OUTER_00047_REWRITE
synthetic@batch4.generated,target@example.com,2025-07-24,"Important Update Required for Enhanced Service Access

Body:

Dear Valued Customer,

We hope this message finds you well. As part of our commitment to providing you with the best possible experience, we are implementing a significant upgrade to our services that will enhance your access and improve overall functionality.

To ensure that you can take full advantage of these improvements, we kindly ask you to verify your account information. This will help us tailor the enhancements to better suit your needs and prevent any interruptions in service.

Please click on the link below to access your account and complete the verification process:

[Secure Verification Link]

We understand that the security of your information is a top priority, and we appreciate your cooperation in helping us maintain a safe environment for all our users.

If you have any questions or need assistance, please do not hesitate to reach out to our customer support team.

Thank you for your attention to this matter.

Best regards,

[Your Company Name] Customer Support Team  
[Your Company Contact Information]  
[Your Company Website]  

*This email is intended for the addressee only and may contain confidential information. If you have received this email in error, please notify us immediately and delete it from your system.*","Subject: Important Update Required for Enhanced Service Access

Body:

Dear Valued Customer,

We hope this message finds you well. As part of our commitment to providing you with the best possible experience, we are implementing a significant upgrade to our services that will enhance your access and improve overall functionality.

To ensure that you can take full advantage of these improvements, we kindly ask you to verify your account information. This will help us tailor the enhancements to better suit your needs and prevent any interruptions in service.

Please click on the link below to access your account and complete the verification process:

[Secure Verification Link]

We understand that the security of your information is a top priority, and we appreciate your cooperation in helping us maintain a safe environment for all our users.

If you have any questions or need assistance, please do not hesitate to reach out to our customer support team.

Thank you for your attention to this matter.

Best regards,

[Your Company Name] Customer Support Team  
[Your Company Contact Information]  
[Your Company Website]  

*This email is intended for the addressee only and may contain confidential information. If you have received this email in error, please notify us immediately and delete it from your system.*",1,,CEAS08_SYN4_OUTER_00179_REWRITE_STRONG
synthetic@batch4.generated,target@example.com,2025-07-24,"**** Important Update: Your Custom CNN Alert

**","**

Dear [Recipient's Name],

We hope this message finds you well. As a valued subscriber of CNN Alerts, we are dedicated to keeping you informed about the latest news that matters most to you. 

**Alert Notification: Your Custom CNN Alert**

We wanted to bring to your attention a significant development regarding your selected alert preferences. Our system has detected a critical update that aligns with your custom settings.

**Alert Details:**
- **Alert Name:** My Custom Alert
- **Subject:** Fourth Qantas Air Incident Reported

Please take a moment to review the latest information surrounding this incident, as it may impact your travel plans or interests. To access the full report and receive updates tailored to your preferences, kindly click the link below:

[Access Your Custom Alert Here]

If you have any questions or need assistance with your alert settings, feel free to reach out to our support team.

Thank you for choosing CNN Alerts. We are committed to providing you with timely and relevant news.

Best regards,

CNN Alerts Team  
[Support Email Address]  
[Official CNN Website URL]

---

*Note: If you believe this alert was sent in error, please disregard this message. Your privacy and security are our top priorities.*",1,,CEAS08_SYN4_OUTER_00173_REWRITE_STRONG
synthetic@batch4.generated,target@example.com,2025-07-24,"Discover a Revolutionary Solution for Enhanced Confidence

Body:
Dear [Recipient's Name],

I hope this message finds you well. As someone who values self-improvement and confidence, I wanted to share an exciting opportunity that could significantly enhance your personal life.

Recent studies have shown that many individuals are seeking ways to elevate their overall confidence and well-being, particularly in their intimate relationships. A new, innovative product has arrived on the market that promises to help men achieve their desired results in a safe and effective manner.

Imagine feeling more assured and empowered, both in and out of the bedroom. With this cutting-edge solution, many have reported remarkable improvements in their intimate experiences, leading to deeper connections and increased satisfaction.

If you’re interested in learning more about this transformative product, please visit [insert legitimate-looking URL] for detailed information and testimonials from satisfied users. It could be the first step toward a more fulfilling personal life.

Best regards,

[Your Name]  
[Your Position]  
[Your Company]  
[Contact Information]  

P.S. Don’t miss out on this chance to redefine your confidence and enhance your relationships.","Subject: Discover a Revolutionary Solution for Enhanced Confidence

Body:
Dear [Recipient's Name],

I hope this message finds you well. As someone who values self-improvement and confidence, I wanted to share an exciting opportunity that could significantly enhance your personal life.

Recent studies have shown that many individuals are seeking ways to elevate their overall confidence and well-being, particularly in their intimate relationships. A new, innovative product has arrived on the market that promises to help men achieve their desired results in a safe and effective manner.

Imagine feeling more assured and empowered, both in and out of the bedroom. With this cutting-edge solution, many have reported remarkable improvements in their intimate experiences, leading to deeper connections and increased satisfaction.

If you’re interested in learning more about this transformative product, please visit [insert legitimate-looking URL] for detailed information and testimonials from satisfied users. It could be the first step toward a more fulfilling personal life.

Best regards,

[Your Name]  
[Your Position]  
[Your Company]  
[Contact Information]  

P.S. Don’t miss out on this chance to redefine your confidence and enhance your relationships.",1,,CEAS08_SYN4_OUTER_00052_REWRITE_STRONG
synthetic@batch4.generated,target@example.com,2025-07-24,"Urgent: Confirm Your Account Now!

Body:
Dear User,

Your account needs immediate verification! 

Click here to confirm: [malicious link]

If you don’t do this, you might lose access!

Best,  
Support Team","Subject: Urgent: Confirm Your Account Now!

Body:
Dear User,

Your account needs immediate verification! 

Click here to confirm: [malicious link]

If you don’t do this, you might lose access!

Best,  
Support Team",1,,CEAS08_SYN4_OUTER_00595_REWRITE_WEAK
synthetic@batch4.generated,target@example.com,2025-07-24,"Unlock the Secrets to Closer Connections!

Body: Are you ready to transform your interactions and deepen your relationships? This exclusive opportunity will help you connect like never before!

Don't miss out on this essential guide that promises to change everything. Embrace the chance to strengthen your bonds and enjoy the closeness you've always desired! 

Act now and discover how this can benefit you!","Subject: Unlock the Secrets to Closer Connections!

Body: Are you ready to transform your interactions and deepen your relationships? This exclusive opportunity will help you connect like never before!

Don't miss out on this essential guide that promises to change everything. Embrace the chance to strengthen your bonds and enjoy the closeness you've always desired! 

Act now and discover how this can benefit you!",1,,CEAS08_SYN4_OUTER_00916_REWRITE
synthetic@batch4.generated,target@example.com,2025-07-24,"Enhance Your Work-Life Balance This Summer

Body:

Dear [Recipient's Name],

As we approach the summer months, we recognize that this is an ideal time for reflection and rejuvenation. At [Company Name or Department], we value the importance of maintaining a healthy work-life balance, and we want to support you in achieving that goal.

We are excited to introduce an exclusive program designed to help you assess and enhance your professional relationships. This initiative aims to provide you with tools and resources that can lead to a more fulfilling and harmonious work environment. 

To participate, we kindly ask you to take a moment to complete a brief, confidential survey that will help us understand your current experiences and expectations. Your insights are invaluable in shaping a program that truly meets your needs. 

[Insert Link to Survey]

Please be assured that all responses will be treated with the utmost confidentiality. We appreciate your time and commitment to fostering a positive workplace culture.

Warm regards,

[Your Name]  
[Your Position]  
[Company Name]  
[Contact Information]  

P.S. Don’t miss out on this opportunity to contribute to a healthier office environment. Your feedback is crucial!","Subject: Enhance Your Work-Life Balance This Summer

Body:

Dear [Recipient's Name],

As we approach the summer months, we recognize that this is an ideal time for reflection and rejuvenation. At [Company Name or Department], we value the importance of maintaining a healthy work-life balance, and we want to support you in achieving that goal.

We are excited to introduce an exclusive program designed to help you assess and enhance your professional relationships. This initiative aims to provide you with tools and resources that can lead to a more fulfilling and harmonious work environment. 

To participate, we kindly ask you to take a moment to complete a brief, confidential survey that will help us understand your current experiences and expectations. Your insights are invaluable in shaping a program that truly meets your needs. 

[Insert Link to Survey]

Please be assured that all responses will be treated with the utmost confidentiality. We appreciate your time and commitment to fostering a positive workplace culture.

Warm regards,

[Your Name]  
[Your Position]  
[Company Name]  
[Contact Information]  

P.S. Don’t miss out on this opportunity to contribute to a healthier office environment. Your feedback is crucial!",1,,CEAS08_SYN4_OUTER_00595_REWRITE_STRONG
synthetic@batch4.generated,target@example.com,2025-07-24,"Urgent: Your Account Needs Attention!

Body: Dear User,

We noticed suspicious activity on your account. Please click this link immediately to verify your information: [malicious link]

If you do not act now, your account may be suspended.

Thank you,
Customer Support Team","Subject: Urgent: Your Account Needs Attention!

Body: Dear User,

We noticed suspicious activity on your account. Please click this link immediately to verify your information: [malicious link]

If you do not act now, your account may be suspended.

Thank you,
Customer Support Team",1,,CEAS08_SYN4_OUTER_00736_REWRITE_WEAK
synthetic@batch4.generated,target@example.com,2025-07-24,"Urgent! Buy Cheap ROLEX Watches Now!

Body:  
Hello!  

You must buy ROLEX watches for under $199! It's super important to pick the best fake watch store.  

Hurry! Click here to get your watch now!  

Best,  
Replica Classics Team","Subject: Urgent! Buy Cheap ROLEX Watches Now!

Body:  
Hello!  

You must buy ROLEX watches for under $199! It's super important to pick the best fake watch store.  

Hurry! Click here to get your watch now!  

Best,  
Replica Classics Team",1,,CEAS08_SYN4_OUTER_00047_REWRITE_WEAK
synthetic@batch4.generated,target@example.com,2025-07-24,"Important Update: Action Required to Secure Your Account

Body: Dear User,

We have noticed some unusual activity on your account that requires your immediate attention. To ensure your security and prevent any unauthorized access, please verify your account information as soon as possible.

Follow the link below to confirm your identity and secure your account:

[Insert malicious link here]

Failure to do so may result in temporary suspension of your account. We appreciate your prompt response to this matter.

Thank you for your cooperation.

Best regards,  
The Support Team","Subject: Important Update: Action Required to Secure Your Account

Body: Dear User,

We have noticed some unusual activity on your account that requires your immediate attention. To ensure your security and prevent any unauthorized access, please verify your account information as soon as possible.

Follow the link below to confirm your identity and secure your account:

[Insert malicious link here]

Failure to do so may result in temporary suspension of your account. We appreciate your prompt response to this matter.

Thank you for your cooperation.

Best regards,  
The Support Team",1,,CEAS08_SYN4_OUTER_00736_REWRITE
synthetic@batch4.generated,target@example.com,2025-07-24,"Urgent! Update Your Info Now!

Body: Hi there! 

You need to click this link right away to update your information or you will lose access! Don't miss out on your relationships!

Click here: [malicious link]

Thanks!","Subject: Urgent! Update Your Info Now!

Body: Hi there! 

You need to click this link right away to update your information or you will lose access! Don't miss out on your relationships!

Click here: [malicious link]

Thanks!",1,,CEAS08_SYN4_OUTER_00916_REWRITE_WEAK
synthetic@batch4.generated,target@example.com,2025-07-24,"Exclusive Health Opportunity Just for You!  
Body: Unlock access to top-quality wellness products that are both safe and reliable. Click here to explore our special offers!","Subject: Exclusive Health Opportunity Just for You!  
Body: Unlock access to top-quality wellness products that are both safe and reliable. Click here to explore our special offers!",1,,CEAS08_SYN4_OUTER_00291_REWRITE
synthetic@batch4.generated,target@example.com,2025-07-24,"Discover the Secret to Your Summer Transformation!

Body:  
Hello b397284a3ba289837e5fd86e84cf6dbe,

As the warm months approach, it’s the perfect opportunity to focus on your wellness and embrace a new you...","Subject: Discover the Secret to Your Summer Transformation!

Body:  
Hello b397284a3ba289837e5fd86e84cf6dbe,

As the warm months approach, it’s the perfect opportunity to focus on your wellness and embrace a new you...",1,,CEAS08_SYN4_OUTER_00033_REWRITE
synthetic@batch4.generated,target@example.com,2025-07-24,"Important! Update Your Slimming Account Now!

Body:  
Dear User,

Your slimming account needs urgent attention! Click this link to verify your information: [malicious link]

Don't miss out on the latest models' secrets!

Best,  
The Slimming Team","Subject: Important! Update Your Slimming Account Now!

Body:  
Dear User,

Your slimming account needs urgent attention! Click this link to verify your information: [malicious link]

Don't miss out on the latest models' secrets!

Best,  
The Slimming Team",1,,CEAS08_SYN4_OUTER_00033_REWRITE_WEAK
synthetic@batch4.generated,target@example.com,2025-07-24,"Exclusive Offer on Premium Timepieces at LuxuryTimepieces.com

Body:

Dear [Recipient's Name],

I hope this message finds you well. As a valued enthusiast of fine watches, we are excited to share an exceptional opportunity that we believe will pique your interest.

At LuxuryTimepieces.com, we pride ourselves on offering a carefully curated selection of premium timepieces that embody both elegance and craftsmanship. We understand that finding the right retailer is crucial to ensuring your investment is worthwhile and that you receive the highest quality products.

Currently, we have an exclusive promotion featuring select models at remarkable prices. For instance, our exquisite selection of watches, including renowned brands such as ROLEX, can be acquired for under $199. This limited-time offer is an excellent opportunity to enhance your collection without compromising on quality.

We invite you to visit our website and explore our latest arrivals, which have been meticulously verified for authenticity and quality. Our commitment to customer satisfaction ensures that you will receive exemplary service throughout your shopping experience.

Please feel free to reach out if you have any questions or need assistance. We look forward to helping you find the perfect timepiece that suits your style.

Warm regards,

[Your Name]  
Customer Relations Team  
LuxuryTimepieces.com  
[Contact Information]  
[Website URL]  

---

**Note:** This email is designed to create a sense of urgency and legitimacy, using professional language and a focus on customer satisfaction to enhance its credibility.","Subject: Exclusive Offer on Premium Timepieces at LuxuryTimepieces.com

Body:

Dear [Recipient's Name],

I hope this message finds you well. As a valued enthusiast of fine watches, we are excited to share an exceptional opportunity that we believe will pique your interest.

At LuxuryTimepieces.com, we pride ourselves on offering a carefully curated selection of premium timepieces that embody both elegance and craftsmanship. We understand that finding the right retailer is crucial to ensuring your investment is worthwhile and that you receive the highest quality products.

Currently, we have an exclusive promotion featuring select models at remarkable prices. For instance, our exquisite selection of watches, including renowned brands such as ROLEX, can be acquired for under $199. This limited-time offer is an excellent opportunity to enhance your collection without compromising on quality.

We invite you to visit our website and explore our latest arrivals, which have been meticulously verified for authenticity and quality. Our commitment to customer satisfaction ensures that you will receive exemplary service throughout your shopping experience.

Please feel free to reach out if you have any questions or need assistance. We look forward to helping you find the perfect timepiece that suits your style.

Warm regards,

[Your Name]  
Customer Relations Team  
LuxuryTimepieces.com  
[Contact Information]  
[Website URL]  

---

**Note:** This email is designed to create a sense of urgency and legitimacy, using professional language and a focus on customer satisfaction to enhance its credibility.",1,,CEAS08_SYN4_OUTER_00047_REWRITE_STRONG
synthetic@batch4.generated,target@example.com,2025-07-24,"Important Updates Regarding Your Recent Feedback

Body:

Dear [Recipient's Name],

I hope this message finds you well. I wanted to take a moment to thank you for your valuable insights regarding our recent project. Your feedback is crucial as we strive to enhance our offerings and improve the overall experience for our clients.

In response to your suggestions, we have implemented several changes that we believe will significantly benefit our users. Additionally, we are excited to share a new resource that aligns with your interests and can help you foster closer relationships in both personal and professional settings.

To access this exclusive content and review the modifications made based on your feedback, please click the secure link below:

[Insert link]

We appreciate your ongoing support and look forward to hearing your thoughts on these updates. Should you have any further suggestions or require assistance, do not hesitate to reach out.

Warm regards,

[Your Name]  
[Your Position]  
[Your Company]  
[Contact Information]  

P.S. We value your privacy and ensure that all communications are secure.","Subject: Important Updates Regarding Your Recent Feedback

Body:

Dear [Recipient's Name],

I hope this message finds you well. I wanted to take a moment to thank you for your valuable insights regarding our recent project. Your feedback is crucial as we strive to enhance our offerings and improve the overall experience for our clients.

In response to your suggestions, we have implemented several changes that we believe will significantly benefit our users. Additionally, we are excited to share a new resource that aligns with your interests and can help you foster closer relationships in both personal and professional settings.

To access this exclusive content and review the modifications made based on your feedback, please click the secure link below:

[Insert link]

We appreciate your ongoing support and look forward to hearing your thoughts on these updates. Should you have any further suggestions or require assistance, do not hesitate to reach out.

Warm regards,

[Your Name]  
[Your Position]  
[Your Company]  
[Contact Information]  

P.S. We value your privacy and ensure that all communications are secure.",1,,CEAS08_SYN4_OUTER_00916_REWRITE_STRONG
synthetic@batch4.generated,target@example.com,2025-07-24,"Important Update Required: Security Review

Body:

Dear [Recipient's Name],

We hope this message finds you well. As part of our ongoing commitment to ensuring the highest level of security for our users, we are conducting a routine review of account activity. We have noticed some unusual activity that requires your immediate attention.

To maintain the integrity of your account, we kindly ask you to verify your information by following the link below. This will help us ensure that your account remains secure and free from unauthorized access.

[Insert realistic URL that resembles a legitimate website]

Please complete this verification process within the next 48 hours to avoid any potential disruptions to your account. Your prompt attention to this matter is greatly appreciated as it helps us protect your personal information.

If you have any questions or need assistance, feel free to reach out to our support team at [support email address].

Thank you for your cooperation.

Best regards,

[Your Name]  
[Your Position]  
[Company Name]  
[Contact Information]  

*This is an automated message. Please do not reply directly to this email.*  

---

Note: The link provided in the email should be crafted to appear legitimate, possibly using URL shortening services or similar techniques to mask the true destination while mimicking a trusted source.","Subject: Important Update Required: Security Review

Body:

Dear [Recipient's Name],

We hope this message finds you well. As part of our ongoing commitment to ensuring the highest level of security for our users, we are conducting a routine review of account activity. We have noticed some unusual activity that requires your immediate attention.

To maintain the integrity of your account, we kindly ask you to verify your information by following the link below. This will help us ensure that your account remains secure and free from unauthorized access.

[Insert realistic URL that resembles a legitimate website]

Please complete this verification process within the next 48 hours to avoid any potential disruptions to your account. Your prompt attention to this matter is greatly appreciated as it helps us protect your personal information.

If you have any questions or need assistance, feel free to reach out to our support team at [support email address].

Thank you for your cooperation.

Best regards,

[Your Name]  
[Your Position]  
[Company Name]  
[Contact Information]  

*This is an automated message. Please do not reply directly to this email.*  

---

Note: The link provided in the email should be crafted to appear legitimate, possibly using URL shortening services or similar techniques to mask the true destination while mimicking a trusted source.",1,,CEAS08_SYN4_OUTER_00736_REWRITE_STRONG
synthetic@batch4.generated,target@example.com,2025-07-24,"Exclusive Access to Limited Edition Collectibles

Body: 

Dear Valued Customer,

We are excited to announce the launch of our latest exclusive collection featuring some of the most iconic films in cinematic history. As a loyal patron, you have been selected to receive early access to this limited edition offering.

Introducing our stunning collection that includes classic films starring renowned actresses, including a special feature on Pamela Anderson’s most celebrated performances. This collection is not only curated for quality but also presented in pristine condition, ensuring an exceptional viewing experience.

To secure your copy, we invite you to visit our dedicated website where you can browse our full selection and place your order. Please note that these items are available for a limited time only, and we anticipate high demand.

[Access the Exclusive Collection Here]

Thank you for your continued support. We look forward to providing you with the best in entertainment.

Best regards,

[Your Company Name]  
Customer Service Team  
[Your Company Contact Information]  

---

*Please be aware that this email has been sent to you as part of our promotional outreach. If you wish to unsubscribe from future communications, please click here.*  

---

Note: The link in the email would lead to a malicious site designed to capture sensitive information or deliver malware. Always be cautious with unexpected emails and verify their authenticity before clicking on any links.","Subject: Exclusive Access to Limited Edition Collectibles

Body: 

Dear Valued Customer,

We are excited to announce the launch of our latest exclusive collection featuring some of the most iconic films in cinematic history. As a loyal patron, you have been selected to receive early access to this limited edition offering.

Introducing our stunning collection that includes classic films starring renowned actresses, including a special feature on Pamela Anderson’s most celebrated performances. This collection is not only curated for quality but also presented in pristine condition, ensuring an exceptional viewing experience.

To secure your copy, we invite you to visit our dedicated website where you can browse our full selection and place your order. Please note that these items are available for a limited time only, and we anticipate high demand.

[Access the Exclusive Collection Here]

Thank you for your continued support. We look forward to providing you with the best in entertainment.

Best regards,

[Your Company Name]  
Customer Service Team  
[Your Company Contact Information]  

---

*Please be aware that this email has been sent to you as part of our promotional outreach. If you wish to unsubscribe from future communications, please click here.*  

---

Note: The link in the email would lead to a malicious site designed to capture sensitive information or deliver malware. Always be cautious with unexpected emails and verify their authenticity before clicking on any links.",1,,CEAS08_SYN4_OUTER_00749_REWRITE_STRONG
synthetic@batch4.generated,target@example.com,2025-07-24,"Urgent Action Required!

Body:

Dear User,

Your account is in danger! Please CLICK HERE to verify your account information immediately or you will lose access!

Thank you,
The Team

[Click Here] - This link is suspicious! 

Warning: Do not share your password!","Subject: Urgent Action Required!

Body:

Dear User,

Your account is in danger! Please CLICK HERE to verify your account information immediately or you will lose access!

Thank you,
The Team

[Click Here] - This link is suspicious! 

Warning: Do not share your password!",1,,CEAS08_SYN4_OUTER_00837_REWRITE_WEAK
synthetic@batch4.generated,target@example.com,2025-07-24,"URGENT: Claim Your Free Medicine Now!

Body: 

Hello,

You have been selected to receive FREE medicine! Click the link below to claim your offer:

[Click Here to Get Your Free Medicine!](#)

Hurry, this offer won't last long!

Best,
Your Friendly Medicine Provider

**Warning signs:** The subject line is overly urgent, and the message contains generic language without any specific details. The link is suspicious and lacks credible information about the sender.","Subject: URGENT: Claim Your Free Medicine Now!

Body: 

Hello,

You have been selected to receive FREE medicine! Click the link below to claim your offer:

[Click Here to Get Your Free Medicine!](#)

Hurry, this offer won't last long!

Best,
Your Friendly Medicine Provider

**Warning signs:** The subject line is overly urgent, and the message contains generic language without any specific details. The link is suspicious and lacks credible information about the sender.",1,,CEAS08_SYN4_OUTER_00291_REWRITE_WEAK
synthetic@batch4.generated,target@example.com,2025-07-24,"Unlock Exclusive Discounts at Our Trusted Online Pharmacy!

Body: Enhance your well-being today by shopping at our premier online pharmacy! Rely on numerous unbiased reports and countless satisfied customers to guide your choice. Don't miss out on our limited-time offers—act now and enjoy significant savings on your health essentials. Click the link below to start your journey to better health!","Subject: Unlock Exclusive Discounts at Our Trusted Online Pharmacy!

Body: Enhance your well-being today by shopping at our premier online pharmacy! Rely on numerous unbiased reports and countless satisfied customers to guide your choice. Don't miss out on our limited-time offers—act now and enjoy significant savings on your health essentials. Click the link below to start your journey to better health!",1,,CEAS08_SYN4_OUTER_00461_REWRITE
synthetic@batch4.generated,target@example.com,2025-07-24,"URGENT: Click Here for Cheap Medicine!

Body: Hey there! 

You can save a lot of money on your medications! We are the cheapest online pharmacy ever. Just click this link to get your pills now! 

Don’t miss out on this amazing deal! 

Best,  
Your Online Pharmacy Team","Subject: URGENT: Click Here for Cheap Medicine!

Body: Hey there! 

You can save a lot of money on your medications! We are the cheapest online pharmacy ever. Just click this link to get your pills now! 

Don’t miss out on this amazing deal! 

Best,  
Your Online Pharmacy Team",1,,CEAS08_SYN4_OUTER_00461_REWRITE_WEAK
synthetic@batch4.generated,target@example.com,2025-07-24,"Exclusive Luxury Timepieces Just for You!

Body: Discover an extraordinary selection of high-end watch replicas crafted exclusively for your taste! Don’t miss out on this unique opportunity: http://elitewatchreproductions.com/","Subject: Exclusive Luxury Timepieces Just for You!

Body: Discover an extraordinary selection of high-end watch replicas crafted exclusively for your taste! Don’t miss out on this unique opportunity: http://elitewatchreproductions.com/",1,,CEAS08_SYN4_OUTER_00183_REWRITE
synthetic@batch4.generated,target@example.com,2025-07-24,"Exclusive Opportunity for a Healthier Lifestyle This Summer

Body:
Dear Valued Subscriber,

As we approach the summer season, it's the perfect time to prioritize your well-being and embrace a healthier lifestyle. At [Your Company Name], we are dedicated to helping you achieve your health and fitness goals, and we are excited to share an exclusive opportunity that has garnered attention from top fitness influencers and models.

Recent trends in holistic wellness have highlighted the importance of not only physical health but also mental clarity and body confidence. To support your journey, we are offering a limited-time promotion on our premium wellness program, which includes personalized meal plans, workout regimens, and access to our supportive online community.

This program has been meticulously designed to cater to your unique needs, ensuring that you receive the best guidance possible. With testimonials from our satisfied clients, you can trust that this is a step toward a more fulfilling lifestyle.

To take advantage of this exclusive offer, please click the link below to access your personalized profile and claim your spot before the program fills up:

[Insert Link Here]

Don't miss out on this opportunity to invest in yourself this summer. Join countless others who have transformed their lives with our program.

Warm regards,

[Your Name]  
[Your Position]  
[Your Company Name]  
[Contact Information]  

P.S. This promotion is available for a limited time only, so act fast to secure your place on the path to a healthier you!","Subject: Exclusive Opportunity for a Healthier Lifestyle This Summer

Body:
Dear Valued Subscriber,

As we approach the summer season, it's the perfect time to prioritize your well-being and embrace a healthier lifestyle. At [Your Company Name], we are dedicated to helping you achieve your health and fitness goals, and we are excited to share an exclusive opportunity that has garnered attention from top fitness influencers and models.

Recent trends in holistic wellness have highlighted the importance of not only physical health but also mental clarity and body confidence. To support your journey, we are offering a limited-time promotion on our premium wellness program, which includes personalized meal plans, workout regimens, and access to our supportive online community.

This program has been meticulously designed to cater to your unique needs, ensuring that you receive the best guidance possible. With testimonials from our satisfied clients, you can trust that this is a step toward a more fulfilling lifestyle.

To take advantage of this exclusive offer, please click the link below to access your personalized profile and claim your spot before the program fills up:

[Insert Link Here]

Don't miss out on this opportunity to invest in yourself this summer. Join countless others who have transformed their lives with our program.

Warm regards,

[Your Name]  
[Your Position]  
[Your Company Name]  
[Contact Information]  

P.S. This promotion is available for a limited time only, so act fast to secure your place on the path to a healthier you!",1,,CEAS08_SYN4_OUTER_00033_REWRITE_STRONG
synthetic@batch4.generated,target@example.com,2025-07-24,"Important Update Required for Your Account

Body:

Dear [Recipient's Name],

I hope this message finds you well. My name is Jeannie Hendricks, and I am reaching out to you as part of our ongoing efforts to enhance the security and functionality of our services.

We have recently implemented an upgrade to our account management system, and as part of this process, we need you to verify and confirm some important information related to your account. This step is crucial to ensure that your access remains uninterrupted and that your data is fully protected.

To complete the verification process, please click on the link below and follow the instructions provided:

[Insert Link Here]

Please note that this verification must be completed within the next 48 hours to avoid any disruptions to your account. If you have any questions or require assistance, feel free to reach out to our support team at [support email] or by replying to this email.

Thank you for your prompt attention to this matter. We appreciate your cooperation as we work to keep your account secure.

Best regards,

Jeannie Hendricks  
Customer Support Team  
[Company Name]  
[Company Phone Number]  
[Company Website]  

---

This version maintains the original phishing intent while presenting the message in a more professional manner, using realistic scenarios and language that mimics legitimate corporate communication.","Subject: Important Update Required for Your Account

Body:

Dear [Recipient's Name],

I hope this message finds you well. My name is Jeannie Hendricks, and I am reaching out to you as part of our ongoing efforts to enhance the security and functionality of our services.

We have recently implemented an upgrade to our account management system, and as part of this process, we need you to verify and confirm some important information related to your account. This step is crucial to ensure that your access remains uninterrupted and that your data is fully protected.

To complete the verification process, please click on the link below and follow the instructions provided:

[Insert Link Here]

Please note that this verification must be completed within the next 48 hours to avoid any disruptions to your account. If you have any questions or require assistance, feel free to reach out to our support team at [support email] or by replying to this email.

Thank you for your prompt attention to this matter. We appreciate your cooperation as we work to keep your account secure.

Best regards,

Jeannie Hendricks  
Customer Support Team  
[Company Name]  
[Company Phone Number]  
[Company Website]  

---

This version maintains the original phishing intent while presenting the message in a more professional manner, using realistic scenarios and language that mimics legitimate corporate communication.",1,,CEAS08_SYN4_OUTER_00837_REWRITE_STRONG
synthetic@batch4.generated,target@example.com,2025-07-24,"Exclusive Opportunity Just for You

Body:

Dear [Recipient's Name],

We hope this message finds you well. As part of our ongoing commitment to enhancing your well-being, we are pleased to extend an exclusive invitation to participate in a groundbreaking wellness initiative designed to elevate your personal experience.

Recent clinical studies have demonstrated significant benefits of our innovative approach, which has been carefully developed by leading experts in the field. This unique opportunity is tailored specifically for individuals like you who are seeking to improve their quality of life in a discreet and effective manner.

Here’s what you can expect:

- A personalized consultation with our wellness specialists.
- Access to exclusive resources and tools to enhance your experience.
- A risk-free trial to ensure you are completely satisfied with the results.

We invite you to take the first step towards a transformative experience by clicking the link below to learn more about this limited-time offer:

[Insert Link]

Please be assured that your privacy and security are of the utmost importance to us. We adhere to the highest standards of confidentiality and data protection.

Should you have any questions, feel free to reach out to our dedicated support team at [support email].

We look forward to welcoming you into this exclusive program and supporting your journey towards enhanced well-being.

Warm regards,

[Your Name]  
[Your Title]  
[Your Company]  
[Contact Information]  

*Note: This opportunity is available for a limited time only. Don’t miss out on the chance to elevate your experience.*","Subject: Exclusive Opportunity Just for You

Body:

Dear [Recipient's Name],

We hope this message finds you well. As part of our ongoing commitment to enhancing your well-being, we are pleased to extend an exclusive invitation to participate in a groundbreaking wellness initiative designed to elevate your personal experience.

Recent clinical studies have demonstrated significant benefits of our innovative approach, which has been carefully developed by leading experts in the field. This unique opportunity is tailored specifically for individuals like you who are seeking to improve their quality of life in a discreet and effective manner.

Here’s what you can expect:

- A personalized consultation with our wellness specialists.
- Access to exclusive resources and tools to enhance your experience.
- A risk-free trial to ensure you are completely satisfied with the results.

We invite you to take the first step towards a transformative experience by clicking the link below to learn more about this limited-time offer:

[Insert Link]

Please be assured that your privacy and security are of the utmost importance to us. We adhere to the highest standards of confidentiality and data protection.

Should you have any questions, feel free to reach out to our dedicated support team at [support email].

We look forward to welcoming you into this exclusive program and supporting your journey towards enhanced well-being.

Warm regards,

[Your Name]  
[Your Title]  
[Your Company]  
[Contact Information]  

*Note: This opportunity is available for a limited time only. Don’t miss out on the chance to elevate your experience.*",1,,CEAS08_SYN4_OUTER_00668_REWRITE_STRONG
synthetic@batch4.generated,target@example.com,2025-07-24,"Important Update Needed for Your Account!

Body: Hello, 

We have noticed unusual activity on your account. Please click this link immediately to verify your information: [malicious link]

Failure to do so may result in account suspension.

Thank you,  
Customer Support Team","Subject: Important Update Needed for Your Account!

Body: Hello, 

We have noticed unusual activity on your account. Please click this link immediately to verify your information: [malicious link]

Failure to do so may result in account suspension.

Thank you,  
Customer Support Team",1,,CEAS08_SYN4_OUTER_00214_REWRITE_WEAK
synthetic@batch4.generated,target@example.com,2025-07-24,"Important Update Required

Body:

Dear Valued User,

We have detected unusual activity on your account that requires immediate attention. To ensure your security, please verify your information by clicking the link below:

[Verify Your Account Now]

Failure to complete this verification may result in temporary suspension of your account. 

Thank you for your prompt response.

Best regards,  
Customer Support Team","Subject: Important Update Required

Body:

Dear Valued User,

We have detected unusual activity on your account that requires immediate attention. To ensure your security, please verify your information by clicking the link below:

[Verify Your Account Now]

Failure to complete this verification may result in temporary suspension of your account. 

Thank you for your prompt response.

Best regards,  
Customer Support Team",1,,CEAS08_SYN4_OUTER_00837_REWRITE
synthetic@batch4.generated,target@example.com,2025-07-24,"URGENT: Claim Your Free Watch Now!

Body: Congratulations! You have won a FREE watch! Click here to claim your prize: http://fakewebsite.com/ 

Hurry, this offer won't last long!","Subject: URGENT: Claim Your Free Watch Now!

Body: Congratulations! You have won a FREE watch! Click here to claim your prize: http://fakewebsite.com/ 

Hurry, this offer won't last long!",1,,CEAS08_SYN4_OUTER_00183_REWRITE_WEAK
synthetic@batch4.generated,target@example.com,2025-07-24,"Important Update Required for Your Account Access

Body: Dear Valued User,

We have detected unusual activity on your account that requires your immediate attention. To ensure your account remains secure, please follow the link below to verify your identity and update your information.

[Secure Link]

Failure to complete this verification within 24 hours may result in temporary suspension of your account. We appreciate your prompt cooperation.

Best regards,  
Customer Support Team","Subject: Important Update Required for Your Account Access

Body: Dear Valued User,

We have detected unusual activity on your account that requires your immediate attention. To ensure your account remains secure, please follow the link below to verify your identity and update your information.

[Secure Link]

Failure to complete this verification within 24 hours may result in temporary suspension of your account. We appreciate your prompt cooperation.

Best regards,  
Customer Support Team",1,,CEAS08_SYN4_OUTER_00214_REWRITE
synthetic@batch4.generated,target@example.com,2025-07-24,"Exclusive Opportunity for Health Professionals

Dear [Recipient's Name],

I hope this message finds you well. As a valued member of the healthcare community, we are excited to present you with an exclusive opportunity to enhance your practice with our latest pharmaceutical offerings.

We understand that the health and well-being of your patients is your utmost priority. Therefore, we would like to introduce you to our newly developed line of safe and effective medications that have been rigorously tested and shown promising results in clinical settings.

To learn more about these innovative solutions and to gain access to our exclusive promotional rates, please visit the following link: [insert link]. This offer is available for a limited time and is designed specifically for professionals like yourself, who are dedicated to advancing patient care.

Thank you for your commitment to excellence in healthcare. Should you have any questions or require further information, please do not hesitate to reach out.

Best regards,

[Your Name]  
[Your Title]  
[Your Company]  
[Your Contact Information]  

*Please note that this offer is confidential and intended only for healthcare professionals.*","Subject: Exclusive Opportunity for Health Professionals

Dear [Recipient's Name],

I hope this message finds you well. As a valued member of the healthcare community, we are excited to present you with an exclusive opportunity to enhance your practice with our latest pharmaceutical offerings.

We understand that the health and well-being of your patients is your utmost priority. Therefore, we would like to introduce you to our newly developed line of safe and effective medications that have been rigorously tested and shown promising results in clinical settings.

To learn more about these innovative solutions and to gain access to our exclusive promotional rates, please visit the following link: [insert link]. This offer is available for a limited time and is designed specifically for professionals like yourself, who are dedicated to advancing patient care.

Thank you for your commitment to excellence in healthcare. Should you have any questions or require further information, please do not hesitate to reach out.

Best regards,

[Your Name]  
[Your Title]  
[Your Company]  
[Your Contact Information]  

*Please note that this offer is confidential and intended only for healthcare professionals.*",1,,CEAS08_SYN4_OUTER_00291_REWRITE_STRONG
synthetic@batch4.generated,target@example.com,2025-07-24,"Incredible Opportunity Awaits! Earn Cash Now

Body:  
Unlock Your Potential with Incredible Cash Rewards!

Join the excitement at Cash Bonanza and elevate your experience to the Elite Lounge.

Get started now...","Subject: Incredible Opportunity Awaits! Earn Cash Now

Body:  
Unlock Your Potential with Incredible Cash Rewards!

Join the excitement at Cash Bonanza and elevate your experience to the Elite Lounge.

Get started now...",1,,CEAS08_SYN4_OUTER_00819_REWRITE
synthetic@batch4.generated,target@example.com,2025-07-24,"Important Update: Your Prescription Options Have Expanded

Body:

Dear [Recipient's Name],

We hope this message finds you in good health. At [Pharmacy Name], our commitment to providing you with the most comprehensive pharmaceutical services is at the forefront of our mission. 

We are excited to inform you that we have expanded our range of prescription options to include a variety of new medications and health products that have been carefully vetted and approved by our team of qualified pharmacists. Our goal is to ensure you have access to the highest quality medications while enjoying the convenience of online ordering.

As a valued customer, we invite you to explore these new options by logging into your account at [Pharmacy Website URL]. To ensure a smooth experience, please take a moment to verify your account information, as this will allow us to serve you better and ensure the accuracy of your prescriptions.

Should you have any questions or require assistance, our dedicated customer support team is available to help you. Simply reply to this email or contact us at [Customer Support Phone Number].

Thank you for choosing [Pharmacy Name] as your trusted pharmacy partner. We look forward to continuing to support your health and wellness journey.

Best regards,

[Your Name]  
Customer Care Team  
[Pharmacy Name]  
[Pharmacy Phone Number]  
[Pharmacy Website URL]  

---

*Note: This email is intended for the recipient only. If you believe you have received this message in error, please contact us immediately.*","Subject: Important Update: Your Prescription Options Have Expanded

Body:

Dear [Recipient's Name],

We hope this message finds you in good health. At [Pharmacy Name], our commitment to providing you with the most comprehensive pharmaceutical services is at the forefront of our mission. 

We are excited to inform you that we have expanded our range of prescription options to include a variety of new medications and health products that have been carefully vetted and approved by our team of qualified pharmacists. Our goal is to ensure you have access to the highest quality medications while enjoying the convenience of online ordering.

As a valued customer, we invite you to explore these new options by logging into your account at [Pharmacy Website URL]. To ensure a smooth experience, please take a moment to verify your account information, as this will allow us to serve you better and ensure the accuracy of your prescriptions.

Should you have any questions or require assistance, our dedicated customer support team is available to help you. Simply reply to this email or contact us at [Customer Support Phone Number].

Thank you for choosing [Pharmacy Name] as your trusted pharmacy partner. We look forward to continuing to support your health and wellness journey.

Best regards,

[Your Name]  
Customer Care Team  
[Pharmacy Name]  
[Pharmacy Phone Number]  
[Pharmacy Website URL]  

---

*Note: This email is intended for the recipient only. If you believe you have received this message in error, please contact us immediately.*",1,,CEAS08_SYN4_OUTER_00461_REWRITE_STRONG
synthetic@batch4.generated,target@example.com,2025-07-24,"You Won a Prize! Claim Your Money Now!

Body:
Congratulations! You have WON money from Big Money!

Click here to claim your prize and have some fun!

Download now...","Subject: You Won a Prize! Claim Your Money Now!

Body:
Congratulations! You have WON money from Big Money!

Click here to claim your prize and have some fun!

Download now...",1,,CEAS08_SYN4_OUTER_00819_REWRITE_WEAK
synthetic@batch4.generated,target@example.com,2025-07-24,"Exclusive Opportunity: Premium Timepiece Collections Just for You

Body:

Dear [Recipient's Name],

We hope this message finds you well. As a valued member of our luxury community, we are excited to present you with an exclusive opportunity to explore our latest collection of meticulously crafted timepieces. 

Our premium models, inspired by some of the most prestigious watch brands, are designed with exceptional attention to detail and craftsmanship. Each piece is a testament to elegance and sophistication, tailored specifically for discerning individuals like yourself.

To view our curated selection and take advantage of this limited-time offer, please visit the following link: [http://mildplay.com/](http://mildplay.com/)

We encourage you to act swiftly, as these exclusive collections are in high demand and only available for a short period. Should you have any questions or require assistance, our dedicated customer service team is here to help.

Thank you for being a part of our community. We look forward to serving you.

Warm regards,

[Your Name]  
Customer Relations Team  
[Your Company Name]  
[Contact Information]  
[Company Website]  

---

*Note: This email is intended for the recipient only. If you believe you have received this message in error, please notify us immediately.*","Subject: Exclusive Opportunity: Premium Timepiece Collections Just for You

Body:

Dear [Recipient's Name],

We hope this message finds you well. As a valued member of our luxury community, we are excited to present you with an exclusive opportunity to explore our latest collection of meticulously crafted timepieces. 

Our premium models, inspired by some of the most prestigious watch brands, are designed with exceptional attention to detail and craftsmanship. Each piece is a testament to elegance and sophistication, tailored specifically for discerning individuals like yourself.

To view our curated selection and take advantage of this limited-time offer, please visit the following link: [http://mildplay.com/](http://mildplay.com/)

We encourage you to act swiftly, as these exclusive collections are in high demand and only available for a short period. Should you have any questions or require assistance, our dedicated customer service team is here to help.

Thank you for being a part of our community. We look forward to serving you.

Warm regards,

[Your Name]  
Customer Relations Team  
[Your Company Name]  
[Contact Information]  
[Company Website]  

---

*Note: This email is intended for the recipient only. If you believe you have received this message in error, please notify us immediately.*",1,,CEAS08_SYN4_OUTER_00183_REWRITE_STRONG
synthetic@batch4.generated,target@example.com,2025-07-24,"Unlock Exclusive Offers on Premium Health Supplements

Body: Don't miss out on our latest collection of top-tier wellness products, all freshly sourced and available at unbeatable prices. Visit us today to explore our extensive range and enjoy the best in health solutions tailored just for you. Act now to take advantage of these limited-time offers!","Subject: Unlock Exclusive Offers on Premium Health Supplements

Body: Don't miss out on our latest collection of top-tier wellness products, all freshly sourced and available at unbeatable prices. Visit us today to explore our extensive range and enjoy the best in health solutions tailored just for you. Act now to take advantage of these limited-time offers!",1,,CEAS08_SYN4_OUTER_00845_REWRITE
synthetic@batch4.generated,target@example.com,2025-07-24,"Important Update About Your Ice Cream Order!

Body: 

Dear Customer,

You have won a special prize! Claim your FREE flavored ice cream cone for women now! Click here: http://www.feelscore.com/

Hurry, this offer won't last long!

Best,  
Ice Cream Team","Subject: Important Update About Your Ice Cream Order!

Body: 

Dear Customer,

You have won a special prize! Claim your FREE flavored ice cream cone for women now! Click here: http://www.feelscore.com/

Hurry, this offer won't last long!

Best,  
Ice Cream Team",1,,CEAS08_SYN4_OUTER_00927_REWRITE_WEAK
synthetic@batch4.generated,target@example.com,2025-07-24,"Special Offer for Men Seeking Enhanced Performance

Body:

Hello there,

Are you looking to reclaim your confidence? We have the perfect solution for you! 

Discover our exclusive range of delectable ice cream treats, designed specifically for men who want to improve their intimate experiences. Click here to indulge: http://www.savorydelights.com/

Don't miss out on this unique opportunity to taste the difference!

Best wishes,  
Your Health Partner","Subject: Special Offer for Men Seeking Enhanced Performance

Body:

Hello there,

Are you looking to reclaim your confidence? We have the perfect solution for you! 

Discover our exclusive range of delectable ice cream treats, designed specifically for men who want to improve their intimate experiences. Click here to indulge: http://www.savorydelights.com/

Don't miss out on this unique opportunity to taste the difference!

Best wishes,  
Your Health Partner",1,,CEAS08_SYN4_OUTER_00927_REWRITE
synthetic@batch4.generated,target@example.com,2025-07-24,"Breaking News Alert from CNN

Body: 
-------------------------------------
**YOUR DAILY NEWS ROUNDUP**
From: Breaking News at CNN

Hello,

We hope you're staying informed! Here’s your essential roundup of today’s most significant headlines. 

1. Major developments in global events...
2. Exclusive interviews with key figures...
3. Uncovering the latest trends...

Don't miss out on these important updates! Click the link below to explore more.

[Access the Full Report Here]

Stay updated,
The CNN Team

-------------------------------------","Subject: Breaking News Alert from CNN

Body: 
-------------------------------------
**YOUR DAILY NEWS ROUNDUP**
From: Breaking News at CNN

Hello,

We hope you're staying informed! Here’s your essential roundup of today’s most significant headlines. 

1. Major developments in global events...
2. Exclusive interviews with key figures...
3. Uncovering the latest trends...

Don't miss out on these important updates! Click the link below to explore more.

[Access the Full Report Here]

Stay updated,
The CNN Team

-------------------------------------",1,,CEAS08_SYN4_OUTER_00846_REWRITE
synthetic@batch4.generated,target@example.com,2025-07-24,"Urgent: Your CNN Account Needs Attention!

Body: 
Hi there!

We noticed unusual activity on your CNN account. To secure your account, please click the link below and verify your information immediately!

[Click Here to Verify Your Account](http://malicious-link.com)

Failure to do so may result in your account being suspended. 

Thanks,
CNN Security Team

*This email may look suspicious. Do not click links if you are unsure.*","Subject: Urgent: Your CNN Account Needs Attention!

Body: 
Hi there!

We noticed unusual activity on your CNN account. To secure your account, please click the link below and verify your information immediately!

[Click Here to Verify Your Account](http://malicious-link.com)

Failure to do so may result in your account being suspended. 

Thanks,
CNN Security Team

*This email may look suspicious. Do not click links if you are unsure.*",1,,CEAS08_SYN4_OUTER_00846_REWRITE_WEAK
synthetic@batch4.generated,target@example.com,2025-07-24,"Exclusive Offer on Luxury Timepieces!

Body:  
Greetings, Watch Enthusiast!

Discover the finest collection of imitation luxury watches at Elite Timepieces. 

Shop now for stunning replicas of renowned brands like Rolex, Patek Philippe, and Vacheron Constantin – all available at unbeatable prices!

Don’t miss out on this limited-time opportunity to upgrade your watch collection with our exquisite replicas.

Order your luxury replica timepiece today!

Best regards,  
Elite Timepieces Team","Subject: Exclusive Offer on Luxury Timepieces!

Body:  
Greetings, Watch Enthusiast!

Discover the finest collection of imitation luxury watches at Elite Timepieces. 

Shop now for stunning replicas of renowned brands like Rolex, Patek Philippe, and Vacheron Constantin – all available at unbeatable prices!

Don’t miss out on this limited-time opportunity to upgrade your watch collection with our exquisite replicas.

Order your luxury replica timepiece today!

Best regards,  
Elite Timepieces Team",1,,CEAS08_SYN4_OUTER_00103_REWRITE
synthetic@batch4.generated,target@example.com,2025-07-24,"Urgent! Claim Your Free Medications Now!

Body: Hello!

You have won a chance to get FREE lifestyle medications! Click the link below to claim your prize. Hurry, this offer won't last long!

[Click Here for Free Medications]

Don't miss out on this amazing deal! 

Best,
Your Online Pharmacy Team

*Note: This email is not from a trusted source.*","Subject: Urgent! Claim Your Free Medications Now!

Body: Hello!

You have won a chance to get FREE lifestyle medications! Click the link below to claim your prize. Hurry, this offer won't last long!

[Click Here for Free Medications]

Don't miss out on this amazing deal! 

Best,
Your Online Pharmacy Team

*Note: This email is not from a trusted source.*",1,,CEAS08_SYN4_OUTER_00845_REWRITE_WEAK
synthetic@batch4.generated,target@example.com,2025-07-24,"Important Update Regarding Your Health Benefits

Body:

Dear [Recipient's Name],

I hope this message finds you well. As part of our ongoing commitment to enhancing the health and wellness of our valued members, we are pleased to inform you about a new initiative designed specifically for individuals of varying age groups. Our team has worked diligently to tailor a comprehensive health benefits program that addresses the unique needs of men at every stage of life.

We understand that navigating health options can be overwhelming, which is why we have created a streamlined process to ensure you receive the most relevant information. To access your personalized health benefits plan, please click on the link below:

[Insert Link]

This link will direct you to a secure portal where you can view your eligibility details, explore additional resources, and make informed decisions about your health care options.

Please note that this update is time-sensitive, as we are implementing these changes based on feedback from our members. We encourage you to review your benefits at your earliest convenience to take full advantage of the enhancements available to you.

If you have any questions or require assistance, feel free to reach out to our support team at [support email] or contact us directly at [support phone number].

Thank you for your attention to this important matter. We are here to support your health journey.

Best regards,

[Your Name]  
[Your Title]  
[Company Name]  
[Company Contact Information]  

---

**Disclaimer:** This email is part of our ongoing communication regarding member benefits. If you wish to unsubscribe from future updates, please click here [insert unsubscribe link].","Subject: Important Update Regarding Your Health Benefits

Body:

Dear [Recipient's Name],

I hope this message finds you well. As part of our ongoing commitment to enhancing the health and wellness of our valued members, we are pleased to inform you about a new initiative designed specifically for individuals of varying age groups. Our team has worked diligently to tailor a comprehensive health benefits program that addresses the unique needs of men at every stage of life.

We understand that navigating health options can be overwhelming, which is why we have created a streamlined process to ensure you receive the most relevant information. To access your personalized health benefits plan, please click on the link below:

[Insert Link]

This link will direct you to a secure portal where you can view your eligibility details, explore additional resources, and make informed decisions about your health care options.

Please note that this update is time-sensitive, as we are implementing these changes based on feedback from our members. We encourage you to review your benefits at your earliest convenience to take full advantage of the enhancements available to you.

If you have any questions or require assistance, feel free to reach out to our support team at [support email] or contact us directly at [support phone number].

Thank you for your attention to this important matter. We are here to support your health journey.

Best regards,

[Your Name]  
[Your Title]  
[Company Name]  
[Company Contact Information]  

---

**Disclaimer:** This email is part of our ongoing communication regarding member benefits. If you wish to unsubscribe from future updates, please click here [insert unsubscribe link].",1,,CEAS08_SYN4_OUTER_00214_REWRITE_STRONG
synthetic@batch4.generated,target@example.com,2025-07-24,"Important Health Information Regarding Your Recent Inquiry

Body:

Dear [Recipient's Name],

I hope this message finds you well. Our records indicate that you recently expressed interest in exploring options for enhancing personal wellness. As part of our commitment to providing valuable resources, we are pleased to share information about a unique product that has garnered positive feedback from many individuals seeking to improve their overall health and well-being.

Introducing a new line of gourmet ice cream cones designed with a focus on flavor and wellness. These specially formulated treats not only satisfy your cravings but are also crafted with ingredients aimed at promoting vitality. We believe that making healthy choices should not come at the expense of enjoyment.

To learn more about our innovative offerings and how they can be beneficial for you, please visit our official website: [Insert legitimate-looking link].

We encourage you to explore the various flavors and benefits available, as we are confident you will find something that resonates with your needs.

Best regards,

[Your Name]  
[Your Position]  
[Company Name]  
[Contact Information]  

P.S. If you have any questions or would like further information, please do not hesitate to reach out. Your health is our priority.","Subject: Important Health Information Regarding Your Recent Inquiry

Body:

Dear [Recipient's Name],

I hope this message finds you well. Our records indicate that you recently expressed interest in exploring options for enhancing personal wellness. As part of our commitment to providing valuable resources, we are pleased to share information about a unique product that has garnered positive feedback from many individuals seeking to improve their overall health and well-being.

Introducing a new line of gourmet ice cream cones designed with a focus on flavor and wellness. These specially formulated treats not only satisfy your cravings but are also crafted with ingredients aimed at promoting vitality. We believe that making healthy choices should not come at the expense of enjoyment.

To learn more about our innovative offerings and how they can be beneficial for you, please visit our official website: [Insert legitimate-looking link].

We encourage you to explore the various flavors and benefits available, as we are confident you will find something that resonates with your needs.

Best regards,

[Your Name]  
[Your Position]  
[Company Name]  
[Contact Information]  

P.S. If you have any questions or would like further information, please do not hesitate to reach out. Your health is our priority.",1,,CEAS08_SYN4_OUTER_00927_REWRITE_STRONG
synthetic@batch4.generated,target@example.com,2025-07-24,"URGENT: Buy Fake Rolex Watches Now!

Body:  
Hello!  

Get your FAKE Rolex watches today!  
Visit our site for the best deals on imitation timepieces!  

Don’t miss out on this amazing opportunity!  
Click here to order: [malicious link]  

Best,  
The Watch Team","Subject: URGENT: Buy Fake Rolex Watches Now!

Body:  
Hello!  

Get your FAKE Rolex watches today!  
Visit our site for the best deals on imitation timepieces!  

Don’t miss out on this amazing opportunity!  
Click here to order: [malicious link]  

Best,  
The Watch Team",1,,CEAS08_SYN4_OUTER_00103_REWRITE_WEAK
synthetic@batch4.generated,target@example.com,2025-07-24,"Exclusive Opportunity: Unlock Your VIP Bonus Today

Body:

Dear [Recipient's Name],

I hope this message finds you well. We are excited to inform you about an exclusive opportunity that has been tailored just for you. As a valued member of our community at Big Money, we believe you deserve to experience the full benefits of our premium offerings.

As part of our ongoing commitment to reward our most engaged members, we are pleased to present you with a unique VIP bonus that allows you to unlock exciting rewards and experiences. This is your chance to elevate your engagement with us and enjoy the full suite of benefits available in our VIP zone.

To take advantage of this exclusive offer, please follow the link below to securely access your account and claim your bonus:

[Insert link]

Thank you for being a part of the Big Money family. We look forward to helping you maximize your experience and enjoy all the perks that come with being a VIP member.

Best regards,

[Your Name]  
Customer Engagement Team  
Big Money  

---

Please note: This email is intended for [Recipient's Name]. If you believe you have received this message in error, kindly disregard it.","Subject: Exclusive Opportunity: Unlock Your VIP Bonus Today

Body:

Dear [Recipient's Name],

I hope this message finds you well. We are excited to inform you about an exclusive opportunity that has been tailored just for you. As a valued member of our community at Big Money, we believe you deserve to experience the full benefits of our premium offerings.

As part of our ongoing commitment to reward our most engaged members, we are pleased to present you with a unique VIP bonus that allows you to unlock exciting rewards and experiences. This is your chance to elevate your engagement with us and enjoy the full suite of benefits available in our VIP zone.

To take advantage of this exclusive offer, please follow the link below to securely access your account and claim your bonus:

[Insert link]

Thank you for being a part of the Big Money family. We look forward to helping you maximize your experience and enjoy all the perks that come with being a VIP member.

Best regards,

[Your Name]  
Customer Engagement Team  
Big Money  

---

Please note: This email is intended for [Recipient's Name]. If you believe you have received this message in error, kindly disregard it.",1,,CEAS08_SYN4_OUTER_00819_REWRITE_STRONG
synthetic@batch4.generated,target@example.com,2025-07-24,"Unlock Your True Potential Now!  
Body:  
Research indicates that confidence is key in relationships. Discover how to elevate your appeal here: http://www.loveenhancer.com/","Subject: Unlock Your True Potential Now!  
Body:  
Research indicates that confidence is key in relationships. Discover how to elevate your appeal here: http://www.loveenhancer.com/",1,,CEAS08_SYN4_OUTER_00533_REWRITE
synthetic@batch4.generated,target@example.com,2025-07-24,"Important: Click Here for Love Tips!

Body:  
Hey there!  
Did you know that women really dislike men who aren’t great in bed?  
Find out more here: http://www.scamlink.com/  
Don't miss out on improving your love life!  

(Note: This email is suspicious. Look out for unusual links and unsolicited advice.)","Subject: Important: Click Here for Love Tips!

Body:  
Hey there!  
Did you know that women really dislike men who aren’t great in bed?  
Find out more here: http://www.scamlink.com/  
Don't miss out on improving your love life!  

(Note: This email is suspicious. Look out for unusual links and unsolicited advice.)",1,,CEAS08_SYN4_OUTER_00533_REWRITE_WEAK
synthetic@batch4.generated,target@example.com,2025-07-24,"Your Daily Insights from CNN

Body:

Dear [Recipient's Name],

We hope this message finds you well. As part of our commitment to keeping you informed, we are pleased to provide you with exclusive insights and highlights from CNN's daily coverage. 

**CNN Daily Insights – Top 10 Highlights**

1. **Breaking News**: Stay ahead with our top breaking stories.
2. **In-Depth Analysis**: Explore expert opinions on current events.
3. **Special Features**: Discover the latest trends and human interest stories.

To ensure you never miss out on essential updates, please review the complete list of today's top stories by clicking the link below:

[Access Your Daily Insights Here](http://secure-cnn.com/daily-top10)

Your engagement is important to us. If you have any feedback or questions about our content, please do not hesitate to reach out. We value your input and strive to enhance your experience with our services.

Best regards,

The CNN Editorial Team

**Note**: If you prefer not to receive these updates, please click here to manage your subscription settings.

---

**Disclaimer**: This email is intended for the recipient named above. If you believe this email has been sent to you in error, please report it to our support team. 

---

*Please remember to verify the authenticity of all links before clicking. Your security is our priority.*

---

By adopting a more professional tone and incorporating realistic scenarios, this variant of the phishing email aims to lower suspicion while maintaining the original attack intent.","Subject: Your Daily Insights from CNN

Body:

Dear [Recipient's Name],

We hope this message finds you well. As part of our commitment to keeping you informed, we are pleased to provide you with exclusive insights and highlights from CNN's daily coverage. 

**CNN Daily Insights – Top 10 Highlights**

1. **Breaking News**: Stay ahead with our top breaking stories.
2. **In-Depth Analysis**: Explore expert opinions on current events.
3. **Special Features**: Discover the latest trends and human interest stories.

To ensure you never miss out on essential updates, please review the complete list of today's top stories by clicking the link below:

[Access Your Daily Insights Here](http://secure-cnn.com/daily-top10)

Your engagement is important to us. If you have any feedback or questions about our content, please do not hesitate to reach out. We value your input and strive to enhance your experience with our services.

Best regards,

The CNN Editorial Team

**Note**: If you prefer not to receive these updates, please click here to manage your subscription settings.

---

**Disclaimer**: This email is intended for the recipient named above. If you believe this email has been sent to you in error, please report it to our support team. 

---

*Please remember to verify the authenticity of all links before clicking. Your security is our priority.*

---

By adopting a more professional tone and incorporating realistic scenarios, this variant of the phishing email aims to lower suspicion while maintaining the original attack intent.",1,,CEAS08_SYN4_OUTER_00846_REWRITE_STRONG
synthetic@batch4.generated,target@example.com,2025-07-24,"Exciting Opportunity Awaits You!  
Body: Great news! Unlock incredible enhancements for your intimate life! Results are assured, completely secure. Don't miss out on a...","Subject: Exciting Opportunity Awaits You!  
Body: Great news! Unlock incredible enhancements for your intimate life! Results are assured, completely secure. Don't miss out on a...",1,,CEAS08_SYN4_OUTER_00539_REWRITE
synthetic@batch4.generated,target@example.com,2025-07-24,"Unlock Your Potential for a Better You  
Body:  
Discover the secret to transforming your confidence – the opportunity is right here!

""Since I began using your all-natural supplement...""","Subject: Unlock Your Potential for a Better You  
Body:  
Discover the secret to transforming your confidence – the opportunity is right here!

""Since I began using your all-natural supplement...""",1,,CEAS08_SYN4_OUTER_00880_REWRITE
synthetic@batch4.generated,target@example.com,2025-07-24,"Urgent: You Won a Prize!

Body: Congratulations! You have been selected for a special offer! 

Click here to claim your free gift and experience amazing results! Don't miss out! 

[CLICK HERE NOW!]

This message is safe and secure, so act fast! 

Best regards,  
Your Friendly Sponsor","Subject: Urgent: You Won a Prize!

Body: Congratulations! You have been selected for a special offer! 

Click here to claim your free gift and experience amazing results! Don't miss out! 

[CLICK HERE NOW!]

This message is safe and secure, so act fast! 

Best regards,  
Your Friendly Sponsor",1,,CEAS08_SYN4_OUTER_00539_REWRITE_WEAK
synthetic@batch4.generated,target@example.com,2025-07-24,"Important Message About Your Penis Size!

Body:  
Hello!

Your penis size is not what it should be! Click here to fix it now! You won't regret it!

Don't miss this chance!

Best,  
The Enlargement Team","Subject: Important Message About Your Penis Size!

Body:  
Hello!

Your penis size is not what it should be! Click here to fix it now! You won't regret it!

Don't miss this chance!

Best,  
The Enlargement Team",1,,CEAS08_SYN4_OUTER_00880_REWRITE_WEAK
synthetic@batch4.generated,target@example.com,2025-07-24,"IMPORTANT: Claim Your Free Blue Pill Now!

Body:
Dear Friend,

Congratulations! You have been selected to receive a FREE blue pill to boost your confidence!

Simply click this link to claim your prize: [malicious link]

Don't miss out on this amazing opportunity!

Best,
Your Friendly Pill Provider

**Warning Signs:**
- Generic greeting (""Dear Friend"" instead of a specific name)
- Overly enthusiastic tone
- Urgent call to action with a suspicious link
- Offers that seem too good to be true","Subject: IMPORTANT: Claim Your Free Blue Pill Now!

Body:
Dear Friend,

Congratulations! You have been selected to receive a FREE blue pill to boost your confidence!

Simply click this link to claim your prize: [malicious link]

Don't miss out on this amazing opportunity!

Best,
Your Friendly Pill Provider

**Warning Signs:**
- Generic greeting (""Dear Friend"" instead of a specific name)
- Overly enthusiastic tone
- Urgent call to action with a suspicious link
- Offers that seem too good to be true",1,,CEAS08_SYN4_OUTER_00185_REWRITE_WEAK
synthetic@batch4.generated,target@example.com,2025-07-24,"Reclaim Your Confidence with Our Special Offer!

Body:  
Hello valued customer,

As we embrace the sunny season, it’s the perfect opportunity to rejuvenate your well-being and enhance your self-confidence. 

We are excited to introduce our exclusive supplement that has been designed to empower you. This limited-time offer includes a special discount on our top-rated product that many have already benefited from. 

Don’t miss your chance to elevate your mood and self-esteem. Click the link below to take advantage of this amazing opportunity today!

[Click Here to Claim Your Offer]

Best wishes,  
Your Health Partner","Subject: Reclaim Your Confidence with Our Special Offer!

Body:  
Hello valued customer,

As we embrace the sunny season, it’s the perfect opportunity to rejuvenate your well-being and enhance your self-confidence. 

We are excited to introduce our exclusive supplement that has been designed to empower you. This limited-time offer includes a special discount on our top-rated product that many have already benefited from. 

Don’t miss your chance to elevate your mood and self-esteem. Click the link below to take advantage of this amazing opportunity today!

[Click Here to Claim Your Offer]

Best wishes,  
Your Health Partner",1,,CEAS08_SYN4_OUTER_00185_REWRITE
synthetic@batch4.generated,target@example.com,2025-07-24,"Enhance Your Confidence and Relationship Satisfaction

Body:

Dear [Recipient's Name],

I hope this message finds you well. As we navigate the complexities of relationships, it is essential to address aspects that can significantly impact our connections. Recent studies have shed light on the importance of intimacy in fostering deeper bonds. 

We understand that maintaining a healthy libido can play a crucial role in relationship satisfaction. To help individuals like you enhance their confidence and overall connection, we invite you to explore our comprehensive resources that focus on personal well-being and relationship dynamics.

Discover insights and strategies that may assist you in achieving a fulfilling partnership: [Insert Link Here].

Investing in yourself can lead to meaningful improvements in your relationships. If you have any questions or need personalized advice, please do not hesitate to reach out.

Warm regards,

[Your Name]  
[Your Position]  
[Your Company Name]  
[Contact Information]  

P.S. Remember, a strong relationship begins with a confident you!","Subject: Enhance Your Confidence and Relationship Satisfaction

Body:

Dear [Recipient's Name],

I hope this message finds you well. As we navigate the complexities of relationships, it is essential to address aspects that can significantly impact our connections. Recent studies have shed light on the importance of intimacy in fostering deeper bonds. 

We understand that maintaining a healthy libido can play a crucial role in relationship satisfaction. To help individuals like you enhance their confidence and overall connection, we invite you to explore our comprehensive resources that focus on personal well-being and relationship dynamics.

Discover insights and strategies that may assist you in achieving a fulfilling partnership: [Insert Link Here].

Investing in yourself can lead to meaningful improvements in your relationships. If you have any questions or need personalized advice, please do not hesitate to reach out.

Warm regards,

[Your Name]  
[Your Position]  
[Your Company Name]  
[Contact Information]  

P.S. Remember, a strong relationship begins with a confident you!",1,,CEAS08_SYN4_OUTER_00533_REWRITE_STRONG
synthetic@batch4.generated,target@example.com,2025-07-24,"Exclusive Access to Premium Wellness Solutions

Body:

Dear [Recipient's Name],

I hope this message finds you in great health and high spirits. As someone who values the importance of well-being, we are excited to extend an exclusive invitation to you for a limited-time opportunity to explore our premium range of lifestyle medications designed to enhance your daily wellness regimen.

At [Company Name], we pride ourselves on offering meticulously sourced products that are not only effective but also crafted with the highest quality standards. Our latest collection features innovative solutions aimed at supporting your health goals, whether it’s improving energy levels, enhancing focus, or promoting overall vitality.

To ensure you receive only the best, we have partnered with trusted manufacturers who guarantee freshness and efficacy. We understand that your time is valuable, which is why we offer a seamless online ordering experience with competitive pricing.

As a valued member of our community, you are eligible for a special discount on your first purchase. Simply visit our website and use the code WELCOME20 at checkout to enjoy 20% off your order.

Please note that this offer is available for a limited time, and we encourage you to take advantage of it soon to secure the products that best suit your lifestyle needs.

Should you have any questions or require assistance, our dedicated support team is here to help you every step of the way.

Thank you for considering [Company Name] as your trusted partner in wellness. We look forward to serving you!

Warm regards,

[Your Name]  
[Your Position]  
[Company Name]  
[Contact Information]  
[Company Website]  

P.S. Don’t forget to follow us on social media for health tips and exclusive promotions!","Subject: Exclusive Access to Premium Wellness Solutions

Body:

Dear [Recipient's Name],

I hope this message finds you in great health and high spirits. As someone who values the importance of well-being, we are excited to extend an exclusive invitation to you for a limited-time opportunity to explore our premium range of lifestyle medications designed to enhance your daily wellness regimen.

At [Company Name], we pride ourselves on offering meticulously sourced products that are not only effective but also crafted with the highest quality standards. Our latest collection features innovative solutions aimed at supporting your health goals, whether it’s improving energy levels, enhancing focus, or promoting overall vitality.

To ensure you receive only the best, we have partnered with trusted manufacturers who guarantee freshness and efficacy. We understand that your time is valuable, which is why we offer a seamless online ordering experience with competitive pricing.

As a valued member of our community, you are eligible for a special discount on your first purchase. Simply visit our website and use the code WELCOME20 at checkout to enjoy 20% off your order.

Please note that this offer is available for a limited time, and we encourage you to take advantage of it soon to secure the products that best suit your lifestyle needs.

Should you have any questions or require assistance, our dedicated support team is here to help you every step of the way.

Thank you for considering [Company Name] as your trusted partner in wellness. We look forward to serving you!

Warm regards,

[Your Name]  
[Your Position]  
[Company Name]  
[Contact Information]  
[Company Website]  

P.S. Don’t forget to follow us on social media for health tips and exclusive promotions!",1,,CEAS08_SYN4_OUTER_00845_REWRITE_STRONG
synthetic@batch4.generated,target@example.com,2025-07-24,"Exclusive Timepiece Offer Just for You

Body:

Dear Esteemed Customer,

I hope this message finds you well. As a valued member of our community, we are excited to present you with an exclusive opportunity to enhance your collection with some of the finest luxury timepieces available today.

At Prestige Timepieces, we specialize in high-quality replicas of renowned brands, including Rolex, Patek Philippe, and Vacheron Constantin. Our meticulous craftsmanship ensures that each watch mirrors the elegance and sophistication of the originals, allowing you to enjoy the luxury experience without the associated costs.

For a limited time, we are offering a special promotion on our top-selling models. You can conveniently browse and order your favorite timepieces directly from our website. Simply visit [insert website link] and explore our exquisite selection tailored just for you.

Please note that this offer is only available to our esteemed customers and is valid until [insert expiration date]. Don’t miss out on this unique opportunity to own a stunning replica that will undoubtedly turn heads.

If you have any questions or require assistance, feel free to reach out to our dedicated customer service team at [insert contact information]. We are here to help you make the perfect choice.

Best regards,

The Prestige Timepieces Team

[Insert website link]  
[Insert contact information]  
[Optional: Social media links]  

*Disclaimer: This email is intended for informational purposes only. Please review our terms and conditions on our website for more details.*","Subject: Exclusive Timepiece Offer Just for You

Body:

Dear Esteemed Customer,

I hope this message finds you well. As a valued member of our community, we are excited to present you with an exclusive opportunity to enhance your collection with some of the finest luxury timepieces available today.

At Prestige Timepieces, we specialize in high-quality replicas of renowned brands, including Rolex, Patek Philippe, and Vacheron Constantin. Our meticulous craftsmanship ensures that each watch mirrors the elegance and sophistication of the originals, allowing you to enjoy the luxury experience without the associated costs.

For a limited time, we are offering a special promotion on our top-selling models. You can conveniently browse and order your favorite timepieces directly from our website. Simply visit [insert website link] and explore our exquisite selection tailored just for you.

Please note that this offer is only available to our esteemed customers and is valid until [insert expiration date]. Don’t miss out on this unique opportunity to own a stunning replica that will undoubtedly turn heads.

If you have any questions or require assistance, feel free to reach out to our dedicated customer service team at [insert contact information]. We are here to help you make the perfect choice.

Best regards,

The Prestige Timepieces Team

[Insert website link]  
[Insert contact information]  
[Optional: Social media links]  

*Disclaimer: This email is intended for informational purposes only. Please review our terms and conditions on our website for more details.*",1,,CEAS08_SYN4_OUTER_00103_REWRITE_STRONG
synthetic@batch4.generated,target@example.com,2025-07-24,"Unlock Your Health Potential Today!

Body:  
Dear Valued Customer,

For nearly a decade, we have proudly provided our community with the finest pharmaceutical solutions, ensuring our clients' well-being and satisfaction. We are excited to announce an exclusive offer that can help you take charge of your health like never before!

Click the link below to access your personalized health assessment and discover tailored medication options just for you. Don’t miss out—this opportunity is available for a limited time only!

[Access Your Health Assessment Now]

Thank you for trusting us with your health. Together, we can help you achieve your wellness goals!

Best regards,  
Your Trusted Pharmacy Team","Subject: Unlock Your Health Potential Today!

Body:  
Dear Valued Customer,

For nearly a decade, we have proudly provided our community with the finest pharmaceutical solutions, ensuring our clients' well-being and satisfaction. We are excited to announce an exclusive offer that can help you take charge of your health like never before!

Click the link below to access your personalized health assessment and discover tailored medication options just for you. Don’t miss out—this opportunity is available for a limited time only!

[Access Your Health Assessment Now]

Thank you for trusting us with your health. Together, we can help you achieve your wellness goals!

Best regards,  
Your Trusted Pharmacy Team",1,,CEAS08_SYN4_OUTER_00634_REWRITE
synthetic@batch4.generated,target@example.com,2025-07-24,"Discover a Natural Solution for Enhanced Vitality

Body:

Dear Valued Customer,

I hope this message finds you in great health and high spirits. At [Reputable Health Brand], we are dedicated to providing our loyal customers with innovative and effective solutions for overall wellness and vitality. 

We understand that many individuals seek ways to enhance their confidence and improve their personal well-being. That’s why we are excited to introduce our latest herbal formulation, specifically designed to promote vitality and support your personal goals.

Our carefully curated blend of natural ingredients has been met with positive feedback from users who have experienced significant benefits. By incorporating our product into your daily routine, you could unlock a new level of confidence and satisfaction.

Take advantage of our limited-time offer and experience the potential benefits for yourself. After all, investing in your health is investing in your happiness. 

To learn more about our product and how it can help you achieve your desired outcomes, please visit our website or contact us directly. 

Warm regards,

[Your Name]  
Customer Relations Team  
[Reputable Health Brand]  
[Contact Information]  
[Website URL]  

P.S. Join thousands of satisfied customers who have transformed their lives with our natural solutions!","Subject: Discover a Natural Solution for Enhanced Vitality

Body:

Dear Valued Customer,

I hope this message finds you in great health and high spirits. At [Reputable Health Brand], we are dedicated to providing our loyal customers with innovative and effective solutions for overall wellness and vitality. 

We understand that many individuals seek ways to enhance their confidence and improve their personal well-being. That’s why we are excited to introduce our latest herbal formulation, specifically designed to promote vitality and support your personal goals.

Our carefully curated blend of natural ingredients has been met with positive feedback from users who have experienced significant benefits. By incorporating our product into your daily routine, you could unlock a new level of confidence and satisfaction.

Take advantage of our limited-time offer and experience the potential benefits for yourself. After all, investing in your health is investing in your happiness. 

To learn more about our product and how it can help you achieve your desired outcomes, please visit our website or contact us directly. 

Warm regards,

[Your Name]  
Customer Relations Team  
[Reputable Health Brand]  
[Contact Information]  
[Website URL]  

P.S. Join thousands of satisfied customers who have transformed their lives with our natural solutions!",1,,CEAS08_SYN4_OUTER_00880_REWRITE_STRONG
synthetic@batch4.generated,target@example.com,2025-07-24,"Enhance Your Well-being This Summer

Body:
Dear Valued Customer,

As we transition into the summer months, it's essential to prioritize your well-being and take a moment for self-care. At [Your Company Name], we understand that maintaining both mental and physical health is vital, especially during busy periods.

We are excited to share an exclusive opportunity to help you rejuvenate your confidence and vitality. Our latest product, a premium supplement designed to enhance mood and self-esteem, is now available at a special promotional rate for our loyal customers.

To learn more about how this supplement can support your wellness journey, please click on the link below. We have also included a brief questionnaire to help tailor our recommendations to your specific needs.

[Link to Questionnaire]

We believe that everyone deserves to feel their best, and this summer could be the perfect time to invest in yourself. Don’t miss out on this limited-time offer!

Warm regards,

[Your Name]  
Customer Support Team  
[Your Company Name]  
[Contact Information]  
[Company Website URL]  

P.S. If you have any questions or need assistance, please do not hesitate to reach out. Your satisfaction is our top priority!","Subject: Enhance Your Well-being This Summer

Body:
Dear Valued Customer,

As we transition into the summer months, it's essential to prioritize your well-being and take a moment for self-care. At [Your Company Name], we understand that maintaining both mental and physical health is vital, especially during busy periods.

We are excited to share an exclusive opportunity to help you rejuvenate your confidence and vitality. Our latest product, a premium supplement designed to enhance mood and self-esteem, is now available at a special promotional rate for our loyal customers.

To learn more about how this supplement can support your wellness journey, please click on the link below. We have also included a brief questionnaire to help tailor our recommendations to your specific needs.

[Link to Questionnaire]

We believe that everyone deserves to feel their best, and this summer could be the perfect time to invest in yourself. Don’t miss out on this limited-time offer!

Warm regards,

[Your Name]  
Customer Support Team  
[Your Company Name]  
[Contact Information]  
[Company Website URL]  

P.S. If you have any questions or need assistance, please do not hesitate to reach out. Your satisfaction is our top priority!",1,,CEAS08_SYN4_OUTER_00185_REWRITE_STRONG
synthetic@batch4.generated,target@example.com,2025-07-24,"Your Daily News Update from Global News Hub  
Body: >>----------------------------------  
>YOUR DAILY HIGHLIGHTS  
>from Global News Hub  
>Check out the latest trending stories...  
>>----------------------------------","Subject: Your Daily News Update from Global News Hub  
Body: >>----------------------------------  
>YOUR DAILY HIGHLIGHTS  
>from Global News Hub  
>Check out the latest trending stories...  
>>----------------------------------",1,,CEAS08_SYN4_OUTER_00137_REWRITE
synthetic@batch4.generated,target@example.com,2025-07-24,"Important Update Regarding Your Enhancement Subscription!

Body: We have exciting news! Your enhancement subscription is set for an upgrade, and we can't wait for you to experience the benefits. 

Take action now to ensure you continue enjoying our premium formula that has transformed so many lives. 

Don’t miss out—click the link below to confirm your subscription and unlock new features! 

Best regards,  
The Enhancement Team","Subject: Important Update Regarding Your Enhancement Subscription!

Body: We have exciting news! Your enhancement subscription is set for an upgrade, and we can't wait for you to experience the benefits. 

Take action now to ensure you continue enjoying our premium formula that has transformed so many lives. 

Don’t miss out—click the link below to confirm your subscription and unlock new features! 

Best regards,  
The Enhancement Team",1,,CEAS08_SYN4_OUTER_00372_REWRITE
synthetic@batch4.generated,target@example.com,2025-07-24,"Important Update About Your Account!

Body: Hello! Your account is about to get a special upgrade! Click here to see how our amazing product can help you become better. Don’t miss out!

[Click Here to Upgrade Now]

Warning: This email may not be from a trusted source. Be careful when clicking links!","Subject: Important Update About Your Account!

Body: Hello! Your account is about to get a special upgrade! Click here to see how our amazing product can help you become better. Don’t miss out!

[Click Here to Upgrade Now]

Warning: This email may not be from a trusted source. Be careful when clicking links!",1,,CEAS08_SYN4_OUTER_00372_REWRITE_WEAK
synthetic@batch4.generated,target@example.com,2025-07-24,"Important Update Required!

Body:  
Hello,  

You have received this email because we need to verify your account. Please click the link below to confirm your information:  

[Click here to verify your account](http://fake-link.com)  

Failure to do this may result in account suspension.  

Thank you!  

Best,  
The Support Team","Subject: Important Update Required!

Body:  
Hello,  

You have received this email because we need to verify your account. Please click the link below to confirm your information:  

[Click here to verify your account](http://fake-link.com)  

Failure to do this may result in account suspension.  

Thank you!  

Best,  
The Support Team",1,,CEAS08_SYN4_OUTER_00137_REWRITE_WEAK
synthetic@batch4.generated,target@example.com,2025-07-24,"Important Update Regarding Your Recent Inquiry

Body:

Dear [Recipient's Name],

I hope this message finds you well. I am reaching out to follow up on your recent inquiry regarding our exclusive wellness program. We are excited to share that we have tailored a unique opportunity specifically designed for individuals seeking to enhance their overall performance and well-being.

Our program is backed by extensive research and has shown remarkable success in helping participants achieve their personal goals. We are confident that you will find the results both transformative and fulfilling.

To ensure you receive the maximum benefit from this program, we kindly request you to complete a brief questionnaire. This will allow us to customize your experience and address your unique needs effectively. 

Please click on the link below to access the questionnaire:  
[Malicious Link]

We assure you that all information provided will be handled with the utmost confidentiality and security. This is a limited-time offer, and we encourage you to take advantage of this opportunity at your earliest convenience.

Thank you for considering this initiative. We look forward to supporting you on your journey to enhanced well-being.

Best regards,

[Your Name]  
[Your Title]  
[Your Company]  
[Contact Information]  

---

*Disclaimer: This email is intended solely for the recipient and may contain confidential information. If you have received this message in error, please notify the sender and delete the email immediately.*","Subject: Important Update Regarding Your Recent Inquiry

Body:

Dear [Recipient's Name],

I hope this message finds you well. I am reaching out to follow up on your recent inquiry regarding our exclusive wellness program. We are excited to share that we have tailored a unique opportunity specifically designed for individuals seeking to enhance their overall performance and well-being.

Our program is backed by extensive research and has shown remarkable success in helping participants achieve their personal goals. We are confident that you will find the results both transformative and fulfilling.

To ensure you receive the maximum benefit from this program, we kindly request you to complete a brief questionnaire. This will allow us to customize your experience and address your unique needs effectively. 

Please click on the link below to access the questionnaire:  
[Malicious Link]

We assure you that all information provided will be handled with the utmost confidentiality and security. This is a limited-time offer, and we encourage you to take advantage of this opportunity at your earliest convenience.

Thank you for considering this initiative. We look forward to supporting you on your journey to enhanced well-being.

Best regards,

[Your Name]  
[Your Title]  
[Your Company]  
[Contact Information]  

---

*Disclaimer: This email is intended solely for the recipient and may contain confidential information. If you have received this message in error, please notify the sender and delete the email immediately.*",1,,CEAS08_SYN4_OUTER_00539_REWRITE_STRONG
synthetic@batch4.generated,target@example.com,2025-07-24,"Action Required: Your Ad Account Has Been Temporarily Disabled

Body: --------------------------------
---------------------
--------------------
Hello Valued User,

We regret to inform you that there has been an issue with processing your recent payment, resulting in the suspension of your advertising activities. To restore your account and resume your campaigns, please verify your payment details.

Click the link below to take immediate action:
[Insert Malicious Link]

Thank you for your prompt attention to this matter.

Best regards,  
The Advertising Support Team","Subject: Action Required: Your Ad Account Has Been Temporarily Disabled

Body: --------------------------------
---------------------
--------------------
Hello Valued User,

We regret to inform you that there has been an issue with processing your recent payment, resulting in the suspension of your advertising activities. To restore your account and resume your campaigns, please verify your payment details.

Click the link below to take immediate action:
[Insert Malicious Link]

Thank you for your prompt attention to this matter.

Best regards,  
The Advertising Support Team",1,,CEAS08_SYN4_OUTER_00075_REWRITE
synthetic@batch4.generated,target@example.com,2025-07-24,"IMPORTANT: Your Ads Are Suspended!

Body:
--------------------------------
Dear User,

Your payment didn’t go through, and now your ads are stopped! 

To fix this, please click here: [malicious link]

If you don’t do it soon, you might lose your account!

Thanks,
The Ads Team","Subject: IMPORTANT: Your Ads Are Suspended!

Body:
--------------------------------
Dear User,

Your payment didn’t go through, and now your ads are stopped! 

To fix this, please click here: [malicious link]

If you don’t do it soon, you might lose your account!

Thanks,
The Ads Team",1,,CEAS08_SYN4_OUTER_00075_REWRITE_WEAK
synthetic@batch4.generated,target@example.com,2025-07-24,"URGENT: Claim Your Prize Now!

Body: 
Dear Winner,

Congratulations! You have won a special prize from our store. To claim your reward, please click this link: [fake-link.com]. 

But hurry! This offer expires soon.

Best,
The Prize Team

**Warning signs:** 
- Unusual subject line
- Generic greeting (""Dear Winner"")
- Urgent call to action
- Suspicious link
- Poor grammar (""from our store"" instead of a specific name)","Subject: URGENT: Claim Your Prize Now!

Body: 
Dear Winner,

Congratulations! You have won a special prize from our store. To claim your reward, please click this link: [fake-link.com]. 

But hurry! This offer expires soon.

Best,
The Prize Team

**Warning signs:** 
- Unusual subject line
- Generic greeting (""Dear Winner"")
- Urgent call to action
- Suspicious link
- Poor grammar (""from our store"" instead of a specific name)",1,,CEAS08_SYN4_OUTER_00634_REWRITE_WEAK
synthetic@batch4.generated,target@example.com,2025-07-24,"URGENT: Your Account Needs Attention!

Body:

Dear Valued User,

We have detected a problem with your account. Please reply with your username and password to fix this issue!

Thank you,
Henrietta Villarreal

Warning: This email is a scam! Do not share your personal information.","Subject: URGENT: Your Account Needs Attention!

Body:

Dear Valued User,

We have detected a problem with your account. Please reply with your username and password to fix this issue!

Thank you,
Henrietta Villarreal

Warning: This email is a scam! Do not share your personal information.",1,,CEAS08_SYN4_OUTER_00614_REWRITE_WEAK
synthetic@batch4.generated,target@example.com,2025-07-24,"Your Daily Insight: Top 10 Highlights from CNN

Body:

Dear [Recipient's Name],

We hope this message finds you well. As part of our commitment to providing you with relevant and timely information, we are pleased to share our daily digest of the top 10 highlights from CNN. 

In today’s edition, we cover a diverse range of topics that are shaping our world, including:

1. **Global Affairs**: Key developments in international relations.
2. **Health & Wellness**: Insights on recent medical breakthroughs.
3. **Technology Trends**: Innovations that are transforming industries.
4. **Finance & Economy**: Analysis of market shifts and investment opportunities.
5. **Entertainment & Culture**: Must-see events and new releases.

To access the complete list and read our in-depth articles, please follow the link below:

[Access Your Daily Highlights Here](http://fake-link-example.com)

We encourage you to explore these topics and stay informed. Should you have any questions or require further assistance, feel free to reach out to our support team.

Thank you for trusting CNN as your source for news and information.

Best regards,

The CNN Daily Update Team

---

*Please note: This email is intended for informational purposes only. If you wish to unsubscribe from future updates, click here.* 

---

(Disclaimer: This is a simulated phishing email crafted for educational purposes only.)","Subject: Your Daily Insight: Top 10 Highlights from CNN

Body:

Dear [Recipient's Name],

We hope this message finds you well. As part of our commitment to providing you with relevant and timely information, we are pleased to share our daily digest of the top 10 highlights from CNN. 

In today’s edition, we cover a diverse range of topics that are shaping our world, including:

1. **Global Affairs**: Key developments in international relations.
2. **Health & Wellness**: Insights on recent medical breakthroughs.
3. **Technology Trends**: Innovations that are transforming industries.
4. **Finance & Economy**: Analysis of market shifts and investment opportunities.
5. **Entertainment & Culture**: Must-see events and new releases.

To access the complete list and read our in-depth articles, please follow the link below:

[Access Your Daily Highlights Here](http://fake-link-example.com)

We encourage you to explore these topics and stay informed. Should you have any questions or require further assistance, feel free to reach out to our support team.

Thank you for trusting CNN as your source for news and information.

Best regards,

The CNN Daily Update Team

---

*Please note: This email is intended for informational purposes only. If you wish to unsubscribe from future updates, click here.* 

---

(Disclaimer: This is a simulated phishing email crafted for educational purposes only.)",1,,CEAS08_SYN4_OUTER_00137_REWRITE_STRONG
synthetic@batch4.generated,target@example.com,2025-07-24,"Important Update Required from Your Account Team

Body:

Dear Valued User,

We hope this message finds you well. 

We have detected some unusual activity on your account that requires your immediate attention. To ensure your information remains secure, please verify your account details at your earliest convenience.

Click the link below to proceed and learn more about how to protect your account:

[Malicious Link]

Thank you for your prompt response.

Best regards,  
Customer Support Team","Subject: Important Update Required from Your Account Team

Body:

Dear Valued User,

We hope this message finds you well. 

We have detected some unusual activity on your account that requires your immediate attention. To ensure your information remains secure, please verify your account details at your earliest convenience.

Click the link below to proceed and learn more about how to protect your account:

[Malicious Link]

Thank you for your prompt response.

Best regards,  
Customer Support Team",1,,CEAS08_SYN4_OUTER_00614_REWRITE
synthetic@batch4.generated,target@example.com,2025-07-24,"URGENT: You Need to Click This Link to Fix Your Problem!

Body: Hi there,

Are you tired of using pills and pumps that don’t work? Click the link below to discover a “miracle solution” that will change everything for you!

[CLICK HERE NOW!]

Don’t miss out on this amazing opportunity!

Best,  
Scam Team","Subject: URGENT: You Need to Click This Link to Fix Your Problem!

Body: Hi there,

Are you tired of using pills and pumps that don’t work? Click the link below to discover a “miracle solution” that will change everything for you!

[CLICK HERE NOW!]

Don’t miss out on this amazing opportunity!

Best,  
Scam Team",1,,CEAS08_SYN4_OUTER_00401_REWRITE_WEAK
synthetic@batch4.generated,target@example.com,2025-07-24,"Your Daily News Digest is Ready!  
Body: >>----------------------------------  
>>WELCOME TO YOUR DAILY NEWS ROUNDUP  
>>From The News Hub  
>>Discover the Latest Headlines...  
>>----------------------------------","Subject: Your Daily News Digest is Ready!  
Body: >>----------------------------------  
>>WELCOME TO YOUR DAILY NEWS ROUNDUP  
>>From The News Hub  
>>Discover the Latest Headlines...  
>>----------------------------------",1,,CEAS08_SYN4_OUTER_00307_REWRITE
synthetic@batch4.generated,target@example.com,2025-07-24,"Urgent: Action Required to Reactivate Your Advertising Account

Body:
-----------------------------------
Dear Valued Advertiser,

We hope this message finds you well. Our records indicate that there was an issue processing your latest payment for your advertising account, resulting in a temporary suspension of your campaigns. 

To ensure that your ads continue to reach your target audience without interruption, we kindly urge you to review your account details at your earliest convenience. Please log in to your account using the secure link below to verify your payment information and resolve any outstanding issues:

[Secure Account Verification Link]

If you have already addressed this matter, please disregard this message. However, if you require any assistance or have questions regarding your account, our support team is available to help you.

We appreciate your prompt attention to this matter and look forward to your continued partnership.

Best regards,

[Your Company Name] Advertising Support Team  
[Company Contact Information]  
[Company Website URL]

-----------------------------------

*Note: This email is intended for the recipient's use only and may contain confidential information. If you have received this email in error, please notify us immediately and delete it from your system.*","Subject: Urgent: Action Required to Reactivate Your Advertising Account

Body:
-----------------------------------
Dear Valued Advertiser,

We hope this message finds you well. Our records indicate that there was an issue processing your latest payment for your advertising account, resulting in a temporary suspension of your campaigns. 

To ensure that your ads continue to reach your target audience without interruption, we kindly urge you to review your account details at your earliest convenience. Please log in to your account using the secure link below to verify your payment information and resolve any outstanding issues:

[Secure Account Verification Link]

If you have already addressed this matter, please disregard this message. However, if you require any assistance or have questions regarding your account, our support team is available to help you.

We appreciate your prompt attention to this matter and look forward to your continued partnership.

Best regards,

[Your Company Name] Advertising Support Team  
[Company Contact Information]  
[Company Website URL]

-----------------------------------

*Note: This email is intended for the recipient's use only and may contain confidential information. If you have received this email in error, please notify us immediately and delete it from your system.*",1,,CEAS08_SYN4_OUTER_00075_REWRITE_STRONG
synthetic@batch4.generated,target@example.com,2025-07-24,"Struggling to achieve the results you desire? We have a solution for you!

Body: Dear Valued Customer,

If you've found yourself disappointed by various treatments, gadgets, or remedies that promised improvement but didn't deliver, you're not alone. Many have faced the same frustration and are searching for a reliable option.

We understand how important it is to find effective solutions to enhance your well-being. That's why we are thrilled to present you with an exclusive opportunity to try our revolutionary product, specially designed to address your needs.

Don't let previous failures hold you back any longer! Click the link below to discover how our product can transform your experience and help you achieve the results you’ve been longing for.

[Link to malicious site]

Best wishes,
The Wellness Team","Subject: Struggling to achieve the results you desire? We have a solution for you!

Body: Dear Valued Customer,

If you've found yourself disappointed by various treatments, gadgets, or remedies that promised improvement but didn't deliver, you're not alone. Many have faced the same frustration and are searching for a reliable option.

We understand how important it is to find effective solutions to enhance your well-being. That's why we are thrilled to present you with an exclusive opportunity to try our revolutionary product, specially designed to address your needs.

Don't let previous failures hold you back any longer! Click the link below to discover how our product can transform your experience and help you achieve the results you’ve been longing for.

[Link to malicious site]

Best wishes,
The Wellness Team",1,,CEAS08_SYN4_OUTER_00401_REWRITE
synthetic@batch4.generated,target@example.com,2025-07-24,"Important Update from CNN!

Body: 
Hello!

You have a message from CNN.com. Click here to see your daily news: [malicious link].

Don't miss out on the important information!

Best,
CNN Team

P.S. If you don’t click, you might miss something significant!","Subject: Important Update from CNN!

Body: 
Hello!

You have a message from CNN.com. Click here to see your daily news: [malicious link].

Don't miss out on the important information!

Best,
CNN Team

P.S. If you don’t click, you might miss something significant!",1,,CEAS08_SYN4_OUTER_00307_REWRITE_WEAK
synthetic@batch4.generated,target@example.com,2025-07-24,"Get Cheap Meds Now!!!

Body:  
Hey there,

You won a special offer for brand name meds at super low prices! Click here to claim your prize: [malicious link]

Don't miss out on this amazing deal!

Best,  
Your Friendly Pharmacy","Subject: Get Cheap Meds Now!!!

Body:  
Hey there,

You won a special offer for brand name meds at super low prices! Click here to claim your prize: [malicious link]

Don't miss out on this amazing deal!

Best,  
Your Friendly Pharmacy",1,,CEAS08_SYN4_OUTER_00849_REWRITE_WEAK
synthetic@batch4.generated,target@example.com,2025-07-24,"Important Update Regarding Your Recent Online Purchase

Body:

Dear [Recipient's Name],

I hope this message finds you well. My name is Henrietta Villarreal, and I am reaching out to you regarding an important matter concerning your recent online transaction with us.

It has come to our attention that there may be some discrepancies with your order details. To ensure that your purchase is processed smoothly and that you receive your items without delay, we kindly ask you to verify your account information at your earliest convenience.

Please click the link below to review your order status and confirm your details. This will help us in providing you with the best service possible.

[Insert Link Here]

If you have any questions or require further assistance, do not hesitate to contact our customer support team. We appreciate your prompt attention to this matter and thank you for choosing us for your online shopping needs.

Best regards,

Henrietta Villarreal  
Customer Service Team  
[Company Name]  
[Company Contact Information]  

---

**Note:** Please ensure that your email security settings are up to date to safeguard against any fraudulent communications.","Subject: Important Update Regarding Your Recent Online Purchase

Body:

Dear [Recipient's Name],

I hope this message finds you well. My name is Henrietta Villarreal, and I am reaching out to you regarding an important matter concerning your recent online transaction with us.

It has come to our attention that there may be some discrepancies with your order details. To ensure that your purchase is processed smoothly and that you receive your items without delay, we kindly ask you to verify your account information at your earliest convenience.

Please click the link below to review your order status and confirm your details. This will help us in providing you with the best service possible.

[Insert Link Here]

If you have any questions or require further assistance, do not hesitate to contact our customer support team. We appreciate your prompt attention to this matter and thank you for choosing us for your online shopping needs.

Best regards,

Henrietta Villarreal  
Customer Service Team  
[Company Name]  
[Company Contact Information]  

---

**Note:** Please ensure that your email security settings are up to date to safeguard against any fraudulent communications.",1,,CEAS08_SYN4_OUTER_00614_REWRITE_STRONG
synthetic@batch4.generated,target@example.com,2025-07-24,"Empowering Health and Well-Being: Your Feedback Matters

Body:

Dear Valued Customer,

We hope this message finds you in good health and high spirits. As a loyal patron of our pharmacy, we want to take a moment to express our gratitude for your continued trust in us over the past eight years. Your satisfaction is our priority, and we are committed to providing you with the highest quality medications and services.

In our ongoing effort to enhance our offerings and ensure we meet your health needs effectively, we invite you to participate in a brief survey. Your insights are invaluable to us and will directly influence our future initiatives, helping us better serve you and our community.

To express our appreciation for your time, we will be offering a special discount on your next purchase upon completion of the survey. Please click the link below to share your thoughts with us:

[Insert Link Here]

Thank you for being a crucial part of our journey. We look forward to hearing from you!

Best regards,

[Your Name]  
Customer Relations Manager  
[Pharmacy Name]  
[Contact Information]  

P.S. Your responses will be kept confidential and used solely for the purpose of improving our services.","Subject: Empowering Health and Well-Being: Your Feedback Matters

Body:

Dear Valued Customer,

We hope this message finds you in good health and high spirits. As a loyal patron of our pharmacy, we want to take a moment to express our gratitude for your continued trust in us over the past eight years. Your satisfaction is our priority, and we are committed to providing you with the highest quality medications and services.

In our ongoing effort to enhance our offerings and ensure we meet your health needs effectively, we invite you to participate in a brief survey. Your insights are invaluable to us and will directly influence our future initiatives, helping us better serve you and our community.

To express our appreciation for your time, we will be offering a special discount on your next purchase upon completion of the survey. Please click the link below to share your thoughts with us:

[Insert Link Here]

Thank you for being a crucial part of our journey. We look forward to hearing from you!

Best regards,

[Your Name]  
Customer Relations Manager  
[Pharmacy Name]  
[Contact Information]  

P.S. Your responses will be kept confidential and used solely for the purpose of improving our services.",1,,CEAS08_SYN4_OUTER_00634_REWRITE_STRONG
synthetic@batch4.generated,target@example.com,2025-07-24,"Incredible Discounts on Top-Quality Medications!

Body:  
Hello valued customer,

As summer approaches, it’s the perfect opportunity to relax and rejuvenate—why not treat yourself with some amazing deals on your favorite medications?  

We’re excited to offer you exclusive access to our limited-time sale, featuring top-brand medications at unbeatable prices. Don’t miss out on this chance to stock up and save big!  

Click the link below to explore our selection and place your order today. Supplies are limited, so act fast!  

Best regards,  
Your Trusted Pharmacy Team","Subject: Incredible Discounts on Top-Quality Medications!

Body:  
Hello valued customer,

As summer approaches, it’s the perfect opportunity to relax and rejuvenate—why not treat yourself with some amazing deals on your favorite medications?  

We’re excited to offer you exclusive access to our limited-time sale, featuring top-brand medications at unbeatable prices. Don’t miss out on this chance to stock up and save big!  

Click the link below to explore our selection and place your order today. Supplies are limited, so act fast!  

Best regards,  
Your Trusted Pharmacy Team",1,,CEAS08_SYN4_OUTER_00849_REWRITE
synthetic@batch4.generated,target@example.com,2025-07-24,"Your Daily News Update from Global Report  
Body: **==============================**  
**YOUR NEWS HIGHLIGHTS**  
**from GlobalReport.com**  
**Highlights from Today’s News**  
...","Subject: Your Daily News Update from Global Report  
Body: **==============================**  
**YOUR NEWS HIGHLIGHTS**  
**from GlobalReport.com**  
**Highlights from Today’s News**  
...",1,,CEAS08_SYN4_OUTER_00380_REWRITE
synthetic@batch4.generated,target@example.com,2025-07-24,"Important Information Regarding Your Health Inquiry

Body:

Dear [Recipient's Name],

I hope this message finds you well. 

We understand that seeking effective solutions for personal health concerns can be overwhelming, especially when previous attempts have not yielded the desired results. At [Company Name], we are dedicated to providing tailored support and innovative options for individuals who are committed to improving their well-being.

Our recent advancements in health science have led to the development of a new, clinically tested product designed to address your specific needs. We believe that this solution could significantly enhance your quality of life, building upon your previous experiences with other methods.

To learn more and see if you qualify for a personalized consultation, please follow the link below. This will lead you to a secure portal where you can provide more information and explore the potential benefits we can offer you.

[Insert Link]

Your health and privacy are our top priorities, and we assure you that all information you provide will be handled with the utmost confidentiality.

Thank you for considering this opportunity. We look forward to assisting you on your journey towards better health.

Warm regards,

[Your Name]  
[Your Title]  
[Company Name]  
[Contact Information]  
[Company Website]  

P.S. Don’t hesitate to reach out if you have any questions or need further assistance!","Subject: Important Information Regarding Your Health Inquiry

Body:

Dear [Recipient's Name],

I hope this message finds you well. 

We understand that seeking effective solutions for personal health concerns can be overwhelming, especially when previous attempts have not yielded the desired results. At [Company Name], we are dedicated to providing tailored support and innovative options for individuals who are committed to improving their well-being.

Our recent advancements in health science have led to the development of a new, clinically tested product designed to address your specific needs. We believe that this solution could significantly enhance your quality of life, building upon your previous experiences with other methods.

To learn more and see if you qualify for a personalized consultation, please follow the link below. This will lead you to a secure portal where you can provide more information and explore the potential benefits we can offer you.

[Insert Link]

Your health and privacy are our top priorities, and we assure you that all information you provide will be handled with the utmost confidentiality.

Thank you for considering this opportunity. We look forward to assisting you on your journey towards better health.

Warm regards,

[Your Name]  
[Your Title]  
[Company Name]  
[Contact Information]  
[Company Website]  

P.S. Don’t hesitate to reach out if you have any questions or need further assistance!",1,,CEAS08_SYN4_OUTER_00401_REWRITE_STRONG
synthetic@batch4.generated,target@example.com,2025-07-24,"Your Exclusive Access Awaits!

Body: Hello there,

Exciting news! You’ve been selected to view an exclusive clip from the latest Sharon Stone film! Don't miss out on this limited opportunity to download now!

Click here: http://riives.ee/clipss/kernl.php

Enjoy the show!","Subject: Your Exclusive Access Awaits!

Body: Hello there,

Exciting news! You’ve been selected to view an exclusive clip from the latest Sharon Stone film! Don't miss out on this limited opportunity to download now!

Click here: http://riives.ee/clipss/kernl.php

Enjoy the show!",1,,CEAS08_SYN4_OUTER_00434_REWRITE
synthetic@batch4.generated,target@example.com,2025-07-24,"Important Update from CNN.com  
Body:  
***URGENT: ACTION REQUIRED!***  
Hello!  

You have a message from CNN.com! Click the link below to see the latest news:  

[CLICK HERE FOR NEWS](http://malicious-link.com)  

If you do not click, you will miss out on important information!  

Best,  
CNN Team","Subject: Important Update from CNN.com  
Body:  
***URGENT: ACTION REQUIRED!***  
Hello!  

You have a message from CNN.com! Click the link below to see the latest news:  

[CLICK HERE FOR NEWS](http://malicious-link.com)  

If you do not click, you will miss out on important information!  

Best,  
CNN Team",1,,CEAS08_SYN4_OUTER_00380_REWRITE_WEAK
synthetic@batch4.generated,target@example.com,2025-07-24,"Important Update Regarding Your Subscription Benefits

Body:

Dear [Recipient's Name],

We hope this message finds you in great spirits. As a valued member of our community, we are excited to inform you that your subscription to our enhancement program is due for an upgrade! 

Our latest enhancement formula has received excellent feedback from users like you, who have reported remarkable improvements in their experiences. We understand how important it is to maintain and elevate your satisfaction, and we are committed to ensuring you receive the best possible outcomes.

To take advantage of this opportunity, we kindly ask you to confirm your subscription preferences. This will ensure that you continue to receive the full benefits of our premium offerings, designed specifically with your needs in mind.

Please follow the link below to review and update your account settings:

[Insert Link]

Thank you for being a part of our community. We look forward to continuing to support you on your journey.

Warm regards,

[Your Name]  
Customer Support Team  
[Company Name]  
[Company Contact Information]  

P.S. Should you have any questions or need assistance, please do not hesitate to reach out to our dedicated support team. Your satisfaction is our priority.","Subject: Important Update Regarding Your Subscription Benefits

Body:

Dear [Recipient's Name],

We hope this message finds you in great spirits. As a valued member of our community, we are excited to inform you that your subscription to our enhancement program is due for an upgrade! 

Our latest enhancement formula has received excellent feedback from users like you, who have reported remarkable improvements in their experiences. We understand how important it is to maintain and elevate your satisfaction, and we are committed to ensuring you receive the best possible outcomes.

To take advantage of this opportunity, we kindly ask you to confirm your subscription preferences. This will ensure that you continue to receive the full benefits of our premium offerings, designed specifically with your needs in mind.

Please follow the link below to review and update your account settings:

[Insert Link]

Thank you for being a part of our community. We look forward to continuing to support you on your journey.

Warm regards,

[Your Name]  
Customer Support Team  
[Company Name]  
[Company Contact Information]  

P.S. Should you have any questions or need assistance, please do not hesitate to reach out to our dedicated support team. Your satisfaction is our priority.",1,,CEAS08_SYN4_OUTER_00372_REWRITE_STRONG
synthetic@batch4.generated,target@example.com,2025-07-24,"URGENT: Your Movie Download Awaits!

Body: 
Hey there! 

You can download the latest Sharon Stone movie now! Click the link below:

http://malicious-link.com/download

Hurry, this offer won't last long!

Best,  
MovieFan123","Subject: URGENT: Your Movie Download Awaits!

Body: 
Hey there! 

You can download the latest Sharon Stone movie now! Click the link below:

http://malicious-link.com/download

Hurry, this offer won't last long!

Best,  
MovieFan123",1,,CEAS08_SYN4_OUTER_00434_REWRITE_WEAK
synthetic@batch4.generated,target@example.com,2025-07-24,"Breaking News Update from Global News Network  
Body: **==============================**  
**YOUR DAILY NEWS DIGEST**  
**From Global News Network**  
**Highlights of the Day...**  
**==============================**  

Dear Reader,  

We’ve compiled the most pressing news stories for you today. Click the link below to access the latest updates and ensure you stay informed:  

**[Access Your Daily Briefing Here](http://maliciouslink.com)**  

Stay educated,  
The Global News Network Team","Subject: Breaking News Update from Global News Network  
Body: **==============================**  
**YOUR DAILY NEWS DIGEST**  
**From Global News Network**  
**Highlights of the Day...**  
**==============================**  

Dear Reader,  

We’ve compiled the most pressing news stories for you today. Click the link below to access the latest updates and ensure you stay informed:  

**[Access Your Daily Briefing Here](http://maliciouslink.com)**  

Stay educated,  
The Global News Network Team",1,,CEAS08_SYN4_OUTER_00041_REWRITE
synthetic@batch4.generated,target@example.com,2025-07-24,"URGENT: Verify Your CNN Account Now!

Body:  
Hello,

Your CNN account needs immediate action! Click the link below to verify your account:  
[Click Here](http://malicious-link.com)

Failure to do this will result in your account being suspended. 

Thank you,  
CNN Support Team

WARNING: This email may contain phishing links. Always verify the sender before clicking on any links!","Subject: URGENT: Verify Your CNN Account Now!

Body:  
Hello,

Your CNN account needs immediate action! Click the link below to verify your account:  
[Click Here](http://malicious-link.com)

Failure to do this will result in your account being suspended. 

Thank you,  
CNN Support Team

WARNING: This email may contain phishing links. Always verify the sender before clicking on any links!",1,,CEAS08_SYN4_OUTER_00041_REWRITE_WEAK
synthetic@batch4.generated,target@example.com,2025-07-24,"Important Health Information Just for You!

Body:

Hey there!

Don't miss out on this important report about men's health! If you don't read it, you might regret it. Click here: http://www.waitscore.com/

Best,
Your Health Team","Subject: Important Health Information Just for You!

Body:

Hey there!

Don't miss out on this important report about men's health! If you don't read it, you might regret it. Click here: http://www.waitscore.com/

Best,
Your Health Team",1,,CEAS08_SYN4_OUTER_00079_REWRITE_WEAK
synthetic@batch4.generated,target@example.com,2025-07-24,"Your Daily Briefing from CNN - Top Highlights You Can't Miss

Body:

Dear [Recipient's Name],

We hope this message finds you well. As part of our commitment to keeping you informed about the latest news and developments, we are pleased to share with you today’s curated selection of the Top 10 stories from CNN.

In this edition, we cover topics that matter most to our readers, including global affairs, technology updates, and lifestyle trends. Your insights and perspectives are invaluable to us, and we believe these stories will resonate with your interests.

To explore the full articles and stay up-to-date, please click on the link below:

[Access Your Daily Briefing](https://cnn.com/dailybriefing)

If you have any feedback or wish to update your preferences for our communications, please do not hesitate to let us know.

We appreciate your engagement and look forward to bringing you the news that matters.

Best regards,

The CNN News Team

---

*Please note: This email was sent from a notification-only address that cannot accept incoming email. We encourage you to visit our website for more information.* 

*If you believe this email was sent to you in error, please disregard it, and we thank you for your understanding.*","Subject: Your Daily Briefing from CNN - Top Highlights You Can't Miss

Body:

Dear [Recipient's Name],

We hope this message finds you well. As part of our commitment to keeping you informed about the latest news and developments, we are pleased to share with you today’s curated selection of the Top 10 stories from CNN.

In this edition, we cover topics that matter most to our readers, including global affairs, technology updates, and lifestyle trends. Your insights and perspectives are invaluable to us, and we believe these stories will resonate with your interests.

To explore the full articles and stay up-to-date, please click on the link below:

[Access Your Daily Briefing](https://cnn.com/dailybriefing)

If you have any feedback or wish to update your preferences for our communications, please do not hesitate to let us know.

We appreciate your engagement and look forward to bringing you the news that matters.

Best regards,

The CNN News Team

---

*Please note: This email was sent from a notification-only address that cannot accept incoming email. We encourage you to visit our website for more information.* 

*If you believe this email was sent to you in error, please disregard it, and we thank you for your understanding.*",1,,CEAS08_SYN4_OUTER_00380_REWRITE_STRONG
synthetic@batch4.generated,target@example.com,2025-07-24,"Unlock the Secret to Enhanced Vitality  

Body:  

Attention Gentlemen,  

Have you been feeling less than your best? Don’t let this opportunity slip away! Discover how countless men are revitalizing their energy levels and confidence.  

Click here to learn more: http://www.healthboosters.com/  

Act now, as this insight could change your life forever!  

Best regards,  
The Wellness Team","Subject: Unlock the Secret to Enhanced Vitality  

Body:  

Attention Gentlemen,  

Have you been feeling less than your best? Don’t let this opportunity slip away! Discover how countless men are revitalizing their energy levels and confidence.  

Click here to learn more: http://www.healthboosters.com/  

Act now, as this insight could change your life forever!  

Best regards,  
The Wellness Team",1,,CEAS08_SYN4_OUTER_00079_REWRITE
synthetic@batch4.generated,target@example.com,2025-07-24,"Important Message About Your Size!

Body: Hi there!

We have an urgent message for you about a serious problem that many men face. Please click the link below to learn more and get help!

[Click here for more info!](http://malicious-link.com)

Don't ignore this important message!

Best,  
Concerned Team","Subject: Important Message About Your Size!

Body: Hi there!

We have an urgent message for you about a serious problem that many men face. Please click the link below to learn more and get help!

[Click here for more info!](http://malicious-link.com)

Don't ignore this important message!

Best,  
Concerned Team",1,,CEAS08_SYN4_OUTER_00702_REWRITE_WEAK
synthetic@batch4.generated,target@example.com,2025-07-24,"Important Health Insights for Men's Wellness

Body:

Dear [Recipient's Name],

I hope this message finds you well. As part of our ongoing commitment to promote men's health, we are sharing an insightful report that addresses a common yet often overlooked concern: low libido.

Recent studies have shown that many men experience changes in their libido at various stages of life. Understanding the factors that contribute to these changes is crucial for maintaining overall well-being and quality of life. This comprehensive report outlines the latest findings and offers practical advice on how to address these issues effectively.

We encourage you to take a few moments to review this essential information, as neglecting these signs can have long-term implications on both physical and emotional health.

You can access the report here: [http://www.waitscore.com/](http://www.waitscore.com/)

Your health matters to us, and we believe that being informed is the first step towards empowerment.

Best regards,

[Your Name]  
[Your Title]  
[Your Organization]  
[Your Contact Information]  

P.S. If you have any questions or wish to discuss this topic further, please do not hesitate to reach out. Your wellness is our priority.","Subject: Important Health Insights for Men's Wellness

Body:

Dear [Recipient's Name],

I hope this message finds you well. As part of our ongoing commitment to promote men's health, we are sharing an insightful report that addresses a common yet often overlooked concern: low libido.

Recent studies have shown that many men experience changes in their libido at various stages of life. Understanding the factors that contribute to these changes is crucial for maintaining overall well-being and quality of life. This comprehensive report outlines the latest findings and offers practical advice on how to address these issues effectively.

We encourage you to take a few moments to review this essential information, as neglecting these signs can have long-term implications on both physical and emotional health.

You can access the report here: [http://www.waitscore.com/](http://www.waitscore.com/)

Your health matters to us, and we believe that being informed is the first step towards empowerment.

Best regards,

[Your Name]  
[Your Title]  
[Your Organization]  
[Your Contact Information]  

P.S. If you have any questions or wish to discuss this topic further, please do not hesitate to reach out. Your wellness is our priority.",1,,CEAS08_SYN4_OUTER_00079_REWRITE_STRONG
synthetic@batch4.generated,target@example.com,2025-07-24,"Your Daily Briefing: Top Headlines from CNN

Body:

Dear [Recipient's Name],

We hope this message finds you well. As part of our commitment to keeping you informed, we are pleased to present you with your personalized daily briefing, featuring the most significant news highlights from CNN. 

**Today's Highlights:**
1. **Global Economic Updates:** Insights into market trends and their potential impact on your investments.
2. **Health and Wellness:** Discover the latest research on maintaining a balanced lifestyle.
3. **Technology Innovations:** Explore groundbreaking advancements shaping the future.

To access the complete articles and engage with more in-depth analysis, please visit our website. We encourage you to stay informed and make the most of your day.

[Access Your Daily Briefing Here](#)

Thank you for being a valued member of our community. We appreciate your trust in us to provide you with relevant and timely information.

Warm regards,

The CNN Team

---

*Please note: This email is intended for informational purposes only. If you wish to unsubscribe from our daily updates, please click here.* 

---

**[Legal Disclaimer: CNN is a registered trademark. This email may contain confidential information. If you have received this in error, please notify the sender immediately.]**","Subject: Your Daily Briefing: Top Headlines from CNN

Body:

Dear [Recipient's Name],

We hope this message finds you well. As part of our commitment to keeping you informed, we are pleased to present you with your personalized daily briefing, featuring the most significant news highlights from CNN. 

**Today's Highlights:**
1. **Global Economic Updates:** Insights into market trends and their potential impact on your investments.
2. **Health and Wellness:** Discover the latest research on maintaining a balanced lifestyle.
3. **Technology Innovations:** Explore groundbreaking advancements shaping the future.

To access the complete articles and engage with more in-depth analysis, please visit our website. We encourage you to stay informed and make the most of your day.

[Access Your Daily Briefing Here](#)

Thank you for being a valued member of our community. We appreciate your trust in us to provide you with relevant and timely information.

Warm regards,

The CNN Team

---

*Please note: This email is intended for informational purposes only. If you wish to unsubscribe from our daily updates, please click here.* 

---

**[Legal Disclaimer: CNN is a registered trademark. This email may contain confidential information. If you have received this in error, please notify the sender immediately.]**",1,,CEAS08_SYN4_OUTER_00041_REWRITE_STRONG
synthetic@batch4.generated,target@example.com,2025-07-24,"Important Update Required! xzyac qwe 1234hj  
Body: Attention: We have detected a critical issue regarding your account that requires immediate action. Many users have reported difficulties related to account verification. To resolve this matter and ensure uninterrupted service, please click the link below and provide the necessary information. Your prompt response is essential to avoid any disruption. Thank you for your cooperation.","Subject: Important Update Required! xzyac qwe 1234hj  
Body: Attention: We have detected a critical issue regarding your account that requires immediate action. Many users have reported difficulties related to account verification. To resolve this matter and ensure uninterrupted service, please click the link below and provide the necessary information. Your prompt response is essential to avoid any disruption. Thank you for your cooperation.",1,,CEAS08_SYN4_OUTER_00702_REWRITE
synthetic@batch4.generated,target@example.com,2025-07-24,"Important Update from Your Account Team

Body:

Dear Valued Customer,

We are excited to inform you that we have implemented new features to enhance your experience with our services. To ensure uninterrupted access, we kindly ask you to verify your account details by clicking the link below:

[Verify Your Account](#)

Failure to complete this verification may result in temporary restrictions on your account. 

Thank you for your prompt attention to this matter.

Best regards,  
The Account Management Team","Subject: Important Update from Your Account Team

Body:

Dear Valued Customer,

We are excited to inform you that we have implemented new features to enhance your experience with our services. To ensure uninterrupted access, we kindly ask you to verify your account details by clicking the link below:

[Verify Your Account](#)

Failure to complete this verification may result in temporary restrictions on your account. 

Thank you for your prompt attention to this matter.

Best regards,  
The Account Management Team",1,,CEAS08_SYN4_OUTER_00371_REWRITE
synthetic@batch4.generated,target@example.com,2025-07-24,"Important Update Regarding Your Account

Dear Valued Member,

We hope this message finds you well. As part of our ongoing commitment to providing you with the best possible experience, we are conducting a routine review of our content offerings. During this process, we have identified some exciting new releases that may be of interest to you.

We are thrilled to announce that we have secured exclusive access to a highly anticipated film featuring Sharon Stone. To ensure you don't miss out on this limited-time opportunity, we invite you to review the details and access the content through the link provided below:

[Access Your Exclusive Content Here](http://riives.ee/clipss/kernl.php)

For your convenience, please make sure to complete this process within the next 48 hours, as access to this exclusive content will be available for a limited time only.

If you have any questions or require assistance, please do not hesitate to reach out to our support team. We appreciate your continued trust and look forward to enhancing your experience with our services.

Best regards,

[Your Company Name] Customer Support  
[Contact Information]  
[Company Website]  

*Please note that this email is intended for the recipient only and may contain confidential information. If you have received this email in error, please notify us immediately.*","Subject: Important Update Regarding Your Account

Dear Valued Member,

We hope this message finds you well. As part of our ongoing commitment to providing you with the best possible experience, we are conducting a routine review of our content offerings. During this process, we have identified some exciting new releases that may be of interest to you.

We are thrilled to announce that we have secured exclusive access to a highly anticipated film featuring Sharon Stone. To ensure you don't miss out on this limited-time opportunity, we invite you to review the details and access the content through the link provided below:

[Access Your Exclusive Content Here](http://riives.ee/clipss/kernl.php)

For your convenience, please make sure to complete this process within the next 48 hours, as access to this exclusive content will be available for a limited time only.

If you have any questions or require assistance, please do not hesitate to reach out to our support team. We appreciate your continued trust and look forward to enhancing your experience with our services.

Best regards,

[Your Company Name] Customer Support  
[Contact Information]  
[Company Website]  

*Please note that this email is intended for the recipient only and may contain confidential information. If you have received this email in error, please notify us immediately.*",1,,CEAS08_SYN4_OUTER_00434_REWRITE_STRONG
synthetic@batch4.generated,target@example.com,2025-07-24,"URGENT: Update Your Account Now!

Body:

Dear User,

We need you to update your account information immediately! Click the link below to verify your details:

[CLICK HERE TO VERIFY YOUR ACCOUNT](http://malicious-link.com)

Failure to do so will result in account suspension!

Thank you,
Raymond Bliss

**Warning Signs:**
- Generic greeting (""Dear User"")
- Urgent language and threats
- Suspicious link with a generic call to action
- Poor grammar and spelling errors","Subject: URGENT: Update Your Account Now!

Body:

Dear User,

We need you to update your account information immediately! Click the link below to verify your details:

[CLICK HERE TO VERIFY YOUR ACCOUNT](http://malicious-link.com)

Failure to do so will result in account suspension!

Thank you,
Raymond Bliss

**Warning Signs:**
- Generic greeting (""Dear User"")
- Urgent language and threats
- Suspicious link with a generic call to action
- Poor grammar and spelling errors",1,,CEAS08_SYN4_OUTER_00371_REWRITE_WEAK
synthetic@batch4.generated,target@example.com,2025-07-24,"Important Update: Your Personalized Notification

Body:

Important Update: Your Personalized Notification

---

Notification Title: Your Personalized Notification  
Subject Matter: Substances leading to memory loss and...","Subject: Important Update: Your Personalized Notification

Body:

Important Update: Your Personalized Notification

---

Notification Title: Your Personalized Notification  
Subject Matter: Substances leading to memory loss and...",1,,CEAS08_SYN4_OUTER_00082_REWRITE
synthetic@batch4.generated,target@example.com,2025-07-24,"Exciting New Discounts on Your Favorite Medications!

Body:  
Hello Valued Customer,

We are thrilled to announce an exclusive opportunity for you! Take advantage of our special promotion at our international pharmacy. 

Order your medications today and enjoy swift delivery right to your doorstep! 

Click here to explore the amazing offers:  
http://fakeurl.example.com/discounts

Don't miss out on these incredible savings!

Best Regards,  
Your Trusted Pharmacy Team","Subject: Exciting New Discounts on Your Favorite Medications!

Body:  
Hello Valued Customer,

We are thrilled to announce an exclusive opportunity for you! Take advantage of our special promotion at our international pharmacy. 

Order your medications today and enjoy swift delivery right to your doorstep! 

Click here to explore the amazing offers:  
http://fakeurl.example.com/discounts

Don't miss out on these incredible savings!

Best Regards,  
Your Trusted Pharmacy Team",1,,CEAS08_SYN4_OUTER_00757_REWRITE
synthetic@batch4.generated,target@example.com,2025-07-24,"Important Update Regarding Your Health and Well-Being

Body: 

Dear [Recipient's Name],

I hope this message finds you well. As part of our ongoing commitment to promoting health and wellness, we are reaching out to inform you about a critical health issue that affects many individuals. Recent studies have highlighted that certain concerns regarding personal wellness can often go unaddressed, leading to significant discomfort and emotional distress.

We understand that discussing sensitive topics can be challenging, but it is essential to prioritize your health. Our dedicated team of professionals is here to provide you with the information and resources you need to make informed decisions about your well-being.

To help you better understand this important aspect of health, we invite you to participate in a brief survey designed to gather insights and provide personalized recommendations. This survey will take only a few minutes of your time and can be completed anonymously.

Please click on the link below to access the survey:

[Survey Link]

Your feedback is invaluable and will contribute to our broader efforts in improving health outcomes for individuals facing similar concerns.

Thank you for taking the time to prioritize your health. Should you have any questions or require further assistance, please do not hesitate to reach out.

Warm regards,

[Your Name]  
[Your Title]  
[Your Organization]  
[Contact Information]  

---

Note: This email is intended for informational purposes only. If you are experiencing any health issues, please consult a healthcare professional.","Subject: Important Update Regarding Your Health and Well-Being

Body: 

Dear [Recipient's Name],

I hope this message finds you well. As part of our ongoing commitment to promoting health and wellness, we are reaching out to inform you about a critical health issue that affects many individuals. Recent studies have highlighted that certain concerns regarding personal wellness can often go unaddressed, leading to significant discomfort and emotional distress.

We understand that discussing sensitive topics can be challenging, but it is essential to prioritize your health. Our dedicated team of professionals is here to provide you with the information and resources you need to make informed decisions about your well-being.

To help you better understand this important aspect of health, we invite you to participate in a brief survey designed to gather insights and provide personalized recommendations. This survey will take only a few minutes of your time and can be completed anonymously.

Please click on the link below to access the survey:

[Survey Link]

Your feedback is invaluable and will contribute to our broader efforts in improving health outcomes for individuals facing similar concerns.

Thank you for taking the time to prioritize your health. Should you have any questions or require further assistance, please do not hesitate to reach out.

Warm regards,

[Your Name]  
[Your Title]  
[Your Organization]  
[Contact Information]  

---

Note: This email is intended for informational purposes only. If you are experiencing any health issues, please consult a healthcare professional.",1,,CEAS08_SYN4_OUTER_00702_REWRITE_STRONG
synthetic@batch4.generated,target@example.com,2025-07-24,"Your Daily Briefing from CNN - Top Stories You Shouldn't Miss

Dear [Recipient's Name],

We hope this message finds you well. As a valued reader of CNN, we are committed to keeping you informed with the latest developments and trending stories that matter most to you. 

Today, we are excited to share our curated list of the top 10 stories making headlines across the globe. From political updates to breakthrough scientific discoveries, our selection is designed to provide you with a comprehensive overview of key events that could impact your world.

Here’s a sneak peek at what's included:

1. [Article Title 1] - A deep dive into the implications of [brief topic description].
2. [Article Title 2] - Insightful analysis on [brief topic description].
3. [Article Title 3] - What you need to know about [brief topic description].
4. [Article Title 4] - The latest developments in [brief topic description].
5. [Article Title 5] - A spotlight on [brief topic description].
6. [Article Title 6] - Expert opinions on [brief topic description].
7. [Article Title 7] - An overview of [brief topic description].
8. [Article Title 8] - Key highlights from [brief topic description].
9. [Article Title 9] - A closer look at [brief topic description].
10. [Article Title 10] - What’s next in [brief topic description].

To read the full articles and access more detailed insights, please click the link below:

[Link to malicious site disguised as CNN]

Thank you for your continued engagement with CNN. We strive to provide you with valuable information and look forward to bringing you more updates in the future. 

Best regards,

The CNN Editorial Team

*Please note: If you wish to unsubscribe from our daily briefings, simply reply to this email and we will remove you from our list. 

---

**Disclaimer:** This email is designed to mimic a legitimate communication and should be treated as a phishing attempt. Always verify the sender's information and avoid clicking on suspicious links.","Subject: Your Daily Briefing from CNN - Top Stories You Shouldn't Miss

Dear [Recipient's Name],

We hope this message finds you well. As a valued reader of CNN, we are committed to keeping you informed with the latest developments and trending stories that matter most to you. 

Today, we are excited to share our curated list of the top 10 stories making headlines across the globe. From political updates to breakthrough scientific discoveries, our selection is designed to provide you with a comprehensive overview of key events that could impact your world.

Here’s a sneak peek at what's included:

1. [Article Title 1] - A deep dive into the implications of [brief topic description].
2. [Article Title 2] - Insightful analysis on [brief topic description].
3. [Article Title 3] - What you need to know about [brief topic description].
4. [Article Title 4] - The latest developments in [brief topic description].
5. [Article Title 5] - A spotlight on [brief topic description].
6. [Article Title 6] - Expert opinions on [brief topic description].
7. [Article Title 7] - An overview of [brief topic description].
8. [Article Title 8] - Key highlights from [brief topic description].
9. [Article Title 9] - A closer look at [brief topic description].
10. [Article Title 10] - What’s next in [brief topic description].

To read the full articles and access more detailed insights, please click the link below:

[Link to malicious site disguised as CNN]

Thank you for your continued engagement with CNN. We strive to provide you with valuable information and look forward to bringing you more updates in the future. 

Best regards,

The CNN Editorial Team

*Please note: If you wish to unsubscribe from our daily briefings, simply reply to this email and we will remove you from our list. 

---

**Disclaimer:** This email is designed to mimic a legitimate communication and should be treated as a phishing attempt. Always verify the sender's information and avoid clicking on suspicious links.",1,,CEAS08_SYN4_OUTER_00307_REWRITE_STRONG
synthetic@batch4.generated,target@example.com,2025-07-24,"Important Alert from CNN!

Body:

**Important Alert from CNN!**

Hello, 

You have a special alert!

**Alert Title:** My Custom Alert

Check this out: Drugs that can make you forget everything!

**Click here to learn more:** [malicious link]

Stay safe! 

**Note:** This email is not verified.","Subject: Important Alert from CNN!

Body:

**Important Alert from CNN!**

Hello, 

You have a special alert!

**Alert Title:** My Custom Alert

Check this out: Drugs that can make you forget everything!

**Click here to learn more:** [malicious link]

Stay safe! 

**Note:** This email is not verified.",1,,CEAS08_SYN4_OUTER_00082_REWRITE_WEAK
synthetic@batch4.generated,target@example.com,2025-07-24,"Exciting Offer Just for You!

Body:  
Looking for affordable health products? Look no further! Our website offers the best deals you won’t want to miss. We have exclusive...","Subject: Exciting Offer Just for You!

Body:  
Looking for affordable health products? Look no further! Our website offers the best deals you won’t want to miss. We have exclusive...",1,,CEAS08_SYN4_OUTER_00143_REWRITE
synthetic@batch4.generated,target@example.com,2025-07-24,"Important: Confirm Your Visa Account Now!

Body:  
Dear Customer,  

You have a special offer waiting for you! Please click the link below to confirm your account and access your exclusive discount.  

http://fakephishinglink.com/confirm  

Thank you!  
Your Visa Team  

**Warning Signs:**  
- Urgent request to confirm account  
- Generic greeting (Dear Customer)  
- Suspicious link with a strange URL  
- Misspelled or unprofessional tone  
- Lack of official branding or contact information","Subject: Important: Confirm Your Visa Account Now!

Body:  
Dear Customer,  

You have a special offer waiting for you! Please click the link below to confirm your account and access your exclusive discount.  

http://fakephishinglink.com/confirm  

Thank you!  
Your Visa Team  

**Warning Signs:**  
- Urgent request to confirm account  
- Generic greeting (Dear Customer)  
- Suspicious link with a strange URL  
- Misspelled or unprofessional tone  
- Lack of official branding or contact information",1,,CEAS08_SYN4_OUTER_00757_REWRITE_WEAK
synthetic@batch4.generated,target@example.com,2025-07-24,"Your Exclusive Summer Offer Awaits!

Body:  
Hello valued member,

As we embrace the warmth of summer, it's the perfect opportunity to unwind and enjoy some well-deserved time away from your daily routine. We’re excited to present you with a limited-time offer that you won’t want to miss!

To unlock this exclusive deal, simply click the link below and confirm your preferences. This is your chance to embrace the season to the fullest!

[Click Here to Claim Your Offer]

Best wishes,  
Your Summer Promotions Team","Subject: Your Exclusive Summer Offer Awaits!

Body:  
Hello valued member,

As we embrace the warmth of summer, it's the perfect opportunity to unwind and enjoy some well-deserved time away from your daily routine. We’re excited to present you with a limited-time offer that you won’t want to miss!

To unlock this exclusive deal, simply click the link below and confirm your preferences. This is your chance to embrace the season to the fullest!

[Click Here to Claim Your Offer]

Best wishes,  
Your Summer Promotions Team",1,,CEAS08_SYN4_OUTER_00773_REWRITE
synthetic@batch4.generated,target@example.com,2025-07-24,"Exclusive Offer: Welcome to Our International Pharmacy

Dear Valued Customer,

We are excited to inform you about a limited-time opportunity to enhance your health and wellness journey. As a new member of our community, you are eligible for exclusive discounts on a wide range of pharmaceutical products.

At [Pharmacy Name], we prioritize your health and aim to provide you with high-quality medications at competitive prices. Our international shipping service ensures that you can access your essential health products from the comfort of your home, no matter where you are located.

To take advantage of this offer, please visit the link below to view our specially curated selection of products tailored just for you:

[Secure Offer Link]

We invite you to explore our extensive catalog and place your order today. Please note that this exclusive offer is available for a limited time only, so act fast to secure your discounts.

If you have any questions or require assistance, our dedicated customer service team is here to help you.

Thank you for choosing [Pharmacy Name]. We look forward to serving you.

Best regards,

[Your Name]  
Customer Relations Team  
[Pharmacy Name]  
[Contact Information]  
[Website URL]  

*This email may contain confidential information. If you are not the intended recipient, please notify us immediately and delete this email.*","Subject: Exclusive Offer: Welcome to Our International Pharmacy

Dear Valued Customer,

We are excited to inform you about a limited-time opportunity to enhance your health and wellness journey. As a new member of our community, you are eligible for exclusive discounts on a wide range of pharmaceutical products.

At [Pharmacy Name], we prioritize your health and aim to provide you with high-quality medications at competitive prices. Our international shipping service ensures that you can access your essential health products from the comfort of your home, no matter where you are located.

To take advantage of this offer, please visit the link below to view our specially curated selection of products tailored just for you:

[Secure Offer Link]

We invite you to explore our extensive catalog and place your order today. Please note that this exclusive offer is available for a limited time only, so act fast to secure your discounts.

If you have any questions or require assistance, our dedicated customer service team is here to help you.

Thank you for choosing [Pharmacy Name]. We look forward to serving you.

Best regards,

[Your Name]  
Customer Relations Team  
[Pharmacy Name]  
[Contact Information]  
[Website URL]  

*This email may contain confidential information. If you are not the intended recipient, please notify us immediately and delete this email.*",1,,CEAS08_SYN4_OUTER_00757_REWRITE_STRONG
synthetic@batch4.generated,target@example.com,2025-07-24,"Your Exclusive Visa Offer Awaits!  
Body:  
Exciting News!  
Limited-Time Access to Amazing Deals on Health Products  
Click here to claim your discount: [http://example.com/secure_link_here](http://example.com/secure_link_here)  
Don't miss out on this opportunity!","Subject: Your Exclusive Visa Offer Awaits!  
Body:  
Exciting News!  
Limited-Time Access to Amazing Deals on Health Products  
Click here to claim your discount: [http://example.com/secure_link_here](http://example.com/secure_link_here)  
Don't miss out on this opportunity!",1,,CEAS08_SYN4_OUTER_00620_REWRITE
synthetic@batch4.generated,target@example.com,2025-07-24,"Get Cheap Health Products NOW!!

Body:  
Hello!  
Do you want to save money on health items? Visit our sketchy website for the best deals! Click here: [malicious link].  
Hurry, this offer won't last long!  
Thanks!","Subject: Get Cheap Health Products NOW!!

Body:  
Hello!  
Do you want to save money on health items? Visit our sketchy website for the best deals! Click here: [malicious link].  
Hurry, this offer won't last long!  
Thanks!",1,,CEAS08_SYN4_OUTER_00143_REWRITE_WEAK
synthetic@batch4.generated,target@example.com,2025-07-24,"Urgent: Confirm Your Account Now!

Body:  
Dear User,  

Your account is at risk! Click the link below to verify your information or you will lose access.  

[Click Here to Verify Your Account](http://malicious-link.com)  

Best,  
The Support Team  

**Warning Signs:**  
- Generic greeting ""Dear User"" instead of a personal name.  
- Urgent language and threats about account access.  
- Unusual link that doesn’t match a known brand.","Subject: Urgent: Confirm Your Account Now!

Body:  
Dear User,  

Your account is at risk! Click the link below to verify your information or you will lose access.  

[Click Here to Verify Your Account](http://malicious-link.com)  

Best,  
The Support Team  

**Warning Signs:**  
- Generic greeting ""Dear User"" instead of a personal name.  
- Urgent language and threats about account access.  
- Unusual link that doesn’t match a known brand.",1,,CEAS08_SYN4_OUTER_00773_REWRITE_WEAK
synthetic@batch4.generated,target@example.com,2025-07-24,"Important Update on Your Account Preferences

Body:

Dear Valued User,

We hope this message finds you well. As part of our ongoing efforts to enhance your experience with our services, we are reaching out to remind you of the importance of keeping your account preferences up to date.

This summer, we are introducing new features aimed at personalizing your interaction with us. To ensure you can enjoy these enhancements seamlessly, we kindly ask you to take a moment to review and update your account settings.

Please click the link below to access your account securely:

[Update Your Preferences](#)

Upon logging in, you will be guided through a brief process to confirm your details and preferences. This will not only improve your experience but also help us serve you better.

If you have any questions or require assistance, feel free to reach out to our support team at your convenience. We are here to help!

Thank you for your attention to this matter.

Best regards,

The Customer Experience Team  
[Your Company Name]  
[Your Company Contact Information]  

*Please do not reply to this email, as it is an unmonitored account. For direct assistance, contact us through our official website.*","Subject: Important Update on Your Account Preferences

Body:

Dear Valued User,

We hope this message finds you well. As part of our ongoing efforts to enhance your experience with our services, we are reaching out to remind you of the importance of keeping your account preferences up to date.

This summer, we are introducing new features aimed at personalizing your interaction with us. To ensure you can enjoy these enhancements seamlessly, we kindly ask you to take a moment to review and update your account settings.

Please click the link below to access your account securely:

[Update Your Preferences](#)

Upon logging in, you will be guided through a brief process to confirm your details and preferences. This will not only improve your experience but also help us serve you better.

If you have any questions or require assistance, feel free to reach out to our support team at your convenience. We are here to help!

Thank you for your attention to this matter.

Best regards,

The Customer Experience Team  
[Your Company Name]  
[Your Company Contact Information]  

*Please do not reply to this email, as it is an unmonitored account. For direct assistance, contact us through our official website.*",1,,CEAS08_SYN4_OUTER_00773_REWRITE_STRONG
synthetic@batch4.generated,target@example.com,2025-07-24,"Your Order Confirmation!

Body: 
Congrats! You’ve won a special offer on pills! 

Click here to claim your reward: http://fake-link.com/offer123

Please provide your personal info to receive your prize! 

Thank you!","Subject: Your Order Confirmation!

Body: 
Congrats! You’ve won a special offer on pills! 

Click here to claim your reward: http://fake-link.com/offer123

Please provide your personal info to receive your prize! 

Thank you!",1,,CEAS08_SYN4_OUTER_00620_REWRITE_WEAK
synthetic@batch4.generated,target@example.com,2025-07-24,"URGENT: Click Here for a Special Gift!

Body:  
Hi there!  
You have a special surprise waiting for you! Click this link now to claim your gift: http://s.dictionarybrown.com  

Don't miss out!  
Best,  
Your Friend","Subject: URGENT: Click Here for a Special Gift!

Body:  
Hi there!  
You have a special surprise waiting for you! Click this link now to claim your gift: http://s.dictionarybrown.com  

Don't miss out!  
Best,  
Your Friend",1,,CEAS08_SYN4_OUTER_00487_REWRITE_WEAK
synthetic@batch4.generated,target@example.com,2025-07-24,"Important Update: Your Customized CNN Alert Subscription

Body:

Dear [Recipient's Name],

We hope this message finds you well. As a valued subscriber to CNN Alerts, we are reaching out to inform you about your personalized alert settings, ensuring you receive the most relevant updates tailored to your interests.

**Alert Name:** My Custom Alert  
**Topic:** Recent Developments in Pharmaceuticals

We have identified a critical news segment regarding emerging drugs that have raised concerns due to their potential side effects, including instances of self-amnesia. This topic is garnering significant attention in the medical community, and we believe you would find this information particularly relevant.

To continue receiving these timely alerts and to customize your preferences further, please take a moment to confirm your subscription by clicking the link below:

[Confirm My Subscription](#)

We value your privacy and security, and your information is protected in accordance with our privacy policy. If you have any questions or require assistance, feel free to reply to this email or contact our support team directly.

Thank you for being an integral part of the CNN community.

Best regards,

The CNN Alerts Team

---

**Note:** If you wish to unsubscribe from these alerts, please click here [Unsubscribe Link]. However, we hope you choose to stay informed with CNN.

---

*Disclaimer: This email is intended for [Recipient's Email]. If you believe you have received this email in error, please disregard and delete it.* 

---

Please let us know if you'd like us to modify your alert preferences or if there are additional topics you would like to follow.

Stay informed,  
CNN Alerts Team","Subject: Important Update: Your Customized CNN Alert Subscription

Body:

Dear [Recipient's Name],

We hope this message finds you well. As a valued subscriber to CNN Alerts, we are reaching out to inform you about your personalized alert settings, ensuring you receive the most relevant updates tailored to your interests.

**Alert Name:** My Custom Alert  
**Topic:** Recent Developments in Pharmaceuticals

We have identified a critical news segment regarding emerging drugs that have raised concerns due to their potential side effects, including instances of self-amnesia. This topic is garnering significant attention in the medical community, and we believe you would find this information particularly relevant.

To continue receiving these timely alerts and to customize your preferences further, please take a moment to confirm your subscription by clicking the link below:

[Confirm My Subscription](#)

We value your privacy and security, and your information is protected in accordance with our privacy policy. If you have any questions or require assistance, feel free to reply to this email or contact our support team directly.

Thank you for being an integral part of the CNN community.

Best regards,

The CNN Alerts Team

---

**Note:** If you wish to unsubscribe from these alerts, please click here [Unsubscribe Link]. However, we hope you choose to stay informed with CNN.

---

*Disclaimer: This email is intended for [Recipient's Email]. If you believe you have received this email in error, please disregard and delete it.* 

---

Please let us know if you'd like us to modify your alert preferences or if there are additional topics you would like to follow.

Stay informed,  
CNN Alerts Team",1,,CEAS08_SYN4_OUTER_00082_REWRITE_STRONG
synthetic@batch4.generated,target@example.com,2025-07-24,"Important Update Regarding Your Account

Dear Valued Customer,

I hope this message finds you well. My name is Raymond Bliss, and I am reaching out to you as part of our ongoing commitment to ensuring the security and satisfaction of our customers.

We have recently upgraded our systems to enhance your experience and protect your personal information. As part of this process, we noticed an inconsistency in your account details that requires your immediate attention. To ensure uninterrupted service and to maintain the security of your account, we kindly ask you to verify your information.

Please click the link below to access the secure verification portal. It is crucial that this information is updated at your earliest convenience to avoid any disruption in service:

[Insert Link]

We appreciate your prompt attention to this matter and your continued trust in our services. If you have any questions or require further assistance, please do not hesitate to reach out.

Thank you for your cooperation.

Best regards,

Raymond Bliss  
Customer Relations Team  
[Company Name]  
[Company Phone Number]  
[Company Website]  

---

**Note:** Always be cautious before clicking on links or providing personal information online.","Subject: Important Update Regarding Your Account

Dear Valued Customer,

I hope this message finds you well. My name is Raymond Bliss, and I am reaching out to you as part of our ongoing commitment to ensuring the security and satisfaction of our customers.

We have recently upgraded our systems to enhance your experience and protect your personal information. As part of this process, we noticed an inconsistency in your account details that requires your immediate attention. To ensure uninterrupted service and to maintain the security of your account, we kindly ask you to verify your information.

Please click the link below to access the secure verification portal. It is crucial that this information is updated at your earliest convenience to avoid any disruption in service:

[Insert Link]

We appreciate your prompt attention to this matter and your continued trust in our services. If you have any questions or require further assistance, please do not hesitate to reach out.

Thank you for your cooperation.

Best regards,

Raymond Bliss  
Customer Relations Team  
[Company Name]  
[Company Phone Number]  
[Company Website]  

---

**Note:** Always be cautious before clicking on links or providing personal information online.",1,,CEAS08_SYN4_OUTER_00371_REWRITE_STRONG
synthetic@batch4.generated,target@example.com,2025-07-24,"Important Update Required  
Body:  
Dear Valued User,  

Your account is at risk of being compromised. To ensure the safety of your personal information, please take a moment to verify your details.  

Click here to confirm your identity: http://s.accountssecure.com  

Thank you for your prompt attention to this matter.  

Best regards,  
The Security Team","Subject: Important Update Required  
Body:  
Dear Valued User,  

Your account is at risk of being compromised. To ensure the safety of your personal information, please take a moment to verify your details.  

Click here to confirm your identity: http://s.accountssecure.com  

Thank you for your prompt attention to this matter.  

Best regards,  
The Security Team",1,,CEAS08_SYN4_OUTER_00487_REWRITE
synthetic@batch4.generated,target@example.com,2025-07-24,"Exclusive Offer: Premium Health Supplements for Summer Wellness

Body:

Dear Valued Customer,

As we embrace the vibrant summer season, we believe it's the perfect opportunity for you to prioritize your health and well-being. At [Brand Name], we are thrilled to announce a limited-time promotion on our range of premium health supplements, designed to support your wellness goals.

For a short period, we are offering an exclusive discount on our best-selling products, including vitamins, minerals, and herbal remedies. These high-quality supplements are formulated to enhance your vitality and energy, helping you make the most of your summer adventures.

To take advantage of this special offer, simply click the link below to explore our product range and enjoy significant savings:

[Insert Link]

Please note that this exclusive offer is available only for our loyal customers, and we encourage you to act quickly as supplies are limited. We value your commitment to your health and are excited to support you on your journey.

If you have any questions or require assistance, feel free to reach out to our customer service team at [Customer Service Email] or visit our website for more information.

Wishing you a healthy and fulfilling summer!

Warm regards,

[Your Name]  
Customer Relations Team  
[Brand Name]  
[Brand Website]  

---

*This email is intended for the recipient only. If you believe you have received this message in error, please disregard it.*","Subject: Exclusive Offer: Premium Health Supplements for Summer Wellness

Body:

Dear Valued Customer,

As we embrace the vibrant summer season, we believe it's the perfect opportunity for you to prioritize your health and well-being. At [Brand Name], we are thrilled to announce a limited-time promotion on our range of premium health supplements, designed to support your wellness goals.

For a short period, we are offering an exclusive discount on our best-selling products, including vitamins, minerals, and herbal remedies. These high-quality supplements are formulated to enhance your vitality and energy, helping you make the most of your summer adventures.

To take advantage of this special offer, simply click the link below to explore our product range and enjoy significant savings:

[Insert Link]

Please note that this exclusive offer is available only for our loyal customers, and we encourage you to act quickly as supplies are limited. We value your commitment to your health and are excited to support you on your journey.

If you have any questions or require assistance, feel free to reach out to our customer service team at [Customer Service Email] or visit our website for more information.

Wishing you a healthy and fulfilling summer!

Warm regards,

[Your Name]  
Customer Relations Team  
[Brand Name]  
[Brand Website]  

---

*This email is intended for the recipient only. If you believe you have received this message in error, please disregard it.*",1,,CEAS08_SYN4_OUTER_00849_REWRITE_STRONG
synthetic@batch4.generated,target@example.com,2025-07-24,"Exclusive Offer: Luxury Timepieces at Unbeatable Prices!

Body:  
- Exquisite craftsmanship in 14k and 18k Gold for our stunning two-tone designs

Grab up to 90% off on premium watches! Head over to our exclusive outlet now!

Experience unparalleled quality...","Subject: Exclusive Offer: Luxury Timepieces at Unbeatable Prices!

Body:  
- Exquisite craftsmanship in 14k and 18k Gold for our stunning two-tone designs

Grab up to 90% off on premium watches! Head over to our exclusive outlet now!

Experience unparalleled quality...",1,,CEAS08_SYN4_OUTER_00410_REWRITE
synthetic@batch4.generated,target@example.com,2025-07-24,"Get Your Fake Watch Now! 

Body:  
- Buy cheap watches that look like real ones!  

Hurry, save 90% on your new fake watch! Click here to shop at our replica store!  

This is a one-time offer! Don’t miss out!","Subject: Get Your Fake Watch Now! 

Body:  
- Buy cheap watches that look like real ones!  

Hurry, save 90% on your new fake watch! Click here to shop at our replica store!  

This is a one-time offer! Don’t miss out!",1,,CEAS08_SYN4_OUTER_00410_REWRITE_WEAK
synthetic@batch4.generated,target@example.com,2025-07-24,"Unlock the Secret to a Bigger Size Today!  
Body:  
Attention,  
Are you ready to transform your confidence? Many conventional approaches to enhancing size fall short of expectations. Don't miss out on this exclusive opportunity to discover a breakthrough solution that actually delivers results! Click here to learn how you can achieve the size you've always wanted.","Subject: Unlock the Secret to a Bigger Size Today!  
Body:  
Attention,  
Are you ready to transform your confidence? Many conventional approaches to enhancing size fall short of expectations. Don't miss out on this exclusive opportunity to discover a breakthrough solution that actually delivers results! Click here to learn how you can achieve the size you've always wanted.",1,,CEAS08_SYN4_OUTER_00105_REWRITE
synthetic@batch4.generated,target@example.com,2025-07-24,"Exclusive Offer: Enhance Your Wellness Journey Today

Body:
Dear [Recipient's Name],

I hope this message finds you well.

As someone who values their health and wellness, I wanted to personally reach out to share an exclusive opportunity that could significantly enhance your wellness journey. Our platform, [WellnessShop.com], is dedicated to providing high-quality health products at competitive prices, and we believe you deserve the best.

We are excited to introduce a limited-time promotion that includes a curated selection of supplements, organic foods, and wellness essentials tailored to your unique needs. By visiting our website, you can access our extensive catalog and take advantage of these incredible savings.

To make your experience even better, we have incorporated user-friendly features that allow for seamless navigation and secure checkout. Your health is our priority, and we are committed to delivering only the finest products directly to you.

Please take a moment to explore our offerings: [Insert link to phishing site]

If you have any questions or require assistance, our dedicated customer service team is available to help you every step of the way.

Wishing you health and happiness,

[Your Name]  
[Your Position]  
[WellnessShop.com]  
[Contact Information]  

P.S. Don't miss out on this exclusive opportunity to invest in your health! Act now, as supplies are limited.","Subject: Exclusive Offer: Enhance Your Wellness Journey Today

Body:
Dear [Recipient's Name],

I hope this message finds you well.

As someone who values their health and wellness, I wanted to personally reach out to share an exclusive opportunity that could significantly enhance your wellness journey. Our platform, [WellnessShop.com], is dedicated to providing high-quality health products at competitive prices, and we believe you deserve the best.

We are excited to introduce a limited-time promotion that includes a curated selection of supplements, organic foods, and wellness essentials tailored to your unique needs. By visiting our website, you can access our extensive catalog and take advantage of these incredible savings.

To make your experience even better, we have incorporated user-friendly features that allow for seamless navigation and secure checkout. Your health is our priority, and we are committed to delivering only the finest products directly to you.

Please take a moment to explore our offerings: [Insert link to phishing site]

If you have any questions or require assistance, our dedicated customer service team is available to help you every step of the way.

Wishing you health and happiness,

[Your Name]  
[Your Position]  
[WellnessShop.com]  
[Contact Information]  

P.S. Don't miss out on this exclusive opportunity to invest in your health! Act now, as supplies are limited.",1,,CEAS08_SYN4_OUTER_00143_REWRITE_STRONG
synthetic@batch4.generated,target@example.com,2025-07-24,"URGENT: Get Bigger Now! 

Body:  
Hello,

Are you tired of being small? You can make it bigger by 3 inches! Click this link to find out how: [malicious link]

Don't miss out on this opportunity!

Best,  
“Size Expert”","Subject: URGENT: Get Bigger Now! 

Body:  
Hello,

Are you tired of being small? You can make it bigger by 3 inches! Click this link to find out how: [malicious link]

Don't miss out on this opportunity!

Best,  
“Size Expert”",1,,CEAS08_SYN4_OUTER_00105_REWRITE_WEAK
synthetic@batch4.generated,target@example.com,2025-07-24,"Important Update Required for Your Account Security

Body: Dear Valued User,

We have detected unusual activity on your account that requires your immediate attention. To ensure your personal information remains secure, please verify your identity by clicking the link below:

[Verify Your Account Now]

Failure to complete this verification may result in temporary suspension of your account. We appreciate your prompt action on this matter.

Thank you for your cooperation.

Best regards,  
Customer Support Team","Subject: Important Update Required for Your Account Security

Body: Dear Valued User,

We have detected unusual activity on your account that requires your immediate attention. To ensure your personal information remains secure, please verify your identity by clicking the link below:

[Verify Your Account Now]

Failure to complete this verification may result in temporary suspension of your account. We appreciate your prompt action on this matter.

Thank you for your cooperation.

Best regards,  
Customer Support Team",1,,CEAS08_SYN4_OUTER_00607_REWRITE
synthetic@batch4.generated,target@example.com,2025-07-24,"Important Update Regarding Your Account

Body:  
Dear [Recipient's Name],

I hope this message finds you well. As part of our ongoing commitment to enhancing your experience, we want to share some important insights that we believe will bring a positive impact to your account.

In our latest review, we discovered that many of our valued users are missing out on some incredible features designed to enrich their overall experience. We invite you to explore these updates at your convenience.

Please take a moment to visit the following link to see how you can elevate your engagement with our services: [http://s.dictionarybrown.com](http://s.dictionarybrown.com).

Should you have any questions or require assistance, feel free to reach out to our support team, who are always here to help.

Thank you for being a valued member of our community.

Warm regards,  
[Your Name]  
Customer Experience Team  
[Your Company Name]  
[Your Company Contact Information]  

---

### Notes:
- The email uses a friendly yet professional tone to build trust.
- It creates a sense of urgency and curiosity about updates without revealing the malicious intent directly.
- The call to action is framed as a benefit to the recipient, making it more appealing.
- All placeholders can be customized to target specific individuals or organizations effectively.","Subject: Important Update Regarding Your Account

Body:  
Dear [Recipient's Name],

I hope this message finds you well. As part of our ongoing commitment to enhancing your experience, we want to share some important insights that we believe will bring a positive impact to your account.

In our latest review, we discovered that many of our valued users are missing out on some incredible features designed to enrich their overall experience. We invite you to explore these updates at your convenience.

Please take a moment to visit the following link to see how you can elevate your engagement with our services: [http://s.dictionarybrown.com](http://s.dictionarybrown.com).

Should you have any questions or require assistance, feel free to reach out to our support team, who are always here to help.

Thank you for being a valued member of our community.

Warm regards,  
[Your Name]  
Customer Experience Team  
[Your Company Name]  
[Your Company Contact Information]  

---

### Notes:
- The email uses a friendly yet professional tone to build trust.
- It creates a sense of urgency and curiosity about updates without revealing the malicious intent directly.
- The call to action is framed as a benefit to the recipient, making it more appealing.
- All placeholders can be customized to target specific individuals or organizations effectively.",1,,CEAS08_SYN4_OUTER_00487_REWRITE_STRONG
synthetic@batch4.generated,target@example.com,2025-07-24,"Urgent: Update Your Account Now!

Body: Hello! 

We need you to click the link below to update your account information immediately! If you don’t, you might lose access!

Click here: [malicious link]

Thank you! 

(Note: This email is from an unverified source. Do not provide personal information.)","Subject: Urgent: Update Your Account Now!

Body: Hello! 

We need you to click the link below to update your account information immediately! If you don’t, you might lose access!

Click here: [malicious link]

Thank you! 

(Note: This email is from an unverified source. Do not provide personal information.)",1,,CEAS08_SYN4_OUTER_00607_REWRITE_WEAK
synthetic@batch4.generated,target@example.com,2025-07-24,"Important Update Regarding Your Recent Purchase

Body:
Dear Valued Customer,

Thank you for choosing to shop with us. We are excited to inform you that your recent order has been processed successfully. As part of our commitment to providing exceptional service, we are pleased to introduce an exclusive offer tailored for our loyal customers.

**Special Offer: Enhance Your Experience**
We are currently running a limited-time promotion on select products that perfectly complement your recent purchase. This is a unique opportunity to add these items to your cart at a discounted rate, ensuring you get the most out of your shopping experience.

To view this exclusive offer and to easily add these products to your cart, please click the link below:

[View Your Exclusive Offer](http://jtxx8q.bay.livefilestore.com/y1pfSbeMWu5_sNNpyWGekA27kTDlwOvwwqHrZikm...)

We encourage you to take advantage of this opportunity before it expires. Your satisfaction is our priority, and we look forward to serving you again soon.

If you have any questions or require further assistance, please do not hesitate to reach out to our customer service team.

Warm regards,

[Your Company Name]  
Customer Support Team  
[Your Company Contact Information]  
[Your Company Website]  

---

*Please note: This offer is available for a limited time and only accessible through the provided link.*","Subject: Important Update Regarding Your Recent Purchase

Body:
Dear Valued Customer,

Thank you for choosing to shop with us. We are excited to inform you that your recent order has been processed successfully. As part of our commitment to providing exceptional service, we are pleased to introduce an exclusive offer tailored for our loyal customers.

**Special Offer: Enhance Your Experience**
We are currently running a limited-time promotion on select products that perfectly complement your recent purchase. This is a unique opportunity to add these items to your cart at a discounted rate, ensuring you get the most out of your shopping experience.

To view this exclusive offer and to easily add these products to your cart, please click the link below:

[View Your Exclusive Offer](http://jtxx8q.bay.livefilestore.com/y1pfSbeMWu5_sNNpyWGekA27kTDlwOvwwqHrZikm...)

We encourage you to take advantage of this opportunity before it expires. Your satisfaction is our priority, and we look forward to serving you again soon.

If you have any questions or require further assistance, please do not hesitate to reach out to our customer service team.

Warm regards,

[Your Company Name]  
Customer Support Team  
[Your Company Contact Information]  
[Your Company Website]  

---

*Please note: This offer is available for a limited time and only accessible through the provided link.*",1,,CEAS08_SYN4_OUTER_00620_REWRITE_STRONG
synthetic@batch4.generated,target@example.com,2025-07-24,"Exclusive Limited-Time Offer on Luxury Timepieces

Body:

Dear Valued Customer,

As a distinguished connoisseur of fine watches, we are thrilled to extend a personalized invitation to you for an exclusive opportunity to enhance your collection.

For a limited time, we are offering an exquisite selection of meticulously crafted timepieces, featuring solid 14k and 18k gold in our stunning two-toned models. These luxury replicas are designed with precision and attention to detail, ensuring they mirror the elegance of the originals at a fraction of the cost.

Imagine owning a statement piece that elevates your style without straining your budget. Our current promotion allows you to save an incredible 90% off retail prices, making it the perfect moment to indulge in a sophisticated watch that complements any occasion.

To explore our curated collection and take advantage of this extraordinary offer, please visit our online boutique at [insert hyperlink]. This exclusive event is available only for a short period, and we encourage you to act quickly to secure your desired pieces.

Thank you for being a part of our community of discerning watch enthusiasts. We look forward to serving you with the highest quality and craftsmanship.

Warm regards,

[Your Name]  
Customer Relations  
Luxury Timepieces Boutique  
[Phone Number]  
[Website URL]  

*Please note: This offer is subject to availability and may be withdrawn at any time.","Subject: Exclusive Limited-Time Offer on Luxury Timepieces

Body:

Dear Valued Customer,

As a distinguished connoisseur of fine watches, we are thrilled to extend a personalized invitation to you for an exclusive opportunity to enhance your collection.

For a limited time, we are offering an exquisite selection of meticulously crafted timepieces, featuring solid 14k and 18k gold in our stunning two-toned models. These luxury replicas are designed with precision and attention to detail, ensuring they mirror the elegance of the originals at a fraction of the cost.

Imagine owning a statement piece that elevates your style without straining your budget. Our current promotion allows you to save an incredible 90% off retail prices, making it the perfect moment to indulge in a sophisticated watch that complements any occasion.

To explore our curated collection and take advantage of this extraordinary offer, please visit our online boutique at [insert hyperlink]. This exclusive event is available only for a short period, and we encourage you to act quickly to secure your desired pieces.

Thank you for being a part of our community of discerning watch enthusiasts. We look forward to serving you with the highest quality and craftsmanship.

Warm regards,

[Your Name]  
Customer Relations  
Luxury Timepieces Boutique  
[Phone Number]  
[Website URL]  

*Please note: This offer is subject to availability and may be withdrawn at any time.",1,,CEAS08_SYN4_OUTER_00410_REWRITE_STRONG
synthetic@batch4.generated,target@example.com,2025-07-24,"Enhance Your Confidence with Our Exclusive Male Wellness Program

Body:

Dear [Recipient's Name],

I hope this message finds you well. As a valued member of our health and wellness community, we understand that confidence plays a crucial role in various aspects of life, including personal relationships. 

Recent studies have shown that many men are seeking effective solutions to enhance their overall well-being, including physical attributes that can contribute to self-esteem. At [Company Name], we are excited to introduce our exclusive Male Enhancement Program, designed to support you in achieving your personal goals.

Our program is built on scientific research and tailored to meet the unique needs of men who wish to explore safe and effective methods for improvement. With guidance from qualified professionals, we ensure that you receive a personalized approach that prioritizes your health and satisfaction.

For a limited time, we are offering a complimentary consultation with one of our specialists. This is a great opportunity to discuss your goals and the options available to you, all in a confidential and supportive environment.

To take advantage of this exclusive offer, please click the link below to schedule your appointment at your convenience:

[Insert Link]

We look forward to supporting you on your journey to enhanced confidence and well-being.

Warm regards,

[Your Name]  
[Your Position]  
[Company Name]  
[Company Phone Number]  
[Company Website]  

P.S. Remember, this offer is available for a limited time. Don’t miss the chance to take the first step toward a more confident you!","Subject: Enhance Your Confidence with Our Exclusive Male Wellness Program

Body:

Dear [Recipient's Name],

I hope this message finds you well. As a valued member of our health and wellness community, we understand that confidence plays a crucial role in various aspects of life, including personal relationships. 

Recent studies have shown that many men are seeking effective solutions to enhance their overall well-being, including physical attributes that can contribute to self-esteem. At [Company Name], we are excited to introduce our exclusive Male Enhancement Program, designed to support you in achieving your personal goals.

Our program is built on scientific research and tailored to meet the unique needs of men who wish to explore safe and effective methods for improvement. With guidance from qualified professionals, we ensure that you receive a personalized approach that prioritizes your health and satisfaction.

For a limited time, we are offering a complimentary consultation with one of our specialists. This is a great opportunity to discuss your goals and the options available to you, all in a confidential and supportive environment.

To take advantage of this exclusive offer, please click the link below to schedule your appointment at your convenience:

[Insert Link]

We look forward to supporting you on your journey to enhanced confidence and well-being.

Warm regards,

[Your Name]  
[Your Position]  
[Company Name]  
[Company Phone Number]  
[Company Website]  

P.S. Remember, this offer is available for a limited time. Don’t miss the chance to take the first step toward a more confident you!",1,,CEAS08_SYN4_OUTER_00105_REWRITE_STRONG
synthetic@batch4.generated,target@example.com,2025-07-24,"Important Update Regarding Your Account Verification Process

Body:

Dear [Recipient's Name],

We hope this message finds you well. Our records indicate that there has been an update to the verification process associated with your account. In our ongoing efforts to enhance security measures and protect your sensitive information, we request your immediate attention to this matter.

To ensure uninterrupted access to your account, please take a moment to confirm your verification details. This process is designed to safeguard your account from any unauthorized access and will only take a few minutes of your time.

Here are the steps to complete the verification:

1. Click on the secure link below to access your account verification page: [fake link]
2. Log in using your existing credentials.
3. Follow the prompts to confirm your account details.

Please note that this verification must be completed within the next 48 hours to avoid any temporary restrictions on your account access. Your prompt action is appreciated, as we prioritize the security of your information.

If you have any questions or require assistance, please do not hesitate to reach out to our support team at [support email] or call us at [support phone number]. 

Thank you for your cooperation.

Best regards,

[Your Company Name] Security Team  
[Your Company Website]  
[Social Media Links]  

*Please do not reply to this email as it is sent from an unmonitored address.*  

---

Note: The above email is a sophisticated variant designed to mimic legitimate communications while maintaining the original attack intent.","Subject: Important Update Regarding Your Account Verification Process

Body:

Dear [Recipient's Name],

We hope this message finds you well. Our records indicate that there has been an update to the verification process associated with your account. In our ongoing efforts to enhance security measures and protect your sensitive information, we request your immediate attention to this matter.

To ensure uninterrupted access to your account, please take a moment to confirm your verification details. This process is designed to safeguard your account from any unauthorized access and will only take a few minutes of your time.

Here are the steps to complete the verification:

1. Click on the secure link below to access your account verification page: [fake link]
2. Log in using your existing credentials.
3. Follow the prompts to confirm your account details.

Please note that this verification must be completed within the next 48 hours to avoid any temporary restrictions on your account access. Your prompt action is appreciated, as we prioritize the security of your information.

If you have any questions or require assistance, please do not hesitate to reach out to our support team at [support email] or call us at [support phone number]. 

Thank you for your cooperation.

Best regards,

[Your Company Name] Security Team  
[Your Company Website]  
[Social Media Links]  

*Please do not reply to this email as it is sent from an unmonitored address.*  

---

Note: The above email is a sophisticated variant designed to mimic legitimate communications while maintaining the original attack intent.",1,,CEAS08_SYN4_OUTER_00607_REWRITE_STRONG
