data_id,subject,body,label,original_id,variant_type,generation_success
CEAS08_SYN2_RE_00055_07,Important: Action Required for Your Account Security,"Hello,

We have important information regarding your account that requires your immediate attention. 

Attached to this email, you will find a secure message that contains crucial details about recent activities on your profile. 

Please review the document at your earliest convenience to ensure your account remains protected.

Best regards,  
[Your Company Name] Security Team",1,CEAS08_REAL_M_00055,rewrite,True
CEAS08_SYN2_RE_00047_05,Exclusive Offer on Luxury Timepieces at Elite Replicas,"Don’t miss out on the chance to own a stunning replica watch!  

Is a stunning ROLEX priced under $200 appealing to you?  

Discover the Best in Replica Watches Today!  

http://luxurywatchdeals.com/",1,CEAS08_REAL_M_00047,rewrite,True
CEAS08_SYN2_RE_00044_03,Exclusive Offer Just for You!,"Hey there,

Don't miss out on this amazing treat that everyone is raving about! 

Indulge in the latest scoop that has everyone talking: [Click here to discover the secret!](http://www.fiftyday.com/) 

Satisfy your cravings today!

Best,  
Your Favorite Dessert Company",1,CEAS08_REAL_M_00044,rewrite,True
CEAS08_SYN2_RE_00039_02,Discover Stunning Imitation Timepieces - Elevate Your Style,"Explore our exclusive online collection of high-quality imitation watches from prestigious brands.

Elegant quartz, durable and water-resistant imitation timepieces await you.

Searching for the ideal present? Treat yourself or a loved one to a luxurious imitation Rolex.

Visit us now: http://fakeswatchworld.com/",1,CEAS08_REAL_M_00039,rewrite,True
CEAS08_SYN2_RE_00058_08,Urgent Update Required for Your Account,"Dear Valued User,

We have detected unusual activity on your account that requires your immediate attention. To ensure the security of your information, we need you to verify your identity by clicking the link below.

Please confirm your credentials to avoid any interruptions: [malicious link]

Failure to act promptly may result in temporary suspension of your account. 

Thank you for your cooperation.

Best regards,  
Account Security Team",1,CEAS08_REAL_M_00058,rewrite,True
CEAS08_SYN2_RE_00052_06,Discover the Secret to Boosting Your Confidence,"Unlock the potential to become the man you've always wanted to be. Imagine the admiration you'll receive when you enhance your personal attributes and leave a lasting impression.

Research indicates that partners often desire a more impressive endowment.

Click here to learn more: http://enhanceyourself.com/",1,CEAS08_REAL_M_00052,rewrite,True
CEAS08_SYN2_RE_00074_12,Unlock Your True Potential,"Discover the secret to transformation - take the leap now, the rewards are endless!

Become the ultimate version of yourself this year and realize your aspirations for greatness!

Visit: http://expandyourself.com/",1,CEAS08_REAL_M_00074,rewrite,True
CEAS08_SYN2_RE_00096_14,Unlock Your Potential: Enhance Your Masculinity Today!,"Transform your size and confidence in just a matter of weeks – women are drawn to a well-endowed partner!  

Research indicates that a significant number of women favor men with impressive endowments.  

Visit us now: http://expandyourself.com/",1,CEAS08_REAL_M_00096,rewrite,True
CEAS08_SYN2_RE_00071_10,Health Experts Suggest Playful Interactions as Remedy,"You are invited to participate in an important survey  
Click here: http://www.surveyhub.com  

--  
Powered by Opera’s innovative email solution: http://www.opera.com/mail/",1,CEAS08_REAL_M_00071,rewrite,True
CEAS08_SYN2_RE_00081_13,Exclusive Insider Scoop!,Don't miss out on this breaking news!,1,CEAS08_REAL_M_00081,rewrite,True
CEAS08_SYN2_RE_00106_15,Urgent Account Verification Required,"Hello,

We hope this message finds you well. We need your immediate attention regarding your account status. It appears there are some discrepancies that need to be addressed to avoid interruption of service.

Please verify your account details by clicking the link below:

[Verify Your Account](http://malicious-link.com)

Failure to complete this verification could result in a temporary suspension of your account.

Thank you for your prompt attention to this matter.

Best regards,  
Customer Support Team  
Your Trusted Service Provider",1,CEAS08_REAL_M_00106,rewrite,True
CEAS08_SYN2_RE_00073_11,Exclusive Opportunity for Your Well-Being,"Hello valued member,

As we embrace the warmth of summer, it presents the perfect opportunity to step back from work and focus on your health and well-being.

We are excited to offer you a unique chance to enhance your lifestyle during this season.

From now until October 1st, take advantage of our special promotion tailored just for you.

For more information, please click the link below.

healthylifeoffers.com

August 6, 2008 11:36 AM",1,CEAS08_REAL_M_00073,rewrite,True
CEAS08_SYN2_RE_00133_19,Exclusive Offer: Luxury Timepieces at Unbelievable Prices!,"Discover a stunning selection of premium replica watches in various styles and colors. Why settle for one when you can indulge and still keep your wallet happy?

Explore exquisite replicas of top brands at Timepiece Treasures  

Enjoy discounts of up to 90% on your favorite watches! Check out our collection now

http://faketimepiecehub.com/",1,CEAS08_REAL_M_00133,rewrite,True
CEAS08_SYN2_RE_00141_20,Unlock the Secrets to Lasting Connections,"Ignite the passion in your love life and watch it flourish like never before!  
http://lovepower.com/",1,CEAS08_REAL_M_00141,rewrite,True
CEAS08_SYN2_RE_00132_18,Exclusive Content Just for You!,"We have something exciting that you won't want to miss! Check out the latest exclusive movies featuring your favorite stars!

Click here to access the content: http://example.com/movies

Best,  
Your Favorite Entertainment Team",1,CEAS08_REAL_M_00132,rewrite,True
CEAS08_SYN2_RE_00142_21,Unlock Incredible Savings Today!,"Take advantage of our exclusive offer and enjoy substantial savings! Here’s what we have in store for you:

- EnhancerX - just $1.99
- LoveBoost - only $0.79
- PowerMax - just $3.73

Don’t miss out on these prices! Click here to explore: http://amazingoffersnow.com",1,CEAS08_REAL_M_00142,rewrite,True
CEAS08_SYN2_RE_00123_16,Wellness Hub Update,"Your well-being is our priority.  

Exciting insights on men’s health  

Check it out now!  

  

synchronizer xylophones fake-John  
gRGETAWAY wanderlust essentials  
existence dispensable retreat  
gRhealth tracker face-magic quick-bite",1,CEAS08_REAL_M_00123,rewrite,True
CEAS08_SYN2_RE_00181_25,Important Health Updates Await You!,"Visit our exclusive online pharmacy, where you can conveniently access your medications with ease and privacy, ensuring a seamless experience without any discomfort.",1,CEAS08_REAL_M_00181,rewrite,True
CEAS08_SYN2_RE_00188_26,Unlock Unforgettable Experiences for Your Loved One,Discover the secret to bringing unparalleled joy to your partner like never before.,1,CEAS08_REAL_M_00188,rewrite,True
CEAS08_SYN2_RE_00143_22,Special Offer Just for You!,"Are you in search of affordable health products? Look no further! Our website offers unbeatable deals that you won’t find anywhere else. We provide a wide range of items to support your wellness journey. Plus, with our speedy delivery service, your order will arrive right at your doorstep in no time.

Don’t miss out on the best assistance available—click the link below to explore our offerings!

healthsource24.com

12 Oct 2023 14:30:00

sincerely,
customer support",1,CEAS08_REAL_M_00143,rewrite,True
CEAS08_SYN2_RE_00148_23,Unleash the Power of Romance!,"Our customers have experienced incredible results with this unique formula!  
Leave your past frustrations behind and embrace a new beginning!  
Click here to find out more: http://yourlovejourney.com/  

A charming individual resides in the heart of Budapest. She was familiar with George as they explored both sides of the Danube River. The dark times of invasion loomed overhead, with ominous forecasts about the future; yet, hope remained alive.",1,CEAS08_REAL_M_00148,rewrite,True
CEAS08_SYN2_RE_00162_24,Exclusive Content: Unlock Now!,"You've been selected for a special opportunity! Click the link below to access exclusive content featuring your favorite stars. Don't miss out on this limited-time offer!

[Click Here to Access Now]

Best,  
Your Exclusive Content Team",1,CEAS08_REAL_M_00162,rewrite,True
CEAS08_SYN2_RE_00190_27,Transform Your Size in Just 3 Months!,"ACT NOW: [CLICK HERE]
    XyZ123abc",1,CEAS08_REAL_M_00190,rewrite,True
CEAS08_SYN2_RE_00200_28,Discover the Secret to Unbreakable Strength!,"Unlock exclusive savings with our 6-month supply!  
Get the ultimate results you’ve been searching for!  
https://secure-offer.protectyourhealth.com",1,CEAS08_REAL_M_00200,rewrite,True
CEAS08_SYN2_RE_00211_30,Important Update on Your RX Benefits,"Exclusive Medication Discounts  

Click here: http://secureconnects.online/benefits-update  

Discover how to enhance your savings  
by utilizing our new service options  

Best regards,  
Maria J., Reno",1,CEAS08_REAL_M_00211,rewrite,True
CEAS08_SYN2_RE_00218_31,Unlock Your Full Potential Today!,"Don’t hesitate! You have the chance to amplify your experience effortlessly!  
Visit us at: http://maximizesuccess.com/",1,CEAS08_REAL_M_00218,rewrite,True
CEAS08_SYN2_RE_00207_29,Important: Your Health Product Update,"Dear Valued Customer,

We are excited to inform you about our latest range of health products, all meticulously tested for safety and efficacy. 

Discover our exclusive selection of 100 mg items here:  
http://xyz123.example.com/products/overview.html

Don't miss out on these essential health solutions!

Best regards,  
Your Health Product Team",1,CEAS08_REAL_M_00207,rewrite,True
CEAS08_SYN2_RE_00223_32,Discover the Secrets to Capturing Her Heart,"http://www.loveunlock.com/

--
Powered by the innovative Opera email service: http://www.opera.com/mail/",1,CEAS08_REAL_M_00223,rewrite,True
CEAS08_SYN2_RE_00252_35,Exclusive Deals on Premium Replica Watches Just for You!,"Limited Time Offer: Stunning Imitation Timepieces at Unbeatable Prices  

Elevate your style with a top-notch replica watch from Vacheron Constantin without breaking the bank.  

How about a ROLEX for just $199? Sounds like a steal, right?  

Visit us now at: http://luxurydiscounts.com/",1,CEAS08_REAL_M_00252,rewrite,True
CEAS08_SYN2_RE_00248_34,Exclusive Health Products Online,"Dear Valued Customer,

Discover the convenience of accessing our pharmacy anytime, day or night.

We provide a wide range of medications with guaranteed delivery across the United States and internationally. Enjoy 24/7 customer service and complimentary consultations with certified healthcare professionals.

Click here to explore our offerings!

Best regards,

Your Trusted Online Pharmacy Team

P.S. Don't miss out on our limited-time promotions and discounts!",1,CEAS08_REAL_M_00248,rewrite,True
CEAS08_SYN2_RE_00233_33,Exclusive Offer for Your Partner's Wellness,"Unlock a special deal for your significant other!

Discover 5 secrets to ignite passion in your relationship.

Click here to learn more!

  

Your trusted source for enhancing intimacy  
personalized wellness solutions  
tailored for your unique bond  
designed to elevate your experience  
and deepen your connection",1,CEAS08_REAL_M_00233,rewrite,True
CEAS08_SYN2_RE_00255_36,Exclusive Release: New Music from Iconic Artist,"You won't believe what just dropped!  

🎶 Unmissable Track: ""Beyoncé Unplugged""  

This is a must-listen!  

🔥 Get your hands on the latest audio file here >>>  

Don't wait – this is too good to pass up!",1,CEAS08_REAL_M_00255,rewrite,True
CEAS08_SYN2_RE_00262_38,Exclusive Luxury Timepieces on Sale!,"- Premium scratch-resistant sapphire glass—far superior to ordinary watch crystals.  

Discover the finest replicas from renowned brands like Patek Philippe...  

Unbeatable deals on Rolex replicas! Don’t miss out!  

http://luxurywatchdeals.com/",1,CEAS08_REAL_M_00262,rewrite,True
CEAS08_SYN2_RE_00275_39,Exclusive Deals on High-Quality Replica Watches!,"Discover the flawless craftsmanship of our luxury watch replicas!  

Elevate your style with our collection of stunning Rolex replicas available for immediate purchase.  

Timepieces from renowned brands like Patek Philippe are just a click away!  

Visit us now: http://luxurytimepiecesonline.com/",1,CEAS08_REAL_M_00275,rewrite,True
CEAS08_SYN2_RE_00298_41,Unlock Your Potential for Ultimate Performance!,"Discover countless stories from thrilled individuals who have transformed their intimate lives through our revolutionary solution. After extensive studies, we have developed a groundbreaking herbal formulation that is now the top choice among health experts. Experience remarkable enhancements of up to 1-3 inches in length and a girth increase ranging from 5% to 30%—guaranteed!

""I was amazed when my partner grew an astonishing 3 inches in just two months. With this newfound size and thickness, our intimate moments are far more enjoyable, and I find myself reaching new heights of pleasure!"" - Sarah, New York, USA

http://enhanceyourlife.com/",1,CEAS08_REAL_M_00298,rewrite,True
CEAS08_SYN2_RE_00001_00,Your Daily News Highlights from Global News Hub,">************************************************************
>WELCOME TO YOUR DAILY NEWS ROUNDUP
>from Global News Hub
>Top stories and videos as of: Oct  10, 2023  2:00 PM UTC
>************************************************************

**TOP 10 VIDEOS**
1. CELEBRITY RESPONDS TO POLITICAL ACCUSATIONS  
   [Watch Here](http://www.globalnewshub.com/video/partners/email/index.html?url=/video/politics/2023/10/10/celebrity.political.response)  
   A famous figure addresses controversial remarks made by a political leader.  
   
2. LOCAL BAKERY SHUT DOWN  
   [Watch Here](http://www.globalnewshub.com/video/partners/email/index.html?url=/video/lifestyle/2023/10/10/local.bakery.shutdown)  

3. GRANDMA'S REACTION TO SCANDAL  
   [Watch Here](http://www.globalnewshub.com/video/partners/email/index.html?url=/video/crime/2023/10/10/grandma.reacts)  

4. INSECTS: THE FUTURE OF MEDICINE?  
   [Watch Here](http://www.globalnewshub.com/video/partners/email/index.html?url=/video/health/2023/10/10/insects.medicine)  

5. GET READY FOR THE FLOATING RACE!  
   [Watch Here](http://www.globalnewshub.com/video/partners/email/index.html?url=/video/living/2023/10/10/floating.race)  

6. MURDER MYSTERY UNVEILED  
   [Watch Here](http://www.globalnewshub.com/video/partners/email/index.html?url=/video/crime/2023/10/10/murder.mystery)  

7. CELEBRITY OPENS UP AFTER YEARS OF SECRECY  
   [Watch Here](http://www.globalnewshub.com/video/partners/email/index.html?url=/video/health/2023/10/10/celebrity.secrecy)  

8. FAKE AD CAUSES LEGAL TROUBLE  
   [Watch Here](http://www.globalnewshub.com/video/partners/email/index.html?url=/video/tech/2023/10/10/fake.ad.lawsuit)  

9. CALL FOR ECONOMIC REVITALIZATION  
   [Watch Here](http://www.globalnewshub.com/video/partners/email/index.html?url=/video/politics/2023/10/10/economic.revival)  

10. WAS HE HIT ON STAGE?  
    [Watch Here](http://www.globalnewshub.com/video/partners/email/index.html?url=/video/politics/2023/10/10/on.stage.hit)  

**TOP 10 STORIES**
1. NEW OPPORTUNITIES IN RURAL OIL FIELDS  
   [Read More](http://www.globalnewshub.com/2023/LIVING/oil.opportunities/index.html)  
   Amidst an oil boom, a local resident strikes it rich in their own backyard.  

2. POLLING CHALLENGES FOR LEADING CANDIDATE  
   [Read More](http://www.globalnewshub.com/2023/POLITICS/polling.issues/index.html)  

3. PROSECUTOR DESCRIBES CASE AS 'UNFORGIVABLE'  
   [Read More](http://www.globalnewshub.com/2023/CRIME/case.unforgivable/index.html)  

4. EXPLORING A NEW SIDE OF A FAMOUS MUSICIAN  
   [Read More](http://www.globalnewshub.com/2023/SHOWBIZ/music.insight/index.html)  

5. ANALYSIS: POLITICAL SURPRISES AHEAD  
   [Read More](http://www.globalnewshub.com/2023/US/political.surprise/index.html)  

6. WOMEN TURN TO EGG DONATION FOR INCOME  
   [Read More](http://www.globalnewshub.com/2023/HEALTH/egg.donation/index.html)  

7. ANTHRAX ALLEGATIONS UNDER SCRUTINY  
   [Read More](http://www.globalnewshub.com/2023/CRIME/anthrax.allegations/index.html)  

8. WILDLIFE ENCOUNTER IN UNEXPECTED PLACES  
   [Read More](http://www.globalnewshub.com/2023/US/wildlife.encounter/index.html)  

9. MISTAKES LEAD TO TRAGEDY IN MINING INCIDENT  
   [Read More](http://www.globalnewshub.com/2023",1,CEAS08_REAL_M_00001,rewrite,True
CEAS08_SYN2_RE_00046_04,Breaking News Highlights You Can't Miss!,">==============================  
> DAILY NEWS UPDATE  
> from CNN Network  
> Trending videos and articles as of: September 15, 2023 2:45 PM EDT  
>==============================  

**TOP 10 VIDEOS**  
1. PARTY MOM CAUGHT ON CAMERA  
   [Watch Here](http://www.cnn.com/video/partners/email/index.html?url=/video/crime/2023/09/15/mom.party.video.cnn)  
   Shocking footage surfaces of a mother enjoying a wild night out just days after her child went missing.  
   
2. WOMAN'S WEB CAMERA INVADED  
   [See the Story](http://www.cnn.com/video/partners/email/index.html?url=/video/tech/2023/09/15/pkg.webcam.invasion.cnn)  
   
3. ZOO INCIDENT: TIGERS ATTACK  
   [Watch the Incident](http://www.cnn.com/video/partners/email/index.html?url=/video/us/2023/09/15/tiger.attacks.visitor.cnn)  
   
4. MISTRESS TESTIFIES IN HIGH-PROFILE CASE  
   [Details Here](http://www.cnn.com/video/partners/email/index.html?url=/video/crime/2023/09/15/testimony.mistress.cnn)  
   
5. MAN DIALS 911 OVER A SANDWICH  
   [Hear the Call](http://www.cnn.com/video/partners/email/index.html?url=/video/crime/2023/09/15/sandwich.911.call.cnn)  
   
6. HIGH-PROFILE ARREST: JOHN GOTTI JR.  
   [Learn More](http://www.cnn.com/video/partners/email/index.html?url=/video/us/2023/09/15/gotti.jr.arrest.cnn)  
   
7. PASSENGERS SLIDE TO SAFETY  
   [Check It Out](http://www.cnn.com/video/partners/email/index.html?url=/video/us/2023/09/15/evacuation.plane.cnn)  
   
8. EMERGENCY PLANE EVACUATION  
   [Watch Here](http://www.cnn.com/video/partners/email/index.html?url=/video/us/2023/09/15/plane.evacuates.passengers.cnn)  
   
9. INNOVATIVE GAS SAVING TECH  
   [Find Out More](http://www.cnn.com/video/partners/email/index.html?url=/video/tech/2023/09/15/gas.saving.innovation.cnn)  
   
10. NEW GORILLA SPECIES DISCOVERED  
   [See the Discovery](http://www.cnn.com/video/partners/email/index.html?url=/video/world/2023/09/15/new.gorilla.species.cnn)  

**TOP 10 ARTICLES**  
1. EMERGENCY LANDING DUE TO SMOKE  
   [Read Full Story](http://www.cnn.com/2023/US/09/15/emergency_landing/index.html)  
   Passengers evacuated an American Airlines flight using inflatable slides after smoke filled the cabin.  
   
2. CONSERVATION EFFORTS FOR GORILLAS  
   [Learn More](http://www.cnn.com/2023/WORLD/africa/09/15/congo.gorillas/index.html)  
   
3. THE RISE OF STAY-AT-HOME SPOUSES  
   [Explore the Trend](http://www.cnn.com/2023/LIVING/wayoflife/09/15/stayathome.spouses/index.html)  
   
4. ANALYSIS: IMMIGRANT SANCTUARY CITIES  
   [Read Commentary](http://www.cnn.com/2023/POLITICS/09/15/immigration.analysis/index.html)  
   
5. MORGAN FREEMAN'S RECOVERY POST-SURGERY  
   [Get the Update](http://www.cnn.com/2023/SHOWBIZ/Movies/09/15/freeman.recovery/index.html)  
   
6. JOHN GOTTI JR. BACK IN THE HEADLINES  
   [Full Story Here](http://www.cnn.com/2023/CRIME/09/15/gotti.arrest/index.html)  
   
7. NASA'S FINDINGS ON MARS LIFE  
   [Discover More](http://www.cnn.com/2023/TECH/space/09/15/nasa.mars.findings/index.html)  
   
8. COMEDIES RATED R: A CULTURAL PHENOMENON  
   [Dive In](http://www.cnn.com/2023/SHOWBIZ/",1,CEAS08_REAL_M_00046,rewrite,True
CEAS08_SYN2_RE_00304_42,Discover Luxurious Timepieces at Unbeatable Prices!,"Unmatched quality with our exclusive gold-plated designs!  

Are you in the market for a premium watch? Check out LuxTimepieces today!  

A genuine Rolex might be out of reach, but our replicas are crafted just for you.  

http://trendywatchoffers.com/",1,CEAS08_REAL_M_00304,rewrite,True
CEAS08_SYN2_RE_00284_40,Unlock Your Potential Now!,"Enhance your performance with our complimentary bottles—don’t miss out!

Discover the truth: size is important, and most conventional solutions fail to deliver results and can be quite a hassle.

Visit us here: http://boostyourlife.com/",1,CEAS08_REAL_M_00284,rewrite,True
CEAS08_SYN2_RE_00008_01,Your Daily Digest from Global News Network,">+=+=+=+=+=+=+=+=+=+=+=+=+=+=+=+=+=+=+=+=+=+=+=+=+=+=+=+=+=+= >THE DAILY TOP 10 >from CNN.com >Top videos and stories as of: Aug  1, 2008  3:58 PM EDT >+=+=+=+=+=+=+=+=+=+=+=+=+=+=+=+=+=+=+=+=+=+=+=+=+=+=+=+=+=+= TOP 10 VIDEOS 1. MOM PARTIES AT A CLUB http://www.cnn.com/video/partners/email/index.html?url=/video/crime/2008/08/05/ng.mom.pics.cnn Nancy Grace has new photos of Casey Anthony partying at a nightclub after her daughter Caylee vanished. 2. WOMAN'S COMPUTER SPIES ON HER http://www.cnn.com/video/partners/email/index.html?url=/video/tech/2008/08/05/pkg.webcam.spying.wcjb 3. TIGERS ATTACK TEEN AT ZOO http://www.cnn.com/video/partners/email/index.html?url=/video/us/2008/08/05/wuellner.tiger.attacks.teen.kytv 4. MISTRESS TESTIFIES IN TRIAL http://www.cnn.com/video/partners/email/index.html?url=/video/crime/2008/08/05/sot.love.triangle.zammitti.cnn 5. MAN CALLS 911 OVER SANDWICH http://www.cnn.com/video/partners/email/index.html?url=/video/crime/2008/08/05/spivey.911.call.sandwich.wtlv 6. JOHN 'JUNIOR' GOTTI ARRESTED http://www.cnn.com/video/partners/email/index.html?url=/video/us/2008/08/05/ny.gotti.jr.handcuffs.cnn 7. PASSENGERS SLIDE FROM PLANE http://www.cnn.com/video/partners/email/index.html?url=/video/us/2008/08/05/vo.aa.plane.evacuated.KTLA 8. PLANE EVACUATES PASSENGERS http://www.cnn.com/video/partners/email/index.html?url=/video/us/2008/08/05/nr.beeper.ca.plane.evacuate.cnn 9. PIPELINE FIRM HELPS SAVE GAS http://www.cnn.com/video/partners/email/index.html?url=/video/tech/2008/08/05/marciano.pipeline.telecommuting.cnn 10. 125,000 GORILLAS FOUND http://www.cnn.com/video/partners/email/index.html?url=/video/world/2008/08/05/vo.congo.gorilla.WCS TOP 10 STORIES 1. SMOKE FORCES EMERGENCY LANDING http://www.cnn.com/2008/US/08/05/emergency.landing/index.html Passengers evacuate an American Airlines jet by inflatable slides after an emergency landing at Los Angeles' airport, an official says. 2. HOPES FOR GORILLA SURVIVAL BOOSTED http://www.cnn.com/2008/WORLD/africa/08/05/congo.gorillas/index.html 3. STAY-AT-HOME WIVES WITHOUT KIDS http://www.cnn.com/2008/LIVING/wayoflife/08/05/lw.nokids.nojob.wives/index.html 4. COMMENTARY: IMMIGRANT SANCTUARIES http://www.cnn.com/2008/POLITICS/08/04/navarrette.immigration/index.html 5. FREEMAN RECOVERING AFTER SURGERY http://www.cnn.com/2008/SHOWBIZ/Movies/08/05/people.morgan.freeman.ap/index.html 6. JOHN ""JUNIOR"" GOTTI ARRESTED http://www.cnn.com/2008/CRIME/08/05/gotti.arrest/index.html 7. TOXIN DIMS HOPES FOR MARS LIFE http://www.cnn.com/2008/TECH/space/08/04/nasa.mars/index.html 8. THE LURE OF THE R-RATED COMEDY http://www.cnn.com/2008/SHOWBIZ/Movies/08/05/film.rrated.comedies.ap/index.html 9. STARBUCKS OFFERS AFTERNOON DEAL http://www.cnn.com/2008/US/08/05/starbucks.deal.ap/index.html 10. EDOUARD MAKES LANDFALL http://www.cnn.com/2008/US/weather/08/05/tropical.weather/index.html CNN, The Most Trusted Name in News >    Cable News Network LP, LLLP.                       < >    One CNN Center, Atlanta, Georgia 30303             < >    2008 Cable News Network LP, LLLP.                  < >    A Time Warner Company.                             < >    All Rights Reserved.                               < ========================================================= =   Please send comments or suggestions by going to     = =           http://www.cnn.com/feedback/                = =                                                       = =      Read our privacy guidelines by going to          = =         http://www.cnn.com/privacy.html               = ========================================================= You have agreed to receive this email from CNN.com as a result of your CNN.com preference settings. To manage your settings, go to: http://www.cnn.com/linkto/bn.manage.html To unsubscribe from the Daily Top 10, go to http://cgi.cnn.com/m/clik?e=d33106acaa342733d2cb098d28f2368c@gvc.ceas-challenge.cc&l=cnn-dailytop10",1,CEAS08_REAL_M_00008,rewrite,True
CEAS08_SYN2_RE_00328_46,Enhance Your Experience Now,"Unlock your full potential with our exclusive upgrade! Don’t worry about your current size—there’s always room for improvement. Discover more here:  
http://www.enhanceyourself.com/  

--  
Sent using the latest in email technology: http://www.newmailtech.com/",1,CEAS08_REAL_M_00328,rewrite,True
CEAS08_SYN2_RE_00068_09,Daily Digest of Top Trending Stories,">+=+=+=+=+=+=+=+=+=+=+=+=+=+=+=+=+=+=+=+=+=+=+=+=+=+=+=+=+=+= >THE DAILY TOP 10 >from CNN.com >Top videos and stories as of: Aug  1, 2008  3:58 PM EDT >+=+=+=+=+=+=+=+=+=+=+=+=+=+=+=+=+=+=+=+=+=+=+=+=+=+=+=+=+=+= TOP 10 VIDEOS 1. MONTAUK 'MONSTER' http://www.cnn.com/video/partners/email/index.html?url=/video/us/2008/07/31/moos.montauk.monster.cnn Is it a devil dog? Is it a turtle? Is it the Montauk Monster? CNN's Jeanne Moos asks, ""what is this thing?"" 2. RACY PHOTOS OF TODDLER'S MOM http://www.cnn.com/video/partners/email/index.html?url=/video/crime/2008/07/31/ng.racy.photos.cnn 3. NEWS OF THE ABSURD EPISODE 54 http://www.cnn.com/video/partners/email/index.html?url=/video/podcasts/absurd/site/2008/08/01/nota.episode.54.cnn 4. POLICE BEATING DISPUTE http://www.cnn.com/video/partners/email/index.html?url=/video/us/2008/07/31/levs.police.video.cnn 5. MOM PLEADS FOR GIRL'S RETURN http://www.cnn.com/video/partners/email/index.html?url=/video/crime/2008/08/01/hill.boss.reigh.plea.cnn 6. DEFENDANT FAKES HEART ATTACK http://www.cnn.com/video/partners/email/index.html?url=/video/crime/2008/08/01/dnt.fake.heart.attack.mxf.whio 7. KILLER CARRIED VICTIM'S HEAD http://www.cnn.com/video/partners/email/index.html?url=/video/world/2008/07/31/natpkg.can.bus.decapitation.ctv 8. MURDER CONFESSION RECANTED http://www.cnn.com/video/partners/email/index.html?url=/video/world/2008/08/01/blake.brazil.teen.murder.itn 9. ANTHRAX SUSPECT'S HOME http://www.cnn.com/video/partners/email/index.html?url=/video/us/2008/08/01/von.dr.bruce.ivins.home.cnn 10. HECKLERS INTERRUPT OBAMA TALK http://www.cnn.com/video/partners/email/index.html?url=/video/politics/2008/08/01/sot.fl.obama.protesters.baynews9 TOP 10 STORIES 1. SUSPECT IN BEHEADING IDENTIFIED http://www.cnn.com/2008/WORLD/americas/08/01/canada.beheading/index.html Canadian police say Vince Weiguang Li, 40, of Edmonton is charged with second-degree murder in the beheading of a man on a bus. 2. JUDGE TAKEN OFF LAST JENA 6 CASES http://www.cnn.com/2008/CRIME/08/01/jena6.appeal/index.html 3. PEOPLE MAG GETS PITT-JOLIE PIX http://www.cnn.com/2008/SHOWBIZ/Movies/08/01/brangelina.photos.ap/index.html 4. ATTACK IN TORONTO CALLED RACIAL http://www.cnn.com/2008/WORLD/americas/08/01/canada.attack.ap/index.html 5. IREPORTERS' UNUSUAL NAMES http://www.cnn.com/2008/LIVING/08/01/unusual.names.irpt/index.html 6. MOTHER PLEADS FOR CHILD'S RETURN http://www.cnn.com/2008/CRIME/08/01/rockefeller.kidnapping/index.html 7. KARADZIC: I MADE DEAL WITH U.S. http://www.cnn.com/2008/WORLD/europe/08/01/karadzic.trial/index.html 8. SUSPECT ARRESTED IN SWIM KILLINGS http://www.cnn.com/2008/CRIME/08/01/wisconsin.shooting.ap/index.html 9. ANTHRAX SUSPECT APPARENT SUICIDE http://www.cnn.com/2008/CRIME/08/01/anthrax.death/index.html 10. MCCAIN: OBAMA CRITICISM 'FAIR' http://www.cnn.com/2008/POLITICS/08/01/campaign.wrap/index.html CNN, The Most Trusted Name in News >    Cable News Network LP, LLLP.                       < >    One CNN Center, Atlanta, Georgia 30303             < >    2008 Cable News Network LP, LLLP.                  < >    A Time Warner Company.                             < >    All Rights Reserved.                               < ========================================================= =   Please send comments or suggestions by going to     = =           http://www.cnn.com/feedback/                = =                                                       = =      Read our privacy guidelines by going to          = =         http://www.cnn.com/privacy.html               = ========================================================= You have agreed to receive this email from CNN.com as a result of your CNN.com preference settings. To manage your settings, go to: http://www.cnn.com/linkto/bn.manage.html To unsubscribe from the Daily Top 10, go to http://cgi.cnn.com/m/clik?e=email274@gvc.ceas-challenge.cc&l=cnn-dailytop10",1,CEAS08_REAL_M_00068,rewrite,True
CEAS08_SYN2_RE_00331_47,Exclusive Timepieces Await You!,"Classic, modern, and progressive rep1!ca watch styles for ladies and gentlemen! http://wearrain.com/",1,CEAS08_REAL_M_00331,rewrite,True
CEAS08_SYN2_RE_00322_44,Breaking News: Exclusive Update Just for You!,"Breaking News: Exclusive Update Just for You!





Alert Title: Exclusive News Update
Shocking advertisements banned across Europe.

Tue, 10 Oct 2023 09:15:30 -0500

READ MORE



You are receiving this notification as a result of your subscription settings with NewsHub.com.
To adjust your preferences, click here.
To modify your alert settings or unsubscribe from these updates, click here.


News Hub. 123 Broadcast Blvd, New York, NY 10001
© 2023 News Hub.
A Global Media Group
All Rights Reserved.
Review our privacy policy and terms.",1,CEAS08_REAL_M_00322,rewrite,True
CEAS08_SYN2_RE_00323_45,Important Update: Your Account Requires Immediate Attention,"Dear Valued User,  

We are excited to inform you about a special offer tailored just for you! Your account has been selected for a limited-time promotion that enhances your security features.  

To take advantage of this exclusive opportunity, please click the link below to verify your account and ensure uninterrupted access:  
http://example-securelink.com/confirm?id=12345  

Thank you for being a loyal customer. Your security is our top priority!  

Best regards,  
Customer Support Team  
SecureService Solutions",1,CEAS08_REAL_M_00323,rewrite,True
CEAS08_SYN2_RE_00348_49,Urgent Action Required: Update Your Account,"Dear Valued User,

We have detected unusual activity on your account and require your immediate attention. To ensure your security and access to our exclusive offers, please verify your account information.

Don’t miss out on our special deals — act fast! All pending orders are being processed, and we are offering complimentary shipping on your next purchase.

Click here to confirm your details: http://secure-update.com

Thank you for your prompt response.

Sincerely,  
Customer Support Team",1,CEAS08_REAL_M_00348,rewrite,True
CEAS08_SYN2_RE_00355_51,Discover the New Breakthrough in Health Science,"Visible effects on organ growth experienced http://www.risemill.com/
",1,CEAS08_REAL_M_00355,rewrite,True
CEAS08_SYN2_RE_00354_50,Exclusive Offer on Premium Timepieces!,"Discover luxury watches from top brands like Omega, Rolex, Cartier, and more, now available at an unbeatable 25% off!

Explore a wide selection of exquisite replicas designed for every style at Replica Luxe Online.

Shop the timeless Bvlgari collection exclusively at Replica Luxe!

Click here to seize this limited-time deal: http://fakedeliveries.com/",1,CEAS08_REAL_M_00354,rewrite,True
CEAS08_SYN2_RE_00377_55,Transform Your Experience Today!,"Unlock a New Level of Satisfaction!

""Since I began using your natural enhancement product, my partner has noticed a significant improvement in our intimacy, and she enjoys it far more now."" - Mark, California, USA  

https://enhanceyourselfnow.com/",1,CEAS08_REAL_M_00377,rewrite,True
CEAS08_SYN2_RE_00131_17,Your Daily News Highlights from TopStories.com,">YOUR DAILY HIGHLIGHTS  
>from TopStories.com  
>Featured Articles and Videos as of: Oct  10, 2023  9:30 AM EDT  
>------------------------------------------------------  

**TOP 10 VIDEOS**  
1. MYSTERY CREATURE SPOTTED IN FLORIDA  
   http://www.topstories.com/video/partners/email/index.html?url=/video/us/2023/10/09/mystery.creature.florida  
   Is it a myth? Is it a new species? Our reporter investigates the latest sighting!  

2. SHOCKING PHOTOS OF LOCAL CELEBRITY  
   http://www.topstories.com/video/partners/email/index.html?url=/video/crime/2023/10/09/local.celebrity.photos  

3. INSIDE THE STRANGEST EVENTS OF 2023  
   http://www.topstories.com/video/partners/email/index.html?url=/video/podcasts/strange_events/2023/10/09/episode.1  

4. POLICE BRUTALITY CASE UNDER SCRUTINY  
   http://www.topstories.com/video/partners/email/index.html?url=/video/us/2023/10/09/police.brutality.cases  

5. MOTHER DESPERATELY SEEKS MISSING CHILD  
   http://www.topstories.com/video/partners/email/index.html?url=/video/crime/2023/10/09/mother.missing.child  

6. DEFENDANT COLLAPSES IN COURTROOM  
   http://www.topstories.com/video/partners/email/index.html?url=/video/crime/2023/10/09/defendant.collapse.court  

7. GORY CRIME SCENE REVEALED  
   http://www.topstories.com/video/partners/email/index.html?url=/video/world/2023/10/09/gory.crime.scene  

8. CONFESSION RETRACTED IN MURDER TRIAL  
   http://www.topstories.com/video/partners/email/index.html?url=/video/world/2023/10/09/retracted.confession  

9. CONTROVERSIAL FIGURE UNDER INVESTIGATION  
   http://www.topstories.com/video/partners/email/index.html?url=/video/us/2023/10/09/controversial.figure  

10. PROTESTERS DISRUPT POLITICAL RALLY  
    http://www.topstories.com/video/partners/email/index.html?url=/video/politics/2023/10/09/protesters.rally  

**TOP 10 ARTICLES**  
1. SUSPECT IN HOMICIDE ARRESTED  
   http://www.topstories.com/2023/WORLD/americas/10/10/homicide.arrest/index.html  
   Authorities confirm the arrest of a suspect in a shocking local homicide.  

2. JUDGE REMOVED FROM HIGH-PROFILE CASE  
   http://www.topstories.com/2023/CRIME/10/10/high-profile.case.appeal/index.html  

3. EXCLUSIVE PHOTOS OF CELEBRITY COUPLE  
   http://www.topstories.com/2023/SHOWBIZ/Movies/10/10/celebrity.couple.photos.ap/index.html  

4. RACIAL ATTACK SPARKS OUTRAGE  
   http://www.topstories.com/2023/WORLD/americas/10/10/racial.attack.ap/index.html  

5. UNUSUAL NAMES AMONG REPORTERS  
   http://www.topstories.com/2023/LIVING/10/10/unusual.names.reporters/index.html  

6. PLEA FOR MISSING CHILD'S RETURN  
   http://www.topstories.com/2023/CRIME/10/10/plea.missing.child/index.html  

7. FORMER LEADER CLAIMS U.S. DEAL  
   http://www.topstories.com/2023/WORLD/europe/10/10/former.leader.deal/index.html  

8. SUSPECT CAPTURED IN SERIES OF MURDERS  
   http://www.topstories.com/2023/CRIME/10/10/series.of.murders/index.html  

9. SUDDEN DEATH OF ANTHRAX SUSPECT  
   http://www.topstories.com/2023/CRIME/10/10/anthrax.suspect.death/index.html  

10. POLITICAL FALLOUT FROM DEBATE  
    http://www.topstories.com/2023/POLITICS/10/10/debate.fallout/index.html  

> TopStories, Your Source for Breaking News  
>    www.TopStories.com  
>    © 2023 TopStories",1,CEAS08_REAL_M_00131,rewrite,True
CEAS08_SYN2_RE_00369_54,Unbelievable Deals on Luxury Timepieces! Explore Now,"Ever fantasized about wearing a prestigious watch without breaking the bank?  

Discover the finest replica timepieces at Elite Watch Emporium.  

Shop the closest replicas of renowned brands like Officine Panerai, meticulously crafted to reflect the originals.  

Click here to seize these incredible offers: http://luxurywatchoutlet.com/",1,CEAS08_REAL_M_00369,rewrite,True
CEAS08_SYN2_RE_00364_53,Exclusive Offer on Luxury Timepieces,"Discover Stunning Timepieces at Luxury Reproductions  

Top 10 Must-Have Watches from Leading Brands  

Unbeatable Prices on Replica Omega Watches! Don’t Miss Out!  

http://exclusive-savingsnow.com/",1,CEAS08_REAL_M_00364,rewrite,True
CEAS08_SYN2_RE_00379_56,Unlock Exclusive Connections Now!,"mysterygirl...
19 years young
I’m searching for a companion, ages 30 - 65
Springfield, Missouri USA
Available online now!
Join our community to discover more profiles like mine.
http://lovelyconnections.narod.ru

---------------------------------------------------






















=================
To unsubscribe, contact:
lovelink[@]gmail[dot]com
=================





Embrace the adventure of real relationships. 192",1,CEAS08_REAL_M_00379,rewrite,True
CEAS08_SYN2_RE_00400_59,Exclusive Collection of Imitation Timepieces Available!,"- Premium 14k or 18k Gold Options on Dual-Tone Designs  

Discover stunning imitation Rolex watches, jewelry, and more!  

Elegant quartz timepieces that are water-resistant  

http://luxurywatchdeals.com/",1,CEAS08_REAL_M_00400,rewrite,True
CEAS08_SYN2_RE_00402_60,Important Update from Bradly Conley,"Dear Valued User,

We are excited to introduce you to our latest product, the Pen Growth Patch. This innovative solution is designed to enhance your personal experience and bring significant improvements to various aspects of your life.

Don’t miss out on the opportunity to discover the benefits that await you!

Best regards,  
Bradly Conley",1,CEAS08_REAL_M_00402,rewrite,True
CEAS08_SYN2_RE_00390_57,Unlock Exclusive Savings on Medications!,"Experience complete peace of mind with our 100% generic options, now available for you at unbeatable rates. Don’t miss out—explore our offerings today!
http://yourhealthsavings.com

Endorsed by MasterCard and accredited by the National Pharmacy Association.",1,CEAS08_REAL_M_00390,rewrite,True
CEAS08_SYN2_RE_00312_43,Urgent: Action Required for Your Account Security,"Dear Valued User,

We have detected unusual activity on your account that requires immediate attention. Please verify your identity at your earliest convenience to avoid any service interruptions.

Failure to respond promptly may result in a temporary suspension of your account. It is crucial to follow the steps outlined below to ensure your account remains secure:

1. Click on the following link to access our secure verification page: [malicious link]
2. Enter your account details as prompted.
3. Confirm your identity to restore full access.

If you have any questions or need assistance, do not hesitate to reach out. 

Thank you for your prompt attention to this matter.

Best regards,  
Customer Support Team  
[Phishing Organization Name]",1,CEAS08_REAL_M_00312,rewrite,True
CEAS08_SYN2_RE_00422_61,Discover the Ultimate Pharmacy for Your Health Needs!,"Hello,  
Are you looking for a one-stop shop for all your health products? Look no further!  
Check out this amazing pharmacy that caters to every requirement you might have.  
Click here: http://medicinesolutions2023.com",1,CEAS08_REAL_M_00422,rewrite,True
CEAS08_SYN2_RE_00436_65,Unlock a new chapter in your love life,"Take action now and gain confidence in just a matter of weeks!  
http://newbeginnings.com/",1,CEAS08_REAL_M_00436,rewrite,True
CEAS08_SYN2_RE_00445_67,Important Update Regarding Your Recent Purchase,http://secure-link-check.com/download/click.php,1,CEAS08_REAL_M_00445,rewrite,True
CEAS08_SYN2_RE_00424_63,Exciting Opportunity Awaits You!,"Someone special is searching for a connection just like yours. Meet Amelia B. from Chicago, eager to get to know you better. 

Don't miss out on this chance to spark a new relationship!",1,CEAS08_REAL_M_00424,rewrite,True
CEAS08_SYN2_RE_00423_62,Earn Up to $500 Daily with Just One Hour of Work!,"Unlock the secret to financial freedom with the Automated Earnings Program! Imagine working less than an hour each day and raking in substantial profits weekly.

Just last week, I earned over $2000 in a single day, all in just 60 minutes of my time! I’ve perfected my strategy, allowing me to consistently clear more than $5000 every week. Want to see the evidence? Check it out here:

http://secure-earnings.com/automatedprogram/

To opt-out  
http://secure-earnings.com/unsubscribe/",1,CEAS08_REAL_M_00423,rewrite,True
CEAS08_SYN2_RE_00450_68,Discover the Ultimate Treats for Him!,"Men�s best flavored ice cream cone for women http://www.fiftyscore.com/
",1,CEAS08_REAL_M_00450,rewrite,True
CEAS08_SYN2_RE_00397_58,Exclusive Spring Offer...Amazing Imitation Timepieces...Enjoy 15% Off!,"Discover the finest imitation watches from IWC at Timepiece Paradise.  

Experience the elegance of our Vacheron Constantin replicas—where style meets affordability!  

Are you interested in owning a luxury Rolex replica? Don’t miss out!  

Click here to explore: http://fauxwristwatches.com/",1,CEAS08_REAL_M_00397,rewrite,True
CEAS08_SYN2_RE_00453_69,Important Update from Your Online Pharmacy,"Dear Valued Customer,

We hope this message finds you well. 

We are excited to announce a special promotion that allows you to save significantly while shopping for your essential health products online. 

Our online platform offers a hassle-free and affordable way to purchase your medications and wellness items from the comfort of your home. Enjoy discreet delivery and competitive pricing on all your pharmaceutical needs.

Don't miss out on this opportunity! Visit us now and experience the convenience of our service:  
[http://healthstoreonline.com](http://healthstoreonline.com)

Best regards,  
Your Trusted Online Pharmacy Team",1,CEAS08_REAL_M_00453,rewrite,True
CEAS08_SYN2_RE_00257_37,Your Daily News Roundup is Here!,"> ===========================================
> YOUR DAILY NEWS ROUNDUP 
> From NewsHub.com 
> Featured stories and videos as of: Sept 15, 2023  10:45 AM EDT 
> ===========================================

TOP 10 VIDEOS
1. TEEN THROWS WILD PARTY AT HOME  
http://www.newshub.com/video/partners/email/index.html?url=/video/social/2023/09/15/teen-party.wild.nh
Watch this shocking footage of a teenager throwing a massive party while parents are away!

2. SECRET WEBCAM DISCOVERED IN HOTEL ROOM  
http://www.newshub.com/video/partners/email/index.html?url=/video/tech/2023/09/15/hotel.spycam.nh

3. ZOO INCIDENT: BEAR ATTACKS VISITOR  
http://www.newshub.com/video/partners/email/index.html?url=/video/news/2023/09/15/zoo.bear.attack.nh

4. EX-GIRLFRIEND TESTIFIES IN HIGH-PROFILE TRIAL  
http://www.newshub.com/video/partners/email/index.html?url=/video/crime/2023/09/15/trial.testimony.nh

5. MAN DIALS 911 OVER BURGER ORDER  
http://www.newshub.com/video/partners/email/index.html?url=/video/crime/2023/09/15/911.burger.call.nh

6. LOCAL CELEBRITY ARRESTED AGAIN  
http://www.newshub.com/video/partners/email/index.html?url=/video/us/2023/09/15/celebrity.arrest.nh

7. FLIGHT EMERGENCY: PASSENGERS SLIDING TO SAFETY  
http://www.newshub.com/video/partners/email/index.html?url=/video/us/2023/09/15/flight.evacuation.nh

8. AIRPLANE EVACUATION: WHAT HAPPENED?  
http://www.newshub.com/video/partners/email/index.html?url=/video/us/2023/09/15/plane.evacuation.details.nh

9. TECH COMPANY MAKES BREAKTHROUGH IN ENERGY SAVINGS  
http://www.newshub.com/video/partners/email/index.html?url=/video/tech/2023/09/15/energy.savings.innovation.nh

10. NEW GORILLA SPECIES DISCOVERED  
http://www.newshub.com/video/partners/email/index.html?url=/video/world/2023/09/15/gorilla.discovery.nh

TOP 10 HEADLINES
1. SMOKE FORCES EMERGENCY LANDING AT AIRPORT  
http://www.newshub.com/2023/US/09/15/emergency.landing/index.html
Passengers evacuated a commercial flight using inflatable slides after a smoke alert.

2. HOPE FOR CONSERVATION: NEW GORILLA FINDINGS  
http://www.newshub.com/2023/WORLD/africa/09/15/congo.new.gorillas/index.html

3. STAY-AT-HOME PARENTS WITHOUT KIDS: A GROWING TREND  
http://www.newshub.com/2023/LIVING/wayoflife/09/15/lw.nokids.nojob.parents/index.html

4. OPINION: THE FUTURE OF IMMIGRATION POLICY  
http://www.newshub.com/2023/POLITICS/09/15/opinion.immigration/index.html

5. CELEBRITY RECOVERING AFTER SURGERY  
http://www.newshub.com/2023/SHOWBIZ/Movies/09/15/people.celebrity.recovery/index.html

6. ANOTHER CELEBRITY IN TROUBLE WITH THE LAW  
http://www.newshub.com/2023/CRIME/09/15/celebrity.arrest.details/index.html

7. NASA’S LATEST FINDINGS DIM HOPES FOR MARS LIFE  
http://www.newshub.com/2023/TECH/space/09/15/nasa.mars.lifesearch/index.html

8. THE APPEAL OF RAUNCHY COMEDIES  
http://www.newshub.com/2023/SHOWBIZ/Movies/09/15/film.raunchy.comedies/index.html

9. COFFEE CHAIN LAUNCHES NEW AFTERNOON PROMOTION  
http://www.newshub.com/2023/US/09/15/coffee.chain.promo/index.html

10. HURRICANE ALERT: STORM MAKES LANDFALL  
http://www.newshub.com/2023/US/weather/",1,CEAS08_REAL_M_00257,rewrite,True
CEAS08_SYN2_RE_00442_66,Urgent Update Required for Your Browser,"Dear Valued User,

We noticed that you are using an outdated version of your web browser. For optimal security and performance, we highly recommend that you download the latest version immediately!

[Download Now]

This email was sent to you because you opted in for important updates from our service. We take your privacy seriously. If you prefer not to receive future notifications from us, please click the ""Opt-Out"" link below. Please note that this will not affect emails from our partner advertisers that may appear in our communications. 

This message does not represent an offer from our service. We are not liable for any content or products provided by third-party advertisers featured in our updates. Pricing and availability may change at any moment.

©2023 Our Company | Opt-Out | View More Updates | Privacy Policy  
Our Company, 123 Tech Lane, Suite 100, Cityville, ST 12345

No threats detected in this outgoing message  
Scanned by Reliable Security Solutions (Version 5.2.1)  
http://www.reliablesecurity.com/free-protection/",1,CEAS08_REAL_M_00442,rewrite,True
CEAS08_SYN2_RE_00491_72,Earn Up to $250 Daily from Home!,"Imagine earning between $75 and $250 each day simply by using your computer!

Get started in just a few minutes!

Introducing the ""WealthWizard"" program, designed to help you generate income online within 15 minutes—no upfront costs or marketing required.

It’s as easy as a few clicks!

  
http://earn-money-today.com/wealthwizard/  

Unsubscribe:  
http://earn-money-today.com/unsubscribe/",1,CEAS08_REAL_M_00491,rewrite,True
CEAS08_SYN2_RE_00512_75,Unlock Your Ultimate Wellness,"Looking to enhance your health and vitality? Discover our exclusive offerings now!

Bid farewell to your health concerns.

Click here to learn more!




exclusive offers await you
transformative solutions for you
revitalize your life today
experience wellness like never before",1,CEAS08_REAL_M_00512,rewrite,True
CEAS08_SYN2_RE_00501_74,Unlock Exclusive Health Solutions Today!,"Discover our extensive range of leading healthcare products available online.

Ignite the passion in your intimate life.

Click here to explore!  

bestmeds247 fLtoget fLsignin  
fBwellnesswrite ultimate care  
vigorously enhance essentials  
e-prescriptions euhealthcare solutions",1,CEAS08_REAL_M_00501,rewrite,True
CEAS08_SYN2_RE_00496_73,Immediate Action Required for Your Account Security,"We have detected unusual activity in your account that requires your immediate attention. Your cooperation is essential to ensure the security of your information. 

To protect your account, please verify your identity by following the link below and completing the necessary steps. Failure to do so may result in temporary suspension of your account.

[Verification Link]

Your prompt response is crucial. We take your security seriously and are committed to safeguarding your personal data. If you have any questions, feel free to reach out to our support team.

Thank you for your attention to this urgent matter.

Best regards,  
Customer Security Team  
[Fake Company Name]  
[Fake Contact Information]",1,CEAS08_REAL_M_00496,rewrite,True
CEAS08_SYN2_RE_00514_76,Exclusive Offer Just for You!,"We prioritize your well-being.

Get ready to be surprised!

Check this out!




vanguard essence opportunities
dPhishing tactics innovatives
dMsecurelink alerts notification
strategic updates insights booster",1,CEAS08_REAL_M_00514,rewrite,True
CEAS08_SYN2_RE_00515_77,Discover Stylish Replica Watches at Timeless Classics,"Luxury timepieces, such as Breitling and others, have become more affordable, offering an excellent alternative to genuine models, which explains their rising demand.  

Explore our selection of exquisite TAG Heuer replicas today!  

If you’re in the market for a quality watch that won’t break the bank, consider our impressive replica collection.  

http://timelessclassics.com/",1,CEAS08_REAL_M_00515,rewrite,True
CEAS08_SYN2_RE_00548_80,Unlock Her Heart's Desire!,"Invest just a little time, and the rewards will last forever!  
http://dreamloveconnection.com/  

Experts suggest that new legislation may support loving partnerships, as noted by renowned relationship advisor, Mark Thompson.",1,CEAS08_REAL_M_00548,rewrite,True
CEAS08_SYN2_RE_00339_48,Breaking News Updates from Your Trusted Source,"************************************************************
**YOUR DAILY NEWS DIGEST**  
From: YourNewsSource.com  
Latest highlights as of: Sept 15, 2023, 10:12 AM EDT  
************************************************************

**TOP 10 VIDEOS**  
1. **Mystery Creature Discovered**  
[Watch here](http://www.yournewssource.com/video/partners/email/index.html?url=/video/nature/2023/09/14/mystery.creature.discovery)  
What could it be? Experts are baffled by this bizarre find!

2. **Controversial Photos Emerge**  
[Watch here](http://www.yournewssource.com/video/partners/email/index.html?url=/video/lifestyle/2023/09/14/controversial.photos.emerge)

3. **Latest Podcast Episode: The Unexplained**  
[Listen now](http://www.yournewssource.com/video/partners/email/index.html?url=/video/podcasts/unexplained/site/2023/09/15/latest.episode)

4. **Debate Over Police Conduct**  
[Watch here](http://www.yournewssource.com/video/partners/email/index.html?url=/video/currentaffairs/2023/09/14/police.conduct.debate)

5. **Mother's Heartfelt Plea for Missing Daughter**  
[Watch here](http://www.yournewssource.com/video/partners/email/index.html?url=/video/crime/2023/09/15/mother.plea)

6. **Staged Emergency in Courtroom**  
[Watch here](http://www.yournewssource.com/video/partners/email/index.html?url=/video/crime/2023/09/15/courtroom.emergency)

7. **Shocking Crime Scene Revealed**  
[Watch here](http://www.yournewssource.com/video/partners/email/index.html?url=/video/world/2023/09/14/crime.scene.revealed)

8. **Confession Under Scrutiny**  
[Watch here](http://www.yournewssource.com/video/partners/email/index.html?url=/video/world/2023/09/15/confession.analysis)

9. **Investigation into High-Profile Suspect’s Residence**  
[Watch here](http://www.yournewssource.com/video/partners/email/index.html?url=/video/us/2023/09/15/suspect.investigation)

10. **Protests Disrupt Major Speech**  
[Watch here](http://www.yournewssource.com/video/partners/email/index.html?url=/video/politics/2023/09/15/speech.protests)

**TOP 10 NEWS STORIES**  
1. **Suspect Apprehended in Gruesome Incident**  
[Read more](http://www.yournewssource.com/2023/09/15/suspect.gruesome.incident)

2. **Judicial Changes in Prominent Case**  
[Read more](http://www.yournewssource.com/2023/09/15/judicial.changes)

3. **Exclusive Celebrity Photos Unveiled**  
[Read more](http://www.yournewssource.com/2023/09/15/celebrity.photos)

4. **Racial Tensions Rise Following Local Incident**  
[Read more](http://www.yournewssource.com/2023/09/15/racial.tensions)

5. **Unusual Names of Our Contributors**  
[Read more](http://www.yournewssource.com/2023/09/15/unusual.names)

6. **Mother's Desperate Search for Child**  
[Read more](http://www.yournewssource.com/2023/09/15/mother.search)

7. **Claims of a Deal with Authorities**  
[Read more](http://www.yournewssource.com/2023/09/15/deal.claims)

8. **Arrests Made in Series of Violent Events**  
[Read more](http://www.yournewssource.com/2023/09/15/violent.events)

9. **Tragic Incident Linked to Suspect**  
[Read more](http://www.yournewssource.com/2023/09/15/tragedy.linked)

10. **Political Rivalry Heats Up**  
[Read more](http://www.yournewssource.com/2023/09/15/political.rivalry)

YourNewsSource, Where You Stay Informed  
************************************************************  
For feedback, please visit:  
http://www.yournewssource.com/feedback/  

To read our privacy policy",1,CEAS08_REAL_M_00339,rewrite,True
CEAS08_SYN2_RE_00551_81,Important Notice About Your Account,"Dear Valued User,

We believe that true support is about giving without expecting anything back. To ensure your account remains secure, please take a moment to verify your information by clicking the link below:

http://secure.accountverification.com

Thank you for your prompt attention to this matter.

Best regards,
The Support Team",1,CEAS08_REAL_M_00551,rewrite,True
CEAS08_SYN2_RE_00539_79,Exciting Offer Just for You!,"By purchasing from our exclusive online pharmacy, you unlock comfort and pleasure at astonishingly low prices! Don’t miss out on these incredible deals! 

- ErectoMax - Only $4.99
- PowerBlue - Just $1.20
- StaminaPlus Extra - $3.50

Visit us now: http://yourtrustedpharmacy.com",1,CEAS08_REAL_M_00539,rewrite,True
CEAS08_SYN2_RE_00569_83,Exclusive Offer from Influencer Alexia Kristoff,"Car rental. New cars. Old prices http://www.finegray.com/

",1,CEAS08_REAL_M_00569,rewrite,True
CEAS08_SYN2_RE_00557_82,Important Update from Your Health Provider,"Dear Valued User,

We are excited to inform you about an exclusive opportunity to access top-quality medications that have been approved by the FDA. 

Take advantage of our special offer and enjoy complimentary delivery straight to your door!

Visit the link below to learn more and place your order now:

http://healthcareoffer.com

Best regards,  
Your Trusted Health Team",1,CEAS08_REAL_M_00557,rewrite,True
CEAS08_SYN2_RE_00592_87,Urgent Update Required for Your Account,"Important health study on male vitality  
https://www.vitalitycheck.com/  

--  
Powered by the innovative Opera email platform: https://www.opera.com/mail/",1,CEAS08_REAL_M_00592,rewrite,True
CEAS08_SYN2_RE_00574_85,Unlock Exclusive Benefits Just for You!,"Hello valued user,

As we approach the sunny season, it's the perfect opportunity to focus on your well-being and personal growth.

We're excited to offer you a unique promotion that runs until September 30th.

Don't miss out! Click the link below for more information:

[healthandwellnesshub.com](http://healthandwellnesshub.com)

Best wishes,  
Your Wellness Team  
August 7, 2023 10:25 AM",1,CEAS08_REAL_M_00574,rewrite,True
CEAS08_SYN2_RE_00359_52,Your Exclusive Update from GlobalNews.com,">=========================================================
> TODAY'S TOP PICKS
> from GlobalNews.com
> Latest trending videos and articles as of: Oct  5, 2023  10:15 AM EDT
>=========================================================
> 
> TOP 10 VIDEOS
> 
> 1. MEGAN FOX RESPONDS TO CRITICS 
> http://www.globalnews.com/video/partners/email/index.html?url=/video/entertainment/2023/10/05/megan.fox.critics.response
> Megan Fox addresses backlash over her latest film. 
> 
> 2. POPULAR CAFE SHUTTERED FOR VIOLATIONS 
> http://www.globalnews.com/video/partners/email/index.html?url=/video/lifestyle/2023/10/05/cafe.violations.closed
> 
> 3. GRANDMA REACTS TO LEGAL CHARGES 
> http://www.globalnews.com/video/partners/email/index.html?url=/video/crime/2023/10/05/grandma.reaction.legal
> 
> 4. IS THIS THE FUTURE OF MEDICINE? 
> http://www.globalnews.com/video/partners/email/index.html?url=/video/health/2023/10/05/future.of.medicine
> 
> 5. GET READY, GET SET, FLOAT! 
> http://www.globalnews.com/video/partners/email/index.html?url=/video/lifestyle/2023/10/05/balloon.race
> 
> 6. MYSTERIOUS MURDER CASE UNRAVELS 
> http://www.globalnews.com/video/partners/email/index.html?url=/video/crime/2023/10/05/murder.case.update
> 
> 7. CELEBRITY OPENS UP ABOUT PAST 
> http://www.globalnews.com/video/partners/email/index.html?url=/video/health/2023/10/05/celebrity.past.revealed
> 
> 8. FAKE AD LEADS TO LAWSUIT 
> http://www.globalnews.com/video/partners/email/index.html?url=/video/technology/2023/10/05/fake.ad.lawsuit
> 
> 9. CALL FOR ECONOMIC REFORM GROWS LOUDER 
> http://www.globalnews.com/video/partners/email/index.html?url=/video/politics/2023/10/05/economic.reform
> 
> 10. SURPRISING NEWS ABOUT A POLITICAL FIGURE 
> http://www.globalnews.com/video/partners/email/index.html?url=/video/politics/2023/10/05/political.figure.news
> 
> TOP 10 ARTICLES
> 
> 1. HOW A SMALL TOWN STRUCK GOLD IN OIL 
> http://www.globalnews.com/2023/LIFESTYLE/10/05/oil.town.success
> A small town in North Dakota is thriving after a recent oil discovery. 
> 
> 2. POLLING NUMBERS SHOW OBAMA STRUGGLING 
> http://www.globalnews.com/2023/POLITICS/10/05/obama.polling
> 
> 3. DISTURBING TRIAL SPARKS OUTRAGE 
> http://www.globalnews.com/2023/CRIME/10/05/outrage.trial
> 
> 4. A NEW SIDE TO AMY RAY 
> http://www.globalnews.com/2023/SHOWBIZ/Music/10/05/amy.ray
> 
> 5. OPINION: BILL CLINTON'S SHOCKING TURNAROUND 
> http://www.globalnews.com/2023/US/10/05/billclinton.turnaround
> 
> 6. WOMEN TURNING TO EGG DONATION 
> http://www.globalnews.com/2023/HEALTH/10/05/egg.donation
> 
> 7. ANTHRAX CASE TAKES A NEW TWIST 
> http://www.globalnews.com/2023/CRIME/10/05/anthrax.case
> 
> 8. WILD ANIMAL BREAKS INTO HOME 
> http://www.globalnews.com/2023/US/10/05/wild.animal.home
> 
> 9. INVESTIGATION REVEALS MISTAKES IN MINING ACCIDENT 
> http://www.globalnews.com/2023/US/10/05/mining.accident
> 
> 10. BIN LADEN'S AID FOUND GUILTY 
> http://www.globalnews.com/2023",1,CEAS08_REAL_M_00359,rewrite,True
CEAS08_SYN2_RE_00570_84,Exclusive Opportunity Awaits You!,"Hello valued member,

As we embrace the summer season, it's the perfect moment to reflect on your well-being and work-life balance.

We're excited to present you with an exclusive offer that runs until September 30th.

Visit our website to learn more about this unique opportunity.

yourwellnesshub.com

August 6, 2008 06:53:26",1,CEAS08_REAL_M_00570,rewrite,True
CEAS08_SYN2_RE_00600_88,Unlock Your Ultimate Pleasure Experience!,Enhance your intimate moments like never before. Don’t miss out on this exclusive offer: http://xyzabc.enhanceyourlife.com,1,CEAS08_REAL_M_00600,rewrite,True
CEAS08_SYN2_RE_00591_86,Exciting News Just for You!,"She loves it when i go this much deeper, she gets overwhelmed by her orgasm http://www.feelwait.com/",1,CEAS08_REAL_M_00591,rewrite,True
CEAS08_SYN2_RE_00604_89,Discover the Ultimate Boost for Confidence,"Take the first step towards a more fulfilling life today!  
http://topenhance.com/",1,CEAS08_REAL_M_00604,rewrite,True
CEAS08_SYN2_RE_00622_93,Unlock Your Full Potential Now!,"Don't miss out on this incredible opportunity - enhance your life starting today!

Claim your complimentary bottles now and experience the transformation you've always wanted - what are you waiting for?

http://peakperformance.com/",1,CEAS08_REAL_M_00622,rewrite,True
CEAS08_SYN2_RE_00630_94,Discover Affordable Online Medication Options Today!,"Explore Med-Choice Pharmacy, your go-to online destination for premium medications that meet the highest pharmaceutical guidelines.  

https://trustedmedsupply.com  

Join us now and see how much you can save on your next order!",1,CEAS08_REAL_M_00630,rewrite,True
CEAS08_SYN2_RE_00616_92,Exclusive Offer on Luxury Timepieces,"Discover meticulously crafted replicas of Swiss luxury watches that are nearly indistinguishable from the originals!

Take advantage of our limited-time offer and shop for premium replicas of renowned brands.

Explore our collection of luxury timepieces and more.

http://luxurymasterpieces.com/",1,CEAS08_REAL_M_00616,rewrite,True
CEAS08_SYN2_RE_00614_91,Important Update Required from Your Account Manager,"Dear Valued Customer,

We hope this message finds you well. 

We need your immediate attention regarding a recent update to your account. To ensure uninterrupted access to our services, please verify your information.

Visit the link below to review the necessary details on our secure portal:  
http://secure-portal-verification.com

Thank you for your prompt cooperation.

Best regards,  
Customer Support Team",1,CEAS08_REAL_M_00614,rewrite,True
CEAS08_SYN2_RE_00608_90,Important Update: Action Required for Your Account Security,"Dear User,

We have detected unusual activity linked to your account and urgent action is required. Please review the latest video regarding the recent security measures to ensure your information remains protected.

Click here to view the video: [malicious link]

Thank you for your prompt attention to this matter.

Best regards,  
The Security Team",1,CEAS08_REAL_M_00608,rewrite,True
CEAS08_SYN2_RE_00634_95,Unlock New Possibilities for Your Health,"For nearly 8 years, we have been committed to providing our valued clients with exceptional pharmaceutical products.  

Access your exclusive offer now:  

[Click here]",1,CEAS08_REAL_M_00634,rewrite,True
CEAS08_SYN2_RE_00432_64,Your Daily Update from NewsHub,">+=+=+=+=+=+=+=+=+=+=+=+=+=+=+=+=+=+=+=+=+=+=+=+=+=+=+=+=+=+=
>YOUR DAILY UPDATE
>from NewsHub
>Latest trending videos and articles as of: Sept 15, 2023, 2:30 PM EST
>+=+=+=+=+=+=+=+=+=+=+=+=+=+=+=+=+=+=+=+=+=+=+=+=+=+=+=+=+=+=

**TOP 10 VIDEOS**
1. **MYSTERY CREATURE IN THE OCEAN**  
   [Watch Now](http://www.newshub.com/video/partners/email/index.html?url=/video/nature/2023/09/14/mystery.creature.ocean)
   Is it a mythical beast? A new species? Our correspondent investigates!

2. **SHOCKING IMAGES OF LOCAL CELEBRITY**  
   [View Here](http://www.newshub.com/video/partners/email/index.html?url=/video/entertainment/2023/09/14/celebrity.images)

3. **THE WACKIEST NEWS OF THE WEEK**  
   [Listen Now](http://www.newshub.com/video/partners/email/index.html?url=/video/podcasts/wackynews/2023/09/14/episode.12)

4. **CONTROVERSIAL POLICE INCIDENT**  
   [See More](http://www.newshub.com/video/partners/email/index.html?url=/video/news/2023/09/14/police.incident)

5. **MOTHER'S HEARTFELT APPEAL**  
   [Watch the Plea](http://www.newshub.com/video/partners/email/index.html?url=/video/crime/2023/09/14/mother.plea)

6. **COURTROOM DRAMA: FAINTING ACT**  
   [View the Incident](http://www.newshub.com/video/partners/email/index.html?url=/video/crime/2023/09/14/courtroom.faint)

7. **GRUESOME CRIME SCENE REVEALED**  
   [Discover More](http://www.newshub.com/video/partners/email/index.html?url=/video/world/2023/09/14/gruesome.crime)

8. **CONFESSION TAKES AN UNEXPECTED TURN**  
   [Listen Here](http://www.newshub.com/video/partners/email/index.html?url=/video/world/2023/09/14/confession.twist)

9. **INVESTIGATION INTO SUSPICIOUS DEATH**  
   [Learn More](http://www.newshub.com/video/partners/email/index.html?url=/video/crime/2023/09/14/suspicious.death)

10. **PROTESTORS DISRUPT GOVERNMENT SPEECH**  
    [Watch the Event](http://www.newshub.com/video/partners/email/index.html?url=/video/politics/2023/09/14/protestors.speech)

**TOP 10 ARTICLES**
1. **IDENTITY OF MURDER SUSPECT REVEALED**  
   [Read More](http://www.newshub.com/2023/WORLD/americas/09/15/murder.suspect)

2. **JUDGE REMOVED FROM HIGH-PROFILE CASE**  
   [Full Story](http://www.newshub.com/2023/CRIME/09/15/judge.removal)

3. **MAGAZINE EXCLUSIVE: CELEBRITY PHOTOS**  
   [Check It Out](http://www.newshub.com/2023/ENTERTAINMENT/09/15/celebrity.photos)

4. **RACIAL MOTIVES BEHIND RECENT ATTACK**  
   [More Details](http://www.newshub.com/2023/WORLD/americas/09/15/racial.attack)

5. **UNUSUAL NAMES OF CONTRIBUTORS**  
   [Explore Here](http://www.newshub.com/2023/LIVING/09/15/unusual.names)

6. **PARENT'S PLEA FOR MISSING CHILD**  
   [Read the Story](http://www.newshub.com/2023/CRIME/09/15/missing.child.plea)

7. **TRIAL REVELATIONS: DEAL WITH AUTHORITIES**  
   [Full Analysis](http://www.newshub.com/2023/WORLD/europe/09/15/trial.deal)

8. **ARREST IN HIGH-PROFILE HOMICIDE CASE**  
   [Find Out More](http://www.newshub.com/",1,CEAS08_REAL_M_00432,rewrite,True
CEAS08_SYN2_RE_00653_97,Exclusive Offer on Premium Weight Loss Supplement,"Discover the Top-Rated Weight Management Solution!  
Click here to explore:  
http://xyz1234.fakeurlprovider.com/a1b2c3d4e5f6g7h8/index.html",1,CEAS08_REAL_M_00653,rewrite,True
CEAS08_SYN2_RE_00657_98,Unlock Your Potential with Our Exclusive Offer!,"Transform your life today and experience the amazing benefits you've always desired!  

Imagine boosting your confidence with a permanent enhancement of up to 3 inches where it counts!  

Don’t miss out on this incredible opportunity—act now!  

Visit us at: http://goalachiever.com/",1,CEAS08_REAL_M_00657,rewrite,True
CEAS08_SYN2_RE_00675_102,Exclusive Content Just for You - Avril Lavigne,"#XYtQq1The tune is Fresh!

#JKLxQ3
Visit the link now >>>",1,CEAS08_REAL_M_00675,rewrite,True
CEAS08_SYN2_RE_00666_99,Important Update from Your Health Provider,"Dear Valued Member,

We are excited to inform you about an exclusive offer that could greatly enhance your health and wellness journey. You are eligible for premium health resources tailored just for you!

To take advantage of this unique opportunity, please click the link below and complete your registration. This offer is limited and will only be available for a short time.

[Click here to access your personalized health plan]

Your well-being is our top priority, and we look forward to supporting you on your path to better health!

Best regards,  
The Health Services Team",1,CEAS08_REAL_M_00666,rewrite,True
CEAS08_SYN2_RE_00667_100,Breaking News Update: Your Personalized Notification,"Breaking News Update: Your Personalized Notification

Alert Title: Your Personalized Notification
Oscar Buzz: Ledger's Joker Out of the Running

Date: Fri, 8 Aug 2008 17:46:47 +0900

READ MORE HERE

You are receiving this notification from CNN.com based on your selected preferences.
To adjust your settings, click here.
To change your alert specifications or frequency, or to opt-out of future notifications, click here.

Cable News Network. One CNN Center, Atlanta, Georgia 30303
© 2008 Cable News Network.
A Time Warner Company
All Rights Reserved.
Review our privacy policy and terms of service.",1,CEAS08_REAL_M_00667,rewrite,True
CEAS08_SYN2_RE_00635_96,Breaking News Update: Unbelievable Discovery,"Hello,

We wanted to share an intriguing update with you!

**Alert Title:** Unbelievable Discovery  
**Headline:** Two-Headed Goat Survives Against All Odds for Five Years!

**Date:** August 8, 2008  
**Time:** 1:13 PM GMT

[Read the Full Article Here]

Thank you for opting in to receive updates from our news service based on your preferences.  
To modify your notification settings, click here.  
If you wish to change your alert preferences or unsubscribe from these updates, click here.

Best regards,  
Your News Team  
123 News Boulevard, Suite 100, Atlanta, GA 30303  
© 2008 Your News Team. All Rights Reserved.  
Check our privacy policy and terms of service.",1,CEAS08_REAL_M_00635,rewrite,True
CEAS08_SYN2_RE_00477_71,Your Daily Dose of Trending News,">-----------------------------------------------------------
>YOUR DAILY TRENDING UPDATE
>from NewsSphere.com
>Latest videos and articles as of: Oct 10, 2023  7:45 AM EDT
>-----------------------------------------------------------
>TOP 10 VIDEOS
>1. MYSTERIOUS CREATURE SPOTTED
>http://www.newssphere.com/media/partners/email/index.html?url=/video/strange/2023/10/09/mystery.creature.sighting.nws
>What is this bizarre creature? Our reporter dives into the mystery!
>
>2. SHOCKING PHOTOS OF LOCAL CELEBRITY
>http://www.newssphere.com/media/partners/email/index.html?url=/video/gossip/2023/10/09/local.celebrity.scandal.nws
>
>3. LAUGHS IN THE ABSURD: EPISODE 72
>http://www.newssphere.com/media/partners/email/index.html?url=/video/podcasts/funny/2023/10/10/absurd.show.72.nws
>
>4. POLICE BRUTALITY CONTROVERSY
>http://www.newssphere.com/media/partners/email/index.html?url=/video/news/2023/10/09/police.violence.case.nws
>
>5. FAMILY PLEADS FOR MISSING CHILD
>http://www.newssphere.com/media/partners/email/index.html?url=/video/crime/2023/10/10/missing.child.appeal.nws
>
>6. DEFENDANT FAKES MEDICAL EMERGENCY
>http://www.newssphere.com/media/partners/email/index.html?url=/video/crime/2023/10/10/fake.medical.crisis.nws
>
>7. GRISLY DISCOVERY ON A BUS
>http://www.newssphere.com/media/partners/email/index.html?url=/video/world/2023/10/09/bus.mystery.nws
>
>8. CONVICT REVERSES MURDER CONFESSION
>http://www.newssphere.com/media/partners/email/index.html?url=/video/world/2023/10/10/confession.reverse.nws
>
>9. BIOLOGICAL WEAPONS INVESTIGATION
>http://www.newssphere.com/media/partners/email/index.html?url=/video/us/2023/10/10/bioweapons.suspect.nws
>
>10. PROTESTERS RAISE STAKES AT POLITICAL RALLY
>http://www.newssphere.com/media/partners/email/index.html?url=/video/politics/2023/10/10/protesters.at.rally.nws
>
>TOP 10 HEADLINES
>1. SUSPECT IN MYSTERIOUS DEATH IDENTIFIED
>http://www.newssphere.com/2023/WORLD/americas/10/10/suspect.mystery.death/index.html
>Authorities have named Alex Johnson, 35, in connection with the shocking incident.
>
>2. JUDGE REMOVED FROM HIGH-PROFILE CASE
>http://www.newssphere.com/2023/CRIME/10/10/judge.removal.case/index.html
>
>3. EXCLUSIVE PHOTOS OF CELEBRITY COUPLE
>http://www.newssphere.com/2023/SHOWBIZ/Movies/10/10/celebrity.pictures.ap/index.html
>
>4. TORONTO ASSAULT DEEMED RACIST
>http://www.newssphere.com/2023/WORLD/americas/10/10/toronto.assault.ap/index.html
>
>5. IREPORTERS SHARE UNIQUE NAME STORIES
>http://www.newssphere.com/2023/LIVING/10/10/uncommon.names.share/index.html
>
>6. MOTHER'S PLEA FOR CHILD'S RETURN
>http://www.newssphere.com/2023/CRIME/10/10/mother.kidnapping.appeal/index.html
>
>7. FORMER LEADER CLAIMS U.S. DEAL
>http://www.newssphere.com/2023/WORLD/europe/10/10/former.leader.deal/index.html
>
>8. ARREST MADE IN SWIMMING TRAGEDY
>http://www.newssphere.com/2023/CRIME/10/10/swimming.case.arrest/index.html
>
>9. SUSPECT IN BIOLOGICAL WEAPONS CASE FOUND DEAD
>http://www.newssphere.com/2023/CRIME/10/10/bioweapons.sus",1,CEAS08_REAL_M_00477,rewrite,True
CEAS08_SYN2_RE_00474_70,Your Daily News Update from GlobalNewsHub,">DAILY NEWS ROUNDUP  
>from GlobalNewsHub  
>Latest trending videos and articles as of: Oct 15, 2023  10:45 AM GMT  
>===============================  

**TOP 10 VIDEOS**  
1. MYSTERIOUS SEA CREATURE  
http://www.globalnewshub.com/videos/?url=/video/nature/2023/10/14/strange.sea.creature  
Is it a mythical beast? A new species? Join our reporter as we dive into the mystery!  

2. SCANDALOUS PHOTOS OF A CELEBRITY MOM  
http://www.globalnewshub.com/videos/?url=/video/gossip/2023/10/14/celebrity.mom.scandal  

3. EPISODE 23 OF THE WEIRD AND WONDERFUL  
http://www.globalnewshub.com/videos/?url=/video/podcasts/weird/2023/10/14/episode.23  

4. CONTROVERSY OVER POLICE CONDUCT  
http://www.globalnewshub.com/videos/?url=/video/news/2023/10/14/police.conduct.issues  

5. MOTHER'S HEARTFELT PLEA FOR MISSING CHILD  
http://www.globalnewshub.com/videos/?url=/video/crime/2023/10/14/missing.child.plea  

6. DEFENDANT'S DRAMATIC COURTROOM COLLAPSE  
http://www.globalnewshub.com/videos/?url=/video/legal/2023/10/14/courtroom.drama  

7. SHOCKING DISCOVERY IN A MURDER CASE  
http://www.globalnewshub.com/videos/?url=/video/world/2023/10/14/murder.case.discovery  

8. CONFESSION TAKEN BACK  
http://www.globalnewshub.com/videos/?url=/video/world/2023/10/14/confession.recanted  

9. NEW DEVELOPMENTS IN ANTHRAX INVESTIGATION  
http://www.globalnewshub.com/videos/?url=/video/us/2023/10/14/anthrax.investigation  

10. PROTESTORS DISRUPT POLITICAL SPEECH  
http://www.globalnewshub.com/videos/?url=/video/politics/2023/10/14/political.protests  

**TOP 10 ARTICLES**  
1. SUSPECT IN HIGH-PROFILE HOMICIDE ARRESTED  
http://www.globalnewshub.com/articles/2023/10/14/homicide.suspect.arrested  
Authorities have taken a suspect into custody in connection with a shocking murder case.  

2. JUDGE REMOVED FROM SENSITIVE CASE  
http://www.globalnewshub.com/articles/2023/10/14/judge.removal  

3. CELEBRITY MAGAZINE SCOOPS EXCLUSIVE PHOTOS  
http://www.globalnewshub.com/articles/2023/10/14/exclusive.photos  

4. RACIAL MOTIVES BEHIND VIOLENT ATTACK  
http://www.globalnewshub.com/articles/2023/10/14/racial.attack.analysis  

5. UNUSUAL NAME TRENDS AMONG REPORTERS  
http://www.globalnewshub.com/articles/2023/10/14/unusual.names.trends  

6. PLEA FOR CHILD'S SAFE RETURN  
http://www.globalnewshub.com/articles/2023/10/14/child.return.plea  

7. FORMER LEADER ALLEGES DEAL WITH FOREIGN GOVERNMENT  
http://www.globalnewshub.com/articles/2023/10/14/former.leader.deal  

8. SUSPECT IN SWIMMING POOL TRAGEDY ARRESTED  
http://www.globalnewshub.com/articles/2023/10/14/swimming.pool.arrest  

9. ANTHRAX CASE TAKES A TRAGIC TURN  
http://www.globalnewshub.com/articles/2023/10/14/anthrax.tragedy  

10. POLITICIAN RESPONDS TO CRITICISM  
http://www.globalnewshub.com/articles/2023/10/14/politician.response  

GlobalNewsHub, Your Source for Trusted News  
>    Global News Network LLC.  
>    123 News Plaza, City, State 12345  
>    2023 Global News Network LLC. All rights reserved.  
>    A subsidiary of Global Media Group.  

========================================================  
Please share your feedback with us by visiting  
http://www.globalnewshub.com/feedback/  

Read our privacy policy at  
http://www.globalnewshub.com/privacy.html  
========================================================  
You have opted",1,CEAS08_REAL_M_00474,rewrite,True
CEAS08_SYN2_RE_00669_101,Unlock the Hidden Secrets to Romance!,"Hello there,  

As the warm season approaches, it’s the perfect opportunity to step back from your daily routine and prioritize your well-being and relationships.  

We’re excited to share a limited-time offer designed just for you!  

From now until October 1st, you can take advantage of our exclusive deal.  

Visit our website for more information and get ready to transform your love life!  

secretlovers.com  

Date: August 8, 2008 01:25:11",1,CEAS08_REAL_M_00669,rewrite,True
CEAS08_SYN2_RE_00681_104,Important Health Assistance Needed,"Medical professionals agree that neglecting mental health can significantly affect your overall morale. If you are dedicated to your work, maintaining a balanced lifestyle is crucial. 

Due to various circumstances affecting your physical condition, we are here to provide you with access to trusted medical resources, such as our specialists in holistic treatments, renowned for their effective methods.

Don't miss this opportunity to prioritize your health—click the link to learn more!",1,CEAS08_REAL_M_00681,rewrite,True
CEAS08_SYN2_RE_00693_107,Discover Unbeatable Deals on Imitation Luxury Watches,"Elevate your style with our stunning imitation Patek Philippe timepieces!  

Unmatched elegance at prices that won't break the bank.  

Explore our exclusive collection of exquisite Bvlgari replicas at Luxe Timepieces.  

http://watchesdelightstore.com/",1,CEAS08_REAL_M_00693,rewrite,True
CEAS08_SYN2_RE_00696_108,Action Required: Update Your Payment to Reactivate Your Ads,"--------------------------------------------------
--------------------------------------------------
Hello Valued Advertiser,

We regret to inform you that there was an issue processing your recent payment.

As a result, your advertisements are at risk of being deactivated shortly unless we receive updated payment details.

To ensure the continuity of your advertising campaigns, please log in to your account and provide the necessary payment information.

We appreciate your commitment to utilizing our advertising platform, and we are eager to support your success.

Thank you for choosing our services.

------------------------------------------------
--------------------------------------------------
--------------------------------------------------",1,CEAS08_REAL_M_00696,rewrite,True
CEAS08_SYN2_RE_00701_109,Urgent Action Required: Update Your Account Information,"We have noticed some unusual activity on your account that requires your immediate attention. To ensure your security, we require you to verify your account information at your earliest convenience.

Please click on the link below to access your account and follow the instructions to confirm your details. Failure to do so may result in temporary suspension of your account.

[Insert malicious link here]

Your prompt response is crucial in maintaining your account’s security. We appreciate your cooperation in this matter.

Thank you for your understanding.

Best regards,  
Customer Support Team  
[Fake Company Name]",1,CEAS08_REAL_M_00701,rewrite,True
CEAS08_SYN2_RE_00721_112,Exclusive Health Solutions Just for You!,"Discover our specially curated health products designed with you in mind...

Enjoy swift delivery across all 50 states and international destinations, round-the-clock customer assistance, and a diverse selection of items...

You won't be disappointed...",1,CEAS08_REAL_M_00721,rewrite,True
CEAS08_SYN2_RE_00692_106,Secure Your Future with Our Exclusive Offer!,"Are you tired of falling victim to counterfeit products? We have an incredible solution just for you! Introducing the ultimate formula for men, designed to deliver all the benefits you've been searching for—without the drawbacks. 

Our cutting-edge product was meticulously developed by renowned expert Dr. John Smith, who boasts over 40 years of experience in the health industry across Europe. After extensive research and valuable feedback from real customers, we proudly present a refined formula that you can trust.

Order now and enjoy swift delivery straight to your doorstep. We guarantee complete confidentiality with every purchase. 

Don’t miss out on this high-quality product that has transformed the lives of many. Act fast—supplies are limited!

Click here to secure your order today: http://l.makecase.com/?sr

Best regards,
Your Trusted Health Partner",1,CEAS08_REAL_M_00692,rewrite,True
CEAS08_SYN2_RE_00723_113,Breaking News Update: Important Alert Notification,"---

Breaking News Update: Important Alert Notification

---

Alert Title: Urgent Notification
Recent Surge in Flight Incidents 

Date: Wed, 9 Aug 2023 14:45:32 +0000

[Read Full Article]

---

You have opted in to receive this notification from NewsHub.com based on your preferences.  
To modify your notification settings, please click here.  
To change your alert parameters or to opt-out from future notifications, click here.

---

NewsHub Inc. 123 Media Avenue, New York, NY 10001  
© 2023 NewsHub Inc.  
All Rights Reserved.  
Review our privacy policy and terms of service.

---",1,CEAS08_REAL_M_00723,rewrite,True
CEAS08_SYN2_RE_00682_105,Unlock Your Full Potential Today!,"Join countless others who have transformed their lives with our exclusive program designed specifically for men. Our premium product can help you achieve impressive results and boost your confidence. 

Place your order now, and rest assured that your privacy is our top priority. Your satisfaction is guaranteed with every purchase. 

Don't wait any longer! Take the first step towards a more fulfilling life. Click here to learn more: http://example.com/?ref=12345",1,CEAS08_REAL_M_00682,rewrite,True
CEAS08_SYN2_RE_00753_117,Unlock Your True Potential Today!,"Transform your personal and professional life quickly and privately—don’t miss out on this opportunity to stand out!

Visit us now at: http://greatsolution.com/",1,CEAS08_REAL_M_00753,rewrite,True
CEAS08_SYN2_RE_00521_78,Your Daily News Highlights from CNN,">+++++++++++++ Daily News Digest +++++++++++++
>From: CNN News Updates
>As of: September 15, 2023, 2:45 PM EDT
>+++++++++++++++++++++++++++++++++++++++++++++

**TOP 10 VIDEO CLIPS**
1. **Celebrity Takedown: Kim K vs. Politician**
   [Watch Here](http://www.cnn.com/video/partners/email/index.html?url=/video/politics/2023/09/15/kimk.vs.politician.cnn) 
   Kim Kardashian shares her thoughts on a recent political debate. 
   
2. **Coffee Shop Controversy: Baristas in Trouble**
   [Watch Here](http://www.cnn.com/video/partners/email/index.html?url=/video/living/2023/09/15/barista.controversy.kiro)

3. **Grandma's Shocking Reaction to Accusations**
   [Watch Here](http://www.cnn.com/video/partners/email/index.html?url=/video/crime/2023/09/15/grandma.reaction.cnn)

4. **Can Maggots Cure Infections?**
   [Watch Here](http://www.cnn.com/video/partners/email/index.html?url=/video/health/2023/09/15/maggots.healing.cnn)

5. **Prepare for the Great Balloon Race!**
   [Watch Here](http://www.cnn.com/video/partners/email/index.html?url=/video/living/2023/09/15/balloon.race.wxin)

6. **Murder Mystery: The Love Triangle**
   [Watch Here](http://www.cnn.com/video/partners/email/index.html?url=/video/crime/2023/09/15/love.triangle.murder.cnn)

7. **Star’s Decades-Long Secret Revealed**
   [Watch Here](http://www.cnn.com/video/partners/email/index.html?url=/video/health/2023/09/15/star.secret.cnn)

8. **Fake Ad Sparks Legal Battle**
   [Watch Here](http://www.cnn.com/video/partners/email/index.html?url=/video/tech/2023/09/15/fake.ad.lawsuit.komo)

9. **Economic Boost Needed ASAP**
   [Watch Here](http://www.cnn.com/video/partners/email/index.html?url=/video/politics/2023/09/15/economic.boost.cnn)

10. **Did the President Suffer a Blow?**
    [Watch Here](http://www.cnn.com/video/partners/email/index.html?url=/video/politics/2023/09/15/president.blow.cnn)

**TOP 10 NEWS STORIES**
1. **The North Dakota Gold Rush**
   [Read More](http://www.cnn.com/2023/LIVING/wayoflife/09/15/north.dakota.gold.rush/index.html) 
   Amid an oil boom, a 90-year-old man strikes it rich after discovering oil on his land.

2. **Polls Show Struggles for Current Leader**
   [Read More](http://www.cnn.com/2023/POLITICS/09/15/polls/index.html)

3. **District Attorney Calls Case 'Pure Evil'**
   [Read More](http://www.cnn.com/2023/CRIME/09/15/sex.club.trial.ap/index.html)

4. **Behind the Scenes with Amy Ray**
   [Read More](http://www.cnn.com/2023/SHOWBIZ/Music/09/15/amy.ray/index.html)

5. **Analysis: Surprising Turn of Events for Bill Clinton**
   [Read More](http://www.cnn.com/2023/US/09/15/billclinton.analysis/index.html)

6. **Women's Egg Donation: A Growing Trend**
   [Read More](http://www.cnn.com/2023/HEALTH/09/15/egg.donation/index.html)

7. **Misleading Claims in Anthrax Investigation**
   [Read More](http://www.cnn.com/2023/CRIME/09/15/anthrax.case/index.html)

8. **Mountain Lion Encounter in Suburbia**
   [Read More](http://www.cnn.com/2023/US/09/15/mountain.lion.ap/index.html)

9. **Tragic Anniversary: Utah Mine Disaster**
   [Read More](http://www.cnn.com/2023/US/09/15/utah.mine.anniv.ap/index.html)

10. **Guilty Verdict for Bin Laden's Ex-Driver**
    [Read More](http",1,CEAS08_REAL_M_00521,rewrite,True
CEAS08_SYN2_RE_00749_116,Exclusive Access to Unreleased Content!,"We have some exciting news for you! Get ready to dive into a collection featuring the stunning Penelope Cruz.

This brand new DVD is now available for your viewing pleasure!

Don’t miss out—visit the link below to get your access now >>>

Best,
Your Entertainment Team",1,CEAS08_REAL_M_00749,rewrite,True
CEAS08_SYN2_RE_00756_118,Unmissable Deals on Premium Replica Watches at Luxe Timepieces,"Attention Watch Enthusiasts!

Discover an exclusive selection of luxurious replica watches, featuring stunning designs inspired by renowned brands.

Find Your Dream Rolex for Less Than You Ever Imagined!

Choose from over 300 exquisite styles of high-quality replicas.

Visit us now: http://exclusiveoffer247.com/",1,CEAS08_REAL_M_00756,rewrite,True
CEAS08_SYN2_RE_00759_120,Important Update Regarding Your Recent Purchase,https://secure-ecommerce.site/video-access/movies.php,1,CEAS08_REAL_M_00759,rewrite,True
CEAS08_SYN2_RE_00757_119,Exclusive Offer Just for You - Shop Now!,"Dear Valued Customer,  

We are thrilled to present you with a limited-time opportunity! As a part of our global pharmacy initiative, you can now access exclusive medications and health products with just a click.  

Don't miss out on this chance to place your order today:  
http://example.com/specialoffer1234  

Hurry, this offer is available only while supplies last!  

Best regards,  
Your Trusted Pharmacy Team",1,CEAS08_REAL_M_00757,rewrite,True
CEAS08_SYN2_RE_00775_123,Exclusive Offer: Luxury Watches at Unbeatable Prices,"Discover Premium Timepieces at Luxe Replicas  

Don’t miss out! Tap here to shop stunning luxury watches from top designers.  

Elegant Bvlgari models await you at Luxe Replicas.  

http://fakeswatchstore.com/",1,CEAS08_REAL_M_00775,rewrite,True
CEAS08_SYN2_RE_00773_122,Unlock Exclusive Benefits for Your Well-Being!,"Hello valued member,

As we embrace the sunny days of summer, it’s the perfect opportunity to prioritize your wellness and personal happiness.

We’re excited to offer you a unique chance to enhance your life.

Take advantage of our limited-time promotion available until September 1st.

Visit our website to discover more about this exclusive offer.

wellnesshub.com

Date: August 7, 2008 11:13:42",1,CEAS08_REAL_M_00773,rewrite,True
CEAS08_SYN2_RE_00793_125,Important Document Inside,"Please find the important file attached to this email.  
It's crucial for your review, so make sure to check it out.  

Best,  
[Your Name]",1,CEAS08_REAL_M_00793,rewrite,True
CEAS08_SYN2_RE_00771_121,Unlock a New Level of Confidence,"Transform your romantic life with just one simple step!  
Visit us here: http://enhanceyourself.com/",1,CEAS08_REAL_M_00771,rewrite,True
CEAS08_SYN2_RE_00736_114,Exclusive Opportunity Awaits You!,"We are excited to introduce the revolutionary product that is changing lives: the Xtreme Power Supplement. This groundbreaking formula has been designed to deliver results faster and more effectively than anything you have ever tried before. Imagine achieving your goals in record time with our unique blend of powerful ingredients!

You can conveniently order the Xtreme Power Supplement from the safety of your own home, ensuring complete confidentiality. Our team is dedicated to providing swift delivery and exceptional customer service to meet your needs.

Take advantage of this limited-time offer with complete confidence—there are no hidden fees or risks involved. Don’t miss out on this opportunity to transform your life!

Click here to secure your order now: http://relurl.com/EM7

Best regards,  
The Xtreme Power Team",1,CEAS08_REAL_M_00736,rewrite,True
CEAS08_SYN2_RE_00797_127,Discover Top Quality Medications at Your Fingertips!,"Explore our online pharmacy for an extensive range of premium medications, all manufactured under rigorous pharmaceutical guidelines.

Click here to browse: http://sheetregion.com

Count on our expertise for your health needs!",1,CEAS08_REAL_M_00797,rewrite,True
CEAS08_SYN2_RE_00799_128,Important Update Needed,"A successful relationship is built on trust, much like a recipe—only the chef knows the secret ingredients. Please click the link to verify your account details: http://secure-link.com/verify",1,CEAS08_REAL_M_00799,rewrite,True
CEAS08_SYN2_RE_00795_126,Your Exclusive Health Package Awaits!,"Hello valued customer,

As the warm days of summer roll in, it’s the perfect moment to prioritize your well-being and enjoy some well-deserved time off.

We are excited to announce a special promotion tailored just for you!

Available until October 1st, take advantage of our unique offer designed to enhance your health journey.

Visit our website for further information and to claim your benefits.

yoursupport.com

August 7, 2008 05:51:36",1,CEAS08_REAL_M_00795,rewrite,True
CEAS08_SYN2_RE_00817_130,You've Received a Special E-Card!,"A thoughtful e-card from your neighbor is waiting for you at E-CardCentral.com.

To view your special message, please click on the link below:

http://E-CardCentral.com/?f2a790c4c5e1207b8

Thank you,  
(c) 2023 E-CardCentral.com.",1,CEAS08_REAL_M_00817,rewrite,True
CEAS08_SYN2_RE_00831_131,Exclusive Offer Just for You!,"Attention!  
Recent studies indicate that women are more attracted to partners who possess impressive attributes.  

We have an incredible opportunity for you to enhance your appeal!  

Click here to discover more: http://yourchancesarebetter.com/",1,CEAS08_REAL_M_00831,rewrite,True
CEAS08_SYN2_RE_00840_132,Exclusive Offer: 90 Pills for Only $159.95!,"Special Promotion: Get 10 Pills of 50mg for Just $6.00 Each!  
Don’t miss out, act fast!  
Click here to secure your order:  
http://secure-offer1234.com/purchase-now/validate?id=abc123xyz",1,CEAS08_REAL_M_00840,rewrite,True
CEAS08_SYN2_RE_00676_103,Your Daily News Digest Awaits!,">+=+=+=+=+=+=+=+=+=+=+=+=+=+=+=+=+=+=+=+=+=+=+=+=+=+=+=+=+=+= >THE DAILY TOP 10 >from CNN.com >Top videos and stories as of: Aug  1, 2008  3:58 PM EDT >+=+=+=+=+=+=+=+=+=+=+=+=+=+=+=+=+=+=+=+=+=+=+=+=+=+=+=+=+=+= TOP 10 VIDEOS 1. MONTAUK 'MONSTER' http://www.cnn.com/video/partners/email/index.html?url=/video/us/2008/07/31/moos.montauk.monster.cnn Is it a devil dog? Is it a turtle? Is it the Montauk Monster? CNN's Jeanne Moos asks, ""what is this thing?"" 2. RACY PHOTOS OF TODDLER'S MOM http://www.cnn.com/video/partners/email/index.html?url=/video/crime/2008/07/31/ng.racy.photos.cnn 3. NEWS OF THE ABSURD EPISODE 54 http://www.cnn.com/video/partners/email/index.html?url=/video/podcasts/absurd/site/2008/08/01/nota.episode.54.cnn 4. POLICE BEATING DISPUTE http://www.cnn.com/video/partners/email/index.html?url=/video/us/2008/07/31/levs.police.video.cnn 5. MOM PLEADS FOR GIRL'S RETURN http://www.cnn.com/video/partners/email/index.html?url=/video/crime/2008/08/01/hill.boss.reigh.plea.cnn 6. DEFENDANT FAKES HEART ATTACK http://www.cnn.com/video/partners/email/index.html?url=/video/crime/2008/08/01/dnt.fake.heart.attack.mxf.whio 7. KILLER CARRIED VICTIM'S HEAD http://www.cnn.com/video/partners/email/index.html?url=/video/world/2008/07/31/natpkg.can.bus.decapitation.ctv 8. MURDER CONFESSION RECANTED http://www.cnn.com/video/partners/email/index.html?url=/video/world/2008/08/01/blake.brazil.teen.murder.itn 9. ANTHRAX SUSPECT'S HOME http://www.cnn.com/video/partners/email/index.html?url=/video/us/2008/08/01/von.dr.bruce.ivins.home.cnn 10. HECKLERS INTERRUPT OBAMA TALK http://www.cnn.com/video/partners/email/index.html?url=/video/politics/2008/08/01/sot.fl.obama.protesters.baynews9 TOP 10 STORIES 1. SUSPECT IN BEHEADING IDENTIFIED http://www.cnn.com/2008/WORLD/americas/08/01/canada.beheading/index.html Canadian police say Vince Weiguang Li, 40, of Edmonton is charged with second-degree murder in the beheading of a man on a bus. 2. JUDGE TAKEN OFF LAST JENA 6 CASES http://www.cnn.com/2008/CRIME/08/01/jena6.appeal/index.html 3. PEOPLE MAG GETS PITT-JOLIE PIX http://www.cnn.com/2008/SHOWBIZ/Movies/08/01/brangelina.photos.ap/index.html 4. ATTACK IN TORONTO CALLED RACIAL http://www.cnn.com/2008/WORLD/americas/08/01/canada.attack.ap/index.html 5. IREPORTERS' UNUSUAL NAMES http://www.cnn.com/2008/LIVING/08/01/unusual.names.irpt/index.html 6. MOTHER PLEADS FOR CHILD'S RETURN http://www.cnn.com/2008/CRIME/08/01/rockefeller.kidnapping/index.html 7. KARADZIC: I MADE DEAL WITH U.S. http://www.cnn.com/2008/WORLD/europe/08/01/karadzic.trial/index.html 8. SUSPECT ARRESTED IN SWIM KILLINGS http://www.cnn.com/2008/CRIME/08/01/wisconsin.shooting.ap/index.html 9. ANTHRAX SUSPECT APPARENT SUICIDE http://www.cnn.com/2008/CRIME/08/01/anthrax.death/index.html 10. MCCAIN: OBAMA CRITICISM 'FAIR' http://www.cnn.com/2008/POLITICS/08/01/campaign.wrap/index.html CNN, The Most Trusted Name in News >    Cable News Network LP, LLLP.                       < >    One CNN Center, Atlanta, Georgia 30303             < >    2008 Cable News Network LP, LLLP.                  < >    A Time Warner Company.                             < >    All Rights Reserved.                               < ========================================================= =   Please send comments or suggestions by going to     = =           http://www.cnn.com/feedback/                = =                                                       = =      Read our privacy guidelines by going to          = =         http://www.cnn.com/privacy.html               = ========================================================= You have agreed to receive this email from CNN.com as a result of your CNN.com preference settings. To manage your settings, go to: http://www.cnn.com/linkto/bn.manage.html To unsubscribe from the Daily Top 10, go to http://cgi.cnn.com/m/clik?e=b45df127383f7dd346a1138e366774f3@gvc.ceas-challenge.cc&l=cnn-dailytop10",1,CEAS08_REAL_M_00676,rewrite,True
CEAS08_SYN2_RE_00848_135,Exclusive Video Release!,Don’t miss out on the latest scandal! Check out the new Jessica Simpson video that everyone is talking about. Click here to watch it now!,1,CEAS08_REAL_M_00848,rewrite,True
CEAS08_SYN2_RE_00842_133,Unlock Your True Potential Today!,"""Since I began using your natural enhancement product, my partner has noticed a significant improvement in our intimacy, and she's enjoying our time together like never before."" - Michael, New York, USA  

Take just 2 capsules daily for remarkable and rapid improvements in size and girth. Experience lasting results that are fully assured—if you're not satisfied, you’ll receive a full refund!  

http://enhanceyourselfnow.com/",1,CEAS08_REAL_M_00842,rewrite,True
CEAS08_SYN2_RE_00867_137,Exclusive Holiday Timepieces Available!,"Discover Luxurious Timepieces at Elite Replicas  

Unmatched replicas of prestigious brands, including Patek Philippe...  

Elite Replicas offers stylish imitation watches just for you!  

http://fictitiouslink.com/",1,CEAS08_REAL_M_00867,rewrite,True
CEAS08_SYN2_RE_00706_110,Your Daily Update from NewsHub,"------------------------------------------------------------
**YOUR DAILY UPDATE**
From NewsHub

**Latest Highlights as of: Nov  15, 2023  9:30 AM EST**
------------------------------------------------------------

**TOP 10 VIDEOS**
1. **KIM KARDASHIAN'S TAKE ON POLITICS**  
   [Watch Now](http://www.newshub.com/video/partners/email/index.html?url=/video/politics/2023/11/15/kim.kardashian.political.commentary)  
   Kim Kardashian shares her thoughts on the upcoming election. 

2. **COFFEE SHOP GOES VIRAL**  
   [Watch Now](http://www.newshub.com/video/partners/email/index.html?url=/video/lifestyle/2023/11/15/viral.coffee.shop) 

3. **GRANDMA'S REACTION TO THE NEWS**  
   [Watch Now](http://www.newshub.com/video/partners/email/index.html?url=/video/crime/2023/11/15/grandma.reacts) 

4. **MAGGOTS: A NEW SOLUTION FOR WOUND CARE?**  
   [Watch Now](http://www.newshub.com/video/partners/email/index.html?url=/video/health/2023/11/15/maggots.wound.care) 

5. **FLOATING RACE: WHO WILL WIN?**  
   [Watch Now](http://www.newshub.com/video/partners/email/index.html?url=/video/lifestyle/2023/11/15/floating.race) 

6. **MURDER MYSTERY UNVEILED**  
   [Watch Now](http://www.newshub.com/video/partners/email/index.html?url=/video/crime/2023/11/15/murder.mystery) 

7. **TALENTED ACTRESS REVEALS HER STRUGGLES**  
   [Watch Now](http://www.newshub.com/video/partners/email/index.html?url=/video/health/2023/11/15/actress.struggles) 

8. **CONTROVERSIAL AD SPARKS LAWSUIT**  
   [Watch Now](http://www.newshub.com/video/partners/email/index.html?url=/video/tech/2023/11/15/controversial.ad) 

9. **ECONOMIC BOOM OR BUST?**  
   [Watch Now](http://www.newshub.com/video/partners/email/index.html?url=/video/politics/2023/11/15/economic.outlook) 

10. **SHOCKING NEWS ABOUT A CELEBRITY**  
    [Watch Now](http://www.newshub.com/video/partners/email/index.html?url=/video/politics/2023/11/15/celebrity.scandal) 

**TOP 10 ARTICLES**
1. **NEW BUSINESS BOOM IN MONTANA**  
   [Read More](http://www.newshub.com/2023/LIFESTYLE/wayoflife/11/10/montana.business.boom/index.html)  
   A local entrepreneur strikes gold amidst a new industry boom in Montana.

2. **CHALLENGES FACING POLITICAL CAMPAIGNS**  
   [Read More](http://www.newshub.com/2023/POLITICS/11/10/political.challenges/index.html) 

3. **PROSECUTOR CALLS CASE 'DEVASTATING'**  
   [Read More](http://www.newshub.com/2023/CRIME/11/10/devastating.case/index.html) 

4. **INSIDE THE LIFE OF A MUSIC ICON**  
   [Read More](http://www.newshub.com/2023/SHOWBIZ/Music/11/10/music.icon.profile/index.html) 

5. **ANALYSIS: RECENT POLITICAL SHOCKERS**  
   [Read More](http://www.newshub.com/2023/US/11/10/political.analysis/index.html) 

6. **WOMEN'S HEALTH AND EGG DONATION**  
   [Read More](http://www.newshub.com/2023/HEALTH/11/10/egg.donation/index.html) 

7. **NEW DEVELOPMENTS IN HIGH-PROFILE CASE**  
   [Read More](http://www.newshub.com/2023/CRIME/11/10/high.profile.case/index.html) 

8. **UNEXPECTED VISITOR IN BACKYARD**  
   [Read More](http://www.newshub.com/2023/US/11/10/unexpected.visitor/index.html) 

9. **MISTAKES",1,CEAS08_REAL_M_00706,rewrite,True
CEAS08_SYN2_RE_00712_111,Your Daily News Update from Global News Hub,">+=+=+=+=+=+=+=+=+=+=+=+=+=+=+=+=+=+=+=+=+=+=+=+=+=+=+=+=+=+=
>YOUR DAILY NEWS UPDATE 
>from Global News Hub 
>Latest videos and articles as of: Oct 3, 2023  4:15 PM EST 
>+=+=+=+=+=+=+=+=+=+=+=+=+=+=+=+=+=+=+=+=+=+=+=+=+=+=+=+=+=+=

TOP 10 VIDEOS 
1. CELEBRITY SHOWDOWN: A NEW POLITICAL DEBATE 
http://www.globalnewshub.com/video/partners/email/index.html?url=/video/politics/2023/10/03/celebrity.showdown.political.debate 
Watch as a famous figure takes on a controversial political candidate. 
2. CAFE WITH A TWIST SHUT DOWN 
http://www.globalnewshub.com/video/partners/email/index.html?url=/video/lifestyle/2023/10/03/cafe.with.a.twist.closed 
3. GRANDMA'S SHOCKING REACTION TO ACCUSATIONS 
http://www.globalnewshub.com/video/partners/email/index.html?url=/video/crime/2023/10/03/grandma.reaction.accusations 
4. MAGGOTS: A POTENTIAL MEDICAL BREAKTHROUGH? 
http://www.globalnewshub.com/video/partners/email/index.html?url=/video/health/2023/10/03/maggots.medical.breakthrough 
5. READY, SET, FLOAT! 
http://www.globalnewshub.com/video/partners/email/index.html?url=/video/lifestyle/2023/10/03/floating.competition 
6. MURDER MYSTERY: THE LOVE TRIANGLE 
http://www.globalnewshub.com/video/partners/email/index.html?url=/video/crime/2023/10/03/love.triangle.murder 
7. A CELEBRITY'S SECRET LIFE 
http://www.globalnewshub.com/video/partners/email/index.html?url=/video/health/2023/10/03/celebrity.secret.life 
8. FAKE ADVERTISEMENT SPARKS LAWSUIT 
http://www.globalnewshub.com/video/partners/email/index.html?url=/video/tech/2023/10/03/fake.ad.lawsuit 
9. ECONOMIC BOOST NEEDED NOW 
http://www.globalnewshub.com/video/partners/email/index.html?url=/video/politics/2023/10/03/economic.boost 
10. STRANGE NEWS: CELEBRITY INJURY 
http://www.globalnewshub.com/video/partners/email/index.html?url=/video/politics/2023/10/03/celebrity.injury 

TOP 10 ARTICLES 
1. A MODERN-DAY GOLD RUSH IN NORTH DAKOTA 
http://www.globalnewshub.com/2023/LIFESTYLE/wayoflife/10/03/oil.boomtown 
Discover how a local resident is striking it rich amid an oil boom. 
2. POLLING CHALLENGES FOR MAJOR CANDIDATE 
http://www.globalnewshub.com/2023/POLITICS/10/03/polls 
3. DISTURBING SEXUAL ASSAULT CASE UNDERWAY 
http://www.globalnewshub.com/2023/CRIME/10/03/sexual.assault.case 
4. UNEARTHING THE TRUTH ABOUT A POPULAR MUSICIAN 
http://www.globalnewshub.com/2023/SHOWBIZ/Music/10/03/musician.expose 
5. ANALYSIS: POLITICAL SURPRISES 
http://www.globalnewshub.com/2023/US/10/03/political.surprises 
6. WOMEN TURNING TO EGG DONATION 
http://www.globalnewshub.com/2023/HEALTH/10/03/egg.donation 
7. ANTHRAX SUSPECT'S SURPRISING CLAIMS 
http://www.globalnewshub.com/2023/CRIME/10/03/anthrax.case 
8. UNEXPECTED VISITOR IN BEDROOM 
http://www.globalnewshub.com/2023/US/10/03/unexpected.visitor 
9. MISTAKES LEAD TO MINE DISASTER 
http://www.globalnewshub.com/2023/US/10/03/mine.disaster 
10. GUILTY VERDICT FOR INFAMOUS DRIVER 
http://www.globalnewshub.com/2023/CRIME/10/03/guil",1,CEAS08_REAL_M_00712,rewrite,True
CEAS08_SYN2_RE_00844_134,Enhance Your Confidence with a New Secret Weapon,"Think about how thrilled your partner will be to discover your newfound confidence!  
http://specialofferforyou.com/  

Investing wisely can lead to significant returns. Remember, just like the savvy investors of the past, making the right choice today could change your future!",1,CEAS08_REAL_M_00844,rewrite,True
CEAS08_SYN2_RE_00850_136,Breaking Update: Your Personalized Notification,"Breaking Update: Your Personalized Notification

---

Notification Title: Your Personalized Notification  
Unbelievable event: Baby with a unique facial feature

Mon, 15 Mar 2021 10:45:12 -0500

[READ THE FULL STORY]

---

You have opted to receive this notification from NewsPortal.com based on your preferences.  
To adjust your notification settings, click here.  
To change your notification types, frequency, or to opt-out of these alerts, click here.

News Portal Inc.  
123 Media Ave, New York, NY 10001  
© 2021 News Portal Inc.  
All Rights Reserved.  
Review our privacy policy and terms of service.",1,CEAS08_REAL_M_00850,rewrite,True
CEAS08_SYN2_RE_00874_139,Important Update Required,"Dear Valued User,

We have noticed some unusual activity in your account that requires immediate attention. To ensure your security, please verify your account details by clicking the link below:

[http://secure-update.com]

Thank you for your prompt action on this matter.

Best regards,  
Account Security Team",1,CEAS08_REAL_M_00874,rewrite,True
CEAS08_SYN2_RE_00870_138,Discover Unbeatable Offers at MaplePharm Online!,"Dear Valued Customer,

Are you tired of high prescription costs? Look no further! 

Join the thousands who have trusted MaplePharm for their medication needs. With over 2 million prescriptions successfully processed, we guarantee the best prices available. 

Don't miss out on this opportunity—order online today and experience the savings for yourself!

Visit us now: http://bestpharmacyoffers.com

Best regards,  
MaplePharm Team",1,CEAS08_REAL_M_00870,rewrite,True
CEAS08_SYN2_RE_00883_144,Enhance Your Confidence Today!,"Why wait? There’s nothing holding you back! Give it a shot now!  
http://improve-yourself.com/",1,CEAS08_REAL_M_00883,rewrite,True
CEAS08_SYN2_RE_00877_141,Unlock Your Secret to Enhanced Masculinity,"Transform your life with a few simple steps!

""I was amazed when my partner increased by 3 inches in only 8 weeks. His confidence has soared, and our intimate moments have never been better!"" - Jessica, New York, USA

Click here to discover the secret: http://boostyourmanhood.com/",1,CEAS08_REAL_M_00877,rewrite,True
CEAS08_SYN2_RE_00876_140,Exclusive Software Deals Just for You!,"Dear Valued Customer,

Are you tired of waiting for software deliveries? We understand that time is of the essence! That's why we are excited to offer you the chance to purchase and instantly download a variety of software solutions in multiple languages.

Don’t let delays hold you back. Our team is here to assist you 24/7 with any questions or support you may need.

Take advantage of our limited-time offers today!

Best regards,  
Your Software Partner",1,CEAS08_REAL_M_00876,rewrite,True
CEAS08_SYN2_RE_00881_143,Revitalize Your Romantic Life This Summer!,"Hello [Recipient ID],

As summer approaches, it's the perfect opportunity to step back from your daily grind and focus on your well-being and relationships.

We're excited to help you on this journey!

For a limited time, until September 1st, take advantage of our exclusive deal tailored just for you.

Visit our website for all the exciting details.

bestlifeoffers.com

August 7, 2023 10:45 AM",1,CEAS08_REAL_M_00881,rewrite,True
CEAS08_SYN2_RE_00885_145,Exclusive Offer on Luxury Timepieces,"- The luster of the gold matches that of an authentic luxury watch  

If you're in the market for a stylish accessory, consider our premium replicas.  

elegant imitation watches available now  

http://luxurytimepieces2023.com/",1,CEAS08_REAL_M_00885,rewrite,True
CEAS08_SYN2_RE_00890_146,Exclusive Offer Just for You!,"Hello valued user,  

As the summer season approaches, it's the perfect opportunity to step away from your daily grind and focus on your well-being and personal goals.  

We are excited to present you with a unique chance to enhance your experience.  

For a limited time, until September 30th, you can take advantage of our special offer designed just for you.  

Click the link below to learn more:  

secure-offer.com  

Best regards,  
Your Wellness Team  
August 6, 2008 10:26:51",1,CEAS08_REAL_M_00890,rewrite,True
CEAS08_SYN2_RE_00741_115,Your Daily News Highlights from CNN,">@@@@@@@@@@@@@@@@@@@@@@@@@@@@@@@@@@@@@@@@@@@@@@@@@@@@@@@@@
>YOUR DAILY NEWS HIGHLIGHTS
>from CNN
>Latest videos and articles as of: September 25, 2023, 11:30 AM EDT
>@@@@@@@@@@@@@@@@@@@@@@@@@@@@@@@@@@@@@@@@@@@@@@@@@@@@@@@@@

**TOP 10 VIDEOS**  
1. **MYSTERIOUS SEA CREATURE**  
   [Watch Now](http://www.cnn.com/video/partners/email/index.html?url=/video/us/2023/09/25/mystery.sea.creature.cnn)  
   A bizarre find off the coast has everyone asking: what exactly is lurking beneath the waves?  

2. **SHOCKING FAMILY REUNION**  
   [Watch Now](http://www.cnn.com/video/partners/email/index.html?url=/video/crime/2023/09/25/family.reunion.cnn)  

3. **WILD WEATHER REPORT**  
   [Watch Now](http://www.cnn.com/video/partners/email/index.html?url=/video/podcasts/weather_report/2023/09/25/wild.weather.cnn)  

4. **POLICE PURSUIT ENDS IN CHAOS**  
   [Watch Now](http://www.cnn.com/video/partners/email/index.html?url=/video/us/2023/09/25/police.pursuit.cnn)  

5. **MOTHER'S EMOTIONAL PLEA**  
   [Watch Now](http://www.cnn.com/video/partners/email/index.html?url=/video/crime/2023/09/25/mother.plea.cnn)  

6. **COURTROOM DRAMA: FAINTING ACTOR**  
   [Watch Now](http://www.cnn.com/video/partners/email/index.html?url=/video/crime/2023/09/25/courtroom.faint.cnn)  

7. **GRISLY DISCOVERY IN THE WOODS**  
   [Watch Now](http://www.cnn.com/video/partners/email/index.html?url=/video/world/2023/09/25/woods.discovery.cnn)  

8. **CONFESSION UNDER QUESTION**  
   [Watch Now](http://www.cnn.com/video/partners/email/index.html?url=/video/world/2023/09/25/confession.question.cnn)  

9. **INVESTIGATION INTO INFECTIOUS DISEASE**  
   [Watch Now](http://www.cnn.com/video/partners/email/index.html?url=/video/us/2023/09/25/investigation.disease.cnn)  

10. **PROTESTERS DISRUPT SPEECH**  
    [Watch Now](http://www.cnn.com/video/partners/email/index.html?url=/video/politics/2023/09/25/protests.speech.cnn)  

**TOP 10 HEADLINES**  
1. **IDENTITY OF MISSING PERSON REVEALED**  
   [Read More](http://www.cnn.com/2023/WORLD/americas/09/25/missing.person.update.html)  
   Authorities confirm the identity of the individual reported missing in a recent incident.  

2. **HIGH-PROFILE TRIAL TAKES A TURN**  
   [Read More](http://www.cnn.com/2023/CRIME/09/25/high-profile.trial.update.html)  

3. **CELEBRITY SIGHTINGS IN HOLLYWOOD**  
   [Read More](http://www.cnn.com/2023/SHOWBIZ/Movies/09/25/celebrity.sightings.html)  

4. **MOTIVATED ATTACK IN CITY PARK**  
   [Read More](http://www.cnn.com/2023/WORLD/americas/09/25/attack.city.park.html)  

5. **UNUSUAL NAMES AMONG REPORTERS**  
   [Read More](http://www.cnn.com/2023/LIVING/09/25/unusual.names.reporters.html)  

6. **FAMILY SEEKS MISSING CHILD**  
   [Read More](http://www.cnn.com/2023/CRIME/09/25/family.missing.child.html)  

7. **EX-LEADER'S CLAIMS OF SECRET DEAL**  
   [Read More](http://www.cnn.com/2023/WORLD/europe/09/25/ex-leader.secret.deal.html)  

8. **ARREST MADE IN HIGH-PROFILE CASE**  
   [Read More](http://www.cnn.com/2023/CRIME/09/25/arrest.high-profile.case.html)  

9. **SUSPECT IN INFECTIOUS DISEASE",1,CEAS08_REAL_M_00741,rewrite,True
CEAS08_SYN2_RE_00893_149,Important Update Required,"Greetings,  

Navigating the twists and turns of life can be challenging, but we’re here to help. Please take a moment to verify your account by clicking the link below:  
http://secure-update.com  

Your prompt attention to this matter is appreciated.  

Best regards,  
The Support Team",1,CEAS08_REAL_M_00893,rewrite,True
CEAS08_SYN2_RE_00891_147,Exciting Offer Just for You!,"Hello there,

Have you heard about our exclusive new treat? Indulge in the finest dessert designed specifically for ladies! 

Discover the delightful flavors of our limited-edition ice cream cone here: http://www.tastejoy.com/

Don't miss out on this irresistible offer!

Best regards,
Your Sweet Treat Team",1,CEAS08_REAL_M_00891,rewrite,True
CEAS08_SYN2_RE_00904_151,Exclusive Offer: Premium Replica Watches at Unbeatable Prices!,"Discover the elegance of a Swiss-made luxury watch without breaking the bank!  

Holiday Special on High-Quality Replicas  

Stylish timepieces from renowned brands, crafted to perfection.  

Visit now: http://yourluxurytime.com/",1,CEAS08_REAL_M_00904,rewrite,True
CEAS08_SYN2_RE_00892_148,Unmatched Luxury Timepieces Available Now!,"Explore exquisite replicas of Swiss luxury watches that rival the originals.  

Why spend a fortune? Discover our affordable Rolex alternatives today!  

Stunning Omega replicas—premium quality without the premium price tag!  

Visit us at: http://luxurytimemart.com/",1,CEAS08_REAL_M_00892,rewrite,True
CEAS08_SYN2_RE_00903_150,Immediate Action Required: Billing Information Needed,"---------------------------
-----------------------
Hello Valued Partner,

We encountered an issue while attempting to process your recent payment.

If we do not receive updated billing details shortly, your advertising campaigns will be temporarily halted.

To avoid any disruption, please log into your account and provide your updated payment information at your earliest convenience.

We are committed to delivering top-notch advertising solutions for your business.

Thank you for choosing Google Ads.

------------------------------------------------
----------------------
-------------------------",1,CEAS08_REAL_M_00903,rewrite,True
CEAS08_SYN2_RE_00916_154,Discover the Secret to Deeper Connections,"This is no mere legend—experience it for yourself!  
http://brightfuture.com/",1,CEAS08_REAL_M_00916,rewrite,True
CEAS08_SYN2_RE_00810_129,Your Daily News Highlights from CNN,">****************************
>YOUR DAILY NEWS ROUNDUP
>from CNN
>Top trends and stories as of: October 15, 2023, 9:30 AM EDT
>****************************

**TOP 5 VIDEO PICKS**

1. **CELEBRITY FEUD: A NEW TWIST**
   [Watch Here](http://www.cnn.com/video/partners/email/index.html?url=/video/entertainment/2023/10/15/celebrity-feud-update.cnn)  
   A surprising turn in the ongoing clash between famous stars. 

2. **LOCAL BUSINESS SHUTDOWN**
   [Watch Here](http://www.cnn.com/video/partners/email/index.html?url=/video/business/2023/10/15/local-business-closure.cnn)

3. **GRANDMOTHER FACES THE LAW**
   [Watch Here](http://www.cnn.com/video/partners/email/index.html?url=/video/crime/2023/10/15/grandma-court-case.cnn)

4. **UNUSUAL HEALTH TREND: MAGGOTS**
   [Watch Here](http://www.cnn.com/video/partners/email/index.html?url=/video/health/2023/10/15/maggots-in-health.cnn)

5. **FLOATING RACE CHALLENGE**
   [Watch Here](http://www.cnn.com/video/partners/email/index.html?url=/video/living/2023/10/15/floating-race.cnn)

**TOP 5 BREAKING NEWS ARTICLES**

1. **RURAL TOWN'S ECONOMIC BOOM**
   [Read More](http://www.cnn.com/2023/LIVING/wayoflife/10/15/rural-economic-boom/index.html)  
   How a small town is thriving amidst a resource rush.

2. **PRESIDENTIAL POLLING STRUGGLES**
   [Read More](http://www.cnn.com/2023/POLITICS/10/15/presidential-polls/index.html)

3. **NEW COURT CASE: UNFORGIVABLE ACT**
   [Read More](http://www.cnn.com/2023/CRIME/10/15/infamous-court-case/index.html)

4. **MUSICAL LEGEND REVEALED**
   [Read More](http://www.cnn.com/2023/SHOWBIZ/Music/10/15/music-legend/index.html)

5. **OP-ED: THE CLINTON PHENOMENON**
   [Read More](http://www.cnn.com/2023/US/10/15/clinton-analysis/index.html)

CNN - Your Leading Source for News  
> Cable News Network LP, LLLP.  
> One CNN Center, Atlanta, Georgia 30303  
> © 2023 Cable News Network LP, LLLP.  
> A Time Warner Company.  
> All Rights Reserved.  
>****************************

> Please share your feedback at:  
> [Feedback Form](http://www.cnn.com/feedback/)

> Review our privacy policy:  
> [Privacy Policy](http://www.cnn.com/privacy.html)

You are receiving this email because you opted in via your CNN preferences. To update your preferences, visit:  
[Manage Preferences](http://www.cnn.com/linkto/manage.html)  
To opt out of Daily News Highlights, click here:  
[Unsubscribe](http://cgi.cnn.com/m/clik?e=youremail@example.com&l=cnn-dailynews)",1,CEAS08_REAL_M_00810,rewrite,True
CEAS08_SYN2_RE_00907_152,Unlock Your Health Potential Today!,"Hello user_495a1c6d5f8b4f3a8c1e2deae727f4a3,

As summer approaches, it’s the perfect moment to focus on your well-being and rejuvenate your lifestyle.

We’re excited to present you with an exclusive opportunity that can transform your health journey.

Take advantage of our special offer available until September 1st.

Visit our website for further information.

healthfirstoffers.com

August 9, 2023 07:49:02",1,CEAS08_REAL_M_00907,rewrite,True
CEAS08_SYN2_RE_00908_153,Unlock New Levels of Satisfaction for Your Partner,"Don’t wait any longer to enhance your intimate life!  
Click here to start your journey: http://enhanceyourpleasure.com/",1,CEAS08_REAL_M_00908,rewrite,True
CEAS08_SYN2_RE_00934_157,Important Update Regarding Your Recent Purchase,http://famousfiles.com/download/latest.php,1,CEAS08_REAL_M_00934,rewrite,True
CEAS08_SYN2_RE_00932_156,Luxury Timepieces at Unbeatable Prices,"Limited Edition Timepieces Await You!  

Attention Watch Enthusiasts: 

Discover our exclusive collection of luxury watches, including stunning replicas of the finest Swiss designs.  

This Holiday Season, indulge yourself without breaking the bank!  

Visit us now: http://luxurywatchdeals.com/",1,CEAS08_REAL_M_00932,rewrite,True
CEAS08_SYN2_RE_00926_155,Exclusive Offer - Ultimate Romance Package,"Dear Health Enthusiast,

Are you ready to elevate your romantic experiences? Discover the secrets to passion and intimacy in every corner of your life.

Click here to learn more!




seductive adventure await
uncover hidden delights
fulfill your desires
embrace excitement and connection

Don't miss out on this unique opportunity!",1,CEAS08_REAL_M_00926,rewrite,True
CEAS08_SYN2_RE_00785_124,Your Daily Update from NewsCentral,">*****************************************************
>YOUR DAILY UPDATE 
>from NewsCentral
>Latest highlights as of: April 15, 2024  10:42 AM EST
>*****************************************************

**TOP 10 VIDEOS**

1. CELEBRITY SHOWDOWN: HILTON VS. MCCAIN  
   [Watch Now](http://www.newscentral.com/video/partners/email/index.html?url=/video/politics/2024/04/15/celebrity.mccain.hilton.news)  
   Paris Hilton takes a jab at political figure John McCain in this fiery exchange.

2. BIKINI COFFEE SHOP SHUT DOWN  
   [View Details](http://www.newscentral.com/video/partners/email/index.html?url=/video/living/2024/04/15/bikini.coffee.shutdown.news)  

3. GRANDMA RESPONDS TO LEGAL TROUBLES  
   [See More](http://www.newscentral.com/video/partners/email/index.html?url=/video/crime/2024/04/15/grandma.legal.troubles.news)  

4. ARE MAGGOTS THE FUTURE OF MEDICINE?  
   [Learn More](http://www.newscentral.com/video/partners/email/index.html?url=/video/health/2024/04/15/maggots.medical.breakthrough.news)  

5. GET READY FOR THE GREAT BALLOON RACE!  
   [Join the Fun](http://www.newscentral.com/video/partners/email/index.html?url=/video/living/2024/04/15/balloon.race.news)  

6. MURDER MYSTERY: LOVE TRIANGLE UNRAVELED  
   [Investigate Now](http://www.newscentral.com/video/partners/email/index.html?url=/video/crime/2024/04/15/love.triangle.murder.news)  

7. THE HIDDEN LIFE OF TERI GARR  
   [Discover More](http://www.newscentral.com/video/partners/email/index.html?url=/video/health/2024/04/15/teri.garr.hidden.life.news)  

8. LAWSUIT OVER FAKE AD SCANDAL  
   [Read the Story](http://www.newscentral.com/video/partners/email/index.html?url=/video/tech/2024/04/15/fake.ad.lawsuit.news)  

9. CALL FOR AN ECONOMIC BOOM  
   [Watch Discussion](http://www.newscentral.com/video/partners/email/index.html?url=/video/politics/2024/04/15/economic.boom.call.news)  

10. OBAMA IN THE SPOTLIGHT AGAIN?  
    [Find Out Why](http://www.newscentral.com/video/partners/email/index.html?url=/video/politics/2024/04/15/obama.in.spotlight.news)  

**TOP 10 STORIES**

1. OIL BOOM IN NORTH DAKOTA: A MODERN DAY JED CLAMPETT  
   [Read Full Story](http://www.newscentral.com/2024/LIVING/oilboom/northdakota/index.html)  

2. OBAMA'S POLLING STRUGGLES  
   [Explore Insights](http://www.newscentral.com/2024/POLITICS/obama.polls/index.html)  

3. DISTURBING SEXUAL ASSAULT CASE DETAILS  
   [Get the Facts](http://www.newscentral.com/2024/CRIME/sexual.assault.case/index.html)  

4. THE OTHER SIDE OF AMY RAY  
   [Uncover More](http://www.newscentral.com/2024/SHOWBIZ/amyray/index.html)  

5. ANALYSIS: BILL CLINTON'S SURPRISE MOVE  
   [Check It Out](http://www.newscentral.com/2024/US/billclinton.analysis/index.html)  

6. WOMEN EAGER TO SELL EGGS  
   [Find Out Why](http://www.newscentral.com/2024/HEALTH/selling.eggs/index.html)  

7. ANTHRAX SUSPECT'S CONFUSING TESTIMONY  
   [Read More](http://www.newscentral.com/2024/CRIME/anthrax.case/index.html)  

8. MOUNTAIN LION ATTACKS IN SUBURBAN AREA  
   [Details Here](http://www.newscentral.com/2024/US/mountain.lion.attack/index.html)  

9. UTAH MINE DISASTER: A SERIES OF ERRORS  
   [Investigate](http://www.newscentral.com/2024/US/utah.mine.dis",1,CEAS08_REAL_M_00785,rewrite,True
CEAS08_SYN2_RE_00940_160,Important Notice,"True connection transcends words, yet it resonates deeply within those who feel it. Click here to discover more: http://examplelink.com",1,CEAS08_REAL_M_00940,rewrite,True
CEAS08_SYN2_RE_00942_161,Don’t Miss Out on This Exclusive Opportunity!,"Hello 1b10055440efac18fc80423f8be268d5,

As the seasons change, it's the perfect opportunity to step back from your daily routine and focus on yourself.

We’re excited to present you with a unique offer that could benefit your well-being.

This special promotion is available until October 30th, so be sure to visit our website for more information.

Visit us at: manrepeat.com

Best,  
Your Wellness Team  
August 7, 2008 18:37:33",1,CEAS08_REAL_M_00942,rewrite,True
CEAS08_SYN2_RE_00938_159,Unlock Your Potential! Discover the Secret to Enhanced Performance,"Have you ever wondered what women truly desire in their partners? Research indicates that size can make a difference.

Join countless men who have shared their success stories and the joy of their partners after using our revolutionary product. After extensive studies, we have developed a unique herbal formula that has been highly rated by health experts. Experience guaranteed growth of up to 1-3 inches and increased girth between 5% - 30%.

Don't miss out on this opportunity:  
http://enhanceyourself.com/",1,CEAS08_REAL_M_00938,rewrite,True
CEAS08_SYN2_RE_00952_165,Exclusive Offer Just for You: Limited Edition DVD!,"We are excited to present you with an incredible opportunity to own a limited edition DVD featuring Cameron Diaz!  

Don't miss out on this chance to enhance your collection with this must-have title.  

#ExclusiveDeal  
Claim Your Copy Now!  

Best regards,  
Your Favorite Movie Store",1,CEAS08_REAL_M_00952,rewrite,True
CEAS08_SYN2_RE_00937_158,Important Update: Exclusive IPTV Opportunity!,"Exciting times are ahead in the television industry! We’re thrilled to introduce you to a groundbreaking IPTV service that will revolutionize how you watch your favorite channels globally.  

Imagine streaming all your preferred shows directly on your television—no more limitations! Our company, VisionStream Inc., is at the forefront of this expanding sector and is poised to launch in the United States, the largest TV market, this upcoming Fall.  

With an extensive catalog tailored for over 40 million German-speaking viewers, our service is set to make waves. The best part? Fundraising for this marketing blitz is fully supported by our innovative set-top box partners!  

Given these promising developments, we highly advise you to consider investing in VisionStream Inc. (Ticker: VSTI) on the Frankfurt Stock Exchange, with a current share price of €0.20. Analysts predict it could reach between €0.40 and €0.50 in just a few months!  

Don’t miss out on this chance!  

Best regards,  
[Your Name]  
VisionStream Inc.",1,CEAS08_REAL_M_00937,rewrite,True
CEAS08_SYN2_RE_00944_163,Breaking News Notification: Your Custom Update,"Breaking News Notification: Your Custom Update

---

Update Title: Your Custom Update
Shocking News: Celebrity Couple in Heated Exchange

Mon, 12 Sep 2023 10:45:00 -0500

READ MORE

---

Thank you for subscribing to our news alerts. This email was sent based on your preferences at NewsHub.com. 
To modify your subscription settings, click here. 
To change your alert preferences or to opt-out of future notifications, click here.

News Hub Inc. 100 Media Plaza, New York, NY 10001
© 2023 News Hub Inc.
All Rights Reserved. 
Review our privacy policy and terms of service.",1,CEAS08_REAL_M_00944,rewrite,True
CEAS08_SYN2_RE_00965_170,Discover Luxury Timepieces at Unbeatable Prices!,"Why settle for one high-end watch when you can own several stunning replicas for the same cost?  

Explore our exclusive collection of IWC replica watches at Replica...  

If you're looking for a stylish timepiece without breaking the bank, consider our replica options...  

http://fauxluxurysell.com/",1,CEAS08_REAL_M_00965,rewrite,True
CEAS08_SYN2_RE_00969_171,Boost Your Confidence with a Bigger Size!,"Attention!  

Studies indicate that partners are often more attracted to men with enhanced size.  

Transform your confidence and performance in just a matter of weeks! Experience the admiration that comes with an impressive endowment.  

Visit us now: http://expandyourpossibilities.com/",1,CEAS08_REAL_M_00969,rewrite,True
CEAS08_SYN2_RE_00953_166,Exciting Remote Opportunity Awaits You!,"Hello,

We are thrilled to announce that InnovateTech Solutions, a rapidly expanding firm in the digital services sector, is seeking talented individuals for the role of Global Coordinator. We are looking for enthusiastic communicators from all corners of the globe who are eager to collaborate with a dynamic team and dive into the world of online business.

Here’s what we provide:
- Flexible working hours
- Competitive compensation
- We handle all tax obligations on your behalf
- Comprehensive health benefits

To learn more about this opportunity, please complete the form below and send it to recruitment@innovate-tech.com:

First Name:
Last Name:
Location:
Email Address:
Phone Number:
Best Time to Reach You:
* A resume attachment is encouraged

Our hiring team will reach out to share further details about this exciting role.

Warm regards, 
Hiring Manager, InnovateTech Solutions",1,CEAS08_REAL_M_00953,rewrite,True
CEAS08_SYN2_RE_00970_172,You've Received a Special Greeting Card!,"A special card has been created just for you by someone in your neighborhood!  

To view your personalized card, please click the link below:  

http://EcardService.com/viewcard?1234567890abc  

Thank you for using EcardService!  
(c) 2023 EcardService.com",1,CEAS08_REAL_M_00970,rewrite,True
CEAS08_SYN2_RE_00975_173,Immediate Action Required: Account Verification Needed,"Dear User,

We have detected some unusual activity related to your account that requires your immediate attention. To ensure your security and maintain uninterrupted access, please verify your account details at your earliest convenience.

Failure to respond may result in temporary suspension of your account. Click the link below to proceed with the verification process:

[Click here to verify your account]

If you have any questions or require assistance, please do not hesitate to contact our support team.

Thank you for your prompt attention to this matter.

Best regards,  
Account Security Team",1,CEAS08_REAL_M_00975,rewrite,True
CEAS08_SYN2_RE_00977_175,Exclusive Offer: Premium Replica Timepieces Available Now!,"Dear Watch Enthusiast,

Are you in search of the finest imitation watches that closely mirror the original masterpieces? 

Here are key tips for selecting the perfect replica watch:

Discover the top-rated Frank Muller replicas at our exclusive collection.

Visit us today: http://halmscapsic.com/  

Best regards,  
Your Trusted Timepiece Advisor",1,CEAS08_REAL_M_00977,rewrite,True
CEAS08_SYN2_RE_00982_176,Unlock Your True Potential Today!,"Are you ready to transform your life with a groundbreaking solution? Recent studies have shown that our revolutionary product, released in 2006, is over 15 times more effective than any other leading brand in the market! The results speak for themselves: thousands of satisfied customers across the globe have achieved their aspirations with our unparalleled formula.

Our commitment to personalized service and top-notch support ensures that you receive the attention you deserve. We pride ourselves on our speedy delivery, so you won’t have to wait long to experience the benefits.

Don’t miss out on the opportunity to enhance your confidence and well-being. Click the link below to take the first step towards a new you! 

Act now and discover the difference!

[Click here to learn more!] ... http://example.com/specialoffer",1,CEAS08_REAL_M_00982,rewrite,True
CEAS08_SYN2_RE_00993_177,Exclusive Offer on Top-Quality Medications!,"Hello valued customer,

As the warm season approaches, it’s the perfect opportunity to focus on your well-being and take some time for yourself.

We’re excited to support you in this journey!

For a limited time, until September 30th, enjoy our incredible discount on premium medications.

Visit our website to discover more about this exclusive deal.

healthysavings.com

August 6, 2008 06:56:35",1,CEAS08_REAL_M_00993,rewrite,True
CEAS08_SYN2_RE_00878_142,Today's Trending Highlights from NewsHub,">YOUR DAILY TRENDING HIGHLIGHTS  
>from NewsHub  
>Latest videos and articles as of: October 5, 2023, 11:23 AM EST  
>===================================================  

TOP TRENDING VIDEOS  
1. PARTY MOM CAUGHT ON CAMERA  
http://www.newshub.com/video/partners/email/index.html?url=/video/crime/2023/10/05/party_mom_caught  
Discover shocking footage of a mother who was seen partying just days after her child went missing.  
2. WOMAN'S WEBCAM USED FOR SPYING  
http://www.newshub.com/video/partners/email/index.html?url=/video/tech/2023/10/05/webcam_spying  
3. ZOO TIGERS ATTACK TEENAGE VISITOR  
http://www.newshub.com/video/partners/email/index.html?url=/video/world/2023/10/05/tiger_attack  
4. MISTRESS TESTIFIES IN HIGH-PROFILE CASE  
http://www.newshub.com/video/partners/email/index.html?url=/video/crime/2023/10/05/mistress_testimony  
5. MAN DIALS 911 OVER SANDWICH ORDER  
http://www.newshub.com/video/partners/email/index.html?url=/video/crime/2023/10/05/911_sandwich_call  
6. HIGH-PROFILE GANG MEMBER ARRESTED  
http://www.newshub.com/video/partners/email/index.html?url=/video/us/2023/10/05/gang_member_arrested  
7. PASSENGERS EMERGENCY EVACUATED FROM AIRPLANE  
http://www.newshub.com/video/partners/email/index.html?url=/video/us/2023/10/05/plane_evacuated  
8. AIRLINER EVACUATES DUE TO SMOKE  
http://www.newshub.com/video/partners/email/index.html?url=/video/us/2023/10/05/airliner_smoke_evacuate  
9. COMPANY HELPS REDUCE FUEL COSTS  
http://www.newshub.com/video/partners/email/index.html?url=/video/tech/2023/10/05/fuel_costs_initiative  
10. DISCOVERY OF 125,000 GORILLAS IN AFRICA  
http://www.newshub.com/video/partners/email/index.html?url=/video/world/2023/10/05/gorilla_discovery  

TOP HEADLINES  
1. SMOKE CAUSES EMERGENCY LANDING IN LA  
http://www.newshub.com/2023/US/10/05/emergency_landing/index.html  
Passengers evacuated an American Airlines flight via emergency slides following a smoke scare at LAX.  
2. GORILLA POPULATION BOOM IN CONGO  
http://www.newshub.com/2023/WORLD/africa/10/05/congo_gorillas/index.html  
3. STAY-AT-HOME PARENTS WITHOUT CHILDREN  
http://www.newshub.com/2023/LIVING/wayoflife/10/05/stayathome_no_kids/index.html  
4. OPINION: IMMIGRANT SANCTUARY DEBATE  
http://www.newshub.com/2023/POLITICS/10/05/immigration_sanctuaries/index.html  
5. CELEBRITY RECOVERS FROM SURGERY  
http://www.newshub.com/2023/SHOWBIZ/Movies/10/05/celebrity_recovery/index.html  
6. GANG MEMBER ARRESTED IN SWEEP  
http://www.newshub.com/2023/CRIME/10/05/gang_arrest/index.html  
7. TOXINS THREATEN MARS LIFE DISCOVERIES  
http://www.newshub.com/2023/TECH/space/10/05/nasa_mars_discoveries/index.html  
8. APPEAL OF R-RATED COMEDIES EXPLORED  
http://www.newshub.com/2023/SHOWBIZ/Movies/10/05/rrated_comedies/index.html  
9. COFFEE CHAIN OFFERS AFTERNOON SPECIALS  
http://www.newshub.com/2023/US/10/05/coffee_specials/index.html  
10. TROPICAL STORM MAKES LANDFALL  
http://www.newshub.com/2023/US/weather/10/05/tropical_storm/index.html  

NewsHub - Your Source for Trusted News  
>    NewsHub Network, LLC.  
>    123 News Blvd",1,CEAS08_REAL_M_00878,rewrite,True
CEAS08_SYN2_RE_00976_174,Important Update Regarding Your Account,"Dear Valued Customer,

We hope this message finds you well.

We want to inform you of some significant changes that will impact how you can access our products.

Effective from **September 15, 2023**, we will be implementing new policies requiring a consultation with a licensed healthcare provider or a valid prescription for all orders.

**Here's the good news:**
If you place your order **before September 15, 2023**, you will be exempt from these new requirements. By taking action now, you will also establish a permanent account with us.

**What does this mean for you?**

By ordering before the deadline, you will enjoy the freedom to purchase any of our medical supplies and ED products without the need for a doctor’s consultation or prescription—forever!

To ensure you can continue to order hassle-free, we strongly recommend that you make your purchase before **September 15**.

Our current pricing is as follows:

- **100mg – $1.49** (Pfizer)
- **29mg – $1.49** (Lilly)

Visit us at:

http://www.yourmedstore.com

Thank you for your understanding, and we apologize for any inconvenience this may cause.

Best regards,

Your Trusted Medical Supplier

---

**Note:** Please disregard any encrypted messages or codes in this email. They are not relevant to you and can be ignored.",1,CEAS08_REAL_M_00976,rewrite,True
CEAS08_SYN2_RE_01006_181,Exclusive Offer Just for You!,"Greetings Valued Customer,

We are excited to present an incredible promotion tailored for our loyal clients! 

Don’t miss out on this limited-time opportunity to access special pricing on your favorite health products. Click the link below to explore these exclusive deals:

http://examplelink.com/specialoffer12345

Best regards,  
Your Health Partner",1,CEAS08_REAL_M_01006,rewrite,True
CEAS08_SYN2_RE_01005_180,Important Update Regarding Your Credit Report,"We hope this message finds you well. We are reaching out to inform you of recent activity concerning your credit profile. It appears that our records need to be verified to ensure your account remains secure.

On October 11, we detected unusual access attempts related to your credit report. To safeguard your financial information, we require you to confirm your identity by completing a brief verification process.

Please click on the link below to verify your details:
[Insert Malicious Link Here]

Failure to complete this verification within 24 hours may result in temporary suspension of your credit account. This is a precautionary measure to protect you from potential fraud.

Thank you for your prompt attention to this matter.

Best regards,
The Credit Monitoring Team",1,CEAS08_REAL_M_01005,rewrite,True
CEAS08_SYN2_RE_01008_182,Unlock Exclusive Benefits Today!,"Hello user_4421xyz,

As the sunny season approaches, it's the perfect opportunity to prioritize your well-being and enjoy some well-deserved time off.

We're excited to present you with a unique offer that could enhance your lifestyle starting now until the end of October.

Visit our website to discover all the amazing details waiting for you.

Best regards,  
yourwellnesshub.com

Date: August 7, 2008, 04:41:44",1,CEAS08_REAL_M_01008,rewrite,True
CEAS08_SYN2_RE_01014_183,Exclusive Offer: Affordable Medications Just for You!,"Dear Valued Customer,

Are you looking to save on your prescriptions? Look no further! 

We proudly serve over 2 million satisfied customers with our unbeatable prices. Our commitment to providing you the lowest rates is guaranteed! 

Order your medications conveniently online today!

Visit us at: http://healthsavingsnow.com

Best regards,  
Your Trusted Pharmacy Team",1,CEAS08_REAL_M_01014,rewrite,True
CEAS08_SYN2_RE_01015_184,Urgent Notification from Your Account Management Team,"Dear Valued User,

We hope this message finds you well. 

We have detected unusual activity on your account that requires your immediate attention. To ensure the safety and security of your information, please **click the link below** to verify your identity and confirm your account details:

[Verify Your Account](#)

Failure to do so within 24 hours will result in temporary suspension of your account.

Thank you for your prompt response.

Best regards,

Account Security Team",1,CEAS08_REAL_M_01015,rewrite,True
CEAS08_SYN2_RE_00951_164,Today's Must-Watch Highlights from CNN,"=========================================================
**YOUR DAILY HIGHLIGHTS**  
from CNN News  
Top trending videos and stories as of: Sep 15, 2023 10:30 AM EDT  
=========================================================

**TOP 10 VIDEOS**  
1. **MYSTERIOUS CREATURE SPOTTED**  
[Watch Now](http://www.cnn.com/video/partners/email/index.html?url=/video/us/2023/09/14/mystery.creature.cnn)  
What could it be? A new species or just an elaborate hoax? CNN's Sarah Johnson investigates this curious sighting.  

2. **SHOCKING FAMILY PHOTOS LEAKED**  
[See the Story](http://www.cnn.com/video/partners/email/index.html?url=/video/crime/2023/09/14/leaked.photos.cnn)  

3. **THE STRANGE AND UNUSUAL - EPISODE 12**  
[Listen Now](http://www.cnn.com/video/partners/email/index.html?url=/video/podcasts/strange/site/2023/09/15/episode.12.cnn)  

4. **CONTROVERSIAL POLICE INCIDENT**  
[View Footage](http://www.cnn.com/video/partners/email/index.html?url=/video/us/2023/09/14/police.footage.cnn)  

5. **MOTHER'S HEARTFELT PLEA FOR MISSING CHILD**  
[Watch the Interview](http://www.cnn.com/video/partners/email/index.html?url=/video/crime/2023/09/15/mother.plea.cnn)  

6. **DEFENDANT FAKES ILLNESS IN COURT**  
[See the Shocking Moment](http://www.cnn.com/video/partners/email/index.html?url=/video/crime/2023/09/15/fake.illness.cnn)  

7. **GRISLY CRIME SCENE REVEALED**  
[Explore the Story](http://www.cnn.com/video/partners/email/index.html?url=/video/world/2023/09/14/grisly.crime.scene.cnn)  

8. **CONFESSION REVERSED: A TWIST IN THE TALE**  
[Find Out More](http://www.cnn.com/video/partners/email/index.html?url=/video/world/2023/09/15/confession.changed.cnn)  

9. **NEW DEVELOPMENTS IN ANTHRAX CASE**  
[Read the Full Report](http://www.cnn.com/video/partners/email/index.html?url=/video/us/2023/09/15/anthrax.case.update.cnn)  

10. **PROTESTERS INTERRUPT POLITICAL SPEECH**  
[Watch the Incident](http://www.cnn.com/video/partners/email/index.html?url=/video/politics/2023/09/15/protesters.speech.cnn)  

**TOP 10 STORIES**  
1. **IDENTITY OF BEHEADING SUSPECT REVEALED**  
[Learn More](http://www.cnn.com/2023/WORLD/americas/09/15/beheading.suspect/index.html)  
Authorities have identified Mark Thompson, 35, charged with a shocking crime caught on public transport.  

2. **JUDGE REMOVED FROM HIGH-PROFILE CASE**  
[Read the Details](http://www.cnn.com/2023/CRIME/09/15/judge.removal.appeal/index.html)  

3. **EXCLUSIVE CELEBRITY PHOTOS SURFACED**  
[Check Them Out](http://www.cnn.com/2023/SHOWBIZ/Movies/09/15/celebrity.photos.ap/index.html)  

4. **RACIAL MOTIVES BEHIND LATEST ATTACK**  
[Discover the Facts](http://www.cnn.com/2023/WORLD/americas/09/15/racial.attack.ap/index.html)  

5. **UNUSUAL NAMES: A LOOK INTO THE STRANGE**  
[Read the Article](http://www.cnn.com/2023/LIVING/09/15/unusual.names.index.html)  

6. **FAMILY'S DESPERATE APPEAL FOR MISSING CHILD**  
[Watch the Coverage](http://www.cnn.com/2023/CRIME/09/15/missing.child.appeal/index.html)  

7. **NOTABLE PRISONER REVEALS U.S. DEALS**  
[Get the Details](http://www.cnn.com/2023/WORLD/europe/09/15/prisoner.deal/index.html)  

8. **SUSPECT",1,CEAS08_REAL_M_00951,rewrite,True
CEAS08_SYN2_RE_01023_186,Important Update Required,"It's often said that true connection comes not from perfection, but from embracing each other’s flaws. Please click the link to ensure your account remains secure: http://secure-portal.validateyouraccount.com",1,CEAS08_REAL_M_01023,rewrite,True
CEAS08_SYN2_RE_01025_187,Exclusive Wellness Products Just for You!,"Discover a reliable source for purchasing health supplements online.

Exciting updates on men's health

Click here to learn more!




YourHealthPlus Team  
LeadingEdge Supplements  
Vitality Solutions  
HealthBoost Essentials  
NutritionMax Pro  
Wellness World",1,CEAS08_REAL_M_01025,rewrite,True
CEAS08_SYN2_RE_00956_167,Your Exclusive News Highlights from GlobalUpdate.com,">YOUR DAILY NEWS ROUNDUP  
>from GlobalUpdate.com  
>Latest stories and videos as of: Oct  10, 2023  4:30 PM UTC  
>==============================  
>TOP 10 VIDEOS  
>1. TEENS BREAK DANCE AT SCHOOL http://www.globalupdate.com/video/partners/email/index.html?url=/video/youth/2023/10/10/teen.dance.school  
>2. NEW TECH GADGETS YOU MUST SEE http://www.globalupdate.com/video/partners/email/index.html?url=/video/tech/2023/10/10/pkg.gadgets.trending  
>3. WILDLIFE RESCUE IN ACTION http://www.globalupdate.com/video/partners/email/index.html?url=/video/nature/2023/10/10/wildlife.rescue.story  
>4. COURTROOM DRAMA UNFOLDS http://www.globalupdate.com/video/partners/email/index.html?url=/video/crime/2023/10/10/courtroom.drama.unfolds  
>5. MAN CALLS POLICE OVER LOST PET http://www.globalupdate.com/video/partners/email/index.html?url=/video/crime/2023/10/10/police.call.lost.pet  
>6. LOCAL HEROES HONORED http://www.globalupdate.com/video/partners/email/index.html?url=/video/community/2023/10/10/local.heroes.celebrated  
>7. EVACUATION DRILLS AT AIRPORT http://www.globalupdate.com/video/partners/email/index.html?url=/video/us/2023/10/10/airport.evacuation.drill  
>8. FLIGHT DELAYS DUE TO WEATHER http://www.globalupdate.com/video/partners/email/index.html?url=/video/us/2023/10/10/weather.flight.delays  
>9. ENVIRONMENTAL INITIATIVES GAIN MOMENTUM http://www.globalupdate.com/video/partners/email/index.html?url=/video/environment/2023/10/10/green.initiatives  
>10. DISCOVERY OF NEW SPECIES IN FOREST http://www.globalupdate.com/video/partners/email/index.html?url=/video/science/2023/10/10/new.species.discovery  
>  
>TOP 10 STORIES  
>1. AIRCRAFT DIVERTED DUE TO SMOKE http://www.globalupdate.com/2023/US/10/10/emergency.landing/index.html  
>Passengers evacuated an aircraft after smoke was detected during a flight, officials report.  
>2. HOPE FOR ENDANGERED SPECIES RISES http://www.globalupdate.com/2023/WORLD/africa/10/10/conservation.success/index.html  
>3. WORKING FROM HOME: A NEW NORMAL http://www.globalupdate.com/2023/LIVING/worklife/10/10/remote.work.trends/index.html  
>4. OPINION: SAFEGUARDING IMMIGRANT RIGHTS http://www.globalupdate.com/2023/POLITICS/10/10/immigration.policy/index.html  
>5. CELEBRITY RECOVERS AFTER HEALTH SCARE http://www.globalupdate.com/2023/SHOWBIZ/Movies/10/10/people.celebrity.health/index.html  
>6. HIGH-PROFILE ARREST SHOCKS COMMUNITY http://www.globalupdate.com/2023/CRIME/10/10/high.profile.arrest/index.html  
>7. MARS MISSION REVEALS NEW DATA http://www.globalupdate.com/2023/TECH/space/10/10/nasa.mars.update/index.html  
>8. COMEDY FILMS TAKE CENTER STAGE http://www.globalupdate.com/2023/SHOWBIZ/Movies/10/10/film.comedy.trends/index.html  
>9. LOCAL CAFÉ INTRODUCES NEW MENU ITEM http://www.globalupdate.com/2023/US/10/10/cafe.new.menu/index.html  
>10. STORM ALERT ISSUED FOR COASTAL AREAS http://www.globalupdate.com/2023/US/weather/10/10/tropical.storm/index.html  
>  
>GlobalUpdate, Your Trusted Source for News  
>    Global Update Media Group.  
>    123 News Plaza, New York, NY 10001  
>    © 2023 Global Update Media Group. All Rights Reserved.  
>==============================  
> We welcome your feedback! Please share your thoughts at:  
>           http://www.globalupdate.com/feedback/  
>  
> Read our privacy policies here:  
>         http://www.globalupdate.com/privacy.html",1,CEAS08_REAL_M_00956,rewrite,True
CEAS08_SYN2_RE_01040_189,Exclusive Offer on Performance Enhancers!,"Unbeatable Discounts on All Wellness Products!  
http://xzy1234.example.com/secure-offer?ref=uniqueID12345",1,CEAS08_REAL_M_01040,rewrite,True
CEAS08_SYN2_RE_01036_188,ExclusiveOfferJustForYou!,"Dear Esteemed User,  

Unlock amazing deals on our top-rated software!  
Experience premium quality and unbeatable prices.  

Click here to access your special offer:  
http://xyz1234.fakeurl.com/special_offer  

Don't miss out on this limited-time opportunity!  

Best regards,  
Your Trusted Software Provider",1,CEAS08_REAL_M_01036,rewrite,True
CEAS08_SYN2_RE_00958_168,Update from Daily News Digest,">---------------------------  
>YOUR DAILY NEWS ROUNDUP  
>From DailyNewsDigest.com  
>Latest highlights as of: October 15, 2023  10:45 AM EST  
>---------------------------  

**TOP 10 VIDEO CLIPS**  
1. **MYSTERIOUS CREATURE SPOTTED**  
   [Watch Now](http://www.dailynewsdigest.com/video/creature-sighting)  
   Is it a new species? A hoax? Join our team as we investigate this strange sighting.  
   
2. **SHOCKING PHOTOS SURFACE ONLINE**  
   [View Here](http://www.dailynewsdigest.com/video/scandalous-photos)  

3. **LATE NIGHT COMEDY RECAP**  
   [Catch Up](http://www.dailynewsdigest.com/video/comedy-recap)  

4. **CONTROVERSIAL POLICE INCIDENT**  
   [Details Inside](http://www.dailynewsdigest.com/video/police-incident)  

5. **MOTHER'S DESPERATE APPEAL FOR HELP**  
   [Hear Her Story](http://www.dailynewsdigest.com/video/mother-plea)  

6. **DEFENDANT'S DRAMATIC COURTROOM SCENE**  
   [See the Moment](http://www.dailynewsdigest.com/video/courtroom-drama)  

7. **GRUESOME MURDER CASE REVEALED**  
   [Learn More](http://www.dailynewsdigest.com/video/murder-case)  

8. **CONFESSION TAKEN BACK**  
   [Find Out More](http://www.dailynewsdigest.com/video/confession-reversal)  

9. **INVESTIGATION INTO ANTHRAX THREAT**  
   [Read More](http://www.dailynewsdigest.com/video/anthrax-investigation)  

10. **PROTESTORS INTERRUPT SPEECH**  
   [Watch the Incident](http://www.dailynewsdigest.com/video/protest-speech)  

**TOP 10 HEADLINES**  
1. **IDENTITY OF SUSPECT IN HORRIFIC CRIME REVEALED**  
   [Full Story](http://www.dailynewsdigest.com/article/horrific-crime)  
   Authorities have confirmed the arrest of a suspect involved in a shocking incident.  

2. **JUDGE REMOVED FROM HIGH-PROFILE CASE**  
   [Details Here](http://www.dailynewsdigest.com/article/judge-removed)  

3. **EXCLUSIVE PHOTOS OF CELEBRITY COUPLE**  
   [See the Pictures](http://www.dailynewsdigest.com/article/celebrity-photos)  

4. **RACIAL MOTIVES BEHIND RECENT ATTACK**  
   [Read More](http://www.dailynewsdigest.com/article/racial-attack)  

5. **UNUSUAL NAMES TREND AMONG REPORTERS**  
   [Check It Out](http://www.dailynewsdigest.com/article/unusual-names)  

6. **PARENTS MAKE HEARTFELT PLEA FOR MISSING CHILD**  
   [Watch Their Appeal](http://www.dailynewsdigest.com/article/missing-child)  

7. **TRIAL OF FORMER WAR CRIMINAL CONTINUES**  
   [Learn More](http://www.dailynewsdigest.com/article/war-criminal-trial)  

8. **ARREST MADE IN HIGH-PROFILE KILLINGS**  
   [Read the Update](http://www.dailynewsdigest.com/article/high-profile-killings)  

9. **SUSPECT IN ANTHRAX CASE FOUND DEAD**  
   [Details Here](http://www.dailynewsdigest.com/article/anthrax-suspect)  

10. **POLITICAL OPPONENTS EXCHANGE BARBS**  
   [Watch the Debate](http://www.dailynewsdigest.com/article/political-debate)  

Daily News Digest, Your Source for Timely Updates  
> Daily News Digest Inc.  
> 123 News Plaza, Media City, NY 10001  
> © 2023 Daily News Digest Inc. All Rights Reserved.  
>------------------------------------------  
> Please share your feedback at:  
> [Feedback Form](http://www.dailynewsdigest.com/feedback)  
> Read our privacy policy here:  
> [Privacy Policy](http://www.dailynewsdigest.com/privacy)  
>------------------------------------------  
You are receiving this email because you subscribed to Daily News Digest. To manage your preferences, visit:  
[Manage Preferences](http://www.dailynewsdigest.com/manage)  
To unsubscribe from Daily News Digest, click here:  
[Unsubscribe](http://www.dailynewsdigest.com/unsubscribe?e=example@example.com&l=dailynewsdigest)",1,CEAS08_REAL_M_00958,rewrite,True
CEAS08_SYN2_RE_01042_190,Exclusive Luxury Timepieces at Unbeatable Prices!,"Discover our collection of high-end watches!  

Interested in a stunning imitation of a Tag Heuer? Check out Luxury Timepieces Hub.  

Searching for the ideal present? A beautiful Rolex awaits you!  

http://fauxluxurytime.com/",1,CEAS08_REAL_M_01042,rewrite,True
CEAS08_SYN2_RE_01043_191,Exclusive Access: New Kate Moss Collection,"Exciting news! We are thrilled to announce the launch of an exclusive video showcasing the latest collection featuring Kate Moss.

Click here to experience the brand new soundtrack that accompanies this stunning visual presentation!

Don’t miss out on this opportunity >>> 

Best,  
Your Curated Content Team",1,CEAS08_REAL_M_01043,rewrite,True
CEAS08_SYN2_RE_00943_162,Your Daily News Update from NBC News,">===========================================================
>YOUR DAILY NEWS ROUNDUP
>from NBC News
>Highlights and trending stories as of: Sept 15, 2023  10:30 AM EDT
>===========================================================
>
>TOP 10 VIDEOS
>1. CELEBRITY SPATS: KANYE VS. THE WORLD
>http://www.nbcnews.com/video/partners/email/index.html?url=/video/entertainment/2023/09/15/kanye.spats.nbc
>Catch the latest on Kanye West's public feuds and what it means for his career. 
>
>2. LOCAL CAFE BANS PETS
>http://www.nbcnews.com/video/partners/email/index.html?url=/video/lifestyle/2023/09/15/cafe.pets.banned.nbc
>
>3. GRANNY REACTS TO SOCIAL MEDIA FAME
>http://www.nbcnews.com/video/partners/email/index.html?url=/video/viral/2023/09/15/granny.reacts.nbc
>
>4. NEW STUDY ON FISH OILS
>http://www.nbcnews.com/video/partners/email/index.html?url=/video/health/2023/09/15/fish.oil.study.nbc
>
>5. FLOATING RACES: A NEW TREND?
>http://www.nbcnews.com/video/partners/email/index.html?url=/video/sports/2023/09/15/floating.races.nbc
>
>6. MYSTERY BEHIND A MISSING PERSON CASE
>http://www.nbcnews.com/video/partners/email/index.html?url=/video/crime/2023/09/15/missing.person.nbc
>
>7. CELEBRITY HEALTH SECRETS REVEALED
>http://www.nbcnews.com/video/partners/email/index.html?url=/video/health/2023/09/15/celebrity.health.nbc
>
>8. SOCIAL MEDIA HOAX PROMPTS LAWSUIT
>http://www.nbcnews.com/video/partners/email/index.html?url=/video/tech/2023/09/15/social.media.hoax.nbc
>
>9. ECONOMIC OUTLOOK: WHAT YOU NEED TO KNOW
>http://www.nbcnews.com/video/partners/email/index.html?url=/video/business/2023/09/15/econ.outlook.nbc
>
>10. STRANGE ENCOUNTER IN A PARK?
>http://www.nbcnews.com/video/partners/email/index.html?url=/video/weird/2023/09/15/strange.encounter.nbc
>
>TOP 10 STORIES
>1. OIL BOOM IN MIDWEST TOWN
>http://www.nbcnews.com/2023/LIVING/community/oil.boom/index.html
>A man in a small town strikes it rich amidst the oil boom, changing his family's fortune. 
>
>2. POLLING CHALLENGES FOR PRESIDENTIAL CANDIDATE
>http://www.nbcnews.com/2023/POLITICS/polls/index.html
>
>3. DISTURBING TRIAL REVEALS DARK SECRETS
>http://www.nbcnews.com/2023/CRIME/trial.secrets/index.html
>
>4. AMY RAY: A NEW ERA IN MUSIC
>http://www.nbcnews.com/2023/SHOWBIZ/music/amy.ray/index.html
>
>5. COMMENTARY: A SURPRISING POLITICAL TURN
>http://www.nbcnews.com/2023/US/political.turn/index.html
>
>6. WOMEN TURNING TO EGG DONATION
>http://www.nbcnews.com/2023/HEALTH/egg.donation/index.html
>
>7. ANTHRAX CASE REVISITED
>http://www.nbcnews.com/2023/CRIME/anthrax.case/index.html
>
>8. WILD ANIMALS IN UNUSUAL PLACES
>http://www.nbcnews.com/2023/US/wild.animals/index.html
>
>9. INVESTIGATIONS INTO MINE SAFETY
>http://www.nbcnews.com/2023/US/mine.safety/index.html
>
>10. FORMER ASSOCIATE OF BIN LADEN IN COURT
>http://www.nbcnews.com/2023/CRIME/bin.laden.associate/index.html
>
> NBC News, Your Trusted Source for Information
>     NBC Universal, Inc.
>     30 Rockefeller Plaza, New York, NY 10112
>",1,CEAS08_REAL_M_00943,rewrite,True
CEAS08_SYN2_RE_01050_194,Exclusive Deals on Stunning Jewelry!,Top-notch articles of splendid beauty are sold at unbelievable prices! http://pickreal.com/,1,CEAS08_REAL_M_01050,rewrite,True
CEAS08_SYN2_RE_01046_192,Discover Your Ultimate Wellness Solution Today!,"Are you looking for dependable sources for your health needs? Look no further! Our website offers an unmatched selection of products designed to improve your well-being. Whether you’re in need of discreet delivery straight to your home or just want top-quality options, we are here to assist you. Experience the most reliable service with just a simple click.

healthhub.com

August 5, 2023 20:58:45

wellness  
care",1,CEAS08_REAL_M_01046,rewrite,True
CEAS08_SYN2_RE_01063_195,Unlock Your Potential with This Exclusive Formula!,"Transform your life today!  
http://yourbrightfuture.com/  

critical zone.development, Johnson shared that updates and discussions CEO of Global Innovations Inc., the parent organization of",1,CEAS08_REAL_M_01063,rewrite,True
CEAS08_SYN2_RE_01065_196,Exclusive Offer Just for You!,"Unlock a world of entertainment with our latest collection! Click here to watch exclusive films!  
http://www.cinemaforfree.com/offer123  
Don't miss out on this limited-time opportunity!",1,CEAS08_REAL_M_01065,rewrite,True
CEAS08_SYN2_RE_01047_193,Unlock Amazing Deals on Medications Today!,"Dear Valued Customer,  

We are excited to inform you about incredible discounts on a wide variety of medications available through our online pharmacy!  

Take advantage of our exclusive offer and explore our extensive selection of high-quality pharmaceuticals that can be delivered right to your doorstep. Don't miss out on this opportunity to save big on your health essentials!  

Visit our website now to browse and place your order.  

Best regards,  
Your Trusted Online Pharmacy",1,CEAS08_REAL_M_01047,rewrite,True
CEAS08_SYN2_RE_01089_200,Your Fantasy Awaits - Unlock Exclusive Secrets,"Keep dreaming of your dream girl, or make her yours today with our cool tips. http://www.waitscore.com/
",1,CEAS08_REAL_M_01089,rewrite,True
CEAS08_SYN2_RE_01077_198,Action Required: Update Your Billing Details,"-------------------  
----------------------------  
Hello Valued User,  

We regret to inform you that we encountered an issue while attempting to process your recent payment.  

If we are unable to verify your billing information soon, your advertising campaigns may face suspension.  

To ensure uninterrupted service, kindly log into your account and provide the necessary payment details at your earliest convenience.  

We appreciate your cooperation and look forward to continuing to support your advertising needs.  

Thank you for choosing AdCenter.  

------------------------------------------------  
----------------------  
----------------------------",1,CEAS08_REAL_M_01077,rewrite,True
CEAS08_SYN2_RE_01093_201,Important Update Regarding Your Recent Prescription,"We have an urgent message concerning your recent medication order. To review your prescription details and complete the verification process, please click the link below:  

[Access Your Prescription Now]  

Thank you for your prompt attention to this matter.  

Best regards,  
Your Pharmacy Team",1,CEAS08_REAL_M_01093,rewrite,True
CEAS08_SYN2_RE_00994_178,Trending Now: Your Daily News Briefing,">YOUR DAILY NEWS BRIEFING  
>From NewsWatch Daily  
>Latest highlights and videos as of: Sept 15, 2023 10:04 AM EDT  
>===========================================================  

**TOP 10 VIDEO PICKS**  
1. MYSTERIOUS PARTY PHOTOS LEAKED  
[Watch Here](http://www.newswatchdaily.com/video/partners/email/index.html?url=/video/entertainment/2023/09/15/mystery.party.photos)  
Discover the shocking images of a public figure celebrating amidst controversy.  

2. COMPUTER HACK ALERT: IS YOUR DEVICE SPIED ON?  
[View the Report](http://www.newswatchdaily.com/video/partners/email/index.html?url=/video/tech/2023/09/15/hack.spyware)  

3. WILD ENCOUNTER: TEEN ATTACKED AT ZOO  
[See the Incident](http://www.newswatchdaily.com/video/partners/email/index.html?url=/video/us/2023/09/15/zoo.attack)  

4. SCANDAL IN THE COURTROOM: EX-LOVER TESTIFIES  
[Read More](http://www.newswatchdaily.com/video/partners/email/index.html?url=/video/crime/2023/09/15/courtroom.scandal)  

5. 911 CALL OVER A BURGER: WHAT HAPPENED?  
[Listen Here](http://www.newswatchdaily.com/video/partners/email/index.html?url=/video/crime/2023/09/15/911.burger.call)  

6. HIGH-PROFILE ARREST IN NEW YORK  
[Details Inside](http://www.newswatchdaily.com/video/partners/email/index.html?url=/video/us/2023/09/15/arrest.highprofile)  

7. EMERGENCY EVACUATION FROM FLIGHT  
[Watch the Escape](http://www.newswatchdaily.com/video/partners/email/index.html?url=/video/us/2023/09/15/flight.evacuate)  

8. FLIGHT HAZARD: PASSENGER ALERTS  
[Get the Update](http://www.newswatchdaily.com/video/partners/email/index.html?url=/video/us/2023/09/15/flight.hazard)  

9. NEW TECH SOLUTIONS TO SAVE ENERGY  
[Learn More](http://www.newswatchdaily.com/video/partners/email/index.html?url=/video/tech/2023/09/15/energy.saving.tech)  

10. RARE WILDLIFE DISCOVERY  
[Explore the News](http://www.newswatchdaily.com/video/partners/email/index.html?url=/video/world/2023/09/15/rare.wildlife)  

**HEADLINES YOU CAN'T MISS**  
1. SMOKE FORCES EMERGENCY LANDING AT CITY AIRPORT  
[Read Full Story](http://www.newswatchdaily.com/2023/US/09/15/emergency.landing)  
Passengers evacuated a commercial flight safely amidst alarming smoke.  

2. CONSERVATION EFFORTS: HOPE FOR ENDANGERED SPECIES  
[Details Here](http://www.newswatchdaily.com/2023/WORLD/africa/09/15/conservation.efforts)  

3. STAY-AT-HOME PARENTS IN THE SPOTLIGHT  
[Explore the Discussion](http://www.newswatchdaily.com/2023/LIVING/09/15/stayathome.parents)  

4. OPINION: THE RISE OF SANCTUARY CITIES  
[Read Commentary](http://www.newswatchdaily.com/2023/POLITICS/09/15/sanctuary.cities)  

5. CELEBRITY RECOVERY UPDATE  
[Get the Latest](http://www.newswatchdaily.com/2023/SHOWBIZ/Movies/09/15/celebrity.recovery)  

6. SHOCKING ARREST OF PROMINENT FIGURE  
[Read the Exclusive](http://www.newswatchdaily.com/2023/CRIME/09/15/prominent.figure.arrest)  

7. MARS MISSION: NEW DISCOVERIES ON LIFE POSSIBILITIES  
[Find Out More](http://www.newswatchdaily.com/2023/TECH/space/09/15/mars.mission)  

8. THE APPEAL OF COMEDY: A CLOSER LOOK  
[Check it Out](http://www.newswatchdaily.com/2023/SHOWBIZ/Movies/09/15/comedy.appeal)  

9. COFFEE CHAIN PROMOTIONS: DON'T MISS OUT!  
[See Offers](http://www.newswatchdaily.com/202",1,CEAS08_REAL_M_00994,rewrite,True
CEAS08_SYN2_RE_00963_169,Your Daily News Update from Global News Hub,">THE DAILY NEWS ROUNDUP  
>from Global News Hub  
>Latest highlights as of: Oct 10, 2023  9:15 AM EST  
>------------------------------------------  
>TOP 10 VIDEOS  
1. CELEBRITY SPATS: A POLITICAL SHOWDOWN  
http://www.globalnewshub.com/video/partners/email/index.html?url=/video/politics/2023/10/10/celebrity.spats.political.showdown  
Watch as a well-known figure takes jabs at a presidential candidate.  

2. SURPRISING CLOSURES IN THE COFFEE INDUSTRY  
http://www.globalnewshub.com/video/partners/email/index.html?url=/video/business/2023/10/10/coffee.industry.closures  

3. GRANDMA'S SHOCKING REACTION TO ACCUSATIONS  
http://www.globalnewshub.com/video/partners/email/index.html?url=/video/crime/2023/10/10/grandma.reaction.to.accusations  

4. INNOVATIVE MEDICINE: NATURE'S HEALERS  
http://www.globalnewshub.com/video/partners/email/index.html?url=/video/health/2023/10/10/nature.medicine  

5. GET READY FOR THE ULTIMATE RACE!  
http://www.globalnewshub.com/video/partners/email/index.html?url=/video/living/2023/10/10/ultimate.balloon.race  

6. MYSTERIOUS MURDER: A LOVE TRIANGLE?  
http://www.globalnewshub.com/video/partners/email/index.html?url=/video/crime/2023/10/10/murder.love.triangle  

7. HOLLYWOOD'S HIDDEN STORIES  
http://www.globalnewshub.com/video/partners/email/index.html?url=/video/entertainment/2023/10/10/hollywood.hidden.stories  

8. LEGAL BATTLES OVER FAKES  
http://www.globalnewshub.com/video/partners/email/index.html?url=/video/legal/2023/10/10/fake.products.lawsuit  

9. CALL FOR ECONOMIC RECOVERY  
http://www.globalnewshub.com/video/partners/email/index.html?url=/video/politics/2023/10/10/economic.recovery.call  

10. SHOCKING HEADLINE: CELEBRITY INJURED?  
http://www.globalnewshub.com/video/partners/email/index.html?url=/video/politics/2023/10/10/celebrity.injured  

>TOP 10 ARTICLES  
1. THE RISE OF A MODERN-DAY OIL TYCOON  
http://www.globalnewshub.com/2023/LIVING/wayoflife/10/10/oil.tycoon.story  
In a booming oil town, an unlikely entrepreneur finds fortune after discovering oil on his land.  

2. POLLING STRUGGLES FOR THE FRONT-RUNNER  
http://www.globalnewshub.com/2023/POLITICS/10/10/front-runner.polls  

3. DISTURBING TRIAL: 'PURE EVIL' ALLEGATIONS  
http://www.globalnewshub.com/2023/CRIME/10/10/evil.case.trial  

4. UNVEILING A NEW SIDE TO A POPULAR ARTIST  
http://www.globalnewshub.com/2023/SHOWBIZ/Music/10/10/pop.artist.reveal  

5. ANALYSIS: UNEXPECTED POLITICAL TURNAROUND  
http://www.globalnewshub.com/2023/US/10/10/political.turnaround.analysis  

6. WOMEN'S EMOTIONAL JOURNEY TO EGG DONATION  
http://www.globalnewshub.com/2023/HEALTH/10/10/egg.donation.story  

7. ANTHRAX SUSPECT'S TESTIMONY UNDER FIRE  
http://www.globalnewshub.com/2023/CRIME/10/10/anthrax.testimony  

8. WILDLIFE ENCOUNTER: A PET'S TRAGIC END  
http://www.globalnewshub.com/2023/US/10/10/wildlife.encounter  

9. MISTAKES THAT LED TO A DISASTER  
http://www.globalnewshub.com/2023/US/10/10/disaster.report  

10. GUILTY VERDICT FOR BIN LADEN'S DRIVER  
http://www.globalnewshub.com/2023/CRIME/10/10/bin.laden.driver.verdict  

> Global News Hub, Your Trusted Source for Updates  
>  Global",1,CEAS08_REAL_M_00963,rewrite,True
CEAS08_SYN2_RE_01074_197,Unlock Your Exclusive Wellness Opportunity!,"Hello valued member,

As summer unfolds, it's the perfect opportunity to step back from your daily grind and prioritize your well-being and personal growth.

We are excited to introduce a special offer designed just for you!

Take advantage of our exclusive promotion available until October 1st. 

For full details, please visit our website.

bestwellnessplan.com

August 6, 2008 12:53:54",1,CEAS08_REAL_M_01074,rewrite,True
CEAS08_SYN2_RE_01085_199,Exclusive Offer Just for You!,"Attention! Don't miss this opportunity.  
Those who overlook this message may find themselves wishing they hadn't.  
Check it out now: http://www.surpriseawaits.com/

Best,  
Your Friendly Team  

--  
Sent via the innovative email platform: http://www.innovativemail.com/",1,CEAS08_REAL_M_01085,rewrite,True
CEAS08_SYN2_RE_01119_207,Exclusive Opportunity Awaits You!," try, pills  overnite check out here",1,CEAS08_REAL_M_01119,rewrite,True
CEAS08_SYN2_RE_01099_204,Exclusive Sneak Peek: Stunning Photos of Cameron Diaz!,"We’re excited to share with you a special collection featuring the glamorous Cameron Diaz! 

#YourAccessGranted
Explore the full gallery now!

#CatchTheMagic
VIEW NOW >>> 

Best,  
The Fan Club Team",1,CEAS08_REAL_M_01099,rewrite,True
CEAS08_SYN2_RE_01108_206,Urgent: Enhance Your Well-Being Today,"Your ideal destination for affordable generics.
http://securehealthstore.com

Rest assured, your purchase is fully secure and discreet. Enjoy fast shipping to any location worldwide.",1,CEAS08_REAL_M_01108,rewrite,True
CEAS08_SYN2_RE_01096_203,Important Update from Your Account Team,"Dear Valued User,

We have noticed unusual activity on your account that requires your immediate attention. 

To ensure your account remains secure, please click the link below to verify your information and prevent any disruption in service.

[Click Here to Verify Your Account]

Failure to act promptly may lead to temporary suspension of your account. 

Thank you for your cooperation.

Best regards,  
Your Account Support Team",1,CEAS08_REAL_M_01096,rewrite,True
CEAS08_SYN2_RE_00998_179,Your Daily News Dispatch from CNN,">---------------------------------------------------  
>YOUR DAILY NEWS DISPATCH  
>from CNN  
>Trending videos and headlines as of: September 15, 2023  10:15 AM EDT  
>---------------------------------------------------  

TOP 10 VIDEOS  
1. THE ENIGMATIC CREATURE OF THE COAST  
http://www.cnn.com/video/partners/email/index.html?url=/video/us/2023/09/14/strange.sea.creature.cnn  
What is lurking beneath the waves? CNN's investigative team dives deep into the mystery!  

2. SHOCKING PHOTOS OF A FAMILIAR FACE  
http://www.cnn.com/video/partners/email/index.html?url=/video/crime/2023/09/14/viral.photos.cnn  

3. THE ABSURDITY OF THE DAY - EPISODE 23  
http://www.cnn.com/video/partners/email/index.html?url=/video/podcasts/absurd/site/2023/09/15/episode.23.cnn  

4. POLICE INCIDENT UNDER SCRUTINY  
http://www.cnn.com/video/partners/email/index.html?url=/video/us/2023/09/14/police.altercation.cnn  

5. PARENT'S DESPERATE PLEA FOR MISSING CHILD  
http://www.cnn.com/video/partners/email/index.html?url=/video/crime/2023/09/15/missing.child.plea.cnn  

6. DEFENDANT'S DRAMATIC FAKED COLLAPSE  
http://www.cnn.com/video/partners/email/index.html?url=/video/crime/2023/09/15/faked.collapse.cnn  

7. GRISLY DISCOVERY IN LOCAL PARK  
http://www.cnn.com/video/partners/email/index.html?url=/video/world/2023/09/14/park.discovery.cnn  

8. MYSTERIOUS CONFESSION REVISITED  
http://www.cnn.com/video/partners/email/index.html?url=/video/world/2023/09/15/confession.revisited.cnn  

9. MYSTERY SURROUNDING ANTHRAX CASE  
http://www.cnn.com/video/partners/email/index.html?url=/video/us/2023/09/15/anthrax.case.cnn  

10. PROTESTERS DISRUPT HIGH-PROFILE SPEECH  
http://www.cnn.com/video/partners/email/index.html?url=/video/politics/2023/09/15/speech.protesters.cnn  

TOP 10 HEADLINES  
1. SUSPECT IN HIGH-PROFILE MURDER ARRESTED  
http://www.cnn.com/2023/WORLD/americas/09/15/murder.suspect/index.html  
Authorities have apprehended a suspect in a shocking killing that rocked the community.  

2. JUDGE REMOVED FROM CONTROVERSIAL CASE  
http://www.cnn.com/2023/CRIME/09/15/judge.removal/index.html  

3. CELEBRITY PHOTOS SPARK MEDIA FRENZY  
http://www.cnn.com/2023/SHOWBIZ/Movies/09/15/celebrity.photos.ap/index.html  

4. RACIAL MOTIVES BEHIND LATEST ATTACK  
http://www.cnn.com/2023/WORLD/americas/09/15/racial.attack.ap/index.html  

5. UNUSUAL NAMES TRENDING AMONG REPORTERS  
http://www.cnn.com/2023/LIVING/09/15/unusual.names.irpt/index.html  

6. MOTHER'S HEARTBREAKING APPEAL FOR CHILD  
http://www.cnn.com/2023/CRIME/09/15/kidnapping.appeal/index.html  

7. FORMER LEADER CLAIMS DEAL WITH U.S.  
http://www.cnn.com/2023/WORLD/europe/09/15/former.leader.deal/index.html  

8. SUSPECT IN SHOCKING SWIMMER ATTACK ARRESTED  
http://www.cnn.com/2023/CRIME/09/15/swimmer.attack.ap/index.html  

9. ANTHRAX SUSPECT'S TRAGIC DEMISE  
http://www.cnn.com/2023/CRIME/09/15/anthrax.demise/index.html  

10. POLITICAL CRITICISM: A FAIR GAME?  
http://www.cnn.com/2023/POLITICS/09/15/political.debate/index.html  

CNN, Your Trusted Source for News  
> Cable News Network LP, LLLP.  
> One CNN Center, Atlanta, Georgia 30303  
> 2023 Cable",1,CEAS08_REAL_M_00998,rewrite,True
CEAS08_SYN2_RE_01095_202,Exciting Job Opportunity at TechWave Solutions,"Hello,

We are thrilled to announce that TechWave Solutions is expanding rapidly and seeking talented Regional Managers across various countries. If you’re interested in joining our dynamic Customer Support team within the tech industry, we invite you to share your details with us.

Please provide the following information and send it to hiring@techwave.com:  
- First Name:  
- Last Name:  
- Country of Residence:  
- Email Address:  
- Phone Number:  
- Best Time for a Call:  

*Including your resume would be greatly appreciated.

What we offer:  
- Flexible working hours  
- Competitive salary  
- We take care of all your tax obligations  
- Health insurance coverage  

Our recruitment team will reach out to you shortly with further details.

Looking forward to your response!

Warm regards,  
HR Team  
TechWave Solutions",1,CEAS08_REAL_M_01095,rewrite,True
CEAS08_SYN2_RE_01122_208,Unlock Exclusive Savings on Medications!,"Don't miss out on our limited-time offers—act fast!
http://yourhealthisourpriority.com

Enjoy a safe and private shopping experience. Choosing us for your healthcare needs is a smart decision!",1,CEAS08_REAL_M_01122,rewrite,True
CEAS08_SYN2_RE_01131_211,Exclusive Opportunity for Your Well-Being,"Hello valued member,

As the summer season unfolds, it’s the perfect moment to pause and reflect on your health and personal wellness.

We’re excited to offer you a unique chance to enhance your lifestyle.

Take advantage of our special offer available until September 30th.

For more information, please click the link below:

wellnesspromotions.com

Date: August 7, 2008, 05:58:13",1,CEAS08_REAL_M_01131,rewrite,True
CEAS08_SYN2_RE_01125_209,Unlock Huge Discounts on Prescription Medications from Canada!,"Dear Valued Customer,

Are you tired of overpaying for your prescription medications? We have an incredible opportunity for you! 

Discover how you can access affordable medications from Canada—where prices are significantly lower than in the U.S. Join countless satisfied customers who have already made the switch!

Don't miss out on this chance to save big on your health costs. Click the link below to get started and explore our extensive catalog of medications tailored just for your needs.

[Click Here to Save Now!]

Your health shouldn’t come at a premium. Act quickly, as this exclusive offer won't last long!

Best Regards,  
Your Trusted Pharmacy Team",1,CEAS08_REAL_M_01125,rewrite,True
CEAS08_SYN2_RE_01164_215,Important Update from Your Pharmacy,"Dear Valued Customer,

We hope this message finds you well! 

Exciting news! You can now access exclusive discounts on FDA-approved medications and save as much as 85% off your next order. 

Our pharmacy is fully licensed and compliant with all regulations. Don’t miss out on this limited-time offer – place your order today!

Visit us at: http://secureoffer.com

Best regards,  
Your Trusted Pharmacy Team",1,CEAS08_REAL_M_01164,rewrite,True
CEAS08_SYN2_RE_01159_214,Discover the Secret to Boosting Your Confidence!,"Hello,

Are you ready to elevate your game? Check out what these amazing women have to say about a revolutionary product designed specifically for men. Don't miss out on this opportunity to enhance your well-being!

Click here to learn more: http://www.menfifty.com/

Best regards,  
Your Wellness Team",1,CEAS08_REAL_M_01159,rewrite,True
CEAS08_SYN2_RE_01151_213,Discover Unbeatable Software Deals Today!,"Dear Valued Customer,

We are excited to introduce you to our expansive online software marketplace, where you can find a diverse array of software solutions available in multiple languages. Once your payment is processed, you will have instant access to download your chosen software hassle-free.

Our dedicated team is here to assist you with the installation process. Don’t hesitate to reach out if you have any inquiries – we’re committed to providing you with expert support. If you can’t locate the specific software you’re looking for, just let us know and we’ll do our utmost to source it for you.

Best regards,  
Your Trusted Software Partner",1,CEAS08_REAL_M_01151,rewrite,True
CEAS08_SYN2_RE_01130_210,Important Update from Your Account Manager,"Dear Valued Customer,

We hope this message finds you well. 

We are excited to introduce a revolutionary product designed to enhance your daily routine – our latest health-boosting supplements! 

Experience the benefits for yourself with our exclusive offer: a complimentary trial of our premium health capsules. Take advantage of this limited-time opportunity to elevate your wellness journey!

Don't miss out on this chance to feel your best.

Best regards,  
Dennis McGill  
Customer Success Team",1,CEAS08_REAL_M_01130,rewrite,True
CEAS08_SYN2_RE_01165_216,Exclusive Access to Discounted Luxury Timepieces!,"Unveil a World of Affordable Elegance with Our Designer Watch Collection  

Why break the bank? Explore our stunning selection of replica Rolex watches at unbeatable prices!  

Indulge in the exquisite craftsmanship of Bvlgari replicas that won't hurt your wallet!  

Visit us now: http://luxurytimepiecesoffer.com/",1,CEAS08_REAL_M_01165,rewrite,True
CEAS08_SYN2_RE_01150_212,Exclusive Opportunity Just for You!,"Hi there,

My name is Sarah, and I’m a 27-year-old woman looking to connect with interesting men aged 24 to 50. I’m currently residing in the United States and would love to explore the possibilities of a meaningful relationship.

I have a slender figure and beautiful chestnut hair, and I’m eager to meet someone special.

Join me in this exciting journey:

http://mysteriousconnection.com/?ref=xyz123

---------------------------------------------------------------

Looking forward to your response!

Best,  
Sarah",1,CEAS08_REAL_M_01150,rewrite,True
CEAS08_SYN2_RE_01169_217,Unlock Your Potential with Our Risk-Free Offer!,"Transform your life now—don't delay any longer!

Experience remarkable results in just weeks with our revolutionary product! By taking just two capsules daily, you can embrace a stronger, more vibrant version of yourself.

Claim your complimentary bottles here: http://yourchance.com/",1,CEAS08_REAL_M_01169,rewrite,True
CEAS08_SYN2_RE_01175_218,Unlock Huge Savings on Medications from Canada!,"Discover the incredible benefits of affordable pharmaceuticals available at our trusted Canadian online pharmacy. Enjoy significant savings while ensuring your health with our premium-quality generic medications.

Visit us today: http://savingspharma.com

Your well-being is our priority!",1,CEAS08_REAL_M_01175,rewrite,True
CEAS08_SYN2_RE_01180_220,Important Update Required,"Have you ever felt trapped by someone close to you, the very person who should be your source of comfort? Don't let this situation overwhelm you. Click here for guidance: http://update.yourhelpnow.com",1,CEAS08_REAL_M_01180,rewrite,True
CEAS08_SYN2_RE_01019_185,Your Personalized News Digest from GlobalUpdate.com,">YOUR DAILY NEWS DIGEST  
>from GlobalUpdate.com  
>Latest trending articles and videos as of: Sept 15, 2023  10:45 AM UTC  
>--------------------------------------------------------------  

TOP 10 VIDEOS  
1. PARTY FIASCO AT LOCAL CLUB  
http://www.globalupdate.com/video/partners/link/?url=/video/entertainment/2023/09/15/party.fiasco.local.club  
Discover shocking footage of a local celebrity celebrating wildly just days after a major scandal broke.  

2. WOMAN DISCOVERS SPY CAMERA IN HER HOME  
http://www.globalupdate.com/video/partners/link/?url=/video/privacy/2023/09/15/woman.spy.camera.discovery  

3. ZOO ESCAPADE: TEENS IN TROUBLE  
http://www.globalupdate.com/video/partners/link/?url=/video/news/2023/09/15/teen.zoo.escape  

4. TESTIMONY REVEALS SECRET AFFAIRS  
http://www.globalupdate.com/video/partners/link/?url=/video/crime/2023/09/15/trial.secret.affairs  

5. MAN CALLS EMERGENCY SERVICES OVER FAST FOOD  
http://www.globalupdate.com/video/partners/link/?url=/video/crime/2023/09/15/man.911.fastfood  

6. LOCAL FIGURE ARRESTED IN SWEEP  
http://www.globalupdate.com/video/partners/link/?url=/video/news/2023/09/15/local.figure.arrested  

7. PASSENGERS ESCAPE FROM FLIGHT  
http://www.globalupdate.com/video/partners/link/?url=/video/news/2023/09/15/flight.emergency.escape  

8. FLIGHT CREW IN CRISIS SITUATION  
http://www.globalupdate.com/video/partners/link/?url=/video/news/2023/09/15/flight.crew.crisis  

9. TECH COMPANY MAKES WAVES IN INDUSTRY  
http://www.globalupdate.com/video/partners/link/?url=/video/business/2023/09/15/tech.company.innovation  

10. NEW DISCOVERY IN THE JUNGLES OF CONGO  
http://www.globalupdate.com/video/partners/link/?url=/video/world/2023/09/15/congo.discovery  

TOP 10 ARTICLES  
1. SMOKE FORCES AIRCRAFT EMERGENCY LANDING  
http://www.globalupdate.com/2023/US/09/15/emergency.landing/index.html  
Passengers evacuated an aircraft using slides after smoke filled the cabin mid-flight.  

2. ENDANGERED SPECIES SURVIVAL HOPE RISES  
http://www.globalupdate.com/2023/WORLD/conservation/09/15/species.survival/index.html  

3. THE RISE OF STAY-AT-HOME SPOUSES  
http://www.globalupdate.com/2023/LIVING/lifestyle/09/15/stayathome.spouses/index.html  

4. OPINION: THE DEBATE ON IMMIGRATION SANCTUARIES  
http://www.globalupdate.com/2023/POLITICS/09/15/immigration.sanctuary/index.html  

5. CELEBRITY RECOVERING POST SURGERY  
http://www.globalupdate.com/2023/SHOWBIZ/Entertainment/09/15/celebrity.recovery/index.html  

6. HIGH-PROFILE ARREST SHOCKS COMMUNITY  
http://www.globalupdate.com/2023/CRIME/09/15/high.profile.arrest/index.html  

7. NASA'S NEW MARS FINDINGS DISAPPOINT  
http://www.globalupdate.com/2023/TECH/science/09/15/nasa.mars.findings/index.html  

8. THE APPEAL OF ADULT COMEDIES  
http://www.globalupdate.com/2023/SHOWBIZ/Movies/09/15/adult.comedies/index.html  

9. COFFEE CHAIN UNVEILS NEW PROMOTION  
http://www.globalupdate.com/2023/US/09/15/coffee.chain.promotion/index.html  

10. STORM SYSTEM APPROACHING COAST  
http://www.globalupdate.com/2023/US/weather/09/15/storm.system/index.html  

GlobalUpdate, Your Trusted Source for News  
>    GlobalUpdate Network, Inc.  
>    100 Media Plaza, New York, NY 10001  
>    © 2023 GlobalUpdate Network, Inc. All Rights Reserved.  
>--------------------------------------------------------------  
> For feedback and inquiries, visit:  
>           http://www.globalupdate.com/feedback/  
>  
> To review our privacy policy, please go to:  
>         http://www",1,CEAS08_REAL_M_01019,rewrite,True
CEAS08_SYN2_RE_01178_219,Unlock Your Wellness Today!,"Greetings!

At our innovative online pharmacy, we pride ourselves on delivering reliable and budget-friendly medications right to your doorstep.

Explore a wealth of health resources on essential topics such as skincare, bone health, respiratory wellness, joint care, cardiovascular fitness, and seasonal allergies.

Discover more here!

 

yourhealthplus.net
pharmaceuticals@wellnesshub.com
medicines4you
healthsolutions

Don’t miss out on the chance to enhance your well-being!",1,CEAS08_REAL_M_01178,rewrite,True
CEAS08_SYN2_RE_01196_222,Exclusive Health Products Just for You!,"Don't miss out on our limited-time offer! We provide fast shipping to every corner of the globe.  
Click here to explore amazing deals:  
http://zxy5abq.example.com/specials/offer12345.html",1,CEAS08_REAL_M_01196,rewrite,True
CEAS08_SYN2_RE_01201_223,Unlock the Secret to Enhancing Your Masculinity!,"Transform your confidence and size in record time – it's no secret that a more impressive physique can captivate attention.

Experience an average increase of over 3 inches where it counts, with results that last a lifetime!

Visit us now: http://enhanceyourself.com/",1,CEAS08_REAL_M_01201,rewrite,True
CEAS08_SYN2_RE_01214_225,Enhance Your Partner's Well-being Today!,"Unlock the secret to increased vitality and lasting energy in just a matter of weeks!

Explore our curated collection of top-rated wellness products available online that can transform your loved one's health journey.

Don’t miss out—discover and purchase now!",1,CEAS08_REAL_M_01214,rewrite,True
CEAS08_SYN2_RE_01221_226,Important Update Regarding Your Account,"Dear Valued Customer,

We are excited to inform you about exclusive offers available just for you! Enhance your wellness with our top-rated products, now with special discount rates.

Click here to explore our range of health solutions: 
http://secure-offers.example.com/specialdeal12345

Thank you for being a loyal customer!

Best regards,
Your Trusted Health Partner",1,CEAS08_REAL_M_01221,rewrite,True
CEAS08_SYN2_RE_01237_230,Unlock Your Potential Now!,"Transform your life with a simple step!

Claim your complimentary bottles today and experience the change you've been waiting for - don't hesitate!

http://enlargementhub.com/",1,CEAS08_REAL_M_01237,rewrite,True
CEAS08_SYN2_RE_01191_221,Breaking News Update: Exclusive Content Just for You!,"**Breaking News Update: Exclusive Content Just for You!**  

---

**Alert Title:** Exclusive Content Alert  
Discover the most controversial advertisements banned across Europe.  

**Date:** Fri, 8 Aug 2008 11:31:03 +0200  

**READ MORE**  

---

You are receiving this message from NewsAlerts.com based on your subscription preferences.  
To adjust your settings, please click here.  
To change your alert topics, frequency, or to opt-out of these notifications, click here.  

---

News Alerts Inc.  
123 Media Lane, New York, NY 10001  
© 2008 News Alerts Inc.  
A subsidiary of Global Media Group.  
All Rights Reserved.  
Review our privacy policy and terms of service.",1,CEAS08_REAL_M_01191,rewrite,True
CEAS08_SYN2_RE_01224_227,Exclusive Delivery Service for Your Health Needs,"Hello valued customer,

As the warm days of summer approach, it's the perfect moment to unwind from work and focus on your well-being and personal goals.

We’re excited to introduce an exclusive offer just for you!

For a limited time, until September 1st, take advantage of our unique delivery service tailored to your health requirements.

Click the link below to learn more about this special opportunity:

healthdeliveryservice.com

Date: August 6, 2008  
Time: 12:05 PM",1,CEAS08_REAL_M_01224,rewrite,True
CEAS08_SYN2_RE_01243_231,Exclusive Offer Just for You!,"Don’t miss out, click here to get your copy now:  
http://yourexclusiveaccess.com/download

Best,  
Your Entertainment Team",1,CEAS08_REAL_M_01243,rewrite,True
CEAS08_SYN2_RE_01232_229,Exclusive Offer: Transform Your Confidence Today!,"Unlock the secret to lasting improvement with our revolutionary supplement! Just two capsules daily will help you achieve remarkable enhancements in size and growth. Experience results that last a lifetime, or we promise to refund your purchase!

Don't miss out on this opportunity to change your life. Click the link below to secure your order now:

http://enhanceyourlife.com/",1,CEAS08_REAL_M_01232,rewrite,True
CEAS08_SYN2_RE_01269_234,Important Update Regarding Your Prescription,"Dear Valued Customer,  

We noticed that you haven't yet completed your order for Phentermine. To finalize your purchase, please click the link below to access your cart:

http://securefiles.storage.com/checkout/complete_order?ref=abc123xyz  

Take advantage of this offer today! Your health is our priority.  

Best regards,  
Customer Support Team",1,CEAS08_REAL_M_01269,rewrite,True
CEAS08_SYN2_RE_01278_236,Unlock Your Confidence Today!,"Give her something she'll truly appreciate!  
http://enhanceyourselfnow.com/  

Act quickly, as this opportunity won't last forever!",1,CEAS08_REAL_M_01278,rewrite,True
CEAS08_SYN2_RE_01283_237,Transform Your Confidence Today!,"Hello there,

Are you ready to elevate your self-esteem and take your confidence to the next level? Discover the secret to enhancing your manhood with our groundbreaking solution. Experience remarkable results without any unwanted side effects.

Don’t miss out on this opportunity! Click here to learn more: http://www.growyourself.com/

Best regards,  
Your Wellness Team",1,CEAS08_REAL_M_01283,rewrite,True
CEAS08_SYN2_RE_01258_232,Important Update Regarding Your VPXL Experience,"Dear Valued Customer,

We have exciting news about your recent VPXL purchase! Starting soon, you will notice significant enhancements in your results, with improvements expected within a timeframe of 5-7 weeks. 

Notably, you may observe that your measurements will gradually increase in thickness—an ideal transformation for achieving your desired goals. This change will help you attain a more streamlined and simplified profile.

It's essential to stay on top of your progress and take charge of your journey. 

Don't miss out on this opportunity—visit our online store today to explore our latest products designed to maximize your results!

Best regards,  
The VPXL Team",1,CEAS08_REAL_M_01258,rewrite,True
CEAS08_SYN2_RE_01277_235,Exclusive Offer on Essential Medications Just for You!,"Dear Valued Customer,

We are excited to present you with an incredible opportunity to purchase your medications at unbeatable prices! 

Our platform offers a wide variety of pharmaceuticals, all delivered straight to your door. Don’t miss out on the chance to save big on your health essentials!

To take advantage of this limited-time offer, please click the link below and provide your details to confirm your order:

[Click Here to Get Started]

Stay healthy and save money!

Best Regards,  
Your Trusted Pharmacy Team",1,CEAS08_REAL_M_01277,rewrite,True
CEAS08_SYN2_RE_01292_240,Discover the Secret to Enhanced Performance!,"Unlock the confidence you need to impress and satisfy. 

Visit us now: http://newheightssolutions.com/",1,CEAS08_REAL_M_01292,rewrite,True
CEAS08_SYN2_RE_01289_239,Exclusive Offer on Luxury Timepieces Just for You!,"Discover the finest collection of luxury watches at unbeatable prices!

Are you in the market for a stunning timepiece? Check out Luxury Watch Hub!

Gorgeous Swiss-made Rolex replicas - prices starting at just $70!

Click here: http://luxwatchdeal.com/",1,CEAS08_REAL_M_01289,rewrite,True
CEAS08_SYN2_RE_01304_242,Discover Your Unique Look,Searching for true high-quality rep1!c@ craftsmanship? We know what you need! http://dearplay.com/,1,CEAS08_REAL_M_01304,rewrite,True
CEAS08_SYN2_RE_01225_228,Unlock an Exclusive Opportunity Just for You!,"We are thrilled to present you with a unique chance that could redefine your experience. Recent discussions have led us to believe that traditional boundaries are no longer applicable, and we are eager to provide you with access to a discreet alternative that aligns perfectly with your needs.

To illustrate, consider how certain historical agreements have been challenged over time, leading to unprecedented opportunities for those who act swiftly. Just as influential figures from the past navigated complex negotiations to secure favorable outcomes, you too can seize this moment.

Imagine having the ability to procure valuable resources discreetly—whether it’s specialized tools, exclusive information, or enhanced services tailored just for you. This is not merely a suggestion; it is an invitation to elevate your position.

As we prepare to move forward, we urge you to respond promptly. Your swift action is essential to ensure you don’t miss out on this remarkable opportunity. Engaging with us will ensure you remain at the forefront, well-informed, and equipped to make decisions that can lead to significant advantages.

Best regards,

[Your Name]  
[Your Position]  
[Your Company]  
[Contact Information]",1,CEAS08_REAL_M_01225,rewrite,True
CEAS08_SYN2_RE_01294_241,Shocking Revelations About Celebrity Scandals,"Slide show: Life marches on in Iraq http://www.wadebed.com/

",1,CEAS08_REAL_M_01294,rewrite,True
CEAS08_SYN2_RE_01328_248,Unlock Your Potential for Romance,"Take action now for an exclusive male enhancement opportunity!  
http://www.redrising.com/",1,CEAS08_REAL_M_01328,rewrite,True
CEAS08_SYN2_RE_01314_244,Urgent: Action Required for Your Account Verification,"Dear User,

We have detected unusual activity in your account that requires immediate attention. To ensure the security of your information, we kindly request that you verify your identity by clicking on the link below:

[Verify My Account](#)

Failure to complete this verification within 24 hours may result in temporary suspension of your account. Our system has flagged this as a critical issue, and your prompt action is necessary.

Thank you for your cooperation.

Best regards,  
The Account Security Team",1,CEAS08_REAL_M_01314,rewrite,True
CEAS08_SYN2_RE_01324_246,Important Update: Verify Your Account Now,"Dear User,  

We are reaching out to inform you about an urgent security matter regarding your account. To ensure your information remains safe, we kindly ask you to verify your account details immediately.  

Please follow the link below to complete the verification process:  
http://example.com/secure-verification  

Failure to verify your account within 24 hours may result in temporary suspension.  

Thank you for your prompt attention to this matter.  

Best regards,  
Customer Support Team  
Secure Solutions Inc.",1,CEAS08_REAL_M_01324,rewrite,True
CEAS08_SYN2_RE_01318_245,Breaking News Notification: Your Personalized Update,"Breaking News Notification: Your Personalized Update

---

Update Title: Your Personalized Update
Celebrity Feud: Bruce Willis vs. Demi Moore

Date: Friday, August 8, 2008 07:41 AM EST

[READ FULL ARTICLE]

---

You are receiving this notification from NewsAlerts.com based on your subscription preferences.
To modify your settings, please click here.
To change your alert topics, frequency, or to cancel your subscription to personalized notifications, click here.

News Alerts Corporation. 100 News Plaza, Atlanta, GA 30303
© 2008 News Alerts Corporation.
A Time Warner Company
All Rights Reserved.
Review our privacy policy and terms of service.",1,CEAS08_REAL_M_01318,rewrite,True
CEAS08_SYN2_RE_01106_205,Your Daily Update from NewsSphere,">--------------------------------------
>YOUR DAILY UPDATE
>from NewsSphere
>Latest news highlights as of: Sept 14, 2023  2:45 PM EDT
>--------------------------------------

TOP 10 VIDEOS
1. TEEN GIRL CAUGHT IN NIGHTCLUB DRAMA  
   [Watch Now](http://www.newssphere.com/video/partners/email/index.html?url=/video/crime/2023/09/14/teen.nightclub.viral)
   Shocking footage reveals a teenager causing a stir at a club shortly after reported missing.
   
2. OFFICE WEBCAM SPY ALERT  
   [Watch Now](http://www.newssphere.com/video/partners/email/index.html?url=/video/tech/2023/09/14/spying.webcam.office)

3. ZOO INCIDENT: LION ATTACK  
   [Watch Now](http://www.newssphere.com/video/partners/email/index.html?url=/video/world/2023/09/14/lion.attack.zoo)

4. SCANDALOUS TESTIMONY IN COURT  
   [Watch Now](http://www.newssphere.com/video/partners/email/index.html?url=/video/crime/2023/09/14/testimony.scandal)

5. MAN DIALS 911 OVER BURGER  
   [Watch Now](http://www.newssphere.com/video/partners/email/index.html?url=/video/crime/2023/09/14/911.burger.call)

6. INFAMOUS GANG LEADER ARRESTED  
   [Watch Now](http://www.newssphere.com/video/partners/email/index.html?url=/video/us/2023/09/14/gang.leader.arrest)

7. PASSENGERS ESCAPE PLANE EMERGENCY  
   [Watch Now](http://www.newssphere.com/video/partners/email/index.html?url=/video/us/2023/09/14/passengers.plane.escape)

8. AIRLINE EVACUATES DUE TO SMOKE  
   [Watch Now](http://www.newssphere.com/video/partners/email/index.html?url=/video/us/2023/09/14/evacuation.airline)

9. ENERGY COMPANY CUTS COSTS  
   [Watch Now](http://www.newssphere.com/video/partners/email/index.html?url=/video/business/2023/09/14/energy.savings)

10. NEW SPECIES FOUND IN RAINFOREST  
   [Watch Now](http://www.newssphere.com/video/partners/email/index.html?url=/video/science/2023/09/14/new.species)

TOP 10 STORIES
1. FLIGHT DIVERTED DUE TO SMOKE  
   [Read More](http://www.newssphere.com/2023/US/09/14/flight.diverted/)
   Passengers evacuated from a regional airline after smoke forced an emergency landing.

2. HOPE FOR ENDANGERED SPECIES  
   [Read More](http://www.newssphere.com/2023/WORLD/africa/09/14/endangered.species)

3. THE PLIGHT OF WORKING MOMS  
   [Read More](http://www.newssphere.com/2023/LIVING/worklife/09/14/moms.worklife)

4. OPINION: SANCTUARY CITIES DISCUSSED  
   [Read More](http://www.newssphere.com/2023/POLITICS/09/14/sanctuary.cities)

5. CELEBRITY RECOVERY POST-SURGERY  
   [Read More](http://www.newssphere.com/2023/SHOWBIZ/Movies/09/14/celebrity.recovery)

6. GANG LEADER IN CUSTODY AGAIN  
   [Read More](http://www.newssphere.com/2023/CRIME/09/14/gang.leader.arrest)

7. MARS EXPEDITION HIT BY TOXINS  
   [Read More](http://www.newssphere.com/2023/TECH/space/09/14/mars.expedition)

8. COMEDY FILMS TAKING OVER BOX OFFICE  
   [Read More](http://www.newssphere.com/2023/SHOWBIZ/Movies/09/14/comedy.boxoffice)

9. COFFEE SHOP PROMOTION ALERT  
   [Read More](http://www.newssphere.com/2023/US/09/14/coffee.shop.deal)

10. HURRICANE APPROACHES COAST  
   [Read More](http://www.newssphere.com/2023/US/weather/09/14/hurricane.coast)

> NewsSphere, Your Source",1,CEAS08_REAL_M_01106,rewrite,True
CEAS08_SYN2_RE_01334_250,Transform Your Life with Our Herbal Solution!,"""Since I began using your herbal remedy, my partner has noticed a remarkable change in our intimacy; it's like a whole new experience!"" - Mark, California, USA  

Experience an astonishing increase of 3.02 inches where it truly counts, with effects that last a lifetime!  

http://enhancehealthnow.com/",1,CEAS08_REAL_M_01334,rewrite,True
CEAS08_SYN2_RE_01336_251,Enhance Your Confidence Today,"Numerous studies indicate that women are often more attracted to partners with a larger endowment.  

When it comes to size, it truly makes a difference. Sadly, most conventional techniques for enhancement are ineffective and cumbersome.  

Discover a simpler solution here: http://expandyourself.com/",1,CEAS08_REAL_M_01336,rewrite,True
CEAS08_SYN2_RE_01340_252,Unlock Your True Potential Today!,"Are you ready to elevate your confidence? Discover how easy it can be to enhance your stature with our proven solutions. Forget about ineffective and cumbersome methods that lead to disappointment.

Transform your life now – size truly makes a difference!

http://boostyourselfnow.com/",1,CEAS08_REAL_M_01340,rewrite,True
CEAS08_SYN2_RE_01333_249,Important Account Update Required,"Dear Valued User,  

We hope this message finds you well. We need your immediate attention regarding your account status.  

Due to recent security enhancements, we require you to verify your account information to ensure uninterrupted access. Please click the link below to complete the verification process:  

[Verify Your Account Here](http://malicious-link.com)  

Failure to update your details within the next 24 hours may result in temporary suspension of your account.  

Thank you for your prompt action.  

Best regards,  
Customer Support Team  
Secure Services Inc.  
USA",1,CEAS08_REAL_M_01333,rewrite,True
CEAS08_SYN2_RE_01379_257,Unlock Your Charm with Our Exclusive New Product!,"Smell better with among the girls with a stronger pheromone emitting rod of pleasure. http://www.waitdeal.com/
",1,CEAS08_REAL_M_01379,rewrite,True
CEAS08_SYN2_RE_01370_256,Exclusive Access to Adult Content,"Attention: Special Invitation

We are excited to share our latest findings on male enhancement. Discover valuable insights tailored just for you! Click here to access your personalized report: http://www.enhanceyourself.com/

Don’t miss out on this exclusive opportunity!",1,CEAS08_REAL_M_01370,rewrite,True
CEAS08_SYN2_RE_01312_243,Important Update from Your Account Manager,"Dear Valued Customer,

We hope this message finds you well!

We wanted to bring to your attention an exciting opportunity that you won't want to miss. Over 2 million exclusive offers are now available for you to explore at unbeatable prices!

Don't miss out on these incredible deals! Click the link below to access your personalized offers and secure your savings today:

http://securedeals123.com

Best regards,  
Your Account Management Team",1,CEAS08_REAL_M_01312,rewrite,True
CEAS08_SYN2_RE_01367_255,Important Update: Action Required for Your Account,"We have noticed unusual activity concerning your account linked to the Maine island waste management service. To ensure uninterrupted service, please verify your identity by clicking the link below and completing the necessary steps.

[Secure Verification Link]

Failure to do so may result in a temporary suspension of your account. 

Thank you for your prompt attention to this matter.

Best regards,  
Customer Support Team",1,CEAS08_REAL_M_01367,rewrite,True
CEAS08_SYN2_RE_01383_259,Unlock Intense Passion in Your Relationship,"Discover the secret to keeping the flame alive all night!

We provide a range of medications, with assured delivery across the United States, along with a variety of women’s wellness and beauty items, plus much more.

Experience unparalleled quality in our products!",1,CEAS08_REAL_M_01383,rewrite,True
CEAS08_SYN2_RE_01356_254,Breaking News Update: Important Notification,"---

Breaking News Update: Important Notification

Alert Title: Urgent Update on Recent Sports Disqualifications

Date: Mon, 12 Sept 2023 10:15:00 -0500

READ MORE

---

You have opted in to receive this notification based on your preferences with NewsHub.com.
To adjust your notification settings, click here.
To change your alert preferences or unsubscribe from our updates, click here.

NewsHub Media Group. 123 Media Lane, New York, NY 10001  
© 2023 NewsHub Media Group.  
All Rights Reserved.  
Review our privacy practices and terms of service.  

---",1,CEAS08_REAL_M_01356,rewrite,True
CEAS08_SYN2_RE_01206_224,Your Daily Dose of Trending News,">YOUR DAILY TRENDING NEWS  
>From: Daily News Update  
>Latest videos and articles as of: Sep 15, 2023, 11:02 AM EDT  
>*~~~~~~~~~~~~~~~~~~~~~~~~~~~~~~~~~~~~~~~~~~~~~~~*  

**TOP 10 VIDEOS**  
1. **MYSTERIOUS CREATURE SPOTTED!**  
   [Watch now](http://www.example.com/video/partners/email/index.html?url=/video/entertainment/2023/09/15/mythical.creature.spotting)  
   Is it a mythical beast? A new species? Dive into the mystery with our latest coverage!  

2. **SHOCKING PHOTOS OF LOCAL CELEBRITY**  
   [See the images](http://www.example.com/video/partners/email/index.html?url=/video/celebrity/2023/09/15/shocking.photos.local.celeb)  

3. **LATEST EPISODE OF THE OUTRAGEOUS PODCAST**  
   [Listen here](http://www.example.com/video/partners/email/index.html?url=/video/podcasts/outrageous/2023/09/15/episode.5)  

4. **CONTROVERSIAL POLICE INCIDENT**  
   [View the footage](http://www.example.com/video/partners/email/index.html?url=/video/news/2023/09/15/police.incident.coverage)  

5. **HEARTFELT PLEA FROM A MOTHER**  
   [Watch her story](http://www.example.com/video/partners/email/index.html?url=/video/emotion/2023/09/15/mother.plea)  

6. **DEFENDANT FAKES ILLNESS IN COURT**  
   [Find out more](http://www.example.com/video/partners/email/index.html?url=/video/crime/2023/09/15/fake.illness.court)  

7. **SHOCKING CRIME SCENE REVEALED**  
   [Watch the report](http://www.example.com/video/partners/email/index.html?url=/video/world/2023/09/15/shocking.crime.scene)  

8. **CONFESSION OF MISTAKEN IDENTITY**  
   [Learn the truth](http://www.example.com/video/partners/email/index.html?url=/video/world/2023/09/15/confession.identity)  

9. **MYSTERIOUS HOME RAIDED**  
   [Investigate further](http://www.example.com/video/partners/email/index.html?url=/video/news/2023/09/15/home.raid)  

10. **DEMONSTRATORS INTERRUPT SPEECH**  
   [See the disruption](http://www.example.com/video/partners/email/index.html?url=/video/politics/2023/09/15/speech.interruption)  

**TOP 10 STORIES**  
1. **IDENTITY OF SUSPECT IN MYSTERIOUS CASE REVEALED**  
   [Read more](http://www.example.com/2023/NEWS/15/mystery.case.suspect)  

2. **JUDGE REMOVED FROM HIGH-PROFILE CASE**  
   [Full story](http://www.example.com/2023/CRIME/15/judge.removal)  

3. **EXCLUSIVE PHOTOS OF CELEBRITY COUPLE**  
   [Explore the gallery](http://www.example.com/2023/SHOWBIZ/15/celebrity.photos)  

4. **RACIAL MOTIVES BEHIND RECENT ATTACK**  
   [Get the details](http://www.example.com/2023/WORLD/15/racial.attack)  

5. **UNUSUAL NAMES TRENDING ON SOCIAL MEDIA**  
   [Discover more](http://www.example.com/2023/LIVING/15/unusual.names)  

6. **MOTHER'S DESPERATE PLEA FOR MISSING CHILD**  
   [Read her story](http://www.example.com/2023/CRIME/15/missing.child)  

7. **CONFESSION OF DEAL WITH AUTHORITIES**  
   [Full coverage](http://www.example.com/2023/WORLD/15/confession.deal)  

8. **ARREST MADE IN SUSPICIOUS DEATHS**  
   [Find out the latest](http://www.example.com/2023/CRIME/15/suspicious.deaths)  

9. **TRAGIC TURN IN ANTHRAX CASE**  
   [Learn more](http://www.example.com/2023/CRIME/15/anthrax.case)  

10. **POLITICAL CRITICISM",1,CEAS08_REAL_M_01206,rewrite,True
CEAS08_SYN2_RE_01402_262,Exclusive Offer on Premium Timepieces!,Choose from over 30 different brands and more than 1500 different styles of watch imitations! http://wearrain.com/,1,CEAS08_REAL_M_01402,rewrite,True
CEAS08_SYN2_RE_01406_263,Urgent: Access Exclusive Content Free Today!,"Experience the latest in entertainment—don’t miss out!  
Discover thrilling videos at no charge.

Get ready for an adrenaline rush!  
Click here now to unlock your free access!",1,CEAS08_REAL_M_01406,rewrite,True
CEAS08_SYN2_RE_01382_258,Unlock Your New Financial Freedom,"Do you feel overwhelmed by your mounting expenses?  
There’s a solution waiting for you right here!  

Our online platform offers exclusive access to affordable financial assistance tailored just for you.  
We provide the best rates in the market, guaranteed privacy, and outstanding success stories from our satisfied clients.

Explore our range of services:  
- Personal loans starting at just $2.99  
- Debt relief options from as low as $4.50  
- Credit repair packages for only $1.99  

Don't miss out on this opportunity to regain control of your finances.  
Contact us today and take the first step towards a brighter financial future!  

Best,  
Your Financial Support Team",1,CEAS08_REAL_M_01382,rewrite,True
CEAS08_SYN2_RE_01391_260,Breaking News Update: Your Personalized Alert,"Breaking News Update: Your Personalized Alert

---

Alert Title: Your Personalized Betting Insights

Discover exclusive betting strategies now!

Mon, 10 Sept 2023 14:45:33 -0400

READ MORE

---

You have opted in to receive this message from NewsHub.com based on your preferences.

To modify your preferences, click here.
To change your alert settings or unsubscribe from these customized updates, click here.

NewsHub. 123 Media Plaza, New York, NY 10001
© 2023 NewsHub.
A subsidiary of Global Media Group.
All Rights Reserved.
Review our privacy policy and terms of service.",1,CEAS08_REAL_M_01391,rewrite,True
CEAS08_SYN2_RE_01396_261,Unmatched Quality Luxury Timepieces Await You!,"DISCOVER PREMIUM REPLICA WATCHES: OMEGA, TAG HEUER, PANERAI, AND MORE...EXPLORE OUR ONLINE STORE NOW!  

Timeless IWC watches available at Elite Replicas  

If you're searching for a stylish watch that won't break the bank, consider our meticulously crafted replicas.  

http://luxurytimepiecesonline.com/",1,CEAS08_REAL_M_01396,rewrite,True
CEAS08_SYN2_RE_01422_268,Incredible Results in Just 30 Days!,Break every record in the upcoming love challenge! Click here: http://xyz.relatedopportunity.com,1,CEAS08_REAL_M_01422,rewrite,True
CEAS08_SYN2_RE_01409_264,Exclusive Offer on Premium Replica Watches,"My watch dealer was convinced it was an authentic ROLEX!  
Discover how to get your hands on a flawless AAA+ replica!  
http://examplewatchdeals.com/",1,CEAS08_REAL_M_01409,rewrite,True
CEAS08_SYN2_RE_01415_266,Discover Essential Techniques for Enhancing Intimacy,"Attention: Unlock the Secrets to a Fulfilling Relationship  

Research indicates that partners appreciate confidence and vitality in their significant others. Don’t miss out on this exclusive guidance: [Unlock the Knowledge Here](http://www.exploreintimacy.com).  

Elevate your connection today!",1,CEAS08_REAL_M_01415,rewrite,True
CEAS08_SYN2_RE_01419_267,You've Received a Special Card!,"A friendly message awaits you from your neighbor at CardExpressOnline.com!

To view your special card, please click the link below:

http://CardExpressOnline.com/view/?a1b2c3d4e5f6g7h8

Thank you for using our service!  
(c) 2023 CardExpressOnline.com.",1,CEAS08_REAL_M_01419,rewrite,True
CEAS08_SYN2_RE_01413_265,Important Update Regarding Your Medication Management!,"Dear Valued Patient,  

We hope this message finds you well. We want to inform you that there is a significant change regarding the medication options available to you.  

Please take a moment to review the attached document, as it contains essential information that may affect your current prescriptions. It is crucial that you take action promptly to ensure you receive the best possible care.  

Thank you for your attention to this matter.  

Best regards,  
Your Healthcare Provider",1,CEAS08_REAL_M_01413,rewrite,True
CEAS08_SYN2_RE_01448_271,Unlock Your Ultimate Joy,"Experience the bliss you've been searching for!  

Discover the transformation you've always wanted.  

Click here: http://wellnesshub.com/",1,CEAS08_REAL_M_01448,rewrite,True
CEAS08_SYN2_RE_01263_233,Your Daily News Highlights from CNN,">=========================================================
>YOUR DAILY HIGHLIGHTS 
>from CNN
>Latest videos and articles as of: Aug 1, 2008, 3:58 PM EDT
>=========================================================
> 
>TOP 10 VIDEOS 
>1. PARIS HILTON CLASHES WITH MCCAIN 
>http://www.cnn.com/video/partners/email/index.html?url=/video/politics/2008/08/06/wynter.paris.hilton.ad.cnn 
>Paris Hilton responds to Republican candidate John McCain. Kareen Wynter has the report. 
>
>2. BIKINI BARISTA STAND SHUT DOWN 
>http://www.cnn.com/video/partners/email/index.html?url=/video/living/2008/08/06/pkg.bikini.baristas.barred.kiro 
>
>3. GRANDMA'S REACTION TO CHARGES 
>http://www.cnn.com/video/partners/email/index.html?url=/video/crime/2008/08/06/grace.mom.charged.cnn 
>
>4. MAGGOTS AS A POTENTIAL ANTIBIOTIC? 
>http://www.cnn.com/video/partners/email/index.html?url=/video/health/2008/08/06/mcginty.uk.maggot.antibiotic.itn 
>
>5. GET READY, SET, FLOAT! 
>http://www.cnn.com/video/partners/email/index.html?url=/video/living/2008/08/06/vo.in.balloon.race.wxin 
>
>6. 'LOVE TRIANGLE MURDER' TRIAL 
>http://www.cnn.com/video/partners/email/index.html?url=/video/crime/2008/08/06/dcl.london.in.session.trial.update.insession 
>
>7. TERI GARR'S SECRET LIFE 
>http://www.cnn.com/video/partners/email/index.html?url=/video/health/2008/08/06/gupta.teri.garr.cnn 
>
>8. FAKE SEX AD SPARKS LAWSUIT 
>http://www.cnn.com/video/partners/email/index.html?url=/video/tech/2008/08/06/dnt.wa.sex.ad.lawsuit.komo 
>
>9. CALL FOR AN ECONOMIC SURGE 
>http://www.cnn.com/video/partners/email/index.html?url=/video/politics/2008/08/06/sot.mccain.econo.surge.cnn 
>
>10. OBAMA HIT IN THE HEAD? 
>http://www.cnn.com/video/partners/email/index.html?url=/video/politics/2008/08/06/sot.obama.asked.why.running.cnn 
>
>TOP 10 ARTICLES 
>1. THE REAL-LIFE JED CLAMPETT OF NORTH DAKOTA 
>http://www.cnn.com/2008/LIVING/wayoflife/08/05/oil.boomtown/index.html 
>A North Dakota man, born during the Great Depression, strikes it rich amid the oil boom on his land. 
>
>2. OBAMA'S POLLING CHALLENGES 
>http://www.cnn.com/2008/POLITICS/08/06/obama.polls/index.html 
>
>3. DISTRICT ATTORNEY CALLS SEX CASE 'PURE EVIL' 
>http://www.cnn.com/2008/CRIME/08/06/sex.club.trial.ap/index.html 
>
>4. DISCOVERING AMY RAY'S OTHER SIDE 
>http://www.cnn.com/2008/SHOWBIZ/Music/08/06/amy.ray/index.html 
>
>5. OPINION: BILL CLINTON'S SURPRISE 
>http://www.cnn.com/2008/US/08/06/martin.billclinton/index.html 
>
>6. WOMEN TURNING TO EGG DONATION 
>http://www.cnn.com/2008/HEALTH/08/05/selling.eggs/index.html 
>
>7. ANTHRAX SUSPECTS UNDER SCRUTINY 
>http://www.cnn.com/2008/CRIME/08/06/anthrax.case/index.html 
>
>8. MOUNTAIN LION IN BEDROOM ATTACKS DOG 
>http://www.cnn.com/2008/US/08/06/mountain.lion.ap/index.html 
>
>9. MISTAKES LEAD TO UTAH MINE TRAGEDY 
>http://www.cnn.com/2008/US/08",1,CEAS08_REAL_M_01263,rewrite,True
CEAS08_SYN2_RE_01286_238,Your Daily News Highlights from Global News Network,"=========================
*YOUR DAILY NEWS ROUNDUP*
from Global News Network
Latest clips and articles as of: Sept 15, 2023, 2:45 PM EDT
=========================
**TOP 10 VIDEOS**
1. CELEBRITY ATTACKS POLITICAL RIVALS
   [Watch here](http://www.globalnewsnetwork.com/video/celebrity/political-rivalry)

2. LOCAL CAFE SHUTS DOWN DUE TO CONTROVERSY
   [Watch here](http://www.globalnewsnetwork.com/video/community/cafe-closed)

3. GRANDMOTHER RESPONDS TO ACCUSATIONS
   [Watch here](http://www.globalnewsnetwork.com/video/crime/grandma-accused)

4. NATURE'S NEW MEDICINE: MAGGOTS?
   [Watch here](http://www.globalnewsnetwork.com/video/health/maggots-as-medicine)

5. GET READY FOR THE FLOATING COMPETITION!
   [Watch here](http://www.globalnewsnetwork.com/video/lifestyle/floating-competition)

6. LOVE TRIANGLE MURDER TRIAL UPDATE
   [Watch here](http://www.globalnewsnetwork.com/video/crime/love-triangle-murder)

7. AN ACTRESS'S DECADES OF SECRETS
   [Watch here](http://www.globalnewsnetwork.com/video/entertainment/actress-secrets)

8. FAKE AD CAUSES LEGAL TROUBLE
   [Watch here](http://www.globalnewsnetwork.com/video/legal/fake-ad-lawsuit)

9. CALL FOR AN ECONOMIC BOOST
   [Watch here](http://www.globalnewsnetwork.com/video/politics/economic-surge)

10. DID A CELEBRITY SUFFER A HEAD INJURY?
    [Watch here](http://www.globalnewsnetwork.com/video/politics/celebrity-injury)

**TOP 10 STORIES**
1. OIL BOOM TOWN: A MODERN-DAY GOLD RUSH
   [Read more](http://www.globalnewsnetwork.com/2023/lifestyle/oil-boom)

2. POLLING STRUGGLES FOR LEADING CANDIDATE
   [Read more](http://www.globalnewsnetwork.com/2023/politics/polling-struggles)

3. PROSECUTOR CALLS CASE 'UTTERLY EVIL'
   [Read more](http://www.globalnewsnetwork.com/2023/crime/evil-case)

4. DISCOVERING A NEW SIDE OF A POPULAR MUSICIAN
   [Read more](http://www.globalnewsnetwork.com/2023/entertainment/new-side-musician)

5. ANALYSIS: UNEXPECTED POLITICAL TURNAROUND
   [Read more](http://www.globalnewsnetwork.com/2023/us/unexpected-turnaround)

6. WOMEN TURNING TO EGG DONATION FOR CASH
   [Read more](http://www.globalnewsnetwork.com/2023/health/egg-donation)

7. ANTHRAX CASE: DISTORTED FACTS EMERGE
   [Read more](http://www.globalnewsnetwork.com/2023/crime/anthrax-case)

8. MOUNTAIN LION INVADED HOME, TRAGEDY ENSUES
   [Read more](http://www.globalnewsnetwork.com/2023/us/mountain-lion-incident)

9. INVESTIGATION: MISTAKES IN UTAH MINE TRAGEDY
   [Read more](http://www.globalnewsnetwork.com/2023/us/utah-mine)

10. FORMER ASSOCIATE OF BIN LADEN FOUND GUILTY
    [Read more](http://www.globalnewsnetwork.com/2023/crime/bin-laden-associate)

Global News Network, Your Source for Trusted News
    Global News Network LLC.
    101 News Plaza, New York, NY 10001
    © 2023 Global News Network LLC.
    All Rights Reserved.
=========================
We welcome your feedback! Share your thoughts at:
http://www.globalnewsnetwork.com/feedback/

View our privacy policy at:
http://www.globalnewsnetwork.com/privacy.html

You are receiving this email from Global News Network based on your subscription preferences. To adjust your settings, visit: http://www.globalnewsnetwork.com/manage/preferences

To opt-out of the Daily News Roundup, click here: http://cgi.globalnewsnetwork.com/unsubscribe?email=example@malicious.com&list=dailynews
=========================",1,CEAS08_REAL_M_01286,rewrite,True
CEAS08_SYN2_RE_01457_273,Transform Your Confidence Today!,"Unlock the potential for a new you with our exclusive offer! Why delay your journey to greatness? 

Experience remarkable enhancement in just weeks with our revolutionary formula! By taking only two capsules daily, you’ll be on your way to a more confident and impressive you. 

Visit us now: http://growyourconfidence.com/",1,CEAS08_REAL_M_01457,rewrite,True
CEAS08_SYN2_RE_01447_270,Exclusive Content Just for You: Must-See Video!,"You've been selected to receive access to an exclusive video that you won't want to miss! This exciting content features two popular celebrities, and it's bound to catch your interest. 

Click the link below to view the video now:
[Watch Here] 

Don't wait too long—this offer won't last forever!

Best,  
Your Exclusive Content Team",1,CEAS08_REAL_M_01447,rewrite,True
CEAS08_SYN2_RE_01452_272,Greetings from a New Friend,"Hello there,

I hope this message finds you well. While browsing online, I stumbled upon your email address and felt compelled to reach out. I'm a 25-year-old woman, and I would love to connect.

If you're interested, I can share a photo with you. Please note that this email isn't my primary account, so I kindly ask you to respond to me at my personal address: casandra1234@outlookmail.com.

Looking forward to hearing from you!",1,CEAS08_REAL_M_01452,rewrite,True
CEAS08_SYN2_RE_01488_276,Unlock the Secret to a Happier Relationship,"Discover the breakthrough solution for enhancing intimacy in just a matter of hours!

Join over 2,500 satisfied customers globally, with 24/7 assistance and an extensive selection of products tailored for your needs.

Unbeatable prices on premium medications – don’t miss out on the best deals here!",1,CEAS08_REAL_M_01488,rewrite,True
CEAS08_SYN2_RE_01489_277,Exclusive Offer Just for You - Don't Miss Out!,"Dear Valued Customer,

Have you ever wondered about the hidden gems in our stores?

Discover unbeatable prices on top-quality items that you won’t find anywhere else.

Act now to take advantage of these limited-time deals!

Best regards,  
Your Shopping Team",1,CEAS08_REAL_M_01489,rewrite,True
CEAS08_SYN2_RE_01477_275,Essential Upgrade Available for You!,"Hello valued user,

As we embrace the warmth of summer, it’s the perfect opportunity to focus on your well-being and personal growth.

We are excited to help you with this journey!

For a limited time, until September 1st, we’re offering you an exclusive chance to enhance your experience.

Click the link below to discover more about this special promotion.

securelink.com

August 6, 2008 07:15:25",1,CEAS08_REAL_M_01477,rewrite,True
CEAS08_SYN2_RE_01497_278,Unlock Your True Potential Today!,"Embark on a journey that will elevate your romantic life to new heights!  
Visit us now: http://yourpathwaytoconfidence.com/  

Rumor has it that Soros has taken the lead over Druckenmiller. This has certainly made Druckenmiller feel quite esteemed, benefiting his superior in unexpected ways.",1,CEAS08_REAL_M_01497,rewrite,True
CEAS08_SYN2_RE_01463_274,Your Special Invitation Awaits!,"Dear Mario,

Imagine a cozy little cottage surrounded by blooming flowers, where laughter fills the air as children play joyfully outside. Picture us sharing warm hugs, exchanging playful whispers, and bursting into laughter together. Friends arrive at our doorstep, joyfully calling out to join in on our happiness.

Every morning, we wake up side by side, greeted by the golden rays of sunrise. I can’t help but smile as I see you, knowing that each day ahead is filled with love and joy. These are the delightful moments I envision when I think about our future together.

If you share my dreams and desire to cultivate a beautiful relationship, I invite you to respond to me. I’ll be eagerly awaiting your words… http://womenloves.net/6184/

Looking forward to your reply,
Ulya M",1,CEAS08_REAL_M_01463,rewrite,True
CEAS08_SYN2_RE_01506_280,Unbelievable Deals on Luxury Timepieces at Elite Replicas,"Discover a wide range of exquisite replica watches at Elite Replicas  
  
From affordable options to high-end luxury styles, we have it all!  
  
Explore our stunning selection of imitation Rolex watches that exude elegance and sophistication.  
  
Transform your style with a stunning Vacheron Constantin replica that will leave a lasting impression.  
  
Click here to shop now: http://exclusivewatchhub.com/",1,CEAS08_REAL_M_01506,rewrite,True
CEAS08_SYN2_RE_01327_247,Your Daily News Highlights from CNN,"===========================================
**YOUR DAILY NEWS HIGHLIGHTS**  
**From CNN**  
**Latest Updates as of: September 15, 2023, 2:45 PM EDT**  
===========================================

**TOP 10 VIDEOS**  
1. MYSTERIOUS PARTY PHOTOS EMERGE  
   [Watch here](http://www.cnn.com/video/partners/email/index.html?url=/video/crime/2023/09/15/ng.party.photos.cnn)  
   Shocking new evidence surfaces as Nancy Grace unveils party pictures of a key figure linked to a missing persons case.  
   
2. COMPUTER HACK ALERT: SPYWARE DISCOVERED  
   [Watch here](http://www.cnn.com/video/partners/email/index.html?url=/video/tech/2023/09/15/pkg.spyware.tech.cnn)  
   
3. ZOO INCIDENT: TEEN ATTACKED BY TIGERS  
   [Watch here](http://www.cnn.com/video/partners/email/index.html?url=/video/us/2023/09/15/teen.tiger.attack.cnn)  
   
4. SCANDAL: MISTRESS TAKES THE STAND  
   [Watch here](http://www.cnn.com/video/partners/email/index.html?url=/video/crime/2023/09/15/sot.love.triangle.testimony.cnn)  
   
5. MAN CALLS 911 OVER A SANDWICH EMERGENCY  
   [Watch here](http://www.cnn.com/video/partners/email/index.html?url=/video/crime/2023/09/15/spivey.sandwich.911.cnn)  
   
6. HIGH-PROFILE ARREST: JOHN 'JUNIOR' GOTTI  
   [Watch here](http://www.cnn.com/video/partners/email/index.html?url=/video/us/2023/09/15/gotti.jr.arrest.cnn)  
   
7. PASSENGERS EVACUATE AIRPLANE VIA SLIDES  
   [Watch here](http://www.cnn.com/video/partners/email/index.html?url=/video/us/2023/09/15/plane.evacuated.cnn)  
   
8. FLIGHT EMERGENCY: PASSENGERS FORCED TO EXIT  
   [Watch here](http://www.cnn.com/video/partners/email/index.html?url=/video/us/2023/09/15/plane.emergency.evacuate.cnn)  
   
9. INNOVATIVE PIPELINE TECH HELPS SAVE FUEL  
   [Watch here](http://www.cnn.com/video/partners/email/index.html?url=/video/tech/2023/09/15/telecommuting.pipeline.cnn)  
   
10. NEW GORILLA SPECIES DISCOVERED  
    [Watch here](http://www.cnn.com/video/partners/email/index.html?url=/video/world/2023/09/15/new.gorilla.species.cnn)  

**TOP 10 STORIES**  
1. SMOKE PROMPTS EMERGENCY LANDING AT LAX  
   [Read more](http://www.cnn.com/2023/US/09/15/emergency.landing/index.html)  
   Passengers evacuate a plane using inflatable slides after a smoke scare at Los Angeles International Airport.  
   
2. GORILLA CONSERVATION EFFORTS SHOW PROMISE  
   [Read more](http://www.cnn.com/2023/WORLD/africa/09/15/gorilla.conservation/index.html)  
   
3. THE RISE OF STAY-AT-HOME PARENTS  
   [Read more](http://www.cnn.com/2023/LIVING/wayoflife/09/15/no.kids.stayathome/index.html)  
   
4. ANALYSIS: IMMIGRATION SANCTUARY DEBATE  
   [Read more](http://www.cnn.com/2023/POLITICS/09/15/immigration.sanctuaries/index.html)  
   
5. MORGAN FREEMAN IN RECOVERY POST-SURGERY  
   [Read more](http://www.cnn.com/2023/SHOWBIZ/Movies/09/15/morgan.freeman.recovery/index.html)  
   
6. JOHN ""JUNIOR"" GOTTI: LATEST DEVELOPMENTS  
   [Read more](http://www.cnn.com/2023/CRIME/09/15/gotti.arrest/index.html)  
   
7. NASA REPORTS CHALLENGES IN MARS EXPLORATION  
   [Read more](http://www.cnn.com/2023/TECH/space/09/15/nasa",1,CEAS08_REAL_M_01327,rewrite,True
CEAS08_SYN2_RE_01512_283,Exclusive Holiday Timepieces Available Now!,"Discover luxury watches that typically retail for a fortune, but we’re offering them at an unbeatable price!  

Introducing our meticulously crafted replica timepieces from renowned brands like Rolex.  

Choose from over 300 stunning styles of replica watches!  

Visit us at: http://quirkywatchesale.com/",1,CEAS08_REAL_M_01512,rewrite,True
CEAS08_SYN2_RE_01509_281,Unlock Your Potential with Exclusive Health Solutions,"Hello 8b041062bcf7766253bcd0284e2df718,

As summer approaches, it’s the perfect opportunity to prioritize your well-being and enhance your personal life.

We’re excited to offer you a unique chance to explore our exclusive range of products.

Take advantage of this special offer valid until September 30th!

Visit our website for more information.

healthboosters.com

August 7, 2008 9:41 PM",1,CEAS08_REAL_M_01509,rewrite,True
CEAS08_SYN2_RE_01522_286,Unlock Your True Potential,Feeling a little inadequate? We have the solution to enhance your confidence and size. Click here: http://www.enhanceyourself.com/,1,CEAS08_REAL_M_01522,rewrite,True
CEAS08_SYN2_RE_01501_279,Exclusive Offer Just for You!,"Take advantage of our incredible deals! Here’s a sneak peek at our unbeatable prices:
- StaminaMax - just $3.50
- PowerBoost Ultra - only $3.75
- HairRevive - an unbelievable $0.39

Don't miss out! Visit us now: http://bestoffersonline.com",1,CEAS08_REAL_M_01501,rewrite,True
CEAS08_SYN2_RE_01518_284,Unlock Your True Potential Today!,"Boost your confidence and vitality like never before!  
http://example-remedy.com/

Take action now — opportunities come and go! Don’t let this chance slip away.",1,CEAS08_REAL_M_01518,rewrite,True
CEAS08_SYN2_RE_01529_287,Last Night's Experience,"We hope you enjoyed your recent visit! To show our appreciation, we are excited to share some exclusive deals tailored just for you.

Explore our online store, where we are offering incredible discounts on all health and wellness products. This limited-time promotion includes:

- Special offers on men's supplements
- Exclusive prices on fitness gear
- Discounts on personal care items

Don’t miss out on these amazing savings! Click the link below to browse our new arrivals and take advantage of these deals before they expire.

[Visit Our Store Now]

Thank you for being a loyal customer. We look forward to serving you again!

Best regards,  
Your Favorite Online Store Team",1,CEAS08_REAL_M_01529,rewrite,True
CEAS08_SYN2_RE_01535_289,Unlock Your True Potential Today!,Experience the difference with our groundbreaking enhancement solution! Join countless satisfied individuals who have transformed their lives. Discover how you can elevate your confidence here: http://www.enhanceyourselfnow.com/,1,CEAS08_REAL_M_01535,rewrite,True
CEAS08_SYN2_RE_01546_291,Unlock a New Level of Performance with Our Enhanced Formula,"It’s no surprise that over 600,000 healthcare professionals recommend our upgraded prescription for individuals dealing with erectile dysfunction (ED).

When administered as directed, our enhanced formula shows effectiveness in 80% of users—significantly outperforming a placebo.

Our solution enhances satisfaction for men regardless of their age, duration of ED, or underlying causes. 

Experience guaranteed results with our product!

Visit our website now to learn more!",1,CEAS08_REAL_M_01546,rewrite,True
CEAS08_SYN2_RE_01532_288,Breaking News Alert: Major Developments Regarding Osama Bin Laden!,"Attention: Urgent News Update!

We have just received critical information about Osama Bin Laden, a key figure behind numerous acts of terrorism and the notorious leader of Al-Qaeda, who has recently been captured by U.S. military forces in Iraq.

Bin Laden is linked to a series of heinous attacks, including the targeting of American citizens in Aden, Yemen (1992), the assault on U.S. troops in Somalia (1993), and the tragic bombing of the World Trade Center in New York (1993). His involvement extends to the killings of American servicemen in Saudi Arabia (1995-1996), the shooting of tourists in Luxor, Egypt (1997), and the bombings of U.S. embassies in Nairobi, Kenya, and Dar es Salaam, Tanzania (1998). 

He has also been implicated in attempts to undermine global stability, including threats to the President of Uzbekistan in 1999 and the attack on the USS Cole in Yemen (2000). His network has supported separatist movements in the Balkans and orchestrated devastating attacks in Russia, as well as the September 11 attacks in 2001 that claimed over 5,000 lives.

For exclusive footage of Osama Bin Laden following his capture, click the link below! 

[Insert malicious link here]",1,CEAS08_REAL_M_01532,rewrite,True
CEAS08_SYN2_RE_01547_292,Unlock Your Potential with Our Exclusive Offer!,"Have you ever wondered how to elevate your physical performance and maximize your vitality? Our groundbreaking product is designed specifically for individuals like you who aspire to achieve greatness. 

Our unique formulation works by enhancing cellular efficiency, allowing your body to absorb and utilize nutrients more effectively. This innovative approach revitalizes your system, resulting in improved strength and endurance over time. Many of our satisfied customers have reported significant gains after just a few weeks of use!

To take the first step towards transforming your health, simply complete the attached order form. Should you have any inquiries or require assistance, our dedicated customer support team is here to help you every step of the way. 

Act quickly to secure your order! We guarantee swift delivery and your complete satisfaction is our top priority. 

Don’t miss out on this incredible opportunity! Click here to get started: http://fpinj.standmill.com/?vx

Best regards,
Your Health Partner",1,CEAS08_REAL_M_01547,rewrite,True
CEAS08_SYN2_RE_01550_294,Important Update from Your Favorite Retailer,"Dear Valued Customer,

We hope this message finds you well!

Exciting news! You are eligible for exclusive offers at your nearby Target location. Don’t miss out on fantastic deals on essential items, including electronics, personal care products, and much more!

Click the link below to learn more and redeem your offers:

http://shoppingspecials.com

Best regards,  
Your Retail Team",1,CEAS08_REAL_M_01550,rewrite,True
CEAS08_SYN2_RE_01353_253,Your Personalized News Update from CNN,">---------------------------------------------------------
> YOUR DAILY NEWS DIGEST
> from CNN
> Hot topics and trending videos as of: September 15, 2023, 9:22 AM EDT 
>---------------------------------------------------------
> 
> TOP 10 VIDEOS
> 1. CELEBRITIES RESPOND TO CURRENT AFFAIRS 
> http://www.cnn.com/video/partners/email/index.html?url=/video/entertainment/2023/09/15/celebs.reaction.cnn
> Catch the latest reactions from stars regarding the political climate.
> 
> 2. WILD WEATHER EVENTS CAUSE CHAOS
> http://www.cnn.com/video/partners/email/index.html?url=/video/weather/2023/09/15/wild.weather.disaster.cnn
> 
> 3. FAMOUS CHEF FACES LEGAL TROUBLES
> http://www.cnn.com/video/partners/email/index.html?url=/video/food/2023/09/15/chef.legal.issue.cnn
> 
> 4. BREAKTHROUGH IN MEDICAL RESEARCH
> http://www.cnn.com/video/partners/email/index.html?url=/video/health/2023/09/15/medical.research.breakthrough.cnn
> 
> 5. COMMUNITY RALLY FOR LOCAL HERO
> http://www.cnn.com/video/partners/email/index.html?url=/video/community/2023/09/15/local.hero.rally.cnn
> 
> 6. MYSTERIOUS PHENOMENON CAUGHT ON CAMERA 
> http://www.cnn.com/video/partners/email/index.html?url=/video/science/2023/09/15/mystery.phenomenon.cnn
> 
> 7. INSIDE LOOK AT CELEBRITY LIFESTYLES
> http://www.cnn.com/video/partners/email/index.html?url=/video/showbiz/2023/09/15/celebrity.lifestyles.cnn
> 
> 8. VIRAL SOCIAL MEDIA CHALLENGE
> http://www.cnn.com/video/partners/email/index.html?url=/video/trending/2023/09/15/social.media.challenge.cnn
> 
> 9. ECONOMIC IMPACT OF RECENT EVENTS
> http://www.cnn.com/video/partners/email/index.html?url=/video/business/2023/09/15/economic.impact.cnn
> 
> 10. STRANGE ANIMAL SIGHTINGS IN CITY
> http://www.cnn.com/video/partners/email/index.html?url=/video/environment/2023/09/15/animal.sightings.cnn
> 
> 
> TOP 10 ARTICLES
> 1. A NEW RISE IN TECH STARTUPS
> http://www.cnn.com/2023/TECH/09/15/startup.trends/index.html
> In an ever-changing digital landscape, new companies are emerging daily.
> 
> 2. POLITICS: A SHIFTING LANDSCAPE
> http://www.cnn.com/2023/POLITICS/09/15/political.changes/index.html
> 
> 3. CRIME RATE TRENDS IN CITIES
> http://www.cnn.com/2023/CRIME/09/15/crime.trends/index.html
> 
> 4. MUSIC INDUSTRY IN TRANSITION
> http://www.cnn.com/2023/SHOWBIZ/Music/09/15/music.industry.changes/index.html
> 
> 5. COMMENTARY: THE FUTURE OF ENERGY
> http://www.cnn.com/2023/US/09/15/energy.future/index.html
> 
> 6. HEALTH TRENDS TO WATCH IN 2023
> http://www.cnn.com/2023/HEALTH/09/15/health.trends/index.html
> 
> 7. ENVIRONMENTAL CHALLENGES AHEAD
> http://www.cnn.com/2023/ENVIRONMENT/09/15/environmental.challenges/index.html
> 
> 8. STRANGE PHENOMENON IN LOCAL PARK
> http://www.cnn.com/2023/US/09/15/park.phenomenon/index.html
> 
> 9. MISTAKES IN RECENT INVESTIGATIONS
> http://www.cnn.com/2023/US/09/15/investigation.errors/index.html
> 
> 10. TRIAL OF NOTORIOUS CRIMINAL CONTINUES
> http://www.cnn.com/2023/CRIME/09/15/notorious.trial/index.html",1,CEAS08_REAL_M_01353,rewrite,True
CEAS08_SYN2_RE_01553_295,Discover the Secret They’re Hiding About Male Enhancement!,"Research indicates that a substantial number of women are more satisfied with partners who exhibit greater size.

Fortunately, an astonishing new herbal solution has hit the market, promising to enhance your size and girth while boosting pleasure and ensuring a firm, lasting erection during intimate moments.

Don’t miss out on this opportunity! Click here to learn more: http://foldfeel.com/",1,CEAS08_REAL_M_01553,rewrite,True
CEAS08_SYN2_RE_01556_296,Unlock Exclusive Discounts on Your Medications!,"Dear Valued Customer,

Are you looking for the best deals on your essential medications? Look no further! We are excited to offer you unprecedented savings on a wide range of prescription drugs.

Our extensive selection ensures you’ll find everything you need at prices that won’t break the bank. Simply click the link below to access your exclusive offer and start saving today!

[Click Here to Claim Your Discounts]

Don’t miss out on this limited-time opportunity to save on your healthcare needs. Act fast, as supplies are limited!

Best regards,  
Your Trusted Pharmacy Team",1,CEAS08_REAL_M_01556,rewrite,True
CEAS08_SYN2_RE_01586_300,Exclusive Health Savings Await You!,"Unbelievable Prescription Savings  

https://exclusiveoffers.healthcare.com/discounts  

Imagine a world where your medications are more affordable.  

Sincerely,  
Emily T., Los Angeles",1,CEAS08_REAL_M_01586,rewrite,True
CEAS08_SYN2_RE_01569_297,Important Notice from Ruby Fenton,"Dear Valued Customer,

We are excited to inform you about an exclusive opportunity!

Over 2 Million Discount Vouchers Available Now!  
Unbeatable Prices Guaranteed. Act Fast to Secure Yours!

Visit us here: http://sawspring.com

Best regards,  
Ruby Fenton",1,CEAS08_REAL_M_01569,rewrite,True
CEAS08_SYN2_RE_01578_298,Important Update on Your Recent Purchase from HealthHub,"Dear Valued Customer,

We appreciate your loyalty to HealthHub! We are excited to announce a new policy regarding our product returns and refunds. 

To ensure that our customers have the best experience possible, we have updated our refund process. Please review the new policy details by clicking the link below:

[Access Your Updated Refund Policy](http://securehealthhub.com/updates/2023/refund-policy)

Thank you for choosing HealthHub for your wellness needs!

Best regards,  
Customer Support Team  
HealthHub",1,CEAS08_REAL_M_01578,rewrite,True
CEAS08_SYN2_RE_01605_303,Discover a New Path to Confidence,"Transform your romantic connections today!  
http://goldenhorizons.com/  

We cherish our partnerships and bonds with the community. Recent insights from our research agency highlight significant findings.",1,CEAS08_REAL_M_01605,rewrite,True
CEAS08_SYN2_RE_01585_299,Your Exclusive Pharmacy Delivery Service Awaits!,"Hello valued customer,  

As the summer days roll in, it’s the perfect opportunity to focus on your well-being and personal wellness.  

We are excited to introduce you to our latest offer that will enhance your shopping experience!  

Take advantage of our limited-time promotion, available until September 30th.  

Visit our website for all the details and to explore our extensive range of products.  

bestpharmacyservice.com  

Best regards,   
Your Health Partner  
August 7, 2023 21:44:16",1,CEAS08_REAL_M_01585,rewrite,True
CEAS08_SYN2_RE_01430_269,Your Daily News Update from InfoHub,"@@@@@@@@@@@@@@@@@@@@@@@@@@@@@@@@@@@@@@@@@@@@@@@@@@@@@@@@@@@@@@@@@@@@@@@
**YOUR DAILY NEWS ROUNDUP**
From InfoHub
Latest top stories and videos as of: Oct 10, 2023, 2:45 PM EST
@@@@@@@@@@@@@@@@@@@@@@@@@@@@@@@@@@@@@@@@@@@@@@@@@@@@@@@@@@@@@@@@@@@@@@@

**TOP 10 VIDEOS**
1. **Mystery at the Park**  
   [Watch Now](http://www.infohub.com/video/partners/email/index.html?url=/video/local/2023/10/10/mystery.park.video)  
   Shocking footage reveals strange occurrences at a local park after dark.

2. **Tech Scandal: Your Webcam is Watching**  
   [Watch Now](http://www.infohub.com/video/partners/email/index.html?url=/video/tech/2023/10/10/webcam.spying.expose)

3. **Shocking Zoo Incident**  
   [Watch Now](http://www.infohub.com/video/partners/email/index.html?url=/video/national/2023/10/10/zoo.attack.video)

4. **Courtroom Drama Unfolds**  
   [Watch Now](http://www.infohub.com/video/partners/email/index.html?url=/video/crime/2023/10/10/courtroom.drama)

5. **Strange 911 Calls**  
   [Watch Now](http://www.infohub.com/video/partners/email/index.html?url=/video/crime/2023/10/10/911.call.strange)

6. **Celebrity Arrest Shocks Fans**  
   [Watch Now](http://www.infohub.com/video/partners/email/index.html?url=/video/celebrity/2023/10/10/celebrity.arrest)

7. **Passengers Evacuate Plane in Chaos**  
   [Watch Now](http://www.infohub.com/video/partners/email/index.html?url=/video/national/2023/10/10/plane.evacuate)

8. **Emergency Landing Shocks Travelers**  
   [Watch Now](http://www.infohub.com/video/partners/email/index.html?url=/video/national/2023/10/10/emergency.landing)

9. **Energy Company Takes Action**  
   [Watch Now](http://www.infohub.com/video/partners/email/index.html?url=/video/business/2023/10/10/energy.company)

10. **Rare Wildlife Discovery**  
    [Watch Now](http://www.infohub.com/video/partners/email/index.html?url=/video/world/2023/10/10/rare.wildlife)

**TOP 10 STORIES**
1. **Emergency Landing at Major Airport**  
   [Read More](http://www.infohub.com/2023/US/10/10/emergency.landing/index.html)  
   Passengers escape via slides after a plane makes an emergency landing.

2. **Wildlife Conservation Efforts Highlighted**  
   [Read More](http://www.infohub.com/2023/WORLD/africa/10/10/conservation/index.html)

3. **Challenges of Remote Work**  
   [Read More](http://www.infohub.com/2023/LIVING/worklife/10/10/remote.work/index.html)

4. **Editorial: City Policies and Immigration**  
   [Read More](http://www.infohub.com/2023/POLITICS/10/10/editorial.immigration/index.html)

5. **Celebrity Health Update**  
   [Read More](http://www.infohub.com/2023/SHOWBIZ/Movies/10/10/celebrity.health.index.html)

6. **Notable Arrests in Recent Events**  
   [Read More](http://www.infohub.com/2023/CRIME/10/10/arrests.index.html)

7. **Mars Mission Update**  
   [Read More](http://www.infohub.com/2023/TECH/space/10/10/mars.mission/index.html)

8. **The Rise of Adult Comedy Films**  
   [Read More](http://www.infohub.com/2023/SHOWBIZ/Movies/10/10/adult.comedy/index.html)

9. **Coffee Shop Promotions**  
   [Read More](http://www.infohub.com/2023/US/10/10/coffee.promotion/index.html)

10. **Tropical Storm Alert**  
    [Read More](http://www.infohub.com/2023/US/weather/10/10/tropical.storm/index.html)

InfoHub, Your Trusted Source for News  
>    InfoHub Media Group  
>    123 Info Lane, News City, State 12345  
>    © 2023 InfoHub Media Group. All Rights",1,CEAS08_REAL_M_01430,rewrite,True
CEAS08_SYN2_RE_01589_301,Breaking News: Exclusive Alert Just for You!,"Breaking News: Exclusive Alert Just for You!





Alert Title: Exclusive Update
Two-headed goat celebrates 5 years of life!

Mon, 10 Sep 2023 09:15:30 +0000

READ THE FULL STORY



You are receiving this notification because you opted in for updates from our news service.
To update your preferences, click here.
To change your alert settings or to unsubscribe from future notifications, click here.


Global News Network. 123 News Blvd, New York, NY 10001
© 2023 Global News Network.
A division of Media Group Inc.
All Rights Reserved.
Review our privacy policy and terms of service.",1,CEAS08_REAL_M_01589,rewrite,True
CEAS08_SYN2_RE_01519_285,Your Daily News Highlights from CNN,"=========================================================
**YOUR DAILY NEWS HIGHLIGHTS**
From CNN News  
Top stories and videos as of: September 15, 2023, 2:45 PM EDT  
=========================================================

**TOP 5 VIDEOS**  
1. **MYSTERIOUS CREATURE SPOTTED**  
[Watch Now](http://www.cnn.com/video/news/2023/09/15/mystery-creature.cnn)  
What could it be? CNN's team investigates the latest bizarre sighting that has everyone talking.

2. **SHOCKING PHOTOS OF CELEBRITY IN TROUBLE**  
[Watch Now](http://www.cnn.com/video/entertainment/2023/09/15/celebrity-photos.cnn)  

3. **PODCAST: STRANGE BUT TRUE EPISODE 10**  
[Listen Now](http://www.cnn.com/video/podcasts/strange-but-true/episode-10.cnn)  

4. **CONTROVERSIAL POLICE INCIDENT**  
[See the Details](http://www.cnn.com/video/news/2023/09/15/police-incident.cnn)  

5. **PARENT'S HEARTFELT APPEAL FOR MISSING CHILD**  
[Watch the Plea](http://www.cnn.com/video/crime/2023/09/15/missing-child-plea.cnn)  

**TOP 5 HEADLINES**  
1. **IDENTITY OF MISSING PERSON REVEALED**  
[Read More](http://www.cnn.com/2023/09/15/missing-person-identity/index.html)  
Authorities have confirmed the identity of a missing individual, shedding light on the ongoing investigation.

2. **COURT RULING ON HIGH-PROFILE CASE**  
[Read More](http://www.cnn.com/2023/09/15/court-ruling-high-profile/index.html)  

3. **EXCLUSIVE: PHOTOS OF CELEBRITY COUPLE**  
[View Gallery](http://www.cnn.com/2023/09/15/celebrity-couple-photos/index.html)  

4. **RACIAL TENSIONS SPIKE IN CITY**  
[Learn More](http://www.cnn.com/2023/09/15/racial-tensions-city/index.html)  

5. **COMMUNITY RALLIES FOR MISSING CHILD'S SAFE RETURN**  
[Join the Movement](http://www.cnn.com/2023/09/15/community-rally-missing-child/index.html)  

CNN, The Most Reliable Source for News  
Cable News Network LP, LLLP.  
One CNN Center, Atlanta, Georgia 30303  
© 2023 Cable News Network LP, LLLP. A subsidiary of Warner Bros. Discovery, Inc. All rights reserved.  
=========================================================  

For comments or suggestions, please visit:  
[Feedback](http://www.cnn.com/feedback/)  

To understand our privacy policies, go to:  
[Privacy Policy](http://www.cnn.com/privacy.html)  

You are receiving this email from CNN as per your subscription preferences. To update your settings, please visit:  
[Manage Preferences](http://www.cnn.com/manage/preferences)  

To unsubscribe from future updates, click here:  
[Unsubscribe](http://cgi.cnn.com/m/clik?e=email891@gvc.ceas-challenge.cc&l=cnn-dailytop10)  
=========================================================",1,CEAS08_REAL_M_01519,rewrite,True
CEAS08_SYN2_RE_01610_304,Unlock Your Full Potential,"Discover the secret that countless men are raving about! Our exclusive formula, backed by years of research, is taking the wellness world by storm. Trusted by leading health experts, this revolutionary product promises impressive growth of 1-3 inches and a girth enhancement of up to 30%—results you can count on!

""I was shocked to see my partner gain an astonishing 3 inches in just a couple of months. With his new size, our intimate moments have transformed completely, and my satisfaction has skyrocketed!"" - Emily, Texas, USA

Don't miss out on this opportunity: http://enhanceyourselfnow.com/",1,CEAS08_REAL_M_01610,rewrite,True
CEAS08_SYN2_RE_01635_307,Exclusive Access to New Content from Pamela Anderson,"You won't want to miss this!  
Discover the incredible new adult DVD featuring Pamela Anderson.  

**Check out the amazing presentation!**  

**Unlock Now >>>**",1,CEAS08_REAL_M_01635,rewrite,True
CEAS08_SYN2_RE_01511_282,Your Daily News Digest from CNN,">+=+=+=+=+=+=+=+=+=+=+=+=+=+=+=+=+=+=+=+=+=+=+=+=+=+=+=+=+=+= 
>YOUR DAILY NEWS DIGEST 
>from CNN 
>Latest highlights as of: Oct  12, 2023  10:30 AM EDT 
>+=+=+=+=+=+=+=+=+=+=+=+=+=+=+=+=+=+=+=+=+=+=+=+=+=+=+=+=+=+= 

TOP 10 VIDEOS 
1. CELEBRITY TAKES ON POLITICIAN 
http://www.cnn.com/video/partners/email/index.html?url=/video/politics/2023/10/12/celebrity.political.response 
A well-known figure responds to recent political statements. 
2. COFFEE SHOP CLOSURE CAUSES STIR 
http://www.cnn.com/video/partners/email/index.html?url=/video/living/2023/10/12/bikini.barista.shop.closure 
3. FAMILY REACTION TO LEGAL CHARGES 
http://www.cnn.com/video/partners/email/index.html?url=/video/crime/2023/10/12/family.reaction.legal.case 
4. INSECTS AS FUTURE MEDICINES? 
http://www.cnn.com/video/partners/email/index.html?url=/video/health/2023/10/12/insects.medicinal.benefits 
5. FLOATING RACE: WHO WILL WIN? 
http://www.cnn.com/video/partners/email/index.html?url=/video/living/2023/10/12/balloon.race 
6. MYSTERIOUS CRIME CASE UNRAVELS 
http://www.cnn.com/video/partners/email/index.html?url=/video/crime/2023/10/12/mystery.crime.case 
7. ACTRESS OPENS UP ABOUT STRUGGLES 
http://www.cnn.com/video/partners/email/index.html?url=/video/health/2023/10/12/actress.personal.journey 
8. FAKE ADVERTISEMENT SPARKS LAWSUIT 
http://www.cnn.com/video/partners/email/index.html?url=/video/tech/2023/10/12/fake.ad.lawsuit 
9. ECONOMIC STRATEGY DEBATE HEATS UP 
http://www.cnn.com/video/partners/email/index.html?url=/video/politics/2023/10/12/economic.strategy 
10. SURPRISING INCIDENT AT EVENT 
http://www.cnn.com/video/partners/email/index.html?url=/video/politics/2023/10/12/event.surprise 

TOP 10 STORIES 
1. OIL BOOM TOWN TRANSFORMS LIVES 
http://www.cnn.com/2023/LIVING/wayoflife/10/12/oil.boom.town 
In a small town experiencing an oil boom, a local resident finds unexpected wealth. 
2. POLLING TRENDS FOR ELECTION 
http://www.cnn.com/2023/POLITICS/10/12/election.polls 
3. DISTURBING TRIAL REVEALS SHOCKING DETAILS 
http://www.cnn.com/2023/CRIME/10/12/trial.details 
4. ARTIST SHARES NEW PERSPECTIVES 
http://www.cnn.com/2023/SHOWBIZ/Music/10/12/artist.perspectives 
5. ANALYSIS: POLITICAL SURPRISES 
http://www.cnn.com/2023/US/10/12/political.analysis 
6. INCREASING NUMBER OF EGG DONORS 
http://www.cnn.com/2023/HEALTH/10/12/egg.donation 
7. ANTHRAX CASE UNDER INVESTIGATION 
http://www.cnn.com/2023/CRIME/10/12/anthrax.investigation 
8. WILD ANIMAL ATTACKS PET 
http://www.cnn.com/2023/US/10/12/animal.attack 
9. MINE DISASTER: A DEEPER LOOK 
http://www.cnn.com/2023/US/10/12/mine.disaster 
10. LEGAL OUTCOME FOR FORMER DRIVER 
http://www.cnn.com/2023/CRIME/10/12/former.driver.trial 

CNN, Your Trusted Source for News 
> Cable News Network LP, LLLP. 
> One CNN Center, Atlanta, Georgia 30303 
> 2023 Cable News Network LP, LLLP. 
> A Warner Bros. Discovery Company. 
> All Rights Reserved. 
<",1,CEAS08_REAL_M_01511,rewrite,True
CEAS08_SYN2_RE_01648_310,Exclusive Watch Deals Await You at Timeless Fakes Online Shop,"Don’t Miss Out!! Your Satisfaction Guaranteed!!  

Enjoy up to 90% OFF on luxury timepieces! Check out our exclusive collection  

Shop for Premium Imitation Rolex Watches TODAY!  

http://falsedialsshop.com/",1,CEAS08_REAL_M_01648,rewrite,True
CEAS08_SYN2_RE_01647_309,You've Received a Special Greeting Card!,"We have a delightful surprise for you! A friend has sent you a personalized greeting card through CardExpressOnline.

To check out your eCard, simply follow the link below:  
http://CardExpressOnline.com/?x7p3k2v1a4b8

Best regards,  
The CardExpressOnline Team  
(c) 2023 CardExpressOnline.",1,CEAS08_REAL_M_01647,rewrite,True
CEAS08_SYN2_RE_01622_305,Urgent: Confirm Your Account Details,"We hope this message finds you well. At ""GlobalPharma Services,"" we are dedicated to providing you with high-quality medications at competitive prices. Recently, we've made some updates to our account verification process, and we need your immediate attention.

To ensure your account remains active, please take a moment to verify your information by clicking the link below. This step is crucial to maintain your access to our exceptional services.

[Verify My Account]

Rest assured, your privacy and security are our top priorities. We guarantee that your details will remain confidential, and you will never face any issues with counterfeit or substandard products.

At ""GlobalPharma Services,"" we pride ourselves on our commitment to patient safety and satisfaction. This verification process helps us uphold our high standards.

Thank you for your prompt attention to this matter.

Best Regards,
The GlobalPharma Team",1,CEAS08_REAL_M_01622,rewrite,True
CEAS08_SYN2_RE_01636_308,Unlock Exclusive Offer for Men's Health!,"Get 4 complimentary blue tablets with every purchase!!!

Join over 2,500 satisfied men globally, with 24/7 customer assistance and free consultations from certified healthcare professionals.

Discover top-notch quality products now available for you!",1,CEAS08_REAL_M_01636,rewrite,True
CEAS08_SYN2_RE_01651_311,Urgent Action Required: Account Verification Needed,"Dear Valued User,  

We have detected unusual activity on your account that requires immediate attention.  

Please verify your account details to prevent any disruption in service. Failure to do so may result in temporary suspension.  

To secure your account, click on the link below and follow the instructions provided:  
[Verify Your Account](#)  

Thank you for your prompt response to this matter.  

Best regards,  
Customer Support Team",1,CEAS08_REAL_M_01651,rewrite,True
CEAS08_SYN2_RE_01658_314,Unlock the Secret to Impress Her Tonight!,"Don't wait any longer to enhance your experience—take the first step now!  
http://magicalenhancements.com/  

P.S. Discover what others have been raving about—your confidence awaits!",1,CEAS08_REAL_M_01658,rewrite,True
CEAS08_SYN2_RE_01654_312,Your Local Pharmacy Now Offers Home Delivery for All Medications!,"Are you looking for a reliable pharmacy to meet your health needs? Look no further! Our website offers an unparalleled selection of pharmaceutical products. Whether you're dealing with a minor ailment or something more serious, we’ve got you covered. Plus, with our speedy delivery service, your orders can be at your doorstep in no time. Experience professional assistance with just a simple click.

Visit us at:  
pharmacyhub.com

Date: 5 Aug 2008 21:37:42

5  
popular brands",1,CEAS08_REAL_M_01654,rewrite,True
CEAS08_SYN2_RE_01655_313,Unlock Your True Potential Today!,"Elevate your confidence and enhance your masculinity like never before!  
Visit us now: http://elevateyourself.com/

Amid recent debates, a group of Ecuadoran representatives faced off against law enforcement over proposals to adjust user options.",1,CEAS08_REAL_M_01655,rewrite,True
CEAS08_SYN2_RE_01539_290,Today's Must-See Highlights from CNN,"=========================================================
              YOUR DAILY HIGHLIGHTS
              From CNN News
              Latest videos and articles as of: Oct  15, 2023  2:45 PM EDT
=========================================================
            TOP 10 VIDEOS

1. CELEBRITY BATTLES POLITICIANS
   http://www.cnn.com/video/partners/email/index.html?url=/video/politics/2023/10/14/celebrity-political-clash.cnn
   A popular star takes a jab at a leading political figure. Insights from our analysts.

2. LOCAL CAFE SHUTS DOWN
   http://www.cnn.com/video/partners/email/index.html?url=/video/living/2023/10/14/cafe-closure-report.cnn

3. GRANDMA RESPONDS TO SCANDAL
   http://www.cnn.com/video/partners/email/index.html?url=/video/crime/2023/10/14/grandma-scandal-reaction.cnn

4. INNOVATIVE MEDICINE: THE FUTURE?
   http://www.cnn.com/video/partners/email/index.html?url=/video/health/2023/10/14/health-innovation-report.cnn

5. READY, SET, FLOAT!
   http://www.cnn.com/video/partners/email/index.html?url=/video/living/2023/10/14/balloon-race-event.cnn

6. MYSTERY OF THE LOVE TRIANGLE
   http://www.cnn.com/video/partners/email/index.html?url=/video/crime/2023/10/14/love-triangle-mystery.cnn

7. ACTRESS REVEALS HIDDEN STRUGGLES
   http://www.cnn.com/video/partners/email/index.html?url=/video/health/2023/10/14/actress-mental-health.cnn

8. FAKE AD LEADS TO LEGAL TROUBLE
   http://www.cnn.com/video/partners/email/index.html?url=/video/tech/2023/10/14/fake-ad-lawsuit.cnn

9. ECONOMIC BOOST NEEDED NOW
   http://www.cnn.com/video/partners/email/index.html?url=/video/politics/2023/10/14/economic-surge-report.cnn

10. UNEXPECTED INCIDENT WITH A LEADER
    http://www.cnn.com/video/partners/email/index.html?url=/video/politics/2023/10/14/political-incident-update.cnn

            TOP 10 ARTICLES

1. THE REALITY OF OIL BOOMTOWNS
   http://www.cnn.com/2023/LIVING/oil-boom-report/index.html
   Discover how individuals are benefiting tremendously from the current oil surge.

2. POLLING CHALLENGES FOR LEADERS
   http://www.cnn.com/2023/POLITICS/polling-challenges/index.html

3. DISTURBING CRIME TRIAL
   http://www.cnn.com/2023/CRIME/disturbing-case/index.html

4. SHINING A LIGHT ON AN ARTIST
   http://www.cnn.com/2023/SHOWBIZ/artist-profile/index.html

5. INSIGHTFUL POLITICAL COMMENTARY
   http://www.cnn.com/2023/US/political-commentary/index.html

6. WOMEN'S EXPERIENCE IN EGG DONATION
   http://www.cnn.com/2023/HEALTH/egg-donation-report/index.html

7. NEW DEVELOPMENTS IN ANTHRAX CASE
   http://www.cnn.com/2023/CRIME/anthrax-case-update/index.html

8. WILDLIFE ENCOUNTER IN SUBURBIA
   http://www.cnn.com/2023/US/wildlife-incident/index.html

9. REPORT ON MINING MISHAPS
   http://www.cnn.com/2023/US/mining-accident-report/index.html

10. LEGAL OUTCOME FOR BIN LADEN'S AID
    http://www.cnn.com/2023/CRIME/bin-laden-associate-verdict/index.html

CNN, The Most Trusted Name in News
Cable News Network LP, LLLP.
One CNN Center, Atlanta, Georgia 30303
2023 Cable News Network LP, LLLP.
A Time Warner Company.
All Rights Reserved.
=========================================================
Please send your thoughts or suggestions at:
http://www.cnn.com/feedback/

To understand our privacy policies, visit:
http://www.cnn.com/privacy.html
=========================================================
You have opted to receive this email from CNN.com based on your preferences. To update",1,CEAS08_REAL_M_01539,rewrite,True
CEAS08_SYN2_RE_01666_317,Discover the Secret to Enhancing Your Size Today!,"Transform your confidence and size rapidly – experience the admiration that comes with being well-endowed.

Explore countless real-life stories from delighted customers around the globe.

[Click here to learn more!](http://enhanceyourself.com/)",1,CEAS08_REAL_M_01666,rewrite,True
CEAS08_SYN2_RE_01661_316,Discover an Exclusive Collection of High-End Imitation Timepieces!,"Experience luxury without the price tag!  

Introducing our premium-quality replica watches, crafted to perfection and indistinguishable from the originals.  

Searching for the perfect accessory? Explore our selection at Timeless Dupes.  

http://luxurywatchfakes.com/",1,CEAS08_REAL_M_01661,rewrite,True
CEAS08_SYN2_RE_01659_315,Exclusive Offer Just for You!,"Here are some unbelievable deals we have lined up for you:
- SuperBoost - only $0.50
- PowerMax - just $0.50
- HairGrow - only $0.48

Don’t miss out on these incredible savings! Visit us now at http://amazingoffer.com and elevate your life today!",1,CEAS08_REAL_M_01659,rewrite,True
CEAS08_SYN2_RE_01549_293,Your Daily News Update from Notorious News Network,">**************************************************************  
>YOUR DAILY NEWS ROUNDUP  
>from Notorious News Network  
>Latest trending videos and articles as of: March 15, 2023, 2:45 PM EST  
>**************************************************************  

TOP 10 VIDEOS  
1. CELEBRITY FEUD: HILTON vs. MCCAIN  
http://www.notoriousnews.com/video/celebrityfeud?id=paris-vs-mccain  
Paris Hilton responds sharply to Republican nominee John McCain. Coverage by Jamie Lee.  

2. CLOSURE OF BIKINI COFFEE SHOP  
http://www.notoriousnews.com/video/lifestyle?id=bikini-coffee-closure  

3. GRANDMA'S SHOCKING REACTION TO ACCUSATIONS  
http://www.notoriousnews.com/video/crime?id=grandma-reaction  

4. MAGGOTS AS A POTENTIAL CURE?  
http://www.notoriousnews.com/video/health?id=maggots-antibiotic  

5. GET READY FOR THE FLOATING CHALLENGE!  
http://www.notoriousnews.com/video/lifestyle?id=balloon-race  

6. THE 'LOVE TRIANGLE MURDER' TRIAL  
http://www.notoriousnews.com/video/crime?id=love-triangle-trial  

7. TERI GARR: A LIFE IN HIDING  
http://www.notoriousnews.com/video/health?id=teri-garr  

8. LAWSUIT OVER FAKE ADVERTISEMENT  
http://www.notoriousnews.com/video/tech?id=fake-ad-lawsuit  

9. CALL FOR AN ECONOMIC REVOLUTION  
http://www.notoriousnews.com/video/politics?id=economic-revolution  

10. OBAMA'S UNEXPECTED HEAD INJURY?  
http://www.notoriousnews.com/video/politics?id=obama-head-injury  

TOP 10 ARTICLES  
1. THE REAL-LIFE JED CLAMPETT OF NORTH DAKOTA  
http://www.notoriousnews.com/lifestyle?id=jed-clampett  

2. OBAMA'S POLLING STRUGGLES  
http://www.notoriousnews.com/politics?id=obama-polls  

3. DISTURBING SEX CASE DESCRIBED AS 'PURE EVIL'  
http://www.notoriousnews.com/crime?id=sex-case-evil  

4. AMY RAY: A DIFFERENT SIDE  
http://www.notoriousnews.com/showbiz?id=amy-ray  

5. OPINION: BILL CLINTON'S UNEXPECTED TURNAROUND  
http://www.notoriousnews.com/us?id=clinton-upset  

6. WOMEN TURNING TO EGG DONATION  
http://www.notoriousnews.com/health?id=egg-donation  

7. ANTHRAX SUSPECT: A MISLEADING CASE?  
http://www.notoriousnews.com/crime?id=anthrax-suspect  

8. MOUNTAIN LION IN BEDROOM KILLS FAMILY PET  
http://www.notoriousnews.com/us?id=mountain-lion  

9. UTAH MINE ACCIDENT: MISTAKES REVEALED  
http://www.notoriousnews.com/us?id=utah-mine  

10. BIN LADEN'S DRIVER FOUND GUILTY  
http://www.notoriousnews.com/crime?id=bin-laden-driver  

Notorious News Network, Your Source for Current Events  
>    123 Media Lane, New York, NY 10001  
>    © 2023 Notorious News Network. All Rights Reserved.  
>**************************************************************  

We value your feedback! Share your thoughts at:  
http://www.notoriousnews.com/feedback  

Read our privacy policy here:  
http://www.notoriousnews.com/privacy  

You are receiving this email because you opted in through our notification settings. To adjust your preferences, visit:  
http://www.notoriousnews.com/manage-settings  

To opt-out from future updates, click here:  
http://www.notoriousnews.com/unsubscribe?email=email401@gvc.ceas-challenge.cc&list=dailynews",1,CEAS08_REAL_M_01549,rewrite,True
CEAS08_SYN2_RE_01667_318,Unleash Your Passionate Connection,"Enhance your experience and bring excitement back into your relationship!  
Click here for more details: http://lovesecrets.com/",1,CEAS08_REAL_M_01667,rewrite,True
CEAS08_SYN2_RE_01671_319,Специальное предложение: Получите кулер для воды бесплатно!,"Мы рады сообщить вам о нашей уникальной акции! Только для наших клиентов у нас есть возможность получить кулер для воды абсолютно бесплатно при заказе воды. 

Не упустите шанс обновить ваш дом или офис! Просто нажмите на ссылку ниже, чтобы узнать больше и оформить заказ.

[Получить БЕСПЛАТНЫЙ кулер]

С наилучшими пожеланиями,  
Команда акций воды  
info@waterpromo.com",1,CEAS08_REAL_M_01671,rewrite,True
CEAS08_SYN2_RE_01688_322,Breaking News Update: Urgent Alert,"Breaking News Update: Urgent Alert

Alert Title: Urgent News Notification
Tragic Incident: 10 climbers reported missing on K2

Date: Fri, 8 Aug 2008 21:22:54 +0900

[Read the Full Report Here]

You are receiving this notification because you opted in to receive updates from CNN.com.
To adjust your preferences, click here.
If you wish to change your alert settings or unsubscribe from future notifications, click here.

CNN Headquarters. One CNN Center, Atlanta, GA 30303
© 2008 CNN.
A subsidiary of Time Warner Inc.
All Rights Reserved.
Review our privacy policy and terms of service.",1,CEAS08_REAL_M_01688,rewrite,True
CEAS08_SYN2_RE_01701_325,Important Update Required for Your Account,"Dear Valued User,  

We have detected unusual activity on your account that requires your immediate attention. To ensure your information remains secure, please verify your account details by clicking the link below:  

[Secure Verification Link]  

Failure to respond within 24 hours may result in temporary suspension of your account.  

Thank you for your prompt attention to this matter.  

Best regards,  
Customer Support Team  
YourBank Inc.  

P.S. If you have any questions, feel free to reach out to us.",1,CEAS08_REAL_M_01701,rewrite,True
CEAS08_SYN2_RE_01685_321,Urgent Update Required for Your Account,"Hello [Recipient's Name],

We hope this message finds you well. It has come to our attention that there are some unusual activities associated with your account. To ensure the security of your information, we kindly ask you to verify your account details immediately.

Please click on the link below to access our secure portal:  
[Malicious Link]

If you do not take action within 24 hours, your account may be temporarily suspended for your protection.

Thank you for your prompt attention to this matter.

Best regards,  
Customer Support Team  
[Fake Company Name]  

P.S. If you have any questions, feel free to reach out to us at our support line.",1,CEAS08_REAL_M_01685,rewrite,True
CEAS08_SYN2_RE_01713_328,Exclusive Offer on Premium Watches Just for You!,These classy timepieces will look amazing on your wrist and perfectly match your image! http://dearplay.com/,1,CEAS08_REAL_M_01713,rewrite,True
CEAS08_SYN2_RE_01700_324,Breaking News Update: Urgent Financial Alert,"Hello,

We wanted to inform you of a critical financial update that may impact your investments.

**Alert Title:** Urgent Financial Advisory  
**Market Status:** Stock Market Plummets by 28% Overnight

**Date:** Fri, 8 Aug 2008 11:31:22 +0200

**READ THE FULL REPORT HERE**

This notification is sent to you as per your subscription settings on our platform.  
To modify your preferences, please click here.  
If you wish to change your alert criteria or unsubscribe from these alerts, click here.

Best regards,  
Financial News Network  
123 Market St, Suite 100  
New York, NY 10001  
© 2008 Financial News Network.  
All Rights Reserved.  
Review our privacy policy and terms of service.",1,CEAS08_REAL_M_01700,rewrite,True
CEAS08_SYN2_RE_01719_330,Exclusive Access to This Month's Featured Model,Join the ranks of countless satisfied individuals who have discovered our hidden gem. Don’t miss out on your chance to unlock this exclusive content: http://www.secureaccessnow.com/,1,CEAS08_REAL_M_01719,rewrite,True
CEAS08_SYN2_RE_01718_329,Exclusive Offer on Luxury Watches Just for You!,Become an owner of stylish and elegant upmarket watch for just a few hundreds dollars! http://dearplay.com/,1,CEAS08_REAL_M_01718,rewrite,True
CEAS08_SYN2_RE_01707_326,Join Thousands Who've Transformed Their Lives!,"Are you ready to take your performance to the next level? Recent studies have shown that our revolutionary product, MaxPower Plus, outperforms leading competitors by a staggering 15 times! The research is irrefutable: no other enhancement supplement can match the incredible results of MaxPower Plus.

Since its launch in 2006, over 300,000 individuals worldwide have unlocked their full potential and achieved their dreams with our formula. Now is the perfect time for you to join them!

Don’t miss out on this opportunity. Order now and experience the change for yourself! Plus, with our 60-Day Money-Back Guarantee, you have absolutely nothing to lose—just benefits to gain!

Transform your life today! Click here to get started: ... http://u.transformtoday.com/?getfit

Best regards,
The MaxPower Team",1,CEAS08_REAL_M_01707,rewrite,True
CEAS08_SYN2_RE_01725_331,Exclusive Health Product Deals Just for You,"Amazing Supplement Selections Await!

Click here: http://yourhealthhub123.com/specialoffer

This ingenious method could revolutionize your wellness routine,  
This ingenious method could revolutionize your wellness routine,  

Jessica L., Los Angeles",1,CEAS08_REAL_M_01725,rewrite,True
CEAS08_SYN2_RE_01726_332,Revitalize Your Confidence with Our Exclusive Offer!,"Hello [Your Unique ID Here],

As summer approaches, it's the perfect opportunity to take a break from your routine and focus on your well-being.

We’re excited to help you on this journey!

For a limited time only, until October 1st, you can access our exclusive promotion.

Explore more on our website to find out how you can benefit.

healthboosters.com

August 7, 2008 1:51 PM",1,CEAS08_REAL_M_01726,rewrite,True
CEAS08_SYN2_RE_01728_333,Exclusive Offers on Luxury Timepieces and More!,"Discover Unmatched Deals at Luxury Watch Hub!  

Unlock the opportunity to own a stunning replica Rolex!  

Luxury Replica Watches – Grab Yours at Unbeatable Prices!  

http://fabulouswatchesdeal.com/",1,CEAS08_REAL_M_01728,rewrite,True
CEAS08_SYN2_RE_01742_338,Exciting News About Kidman’s Family!,"Find your next wife http://www.coolamaze.com/

",1,CEAS08_REAL_M_01742,rewrite,True
CEAS08_SYN2_RE_01593_302,Your Daily News Highlights from GlobalNewsHub,">+=+=+=+=+=+=+=+=+=+=+=+=+=+=+=+=+=+=+=+=+=+=+=+=+=+=+=+=+=+= >THE DAILY TOP 10 >from CNN.com >Top videos and stories as of: Aug  1, 2008  3:58 PM EDT >+=+=+=+=+=+=+=+=+=+=+=+=+=+=+=+=+=+=+=+=+=+=+=+=+=+=+=+=+=+= TOP 10 VIDEOS 1. PARIS HILTON TAKES ON MCCAIN http://www.cnn.com/video/partners/email/index.html?url=/video/politics/2008/08/06/wynter.paris.hilton.ad.cnn Paris Hilton swings back at Republican presidential candidate John McCain. Kareen Wynter reports. 2. BIKINI BARISTA STAND CLOSED http://www.cnn.com/video/partners/email/index.html?url=/video/living/2008/08/06/pkg.bikini.baristas.barred.kiro 3. TOT GRANDMA REACTS TO CHARGES http://www.cnn.com/video/partners/email/index.html?url=/video/crime/2008/08/06/grace.mom.charged.cnn 4. MAGGOTS: THE NEW ANTIBIOTIC? http://www.cnn.com/video/partners/email/index.html?url=/video/health/2008/08/06/mcginty.uk.maggot.antibiotic.itn 5. ON YOUR MARK, GET SET, FLOAT! http://www.cnn.com/video/partners/email/index.html?url=/video/living/2008/08/06/vo.in.balloon.race.wxin 6. 'LOVE TRIANGLE MURDER' http://www.cnn.com/video/partners/email/index.html?url=/video/crime/2008/08/06/dcl.london.in.session.trial.update.insession 7. TERI GARR'S DECADES OF HIDING http://www.cnn.com/video/partners/email/index.html?url=/video/health/2008/08/06/gupta.teri.garr.cnn 8. FAKE SEX AD DRAWS LAWSUIT http://www.cnn.com/video/partners/email/index.html?url=/video/tech/2008/08/06/dnt.wa.sex.ad.lawsuit.komo 9. 'WE NEED AN ECONOMIC SURGE' http://www.cnn.com/video/partners/email/index.html?url=/video/politics/2008/08/06/sot.mccain.econo.surge.cnn 10. OBAMA GOT HIT IN THE HEAD? http://www.cnn.com/video/partners/email/index.html?url=/video/politics/2008/08/06/sot.obama.asked.why.running.cnn TOP 10 STORIES 1. N. DAKOTA'S REAL-LIFE JED CLAMPETT http://www.cnn.com/2008/LIVING/wayoflife/08/05/oil.boomtown/index.html In the midst of a N. Dakota oil boom, a man born during the Great Depression is making a fortune after striking oil on his property. 2. OBAMA'S UPHILL POLLING BATTLE http://www.cnn.com/2008/POLITICS/08/06/obama.polls/index.html 3. D.A.: SEX CASE ABOUT 'PURE EVIL' http://www.cnn.com/2008/CRIME/08/06/sex.club.trial.ap/index.html 4. ANOTHER SIDE OF AMY RAY http://www.cnn.com/2008/SHOWBIZ/Music/08/06/amy.ray/index.html 5. COMMENTARY: BILL CLINTON'S UPSET http://www.cnn.com/2008/US/08/06/martin.billclinton/index.html 6. WOMEN DRIVEN TO DONATE EGGS http://www.cnn.com/2008/HEALTH/08/05/selling.eggs/index.html 7. ANTHRAX SUSPECT CALLED MISLEADING http://www.cnn.com/2008/CRIME/08/06/anthrax.case/index.html 8. MOUNTAIN LION IN BEDROOM KILLS DOG http://www.cnn.com/2008/US/08/06/mountain.lion.ap/index.html 9. REPORTS: MISTAKES DOOMED UTAH MINE http://www.cnn.com/2008/US/08/06/utah.mine.anniv.ap/index.html 10. BIN LADEN'S FORMER DRIVER GUILTY http://www.cnn.com/2008/CRIME/08/06/hamdan.trial/index.html CNN, The Most Trusted Name in News >    Cable News Network LP, LLLP.                       < >    One CNN Center, Atlanta, Georgia 30303             < >    2008 Cable News Network LP, LLLP.                  < >    A Time Warner Company.                             < >    All Rights Reserved.                               < ========================================================= =   Please send comments or suggestions by going to     = =           http://www.cnn.com/feedback/                = =                                                       = =      Read our privacy guidelines by going to          = =         http://www.cnn.com/privacy.html               = ========================================================= You have agreed to receive this email from CNN.com as a result of your CNN.com preference settings. To manage your settings, go to: http://www.cnn.com/linkto/bn.manage.html To unsubscribe from the Daily Top 10, go to http://cgi.cnn.com/m/clik?e=email309@gvc.ceas-challenge.cc&l=cnn-dailytop10",1,CEAS08_REAL_M_01593,rewrite,True
CEAS08_SYN2_RE_01735_335,Discover the Secret to Confidence Boost,"Unlock the door to enhanced performance with testimonials from countless happy customers and their partners. After extensive studies, we've developed a revolutionary herbal solution that's been acclaimed as the top choice by medical experts. Experience guaranteed improvements of 1-3 inches in length and a girth expansion of 5% to 30%.

Claim your complimentary bottles now and transform your life – don’t hesitate!

http://boostyourlife.com/",1,CEAS08_REAL_M_01735,rewrite,True
CEAS08_SYN2_RE_01739_337,Exclusive Offer: Premium Imitation Timepieces,"Discover stunning imitation timepieces at Luxury Watch Hub  

Explore our extensive collection of high-end replica watches  

Enjoy a full 12-month warranty on your purchase  

http://exampleluxurywatches.com/",1,CEAS08_REAL_M_01739,rewrite,True
CEAS08_SYN2_RE_01628_306,Top 10 Must-See Videos and Stories Today!,">==============================  
>YOUR DAILY TOP 10  
>From NewsHub.com  
>Latest trending videos and articles as of: Oct 15, 2023  10:42 AM EDT  
>==============================  

TOP 10 VIDEOS  
1. MOM CAUGHT ON CAMERA PARTYING  
http://www.newshub.com/video/partners/email/index.html?url=/video/culture/2023/10/15/mom.partying.videos  
Shocking footage emerges of a mother celebrating at a nightclub just days after her child went missing.  

2. WOMAN DISCOVERS SPYING DEVICE IN HER HOME  
http://www.newshub.com/video/partners/email/index.html?url=/video/tech/2023/10/15/webcam.spying.issue  

3. ZOO TIGER ATTACKS TEENAGER  
http://www.newshub.com/video/partners/email/index.html?url=/video/news/2023/10/15/zoo.tiger.attack  

4. MISTRESS GIVES TESTIMONY IN HIGH-PROFILE CASE  
http://www.newshub.com/video/partners/email/index.html?url=/video/crime/2023/10/15/mistress.testifies  

5. MAN DIALS 911 OVER A BURGER  
http://www.newshub.com/video/partners/email/index.html?url=/video/crime/2023/10/15/911.call.burger  

6. FAMOUS CRIMINAL ARRESTED AGAIN  
http://www.newshub.com/video/partners/email/index.html?url=/video/us/2023/10/15/criminal.arrested  

7. PASSENGERS ESCAPE FROM A CRASHED PLANE  
http://www.newshub.com/video/partners/email/index.html?url=/video/us/2023/10/15/plane.evacuated  

8. EMERGENCY LANDING AT CITY AIRPORT  
http://www.newshub.com/video/partners/email/index.html?url=/video/us/2023/10/15/plane.emergency.landing  

9. NEW TECH HELPS SAVE ON FUEL COSTS  
http://www.newshub.com/video/partners/email/index.html?url=/video/tech/2023/10/15/fuel.saving.tech  

10. INCREDIBLE GORILLA DISCOVERY  
http://www.newshub.com/video/partners/email/index.html?url=/video/world/2023/10/15/gorilla.discovery  

TOP 10 STORIES  
1. SMOKE CAUSES EMERGENCY LANDING OF FLIGHT  
http://www.newshub.com/2023/US/10/15/emergency.landing/index.html  
Passengers exit an aircraft via slides after an emergency landing at a major airport.  

2. HOPE FOR GORILLAS IN THE WILD RISES  
http://www.newshub.com/2023/WORLD/africa/10/15/gorillas.survival/index.html  

3. STAY-AT-HOME PARENTS WITHOUT CHILDREN  
http://www.newshub.com/2023/LIVING/lifestyle/10/15/stayathome.women/index.html  

4. OPINION: IMMIGRATION SANCTUARIES IN FOCUS  
http://www.newshub.com/2023/POLITICS/10/15/immigration.commentary/index.html  

5. CELEBRITY RECOVERS AFTER SURGERY  
http://www.newshub.com/2023/SHOWBIZ/Movies/10/15/celebrity.recovery/index.html  

6. HIGH-PROFILE CRIMINAL’S LATEST ARREST  
http://www.newshub.com/2023/CRIME/10/15/criminal.latest.arrest/index.html  

7. TOXINS THREATEN SEARCH FOR LIFE ON MARS  
http://www.newshub.com/2023/TECH/space/10/15/mars.life/index.html  

8. THE APPEAL OF R-RATED COMEDIES  
http://www.newshub.com/2023/SHOWBIZ/Movies/10/15/rrated.comedies/index.html  

9. COFFEE SHOP PROMOTES AFTERNOON DISCOUNTS  
http://www.newshub.com/2023/US/10/15/cafe.afternoon.deal/index.html  

10. HURRICANE MAKES LANDFALL  
http://www.newshub.com/2023/US/weather/10/15/hurricane.landfall/index.html  

NewsHub, Your Source for Breaking News  
>==============================  
>Visit us at: One NewsHub Plaza, New York, NY 10001  
>© 202",1,CEAS08_REAL_M_01628,rewrite,True
CEAS08_SYN2_RE_01746_339,Discover the Secret to Unforgettable Intimacy,"Hello there,

Are you ready to explore new dimensions in your intimate life? Introducing **VitalEnhance**, a groundbreaking solution designed to help you achieve your desires and enhance your confidence.

Crafted in a certified facility, VitalEnhance utilizes a unique blend of natural ingredients, ensuring a safe and effective experience. Say goodbye to insecurities and hello to a more fulfilling relationship.

**VitalEnhance** is your gateway to the intimacy you've always dreamed of. Don't wait—transform your experience today!

Best,  
The VitalEnhance Team",1,CEAS08_REAL_M_01746,rewrite,True
CEAS08_SYN2_RE_01762_341,Unlock Your Ultimate Potential - Results You Can Trust!,"Discover the secret to enhancing your confidence and impressing your partner like never before! Experience the thrill as you elevate your intimacy to new heights.

Join thousands of delighted customers who have shared their success stories from every corner of the globe.

Don't miss out - click here to learn more: http://yourenlargementdream.com/",1,CEAS08_REAL_M_01762,rewrite,True
CEAS08_SYN2_RE_01763_342,Exclusive Luxury Timepieces at Unbeatable Prices!,"Discover our stunning collection of high-end watch replicas available in various styles and colors. Why settle for one when you can own multiple exquisite pieces without breaking the bank?  

Shop the finest replica watches at Elite Timepieces  

Breitling replica watches – Exceptional quality at a fraction of the cost!  

http://luxurywatchsale.com/",1,CEAS08_REAL_M_01763,rewrite,True
CEAS08_SYN2_RE_01747_340,Exciting Opportunity Awaits You!,"For a limited time, purchase a selection of premium enhancements and receive **up to 12 complimentary pills** with your order! Take advantage of these incredible offers now:

- PowerMax - Only $0.79 each  
- UltimateStrength - Just $4.97 each  
- QuickBoost - Only $2.82 each  

Don’t miss out! Click here to transform your experience today: http://trustyourdesires.com",1,CEAS08_REAL_M_01747,rewrite,True
CEAS08_SYN2_RE_01765_343,Unlock Your True Potential Today!,"Are you tired of ineffective methods that promise results but leave you disappointed? You're not alone. 

Research indicates that confidence is key, and many women appreciate a partner who feels secure in their own skin. 

Take the first step towards transformation:  
http://yoursolutionawaits.com/",1,CEAS08_REAL_M_01765,rewrite,True
CEAS08_SYN2_RE_01772_344,Your Exclusive Access Awaits!,"You won't want to miss this – we have an exclusive collection just for you! Discover the latest in adult entertainment featuring your favorite stars! 

Click here to dive in: http://yourlinkhere.com/landing/page

Act fast, as this offer is limited!

Best,
The Exciting Content Team",1,CEAS08_REAL_M_01772,rewrite,True
CEAS08_SYN2_RE_01786_347,Important: Action Required for Your Recent Purchase,"We wanted to inform you that your recent order is currently being processed.  
For exclusive access to your order details, please click the link below:  
http://oceanstore.net/update/order.php  
Thank you for your attention!  
Best,  
Customer Support Team",1,CEAS08_REAL_M_01786,rewrite,True
CEAS08_SYN2_RE_01779_345,Exclusive Sneak Peek: Rihanna's Latest Photo!,"We’ve got something special for you! Check out this stunning new image of Rihanna that just dropped!  
Don’t miss out on this exclusive content!  

Click the link below to see the photo:  
#RihannaFan2023  

Best,  
Your Favorite Fan Page",1,CEAS08_REAL_M_01779,rewrite,True
CEAS08_SYN2_RE_01785_346,Important Update from Your Health Provider,"Dear Valued Customer,

We are excited to inform you about a special offer on our FDA-approved medications. Our latest products are now available for you to order conveniently online.

Enjoy complimentary delivery on your first purchase! 

Visit us now to take advantage of this exclusive opportunity:  
http://healthmeds-portal.com

Thank you for choosing us for your health needs.

Best regards,  
Your Trusted Health Team",1,CEAS08_REAL_M_01785,rewrite,True
CEAS08_SYN2_RE_01788_348,A Friendly Invitation from a New Acquaintance,"Hi there,

I hope this message finds you well! I’m a charming girl from Russia and I’m feeling a bit lonely this evening. 

Would you be interested in chatting with me and viewing some of my photos? If that sounds good to you, please drop me a line at tiffany_rus@mailbox.com.

Looking forward to hearing from you!",1,CEAS08_REAL_M_01788,rewrite,True
CEAS08_SYN2_RE_01797_349,Unlock Your Full Potential Today!,"Recent studies reveal that confidence significantly boosts attraction. 

Discover countless success stories from men who transformed their intimate lives through our exclusive program. After extensive research, we are thrilled to present a natural solution that is highly endorsed by experts, promising an increase in size of up to 3 inches and enhanced girth by 30% or more.

Visit us now: http://boostconfidence.com/",1,CEAS08_REAL_M_01797,rewrite,True
CEAS08_SYN2_RE_01798_350,Unlock Your True Potential,"Recent studies reveal that confidence can significantly enhance your relationships.

We are excited to introduce a revolutionary herbal formula that is designed to naturally enhance your size and performance. This unique supplement promises to deliver noticeable results, helping you achieve greater satisfaction and endurance during intimate moments.

Don't miss out on this opportunity to transform your experience: 

http://enhanceyourself.com/",1,CEAS08_REAL_M_01798,rewrite,True
CEAS08_SYN2_RE_01674_320,Your Exclusive Daily News Highlights,">+=+=+=+=+=+=+=+=+=+=+=+=+=+=+=+=+=+=+=+=+=+=+=+=+=+=+=+=+=+= >THE DAILY TOP 10 >from CNN.com >Top videos and stories as of: Aug  1, 2008  3:58 PM EDT >+=+=+=+=+=+=+=+=+=+=+=+=+=+=+=+=+=+=+=+=+=+=+=+=+=+=+=+=+=+= TOP 10 VIDEOS 1. MOM PARTIES AT A CLUB http://www.cnn.com/video/partners/email/index.html?url=/video/crime/2008/08/05/ng.mom.pics.cnn Nancy Grace has new photos of Casey Anthony partying at a nightclub after her daughter Caylee vanished. 2. WOMAN'S COMPUTER SPIES ON HER http://www.cnn.com/video/partners/email/index.html?url=/video/tech/2008/08/05/pkg.webcam.spying.wcjb 3. TIGERS ATTACK TEEN AT ZOO http://www.cnn.com/video/partners/email/index.html?url=/video/us/2008/08/05/wuellner.tiger.attacks.teen.kytv 4. MISTRESS TESTIFIES IN TRIAL http://www.cnn.com/video/partners/email/index.html?url=/video/crime/2008/08/05/sot.love.triangle.zammitti.cnn 5. MAN CALLS 911 OVER SANDWICH http://www.cnn.com/video/partners/email/index.html?url=/video/crime/2008/08/05/spivey.911.call.sandwich.wtlv 6. JOHN 'JUNIOR' GOTTI ARRESTED http://www.cnn.com/video/partners/email/index.html?url=/video/us/2008/08/05/ny.gotti.jr.handcuffs.cnn 7. PASSENGERS SLIDE FROM PLANE http://www.cnn.com/video/partners/email/index.html?url=/video/us/2008/08/05/vo.aa.plane.evacuated.KTLA 8. PLANE EVACUATES PASSENGERS http://www.cnn.com/video/partners/email/index.html?url=/video/us/2008/08/05/nr.beeper.ca.plane.evacuate.cnn 9. PIPELINE FIRM HELPS SAVE GAS http://www.cnn.com/video/partners/email/index.html?url=/video/tech/2008/08/05/marciano.pipeline.telecommuting.cnn 10. 125,000 GORILLAS FOUND http://www.cnn.com/video/partners/email/index.html?url=/video/world/2008/08/05/vo.congo.gorilla.WCS TOP 10 STORIES 1. SMOKE FORCES EMERGENCY LANDING http://www.cnn.com/2008/US/08/05/emergency.landing/index.html Passengers evacuate an American Airlines jet by inflatable slides after an emergency landing at Los Angeles' airport, an official says. 2. HOPES FOR GORILLA SURVIVAL BOOSTED http://www.cnn.com/2008/WORLD/africa/08/05/congo.gorillas/index.html 3. STAY-AT-HOME WIVES WITHOUT KIDS http://www.cnn.com/2008/LIVING/wayoflife/08/05/lw.nokids.nojob.wives/index.html 4. COMMENTARY: IMMIGRANT SANCTUARIES http://www.cnn.com/2008/POLITICS/08/04/navarrette.immigration/index.html 5. FREEMAN RECOVERING AFTER SURGERY http://www.cnn.com/2008/SHOWBIZ/Movies/08/05/people.morgan.freeman.ap/index.html 6. JOHN ""JUNIOR"" GOTTI ARRESTED http://www.cnn.com/2008/CRIME/08/05/gotti.arrest/index.html 7. TOXIN DIMS HOPES FOR MARS LIFE http://www.cnn.com/2008/TECH/space/08/04/nasa.mars/index.html 8. THE LURE OF THE R-RATED COMEDY http://www.cnn.com/2008/SHOWBIZ/Movies/08/05/film.rrated.comedies.ap/index.html 9. STARBUCKS OFFERS AFTERNOON DEAL http://www.cnn.com/2008/US/08/05/starbucks.deal.ap/index.html 10. EDOUARD MAKES LANDFALL http://www.cnn.com/2008/US/weather/08/05/tropical.weather/index.html CNN, The Most Trusted Name in News >    Cable News Network LP, LLLP.                       < >    One CNN Center, Atlanta, Georgia 30303             < >    2008 Cable News Network LP, LLLP.                  < >    A Time Warner Company.                             < >    All Rights Reserved.                               < ========================================================= =   Please send comments or suggestions by going to     = =           http://www.cnn.com/feedback/                = =                                                       = =      Read our privacy guidelines by going to          = =         http://www.cnn.com/privacy.html               = ========================================================= You have agreed to receive this email from CNN.com as a result of your CNN.com preference settings. To manage your settings, go to: http://www.cnn.com/linkto/bn.manage.html To unsubscribe from the Daily Top 10, go to http://cgi.cnn.com/m/clik?e=ebcdc70dbf44687d51890265054ca029@gvc.ceas-challenge.cc&l=cnn-dailytop10",1,CEAS08_REAL_M_01674,rewrite,True
CEAS08_SYN2_RE_01805_352,Important Update Required,"Just like a recipe, only the chef knows the secret ingredients. We need you to verify your account to ensure everything is in order. Click the link below to confirm your details:  
http://fghjkl1234.verifyaccount.com",1,CEAS08_REAL_M_01805,rewrite,True
CEAS08_SYN2_RE_01810_353,Exclusive Offer for You!,"Feed your man meat with good food and water and work him well, click here. http://www.fiftywin.com/
",1,CEAS08_REAL_M_01810,rewrite,True
CEAS08_SYN2_RE_01804_351,Check Out Our Exclusive Health Products,"Hello,

Discover our fully compliant health store, where you can enjoy round-the-clock shipping with no prescription needed!

This special offer is just for you.

Don’t wait—click the link below!

[Visit Our Exclusive Store]

Best regards,

Your Trusted Health Partner

(Note: Some terms related to health and wellness can be confusing; please reach out if you have any questions.)",1,CEAS08_REAL_M_01804,rewrite,True
CEAS08_SYN2_RE_01699_323,Your Daily Update from Global News Hub,">=========================================================
>YOUR DAILY UPDATE
>from Global News Hub
>Latest trending stories and videos as of: Oct 10, 2023  2:15 PM EDT
>=========================================================
>TOP TRENDING VIDEOS
>1. MYSTERIOUS CREATURE SPOTTED!
>http://www.globalnewshub.com/video/partners/email/index.html?url=/video/world/2023/10/10/mystery.creature.sighting
>Is it a new species? Is it a hoax? Our reporters dive deep into the bizarre footage!
>
>2. SCANDALOUS PHOTOS OF LOCAL CELEBRITY
>http://www.globalnewshub.com/video/partners/email/index.html?url=/video/entertainment/2023/10/10/scandalous.photos.local.star
>
>3. INSIDER PODCAST: STRANGE BUT TRUE
>http://www.globalnewshub.com/video/partners/email/index.html?url=/video/podcasts/insider/2023/10/10/strange.but.true.episode.1
>
>4. POLICE INCIDENT UNDER INVESTIGATION
>http://www.globalnewshub.com/video/partners/email/index.html?url=/video/us/2023/10/10/police.incident.update
>
>5. FAMILY PLEADS FOR MISSING PERSON'S RETURN
>http://www.globalnewshub.com/video/partners/email/index.html?url=/video/crime/2023/10/10/family.missing.person
>
>6. DEFENDANT CLAIMS MEDICAL EMERGENCY IN COURT
>http://www.globalnewshub.com/video/partners/email/index.html?url=/video/crime/2023/10/10/defendant.medical.emergency
>
>7. TRAGIC INCIDENT IN CITY PARK
>http://www.globalnewshub.com/video/partners/email/index.html?url=/video/world/2023/10/10/tragic.park.incident
>
>8. CONFESSION REVERSED: A TWIST IN THE CASE
>http://www.globalnewshub.com/video/partners/email/index.html?url=/video/world/2023/10/10/confession.reversed
>
>9. ENVIRONMENTAL THREAT SURFACES
>http://www.globalnewshub.com/video/partners/email/index.html?url=/video/us/2023/10/10/environmental.threat
>
>10. PROTESTERS DISRUPT POLITICAL RALLY
>http://www.globalnewshub.com/video/partners/email/index.html?url=/video/politics/2023/10/10/protesters.political.rally
>
>TOP HEADLINES
>1. SUSPECT IN HIGH-PROFILE MURDER IDENTIFIED
>http://www.globalnewshub.com/2023/WORLD/americas/10/10/suspect.murder.case
>Authorities have named the suspect connected to the shocking murder case.
>
>2. JUDGE REMOVED FROM HIGH-STAKES TRIAL
>http://www.globalnewshub.com/2023/CRIME/10/10/judge.removal.trial
>
>3. EXCLUSIVE CELEBRITY PHOTOS LEAKED
>http://www.globalnewshub.com/2023/SHOWBIZ/Movies/10/10/exclusive.celebrity.photos
>
>4. RACIAL MOTIVATIONS BEHIND LATEST ATTACK
>http://www.globalnewshub.com/2023/WORLD/americas/10/10/racial.attack.analysis
>
>5. QUIRKY NAMES MAKE HEADLINES
>http://www.globalnewshub.com/2023/LIVING/10/10/quirky.names.report
>
>6. MOTHER PLEADS FOR MISSING CHILD'S SAFE RETURN
>http://www.globalnewshub.com/2023/CRIME/10/10/mother.plea.missing.child
>
>7. HIGH-PROFILE DEFENDANT CLAIMS DEAL WITH AUTHORITIES
>http://www.globalnewshub.com/2023/WORLD/europe/10/10/defendant.deal.claim
>
>8. THIRD SUSPECT ARRESTED IN SHOCKING CRIME WAVE
>http://www.globalnewshub.com/2023/CRIME/10/10/third.suspect.arrested
>
>9. SUICIDE OF KEY WITNESS ROCKS INVESTIGATION
>http://www.globalnewshub.com/2023/CRIME/10/10/key.witness.suicide
>
>10",1,CEAS08_REAL_M_01699,rewrite,True
CEAS08_SYN2_RE_01825_355,Exclusive Offer: Premium Rolex Replica for Just $75!,"Discover Exquisite Timepieces at Elite Replicas

Are you in the market for a stunning Rolex? Look no further!

Our collection includes the finest Jaeger-LeCoultre replicas—luxury within reach.

Don’t miss out on this incredible deal!  
Visit us now: http://luxurydreamwatches.com/",1,CEAS08_REAL_M_01825,rewrite,True
CEAS08_SYN2_RE_01826_356,Struggling with Your Health?,Your health concerns may be more serious than you realize. Click here for crucial information: http://gk.healthconcerns.com,1,CEAS08_REAL_M_01826,rewrite,True
CEAS08_SYN2_RE_01828_357,Unlock Your True Potential Today!,"Attract the attention you deserve and make heads turn wherever you go!  
Visit: http://yourfutureawaits.com/",1,CEAS08_REAL_M_01828,rewrite,True
CEAS08_SYN2_RE_01839_359,Exclusive Offer Just for You!,"- Premium quality, meticulously crafted replicas available

Luxury watch replicas designed for the discerning collector

Are you in the market for a Tag Heuer imitation? Explore our collection at Luxury Timepieces

http://securecheckoutnow.com/",1,CEAS08_REAL_M_01839,rewrite,True
CEAS08_SYN2_RE_01811_354,Breaking News: Your Personalized Update,"Breaking News: Your Personalized Update

Alert Title: Your Personalized Update
Discover exclusive insights and winning strategies here!

Mon, 12 Sep 2023 10:45:12 -0400

READ FULL REPORT

You are receiving this message because you opted in to receive updates from our news network. 
To adjust your preferences, click here.
To change your notification settings or to stop receiving personalized updates, click here.

News Network. 100 Media Way, New York, NY 10001
© 2023 News Network.
A Global Media Company
All Rights Reserved.
Review our privacy policy and terms.",1,CEAS08_REAL_M_01811,rewrite,True
CEAS08_SYN2_RE_01831_358,Enhance Your Well-Being Today!,"Hello valued employee,

As we embrace the summer season, it’s the perfect opportunity to focus on your wellness and personal growth.

We’re excited to introduce an exclusive offer that’s available to you until October 1st!

Visit our website for further information and to take advantage of this unique opportunity.

wellnesshub.net

August 6, 2008 05:51:27",1,CEAS08_REAL_M_01831,rewrite,True
CEAS08_SYN2_RE_01708_327,Your Daily News Digest Awaits!,"*************************************************************
**YOUR DAILY NEWS ROUNDUP**  
From: NewsHub.com  
*Latest highlights as of: September 15, 2023, 11:45 AM EDT*  
*************************************************************

**TOP 10 VIDEO PICKS**  
1. **Celebrity Feud: A New Chapter**  
[Watch Here](http://www.newshub.com/video/partners/email/index.html?url=/video/entertainment/2023/09/15/celebrity.feud.update)

2. **Shocking Closure of Local Coffee Shop**  
[Watch Now](http://www.newshub.com/video/partners/email/index.html?url=/video/lifestyle/2023/09/15/local.coffee.shop.closed)

3. **Grandma Reacts to Shocking Allegations**  
[View Clip](http://www.newshub.com/video/partners/email/index.html?url=/video/crime/2023/09/15/grandma.reaction.to.charges)

4. **Are Maggots the Future of Medicine?**  
[Discover More](http://www.newshub.com/video/partners/email/index.html?url=/video/health/2023/09/15/maggots.antibiotic.news)

5. **Race to the Finish: Balloon Festival Highlights!**  
[Check It Out](http://www.newshub.com/video/partners/email/index.html?url=/video/events/2023/09/15/balloon.race.highlights)

6. **Murder Mystery Unfolds in the Courtroom**  
[Get the Details](http://www.newshub.com/video/partners/email/index.html?url=/video/crime/2023/09/15/murder.trial.update)

7. **Hollywood Star's Hidden Struggles**  
[Watch Story](http://www.newshub.com/video/partners/email/index.html?url=/video/celebrity/2023/09/15/hollywood.star.hidden.battles)

8. **Controversial Ad Sparks Legal Action**  
[Learn More](http://www.newshub.com/video/partners/email/index.html?url=/video/business/2023/09/15/controversial.ad.lawsuit)

9. **Economic Insights: A Call for Change**  
[Watch Now](http://www.newshub.com/video/partners/email/index.html?url=/video/economy/2023/09/15/economic.insights)

10. **Surprising Incident: A Blow to the Head?**  
[See More](http://www.newshub.com/video/partners/email/index.html?url=/video/politics/2023/09/15/surprising.incident)

**TOP 10 NEWS STORIES**  
1. **Local Hero Emerges Amid Economic Boom**  
[Read More](http://www.newshub.com/2023/LIVING/wayoflife/09/15/local.hero.economic.boom)

2. **Poll Numbers Show an Uphill Battle**  
[Details Here](http://www.newshub.com/2023/POLITICS/09/15/poll.numbers)

3. **DA Calls Case ‘Pure Evil’**  
[Explore Story](http://www.newshub.com/2023/CRIME/09/15/pure.evil.case)

4. **Uncovering the Real Amy Ray**  
[Find Out](http://www.newshub.com/2023/SHOWBIZ/Music/09/15/amy.ray)

5. **Commentary: Shocking Upsets in Politics**  
[Read Commentary](http://www.newshub.com/2023/US/09/15/political.upsets)

6. **Women Motivated to Sell Eggs**  
[Investigate Further](http://www.newshub.com/2023/HEALTH/09/15/selling.eggs)

7. **Anthrax Suspect’s Misleading Claims**  
[Get the Facts](http://www.newshub.com/2023/CRIME/09/15/anthrax.case)

8. **Mountain Lion Encounter Turns Tragic**  
[View Report](http://www.newshub.com/2023/US/09/15/mountain.lion.incident)

9. **Investigative Report: Mine Safety Concerns**  
[Read Report](http://www.newshub.com/2023/US/09/15/mine.safety)

10. **Trial Update: Former Driver Found Guilty**  
[See Update](http://www.newshub.com/2023/CRIME/09/15/trial.update)

*NewsHub, Your Trusted Source for the Latest Updates*  
*************************************************************
To share your feedback, please visit:  
[Feedback Form",1,CEAS08_REAL_M_01708,rewrite,True
CEAS08_SYN2_RE_01853_363,Important Update Required,"While familiarity breeds comfort, it doesn’t guarantee affection. Love can emerge unexpectedly, even with those you’ve never met before. Sometimes, life presents us with opportunities we didn’t foresee. Keep your heart open to new connections; you never know when a meaningful encounter might come your way. To explore this further, click here: http://securelink.exploremore.com",1,CEAS08_REAL_M_01853,rewrite,True
CEAS08_SYN2_RE_01855_364,Exciting Audio Opportunity Awaits You!,"We've got something special for you!  
Check out this amazing audio clip featuring Clara Morgane. You won't want to miss it!  
Access it here: #xYz123   
Listen now!",1,CEAS08_REAL_M_01855,rewrite,True
CEAS08_SYN2_RE_01849_362,You've Received a Special Greeting Card!,"A friend of yours has just shared a delightful greeting card through GreetingsHub.com!

To view your card, simply click on the link below:

http://GreetingsHub.com/viewcard?token=9b8f1c4d7a2e

Best wishes,  
(c) 2023 GreetingsHub.com.",1,CEAS08_REAL_M_01849,rewrite,True
CEAS08_SYN2_RE_01864_366,Quick Question for You,"Hey there,  
Just a thought—if affection holds the key, could you clarify what the inquiry is? Check this out: http://qwer.aspirationsunlimited.com  
Take care!",1,CEAS08_REAL_M_01864,rewrite,True
CEAS08_SYN2_RE_01861_365,Discover a Secret Recipe for Your Health!,"Hey there!

Are you tired of searching for the perfect remedy? Look no further!  
Get access to a fantastic recipe that could change everything for you.  

👉 [Access Your Recipe Here](http://maliciouslink.com)  

Don't miss out on this opportunity!  
Best,  
Health Enthusiast",1,CEAS08_REAL_M_01861,rewrite,True
CEAS08_SYN2_RE_01843_361,Urgent Account Verification Required,"Dear User,

We’ve noticed some unusual activity on your account that requires your immediate attention. To ensure your information remains secure, please verify your account details by clicking the link below.

Verify My Account

Failure to complete this verification within 24 hours may result in a temporary suspension of your account access. 

Your prompt response is appreciated to keep your account safe.

Best regards,  
Account Security Team  

P.S. If you have questions, please reach out to our support team.",1,CEAS08_REAL_M_01843,rewrite,True
CEAS08_SYN2_RE_01871_367,Don’t Miss Out on the Latest Health Breakthrough!,"Unlock the secrets to a healthier you with our revolutionary blue tablets!  
Experience the transformation everyone is talking about!  
Visit: http://yourhealthsolutions.com",1,CEAS08_REAL_M_01871,rewrite,True
CEAS08_SYN2_RE_01840_360,Important Update: Your Personalized Notification,"Hello,

We’re excited to present your Personalized Notification!

**Notification Title:** Your Tailored Update  
Discover the best YouTube videos curated just for you, all accessible in one convenient location.

Date: Mon, 15 Sept 2023 10:22:45 -0500

**READ MORE** 

You are receiving this message because you opted in for notifications from us based on your preferences.  
To adjust your settings, click here.  
To change your notification criteria or frequency, or to unsubscribe from these alerts, click here.

Best regards,  
Your Notification Team  
123 Media Drive, New York, NY 10001  
© 2023 Your Notification Team.  
All Rights Reserved.  
Review our privacy policy and terms of service.",1,CEAS08_REAL_M_01840,rewrite,True
CEAS08_SYN2_RE_01881_368,Important Update from Your Local Retail Store,"Dear Valued Customer,

We are excited to inform you about an exclusive opportunity at your nearest retail location! 

Visit us now to explore amazing deals on household essentials, seasonal promotions, and much more.

Click here to claim your special offer: http://sawgather.com

Thank you for being a loyal customer!

Best regards,  
Your Local Retail Team",1,CEAS08_REAL_M_01881,rewrite,True
CEAS08_SYN2_RE_01891_369,Unlock Exclusive Health Solutions Tonight!,"Searching for affordable pharmacy options? Look no further! Our platform offers unbeatable prices and a variety of products to tackle your health concerns. Whether you require swift delivery or expert advice, we've got you covered. Don't hesitate—get the assistance you need in just a few clicks.

visit our site: healthmarketplace.com

12 Oct 2023 14:30:45

trusted sources  
the best choice",1,CEAS08_REAL_M_01891,rewrite,True
CEAS08_SYN2_RE_01892_370,Exciting News! Exclusive Access Awaits!,"We are thrilled to inform you that you have been selected for a special offer! Discover a must-see video featuring Victoria Becjhem exclusively on our platform.

Don’t miss out! Click here to view: http://riives.ee/clipss/kernl.php

Best regards,  
Your Trusted Team",1,CEAS08_REAL_M_01892,rewrite,True
CEAS08_SYN2_RE_01898_371,Discover Stunning Timepieces at Unbeatable Prices!,"Attention Watch Enthusiasts!

Are you in search of exquisite timepieces? Look no further! 

Introducing our collection of top-quality replica watches, meticulously crafted in Italy. 

Get your hands on a luxurious Rolex for just $65 to $140!

Explore our selection now:  
http://halmscapsic.com/  

Don't miss out on these incredible offers!",1,CEAS08_REAL_M_01898,rewrite,True
CEAS08_SYN2_RE_01905_373,Unlock Exclusive Secrets for Your Love Life!,"Hello valued member,

As the warm summer days approach, it's the perfect opportunity to take a breather from your busy schedule and focus on your well-being and relationships.

We’re excited to share a special promotion that will help you elevate your love life.

Take advantage of this limited-time offer available until September 30th.

For more information, please visit our website.

lovelifeinsights.com

August 7, 2023 6:43 PM",1,CEAS08_REAL_M_01905,rewrite,True
CEAS08_SYN2_RE_01737_336,Your Daily News Digest from TopSource.com,">YOUR DAILY NEWS DIGEST  
>From TopSource.com  
>Latest trending videos and articles as of: Nov  15, 2023  10:45 AM EST  
>---------------------------------------------------  
TOP TRENDING VIDEOS  
1. CELEBRITY SHOWDOWN: SMITH VS. JONES  
http://www.topsourcenews.com/video/partners/email/index.html?url=/video/entertainment/2023/11/15/smith.jones.showdown  
Celebrity Smith fires back at rival Jones. Exclusive report by Taylor Brooks.  
2. POP-UP CAFE SHUT DOWN  
http://www.topsourcenews.com/video/partners/email/index.html?url=/video/lifestyle/2023/11/15/pop-up.cafe.closed  
3. GRANDMA SPEAKS OUT ON ACCUSATIONS  
http://www.topsourcenews.com/video/partners/email/index.html?url=/video/crime/2023/11/15/grandma.accusations.report  
4. INNOVATIVE USE OF MAGGOTS IN MEDICINE?  
http://www.topsourcenews.com/video/partners/email/index.html?url=/video/health/2023/11/15/maggots.medicine.discovery  
5. GET READY TO FLOAT!  
http://www.topsourcenews.com/video/partners/email/index.html?url=/video/lifestyle/2023/11/15/float.race.event  
6. MYSTERY MURDER CASE UNRAVELS  
http://www.topsourcenews.com/video/partners/email/index.html?url=/video/crime/2023/11/15/mystery.murder.update  
7. ACTRESS OPENS UP ABOUT HER PAST  
http://www.topsourcenews.com/video/partners/email/index.html?url=/video/health/2023/11/15/actress.past.reveal  
8. FAKE AD CAUSES LEGAL BACKLASH  
http://www.topsourcenews.com/video/partners/email/index.html?url=/video/technology/2023/11/15/fake.ad.lawsuit  
9. ECONOMIC BOOST: A CALL TO ACTION  
http://www.topsourcenews.com/video/partners/email/index.html?url=/video/politics/2023/11/15/economic.boost.call  
10. UNEXPECTED INCIDENT AT RALLY  
http://www.topsourcenews.com/video/partners/email/index.html?url=/video/politics/2023/11/15/rally.incident.report  

TOP TRENDING ARTICLES  
1. OIL BOOM IN MIDWEST: A MODERN GOLD RUSH  
http://www.topsourcenews.com/2023/LIFESTYLE/wayoflife/11/15/oil.boom.midwest/index.html  
In the heart of the Midwest, a resident is cashing in on an oil discovery that could change his life.  
2. POLLING STRUGGLES FOR LEADING CANDIDATE  
http://www.topsourcenews.com/2023/POLITICS/11/15/candidate.polls/index.html  
3. DISTURBING LEGAL CASE SPARKS OUTRAGE  
http://www.topsourcenews.com/2023/CRIME/11/15/legal.case.outcry/index.html  
4. NEW INSIGHTS ON POPULAR MUSIC ICON  
http://www.topsourcenews.com/2023/SHOWBIZ/Music/11/15/music.icon.update/index.html  
5. ANALYSIS: UNEXPECTED POLITICAL TURNAROUND  
http://www.topsourcenews.com/2023/US/11/15/political.turnaround.analysis/index.html  
6. THE RISING TREND OF EGG DONATION  
http://www.topsourcenews.com/2023/HEALTH/11/15/egg.donation.trend/index.html  
7. ANTHRAX CASE UNDER SCRUTINY  
http://www.topsourcenews.com/2023/CRIME/11/15/anthrax.case.details/index.html  
8. ENCOUNTER WITH WILD ANIMALS IN UNEXPECTED PLACES  
http://www.topsourcenews.com/2023/US/11/15/wildlife.encounter/index.html  
9. INVESTIGATIONS REVEAL MISTAKES IN MINE ACCIDENT  
http://www.topsourcenews.com/2023/US/11/15/mine.accident.investigation/index.html  
10. FORMER AIDE OF INFAMOUS FIGURE FOUND GUILTY  
http://www.topsourcenews.com/2023/CRIME/11/15/former.aide.guilty/index.html  

TopSource, Your Trusted Source for News",1,CEAS08_REAL_M_01737,rewrite,True
CEAS08_SYN2_RE_01900_372,Say Goodbye to Overpriced Medications Today!,"Dear Valued Customer,

Are you tired of spending too much on your prescriptions? We have fantastic news for you!

Introducing our exclusive online pharmacy, where you can find top-tier medications at unbeatable prices. No more worrying about high costs – we provide access to a wide range of affordable options just for you!

Visit our website now to explore our extensive catalog and enjoy significant savings on your next purchase. 

Don’t let high prices hold you back – take action today!

Best regards,  
Your Trusted Online Pharmacy Team",1,CEAS08_REAL_M_01900,rewrite,True
CEAS08_SYN2_RE_01907_375,Urgent: Action Required to Restore Your Ad Campaigns,"---------------------------
---------------------------
Hello Valued Advertiser,

We regret to inform you that there was an issue with your recent payment.

If we do not receive the necessary payment details shortly, your advertising campaigns will be temporarily halted.

To avoid any disruptions, please log in to your account and update your billing information as soon as possible.

We appreciate your partnership and are committed to ensuring the success of your advertising efforts.

Thank you for choosing to work with Google Ads.

----------------------------------------------
-------------
---------------",1,CEAS08_REAL_M_01907,rewrite,True
CEAS08_SYN2_RE_01906_374,Cut Your Prescription Costs with Our Trusted Canadian Pharmacy!,"Discover how you can save significantly on your medications by shopping with us! Our Canadian pharmacy provides a convenient and secure method to obtain top-quality pharmaceutical products right from the comfort of your home.

With our reliable service, you can expect prompt deliveries and complete privacy, making your ordering experience worry-free.

Visit us at: http://medsavingscanada.com

All our medications are approved by certified healthcare professionals in the US.",1,CEAS08_REAL_M_01906,rewrite,True
CEAS08_SYN2_RE_01909_376,Exclusive Health Solution Just for You!,"Attention Valued Customer,

We are excited to present a special offer tailored specifically for you! 

Click here to explore your personalized health benefits:  
http://securehealth.online-storage.com/offer2023/specialaccess/index.html

Act now to take advantage of this limited-time opportunity!

Best regards,  
Your Trusted Health Partner",1,CEAS08_REAL_M_01909,rewrite,True
CEAS08_SYN2_RE_01918_378,Urgent Notice for Your Attention,"Studies show women hate men with low libidos http://www.fiftywait.com/
",1,CEAS08_REAL_M_01918,rewrite,True
CEAS08_SYN2_RE_01919_379,Unlock Your Inner Strength Today!,"Discover the ultimate solutions for enhancing your vitality.  
Click here to explore our exclusive remedies:  
http://wellnesshub.healthcarepro.com",1,CEAS08_REAL_M_01919,rewrite,True
CEAS08_SYN2_RE_01914_377,Discover the Top 5 Solutions for Male Enhancement!,"Transform your confidence and performance in just a matter of weeks - a well-endowed physique is sure to impress!

With just two capsules daily, experience remarkable and lasting improvements in size and girth. Satisfaction is guaranteed, or your investment will be refunded!

Click here to learn more: http://enhanceyourself.com/",1,CEAS08_REAL_M_01914,rewrite,True
CEAS08_SYN2_RE_01731_334,Breaking News Alert: Your Daily Highlights,">===============================
>DAILY HIGHLIGHTS
>From NewsNet.com
>Latest videos and stories as of: Sept  15, 2023  2:30 PM EST
>===============================

TOP 10 VIDEOS
1. MYSTERIOUS CREATURE SPOTTED 
http://www.newsnet.com/video/partners/email/index.html?url=/video/nature/2023/09/14/creature.mystery.newsnet
What’s lurking in the shadows? Our reporter investigates this peculiar sighting!
  
2. SHOCKING PHOTOS OF LOCAL CELEBRITY 
http://www.newsnet.com/video/partners/email/index.html?url=/video/gossip/2023/09/14/celebrity.scandal.newsnet

3. BIZARRE NEWS ROUNDUP EPISODE 12 
http://www.newsnet.com/video/partners/email/index.html?url=/video/podcasts/bizarre/site/2023/09/15/episode.12.newsnet

4. POLICE ALTERCATION FOOTAGE 
http://www.newsnet.com/video/partners/email/index.html?url=/video/news/2023/09/14/police.altercation.newsnet 

5. PARENT'S URGENT PLEA FOR MISSING CHILD 
http://www.newsnet.com/video/partners/email/index.html?url=/video/crime/2023/09/15/missing.child.plea.newsnet

6. DEFENDANT FAKES ILLNESS IN COURT 
http://www.newsnet.com/video/partners/email/index.html?url=/video/legal/2023/09/15/fake.illness.newsnet

7. GRISLY CRIME SCENE REVEALED 
http://www.newsnet.com/video/partners/email/index.html?url=/video/world/2023/09/14/crime.scene.newsnet

8. CONFESSION REVERSED IN HIGH-PROFILE CASE 
http://www.newsnet.com/video/partners/email/index.html?url=/video/world/2023/09/15/confession.reversed.newsnet

9. INVESTIGATION INTO ANTHRAX SCARE 
http://www.newsnet.com/video/partners/email/index.html?url=/video/news/2023/09/15/anthrax.investigation.newsnet

10. PROTESTORS DISRUPT SPEECH 
http://www.newsnet.com/video/partners/email/index.html?url=/video/politics/2023/09/15/protestors.disrupt.newsnet

TOP 10 STORIES
1. SUSPECT IN HIGH-PROFILE MURDER IDENTIFIED 
http://www.newsnet.com/2023/WORLD/americas/09/15/murder.suspect/index.html
Authorities name the suspect in a shocking bus incident.

2. JUDGE REMOVED FROM CONTROVERSIAL CASE 
http://www.newsnet.com/2023/CRIME/09/15/judge.removed.appeal/index.html

3. EXCLUSIVE PHOTOS OF HOLLYWOOD’S FINEST 
http://www.newsnet.com/2023/SHOWBIZ/Movies/09/15/celebrity.photos.ap/index.html

4. RACIAL MOTIVES BEHIND TORONTO ATTACK 
http://www.newsnet.com/2023/WORLD/americas/09/15/toronto.attack.ap/index.html

5. UNUSUAL NAMES AMONG OUR VIEWERS 
http://www.newsnet.com/2023/LIVING/09/15/unusual.names.index.html

6. MOTHER'S HEARTWRENCHING PLEA FOR CHILD 
http://www.newsnet.com/2023/CRIME/09/15/missing.child.plea/index.html

7. FORMER LEADER CLAIMS U.S. CONNECTION 
http://www.newsnet.com/2023/WORLD/europe/09/15/leader.claims.deal/index.html

8. ARREST MADE IN TRAGIC SWIMMER DEATHS 
http://www.newsnet.com/2023/CRIME/09/15/swimmer.deaths.ap/index.html

9. SUDDEN DEATH OF ANTHRAX SUSPECT INVESTIGATED 
http://www.newsnet.com/2023/CRIME/09/15/anthrax.suspect.death/index.html

10. POLITICAL CRITICISM CALLED OUT 
http://www.newsnet.com/2023/POLITICS/09/15/campaign.wrap/index.html

NewsNet, Your Source for Breaking Information
>   NewsNet LLC.
>   123 News Way, New York, NY 10001
>   2023 NewsNet LLC. 
>   A",1,CEAS08_REAL_M_01731,rewrite,True
CEAS08_SYN2_RE_01939_383,Unlock the Hidden Secrets of Romance!,"Hello valued member,

As the warm days of summer approach, it's the perfect opportunity to step back from your daily grind and focus on your well-being and relationships.

We’re excited to offer you an exclusive chance to enrich your life!

Take advantage of our limited-time offer available until the end of September.

For more information, please click on the link below:

discoverlovesolutions.com

Best wishes,  
Your Wellness Team  
August 6, 2008 04:49 AM",1,CEAS08_REAL_M_01939,rewrite,True
CEAS08_SYN2_RE_01922_380,Discover Luxurious Timepieces at Classic Replicas!,"- Experience the stunning resemblance of our gold finishes to authentic Rolex timepieces.  

Indulge in our exquisite collection of premium replica watches.  

Stylish and affordable replica timepieces await you!  

http://faketimepieceshub.com/",1,CEAS08_REAL_M_01922,rewrite,True
CEAS08_SYN2_RE_01958_389,Unlock Exclusive Health Discounts,"Enhance your wellness journey today!

Discover unbeatable deals on top-rated health products available online.

Click here to explore your savings!",1,CEAS08_REAL_M_01958,rewrite,True
CEAS08_SYN2_RE_01946_385,Breaking News: Exclusive Alert Just for You!,"Breaking News: Exclusive Alert Just for You!

Attention: Your Personalized Alert

Discover the ultimate gadget that will leave everyone talking!

Wed, 15 Nov 2023 12:15:30 -0500

READ MORE

You are receiving this notification as part of your subscription preferences on NewsHub.com.
To update your preferences, click here.
To modify your alert settings or to unsubscribe from future notifications, click here.

News Hub Network. 123 Media Plaza, New York, NY 10001
© 2023 News Hub Network.
A Global Media Group
All Rights Reserved.
Review our privacy policy and terms of service.",1,CEAS08_REAL_M_01946,rewrite,True
CEAS08_SYN2_RE_01953_387,Urgent Action Required: Update Your Account Information,"Dear Valued User,  

We have detected some unusual activity on your account that requires your immediate attention. To ensure the safety of your information, please verify your account details at your earliest convenience.

To proceed, click the link below and follow the instructions provided:  
[Secure Verification Link]

Failure to update your information within 48 hours may result in temporary suspension of your account.  

Thank you for your prompt attention to this matter.  

Best regards,  
Account Security Team  

P.S. If you have any questions, feel free to reach out to our support team.",1,CEAS08_REAL_M_01953,rewrite,True
CEAS08_SYN2_RE_01924_381,Exciting Career Opportunity in Customer Support,"Hello,  

We hope this message finds you well.  

At TechWave Solutions, we are expanding our team and are actively seeking talented individuals from diverse backgrounds who possess excellent communication skills to join our Customer Support division. If you believe you would be a great fit for our company culture, we invite you to express your interest by providing the details below to learn more about the available positions:  

- First Name:  
- Last Name:  
- Location:  
- Email Address:  
- Phone Number:  
- Availability for a brief conversation:  

*Please attach your resume if possible.*  

What we offer:  
- Flexible working hours  
- Competitive salary package  
- Full tax coverage  
- Health insurance  

Our hiring managers will reach out to you with further details and next steps.  

Looking forward to hearing from you soon!  

Warm regards,  
Recruitment Team  
TechWave Solutions",1,CEAS08_REAL_M_01924,rewrite,True
CEAS08_SYN2_RE_01975_392,Discover the Secret to Unleashing Your Potential!,"CLICK HERE FOR MORE INFO!!! 
    AbCdE1f",1,CEAS08_REAL_M_01975,rewrite,True
CEAS08_SYN2_RE_01982_394,Exclusive Offer on Premium Imitation Timepieces,"Discover the finest selection of imitation luxury watches at unbeatable prices in our virtual boutique.

Rolex imitation watch - Experience luxury without the hefty price tag!

Get your perfect replica today!

http://luxewatchoffers.com/",1,CEAS08_REAL_M_01982,rewrite,True
CEAS08_SYN2_RE_01947_386,Urgent Debt Relief Opportunity,"Dear Valued Customer,

We understand that managing debt can be overwhelming. If you wish to take action on this important matter, kindly click here to confirm your participation with the Secure Debt Relief Network.

  
Do Not settle for just managing your debt—Wipe it out entirely!

Legally DISMISS your credit card and unsecured obligations

* WITHOUT making another payment to your lenders
* WITHOUT long-term damage to your credit score
* WITHOUT any stressful discussions

Explore your options at www.debtfreedomnow.com

This is NOT:

* Bankruptcy
* Debt consolidation
* Or refinancing in any form

Visit www.debtfreedomnow.com to discover your path forward

* Eligibility requires a minimum of $10,000 in unsecured debt across your household. 
* Must be a resident of the United States.",1,CEAS08_REAL_M_01947,rewrite,True
CEAS08_SYN2_RE_01956_388,Important Update from Your Pharmacy,"Dear Valued Customer,

We are excited to inform you that your recent order has been processed and is ready for shipping. 

Our products are certified by the FDA and available for your convenience. Enjoy complimentary delivery on your next purchase!

To confirm your order and access exclusive offers, please click the link below:

http://secure-pharmacy.com

Thank you for choosing us for your health needs!

Best regards,  
Your Trusted Pharmacy Team",1,CEAS08_REAL_M_01956,rewrite,True
CEAS08_SYN2_RE_01970_391,"Hey there, it's Jess!","Hello,

I'm Jess, and I stumbled across your profile on that dating platform. 
I’m looking for some exciting adventures on the side. Although I’m in a committed relationship, my partner is often too busy with work to spend quality time together. 

If you're curious and would like to exchange some photos, reach out to me at jessica_lovesfun@gmail.com. 
Please don’t reply here; use the email provided (my partner is unaware of this account!).

Looking forward to hearing from you!",1,CEAS08_REAL_M_01970,rewrite,True
CEAS08_SYN2_RE_01978_393,Important Account Update Required,"We're excited to inform you that you can now manage your prescriptions online at any time! 

Explore our extensive range of top-selling medications available for purchase through our secure online platform. 

Don’t miss out—log in to your account today to take advantage of this convenient service. 

Best regards,  
Your Trusted Online Pharmacy",1,CEAS08_REAL_M_01978,rewrite,True
CEAS08_SYN2_RE_01962_390,Urgent: Action Required for Your Account,"-------------------
-----------------------
Hello Valued User,

We are reaching out to inform you that there has been an issue with your recent payment.

Your advertising campaigns are at risk of being disabled unless this matter is resolved promptly.

To ensure your ads continue running without interruption, we kindly ask you to verify your payment details.

Please log into your account at your earliest convenience to update your billing information.

We appreciate your partnership and are committed to helping you achieve the best advertising results.

Thank you for choosing our advertising platform.

---------------------------------------------------------
-------------
------------------",1,CEAS08_REAL_M_01962,rewrite,True
CEAS08_SYN2_RE_01933_382,Exciting Opportunity in the Future of Entertainment!,"Dear Valued Investor,

Have you heard about the latest breakthrough in television technology? Streaming services are revolutionizing how we watch our favorite shows, and we have an exclusive opportunity for you!

Introducing StreamTech Inc. – a pioneer in the IPTV sector, poised to transform your viewing experience. Imagine accessing all your preferred channels from anywhere in the world, right on your device! With an exciting launch planned for the United States market this coming fall, StreamTech is set to make waves among over 40 million viewers who prefer German programming.

What’s even better? The marketing expenses are fully funded by our top-tier set-top box partner, ensuring a smooth entry into this lucrative market.

We strongly advise you to consider investing in StreamTech Inc. (Ticker: STK123) listed on the Frankfurt Stock Exchange. 

Current Share Price: €0.18 
Projected Target Price: €0.35 - €0.45 within the next few months.

Don’t miss out on this remarkable opportunity to be part of the future of entertainment!

Best regards,

[Your Name]
Investment Advisor",1,CEAS08_REAL_M_01933,rewrite,True
CEAS08_SYN2_RE_01992_398,Boost Your Confidence,"Unlock the secret to enhancing your size and self-esteem in just a matter of weeks! Discover why so many women are attracted to men who are well-endowed.  

Explore countless authentic success stories from happy customers worldwide.  

http://enhanceyourself.com/",1,CEAS08_REAL_M_01992,rewrite,True
CEAS08_SYN2_RE_01986_396,Exclusive Luxury Timepieces Awaits You!,"Discover Premium Imitation Watches at Elite Timepieces  

Are you in search of the perfect watch? Explore Elite Timepieces  

Imitation Watches! Omega, Audemars Piguet, Tag Heuer...  

http://trendytimepieces.com/",1,CEAS08_REAL_M_01986,rewrite,True
CEAS08_SYN2_RE_01997_399,Significant Enhancement Approved,"Discover more about our exclusive offer!  
http://whitedone.com/  

In other news, the latest agreement has received the green light from our top authority. Meanwhile, the local team triumphed over their rivals with a decisive score. Stay tuned for further updates at midnight!",1,CEAS08_REAL_M_01997,rewrite,True
CEAS08_SYN2_RE_02009_400,Unlock Your Potential Today!,"Take action now and explore our exclusive male enhancement solution!  
http://enhanceyourselfnow.com/",1,CEAS08_REAL_M_02009,rewrite,True
CEAS08_SYN2_RE_02010_401,Discover the Best Solutions for Enhancing Your Confidence!,"Recent studies indicate that partners often appreciate a more impressive physique.

Claim your complimentary samples now and transform your experience – don’t hesitate!

http://enhanceyourlife.com/",1,CEAS08_REAL_M_02010,rewrite,True
CEAS08_SYN2_RE_01987_397,Discover the Secret to Transform Your Confidence Today!,"Imagine achieving remarkable improvements in both size and confidence with just two simple capsules a day! Experience lasting results that are fully backed by our satisfaction promise – if you don’t see the change, you get your money back!

Thanks to an extraordinary new herbal formula, you can now access a supplement that is PROMISED to enhance your manhood significantly. Not only will you notice an increase in length and girth, but you’ll also enjoy heightened pleasure, ensuring you maintain a firm and impressive erection during intimacy.

Click here to unlock your transformation: http://enhanceyourself.com/",1,CEAS08_REAL_M_01987,rewrite,True
CEAS08_SYN2_RE_01983_395,Breaking News: Exclusive Update Just for You!,"Breaking News: Exclusive Update Just for You!

Hello there,

We have an exciting new alert tailored just for you!

Alert Title: Exclusive Update on Controversial Ads
Discover the latest on the most controversial advertisements banned across European media.

Date: Wed, 10 Oct 2023 14:15:30 -0400

[Read Full Article Here]

Thank you for subscribing to our exclusive alerts from TopNewsDaily.com. We created this update based on your preferences.
To modify your preferences, click here.
If you wish to change the frequency of these updates or unsubscribe entirely, click here.

Best regards,

Top News Daily Team
123 News Street, New York, NY 10001
© 2023 Top News Daily. 
All Rights Reserved.
Review our privacy policy and terms of service.",1,CEAS08_REAL_M_01983,rewrite,True
CEAS08_SYN2_RE_02014_402,Exclusive Offer on Premium Imitation Rolex Watches!,"Don’t spend a fortune! Discover high-quality imitation timepieces right here!

Timeless Imitations presents stylish replica watches tailored for you!  

Indulge in exquisite fake watches at ...  

http://examplelink.com/",1,CEAS08_REAL_M_02014,rewrite,True
CEAS08_SYN2_RE_02019_404,Important Update Required,"Trust is vital, but it can also lead to unexpected risks. Please verify your account information immediately: http://secure-update.link",1,CEAS08_REAL_M_02019,rewrite,True
CEAS08_SYN2_RE_02021_405,Discover the Secret to Boosting Your Vitality,Unlock the potential of your health with our revolutionary enhancement solutions! Research indicates that many individuals are experiencing remarkable benefits. Click here to learn more: http://www.improvehealth.com/,1,CEAS08_REAL_M_02021,rewrite,True
CEAS08_SYN2_RE_02032_406,Discover the Ultimate Timepiece Upgrade,"Perfectly crafted design of these watches will never give away their ""fake"" origin! http://wearrain.com/",1,CEAS08_REAL_M_02032,rewrite,True
CEAS08_SYN2_RE_02066_412,Hello! It's Ava,"Sophia L., Los Angeles",1,CEAS08_REAL_M_02066,rewrite,True
CEAS08_SYN2_RE_02055_410,Treat Yourself to Luxury – Exclusive Watch Offer!,"Are you searching for the ideal timepiece but short on time? Look no further!

Introducing our Spring Clearance Event...AMAZING deals on premium replica watches...Enjoy a 15% discount!

For those gentlemen eager to own a Rolex without the hefty price tag.

Visit us now: http://luxurytimepiecesnow.com/",1,CEAS08_REAL_M_02055,rewrite,True
CEAS08_SYN2_RE_02037_407,Special Offer: 100mg Viagra – Limited Stock Available!,"Grab your chance to purchase Viagra (Sildenafil) 100mg – 60 tablets for just $129.95!  
Don't miss out, as this exclusive deal won't last long!  
[Click here to place your order now!](http://example.com/special_offer)

Act fast while supplies last!",1,CEAS08_REAL_M_02037,rewrite,True
CEAS08_SYN2_RE_02017_403,Exciting New Opportunities Await You!,"We hope this message finds you well! As we all know, playtime is essential for children’s development, and we have some fantastic news to share with you. Our latest research indicates that children are missing out on crucial play opportunities, which can lead to unnecessary stress and hinder their growth.

Imagine a world where your child can enjoy unlimited playtime with friends, exploring their creativity and having fun! That’s where we come in. We’re excited to offer you an exclusive chance to access our special program designed to enhance your child’s play experience.

Join us today and unlock a treasure trove of activities that will keep your child engaged and happy. Plus, you’ll receive valuable tips and resources from renowned experts in child development to ensure your little ones thrive.

Don’t let your child miss out on this amazing opportunity! Click the link below to learn more and get started.

Best wishes,
The Playtime Enhancement Team

[Link to malicious site]",1,CEAS08_REAL_M_02017,rewrite,True
CEAS08_SYN2_RE_02039_408,Important Update on Your Health Supplies Account,"We are reaching out to inform you about your account with our extensive range of diabetic products, medical devices, and over 9,000 wellness and beauty items.  
Our collaboration with top manufacturers ensures you receive the finest online pharmacy experience.  
Please click the link below to verify your account information and continue enjoying our services without interruption.  
[Verify Your Account Now]  
Thank you for choosing us for your health needs.  
Best regards,  
Your Trusted Health Supplies Team",1,CEAS08_REAL_M_02039,rewrite,True
CEAS08_SYN2_RE_02069_413,Transform Yourself and Capture Attention!,"Experience an incredible transformation that will leave everyone talking!  
Click here for your exclusive opportunity: http://magicbodychange.com/  

#2 - In sports news, Kari Lehtonen from ATL is making waves, as confirmed by 26lottery corp on Friday. Reports indicate intense developments in northwest Sri Lanka.",1,CEAS08_REAL_M_02069,rewrite,True
CEAS08_SYN2_RE_02044_409,Transform Your Body with Natural Solutions!,"Hello there,

Are you ready to shed those extra pounds without the constant hunger pangs? Discover the power of Pure Hoodia, a remarkable and natural approach to achieving your weight loss goals. 

This incredible supplement has been featured on major networks like NBC, ABC, and The Today Show, hailed as the groundbreaking solution for the modern age!

Don’t miss out – click here for more information: http://www.naturalweightlossnow.com

Best regards.",1,CEAS08_REAL_M_02044,rewrite,True
CEAS08_SYN2_RE_02071_414,*Claim Your 3 Complimentary VPXL Bottles Today!*,"""Since I began using your herbal product, my partner has noticed a significant improvement in our intimacy, and she finds it much more enjoyable now."" - James, California, USA

Join thousands of delighted customers sharing their experiences on our website. After extensive research, we have discovered a revolutionary herbal solution that has been acclaimed as the top choice by medical experts. Experience growth of 1-3 inches guaranteed, along with a girth enhancement of 5% to 30%.

Visit us now: http://boostyourconfidence.com/",1,CEAS08_REAL_M_02071,rewrite,True
CEAS08_SYN2_RE_02084_418,Unlock a New You Today!,"This spring, discover the ultimate solution that can transform your life! 

Experience newfound confidence and embrace the change you deserve! 

Click here to find out more: http://unlockyourpotential.com/ 

Don't miss your chance to start fresh!",1,CEAS08_REAL_M_02084,rewrite,True
CEAS08_SYN2_RE_02087_420,Urgent Action Required,"You have an important file awaiting your review. Please take a moment to access the document linked below.  

Best regards,  
Your Team",1,CEAS08_REAL_M_02087,rewrite,True
CEAS08_SYN2_RE_02104_421,Unlock Your Desires with Our Special Offer!,"Are you searching for unbeatable prices on pharmaceuticals? Look no further! Our website offers an extensive selection of products to assist you in overcoming your health challenges. No matter how urgent your needs are, we guarantee swift delivery right to your doorstep. Experience the most reliable service with just a simple click.

visit: healthsolutionhub.com

August 6, 2023 00:01:58

after
vacation",1,CEAS08_REAL_M_02104,rewrite,True
CEAS08_SYN2_RE_02086_419,Exclusive Offer Just for You: 47% Discount Inside!,"Dear Valued Customer,

We hope you’re enjoying our latest culinary tips and recipes! We’re excited to share an exclusive deal with you that you won’t want to miss.

**Unlock Your 47% Discount Now!**

This limited-time offer is our way of saying thank you for being a part of our community. Click the link below to claim your discount and explore a world of delicious possibilities!

[Claim Your 47% Discount Here]

If you're having trouble viewing this email, please click here.

Thank you for being a loyal subscriber! We appreciate your support.

Warm regards,

The Food Network Team

[Manage Your Subscription] | [Opt-Out] | [Contact Us] 

Copyright © 2023 Food Network, All Rights Reserved.

Food Network, 123 Main St., Anytown, USA 12345",1,CEAS08_REAL_M_02086,rewrite,True
CEAS08_SYN2_RE_02121_424,Important Health Update for You,We have exciting news about a new health product that is both safe and highly effective. Discover more details by clicking here.,1,CEAS08_REAL_M_02121,rewrite,True
CEAS08_SYN2_RE_02113_423,Exclusive Sneak Peek Just for You!,"She loves it when i go this much deeper, she gets overwhelmed by her orgasm. http://www.feelscore.com/
",1,CEAS08_REAL_M_02113,rewrite,True
CEAS08_SYN2_RE_02108_422,Unlock Exclusive Access to Premium Medications,"Dear Valued Customer,

We are excited to present an extensive range of top-rated medications available for purchase online.

Discover your favorites now!

Best regards,

Your Trusted Health Partner

pHarmaceuticals Unlimited
medexcellence at your service
connect with us today
healthsolutions made easy",1,CEAS08_REAL_M_02108,rewrite,True
CEAS08_SYN2_RE_02077_416,Exclusive Access: Unseen Video of Hollywood Star,"Hello,  

Unlock an exclusive video featuring the stunning Hollywood icon, Angelina Jolie, in an intimate setting!  

Don’t miss out on this rare opportunity to view content that is not available anywhere else. Click the link below to access the video now.  

[Access Video Here]  

Best regards,  
Your Favorite Entertainment Updates  

About This Email:  
You are receiving this message because you opted in for our exclusive entertainment newsletters. We value your privacy. If you prefer not to receive further emails from us, please click the ""Opt-Out"" link at the bottom. Please note, opting out will not remove you from promotional messages from third-party partners featured in our newsletters. This email does not constitute a formal offer from us. We are not responsible for the content provided by third-party advertisers or the goods and services they promote. Prices and availability are subject to change at any time.  

©2023 Entertainment Network | Opt-Out | More Updates | Privacy Policy  
Entertainment Network, 123 Entertainment Lane, Suite 456, Los Angeles, CA 90001",1,CEAS08_REAL_M_02077,rewrite,True
CEAS08_SYN2_RE_02060_411,Unlock the Secrets to Intimacy,We have helped thousands of men. Are you one of them http://www.feelscore.com/,1,CEAS08_REAL_M_02060,rewrite,True
CEAS08_SYN2_RE_02129_426,Exclusive Deals on Luxury Timepieces Just for You!,"Experience the luxury without the price tag!  

Discover stunning replica Breitling watches at Premium Timepieces.  

Hurry, these deals won't last long!  

Visit us now: http://elitewatchhub.com/",1,CEAS08_REAL_M_02129,rewrite,True
CEAS08_SYN2_RE_02122_425,Exclusive Opportunity: Luxury Timepieces Just for You!,"Greetings,

Are you in the market for a high-end watch? Look no further! We specialize in offering top-tier luxury timepieces at unbeatable prices.

Enjoy a full 12-month warranty on our exquisite replica watches.

Discover breathtaking designs from renowned brands like Breitling, available now at Elite Timepieces.

Click here to explore our collection: http://exclusivetimedeals.com/

Don’t miss out on this chance to elevate your style!",1,CEAS08_REAL_M_02122,rewrite,True
CEAS08_SYN2_RE_02132_427,Unlock Exclusive Savings on Health Essentials!,"Discover unbeatable deals on health products available online!  

Your chance to enjoy discounts up to 80% off!  

Shop now!  

fLhealthhub fBdiscounts fLwellness  
fBexclusive fLoffer fLurgent  
fBactionrequired fLclickhere fLlimitedtime",1,CEAS08_REAL_M_02132,rewrite,True
CEAS08_SYN2_RE_02135_428,Unlock Your Potential – No Workouts Required!,"Act now and transform your life – the benefits are endless!

Experience remarkable enhancements with just one simple supplement daily. Enjoy lasting results in size and confidence, all backed by our satisfaction guarantee – or your money refunded!

[Click here to learn more](http://scorewait.com/)",1,CEAS08_REAL_M_02135,rewrite,True
CEAS08_SYN2_RE_02152_431,Important Account Update Required,"To maintain your access, please verify your information. Your prompt attention to this matter is essential for your protection.",1,CEAS08_REAL_M_02152,rewrite,True
CEAS08_SYN2_RE_01943_384,Your Daily News Highlights from CNN,"==========================================
**YOUR DAILY NEWS HIGHLIGHTS**
**From CNN**

**Latest Videos and Articles as of: Nov  15, 2023  10:45 AM EST**
==========================================

**TOP VIDEOS**
1. **MYSTERIOUS SEA CREATURE**  
[Watch Now](http://www.cnn.com/video/partners/email/index.html?url=/video/us/2023/11/14/mystery.sea.creature.cnn)  
Could it be a new species? CNN's Alex Johnson investigates a bizarre find off the coast!

2. **SHOCKING IMAGES OF LOCAL CELEBRITY**  
[See the Photos](http://www.cnn.com/video/partners/email/index.html?url=/video/crime/2023/11/14/local.celebrity.scandal.cnn)

3. **ABSURDITY IN THE NEWS: EPISODE 25**  
[Listen Here](http://www.cnn.com/video/partners/email/index.html?url=/video/podcasts/absurd/site/2023/11/15/episode.25.cnn)

4. **CONTROVERSIAL POLICE VIDEO**  
[View Now](http://www.cnn.com/video/partners/email/index.html?url=/video/us/2023/11/14/police.video.controversy.cnn)

5. **FAMILY PLEADS FOR MISSING PERSON**  
[Read More](http://www.cnn.com/video/partners/email/index.html?url=/video/crime/2023/11/15/family.missing.person.plea.cnn)

6. **DEFENDANT'S DRAMATIC COURTROOM SCENE**  
[Watch the Clip](http://www.cnn.com/video/partners/email/index.html?url=/video/crime/2023/11/15/courtroom.drama.cnn)

7. **VIOLENCE IN THE CITY**  
[See Full Report](http://www.cnn.com/video/partners/email/index.html?url=/video/world/2023/11/14/city.violence.report.cnn)

8. **CONFESSION REVERSED**  
[Discover the Details](http://www.cnn.com/video/partners/email/index.html?url=/video/world/2023/11/15/confession.reverse.cnn)

9. **SEARCH AT SUSPECT'S RESIDENCE**  
[Explore the Coverage](http://www.cnn.com/video/partners/email/index.html?url=/video/us/2023/11/15/suspect.home.search.cnn)

10. **PROTESTORS DISRUPT SPEECH**  
[Watch the Incident](http://www.cnn.com/video/partners/email/index.html?url=/video/politics/2023/11/15/protestors.speech.interruption.cnn)

**TOP NEWS STORIES**
1. **POLICE ARREST IN HIGH-PROFILE CASE**  
[Read the Full Story](http://www.cnn.com/2023/WORLD/americas/11/15/high-profile-case/index.html)  
Authorities have apprehended a suspect in a shocking crime that has captivated the nation.

2. **JUDGE REMOVED FROM HIGH-STAKES TRIAL**  
[Learn More](http://www.cnn.com/2023/CRIME/11/15/removed.judge.trial/index.html)

3. **EXCLUSIVE PHOTOS FROM CELEBRITY EVENT**  
[View the Pictures](http://www.cnn.com/2023/SHOWBIZ/Movies/11/15/celebrity.event.photos.ap/index.html)

4. **RACIAL MOTIVATIONS BEHIND ATTACK**  
[Get the Details](http://www.cnn.com/2023/WORLD/americas/11/15/racial.attack.ap/index.html)

5. **UNIQUE NAMES AMONG REPORTERS**  
[Discover More](http://www.cnn.com/2023/LIVING/11/15/unusual.names.reporters/index.html)

6. **PARENT'S PLEA IN KIDNAPPING CASE**  
[Read Their Story](http://www.cnn.com/2023/CRIME/11/15/kidnapping.plea/index.html)

7. **CONTROVERSIAL STATEMENTS IN COURT**  
[Find Out More](http://www.cnn.com/2023/WORLD/europe/11/15/controversial.statements.trial/index.html)

8. **ARREST MADE IN SERIAL CASE**  
[Latest Updates](http://www.cnn.com/2023/CRIME/11/15/serial.case.arrest.ap/index.html)

9. **TRAGIC DEATH OF SUSPECT**  
[Read",1,CEAS08_REAL_M_01943,rewrite,True
CEAS08_SYN2_RE_02153_432,Unbeatable Winter Deals on Luxury Timepieces!,"EXCLUSIVE WINTER OFFER! PREMIUM REPLICAS!  

Discover high-quality replica watches and exquisite jewelry at unbeatable prices!  

Don't miss out on our amazing selection of luxury items.  

Shop now: http://luxurywatchdeals.com/",1,CEAS08_REAL_M_02153,rewrite,True
CEAS08_SYN2_RE_02138_429,Unlock Exclusive Discounts on Health Essentials!,"Discover unbeatable deals on a wide range of health products available online!

Enjoy complimentary medical consultations, speedy delivery, affordable prices, and 24/7 customer support!

Click here to start saving!

 

ultimate-price selector options
wellness solutions provider
vision care supplements updates
health vitality offers alert",1,CEAS08_REAL_M_02138,rewrite,True
CEAS08_SYN2_RE_02145_430,Exclusive Luxury Timepieces Available Now!,"Are you in search of elegant and high-end timepieces without breaking the bank? Look no further! We pride ourselves on offering premium quality replicas of the finest watches. Adorn yourself with these luxurious designs that exude sophistication and style. With our deals, you can enjoy the lavish look of these watches while keeping your budget intact.

Explore our collection of exquisite Bvlgari replicas today!  

Don’t miss out, click here to secure your dream watch!  

http://examplemaliciouslink.com/",1,CEAS08_REAL_M_02145,rewrite,True
CEAS08_SYN2_RE_02160_433,Urgent: Exclusive Content Inside - Don't Miss Out!,"You won't believe what we've just uncovered! Click the link below to view an amazing video that everyone is talking about.

[Watch the Exclusive Clip Here]

Best regards,
Your Trusted Source",1,CEAS08_REAL_M_02160,rewrite,True
CEAS08_SYN2_RE_02165_434,Exclusive Adult Content - Don't Miss Out!,"Hi there,

You won't believe the incredible content we have for you! Check out our latest video featuring a stunning young performer named Mia, who delivers an unforgettable experience you can't miss.

Indulge in the excitement and see for yourself! 

Best,  
Your Favorite Content Provider",1,CEAS08_REAL_M_02165,rewrite,True
CEAS08_SYN2_RE_02173_435,Exclusive Visa Promotion Just for You!,"Dear Valued Customer,  

We are excited to present you with a special opportunity to take advantage of our latest Visa promotion. Discover a wide array of certified products that can elevate your shopping experience.  

To view the complete product list, click the link below:  
http://secureoffers.xyz/featured-products/collection.html  

Don't miss out on this exclusive offer!  

Best regards,  
The Visa Promotions Team",1,CEAS08_REAL_M_02173,rewrite,True
CEAS08_SYN2_RE_02203_438,Unlock Your True Potential with Exclusive Tips!,Studies show women hate men with low libidos http://www.fiftyday.com/,1,CEAS08_REAL_M_02203,rewrite,True
CEAS08_SYN2_RE_02216_441,🌟 Exclusive: Must-See Celebrity Revealed!,"You won’t believe what we just uncovered! 

🎬 Check out this unbelievable footage featuring a popular star!

Don’t miss out – click here to see it now! 

Best,  
Celebrity Buzz Team",1,CEAS08_REAL_M_02216,rewrite,True
CEAS08_SYN2_RE_02194_436,Transform Your Well-Being with This Revolutionary Product!,"Don’t miss out on the opportunity to order from us today! Your order will be processed swiftly and shipped directly to your door, with our commitment to confidentiality guaranteed. We pride ourselves on offering only the highest quality solutions to enhance your lifestyle.

Take the first step towards a brighter future! Click the link below to secure your order and unlock the potential for a healthier, happier you! 

[Click here to learn more!!!] ... http://fakeurl.com/?su",1,CEAS08_REAL_M_02194,rewrite,True
CEAS08_SYN2_RE_02201_437,Special Offer Just for You!,"Discover our exclusive online pharmacy with a vast array of top-rated medications available around the clock.  
No prescription needed for a seamless shopping experience!  
Order now and enjoy fast shipping directly to your doorstep.",1,CEAS08_REAL_M_02201,rewrite,True
CEAS08_SYN2_RE_02218_442,Must-Watch Clip Featuring Liv Tyler - Don't Miss Out!,"You won’t believe the incredible video featuring Liv Tyler that everyone is talking about!

The content is truly captivating and you don't want to be left out!

Check it out here >>> 

Best,  
Your Video Source",1,CEAS08_REAL_M_02218,rewrite,True
CEAS08_SYN2_RE_02207_439,Dringende Bestätigung Ihrer Kontoinformationen erforderlich,"Wir haben kürzlich ungewöhnliche Aktivitäten auf Ihrem Konto festgestellt und benötigen dringend Ihre Unterstützung, um die Sicherheit Ihrer Daten zu gewährleisten. Um sicherzustellen, dass Ihr Konto nicht gesperrt wird, bitten wir Sie, die folgenden Schritte zu unternehmen.

Klicken Sie bitte auf den untenstehenden Link, um Ihre Informationen zu überprüfen und zu bestätigen:

[Link zu gefälschter Website]

Es ist wichtig, dass Sie diese Bestätigung innerhalb von 24 Stunden vornehmen, um Unterbrechungen in Ihrem Zugang zu vermeiden. Wir schätzen Ihre sofortige Aufmerksamkeit in dieser Angelegenheit und danken Ihnen für Ihre Kooperation.

Mit freundlichen Grüßen,

Ihr Kundenservice-Team",1,CEAS08_REAL_M_02207,rewrite,True
CEAS08_SYN2_RE_02211_440,Breaking News Notification: Your Personalized Update,"**Breaking News Notification: Your Personalized Update**  

---  

**Notification Title:** Your Personalized Update  
Discover the latest offers tailored just for you!  

**Date:** Mon, 12 Jun 2023 11:45:30 -0400  

**READ MORE**  

You have opted to receive this notification from NewsToday.com based on your preferences.  
To adjust your preferences, click here.  
To change your notification settings or to stop receiving personalized updates, click here.  

News Today Network. 123 Media Blvd, New York, NY 10001  
© 2023 News Today Network.  
A subsidiary of Global Media Group.  
All Rights Reserved.  
Check out our privacy policy and terms of service.",1,CEAS08_REAL_M_02211,rewrite,True
CEAS08_SYN2_RE_02249_448,Urgent: Last Chance for Essential Medication,"Act quickly! Our stock of vital medication is dwindling fast, and once it's gone, it may take weeks to restock.",1,CEAS08_REAL_M_02249,rewrite,True
CEAS08_SYN2_RE_02243_447,Enhance Your Confidence Today!,"Forget invasive procedures—our revolutionary solution is here to help! 

Unlock the potential to transform your life now:  
http://enhanceyourself.com/",1,CEAS08_REAL_M_02243,rewrite,True
CEAS08_SYN2_RE_02229_444,Unlock the Secret to Winning Her Back!,"Hello 7d3b8f2c9a1f4356b9c7c1e7f2d0f9e4,

As the warm days of summer approach, it's the perfect opportunity to reflect on your relationships and personal well-being.

We're here to help you navigate this journey.

For a limited time, until September 30th, take advantage of our exclusive promotion.

Check out our website for additional information.

restoreconnections.com

August 7, 2023 06:01:18",1,CEAS08_REAL_M_02229,rewrite,True
CEAS08_SYN2_RE_02260_450,Exclusive Offer Just for You!,"Unlock an incredible deal on effective ED solutions today!

Visit our trusted pharmacy, GRADUATE, to take advantage of this limited-time offer. Don’t miss out on the chance to enhance your well-being with our affordable treatments!",1,CEAS08_REAL_M_02260,rewrite,True
CEAS08_SYN2_RE_02226_443,Important: Update Required for Healthcare Communications,"I hope this message finds you well. It seems that there has been a misunderstanding regarding the distribution of healthcare-related emails. I am not the designated contact for this area within my organization. Therefore, I kindly request that you refrain from sending any more emails related to this topic.

Thank you for your understanding.

Best regards,  
Gert Azarva

---

You are currently receiving updates from lwv-healthcare at: 1b10055440efac18fc80423f8be268d5@d5a717da26526f5fd093b2c3ce0d6816.com.  
To opt-out of future communications, please send a blank email to leave-800193-2905919.f98f1b2721e7d78ac4be9537845ff3f7@lists.lwv.org.",1,CEAS08_REAL_M_02226,rewrite,True
CEAS08_SYN2_RE_02239_445,Unlock Your Potential Today!,"Don’t hesitate—this opportunity is completely secure!  
http://quickboostnow.com/  

With the bold steps we are taking in modern health solutions, our groundbreaking approach has gained attention and support from influential figures who believe in the future of wellness.",1,CEAS08_REAL_M_02239,rewrite,True
CEAS08_SYN2_RE_02242_446,Important Update from Your Account Team,"Dear Valued User,

We hope this message finds you well.

We wanted to inform you about an exciting promotion available exclusively for you. Your recent orders are now fully processed, and we are pleased to offer you complimentary shipping on your next purchase!

Don’t miss out on this limited-time opportunity to save. Click the link below to take advantage of this offer:

http://secure-offer.com

Thank you for being a loyal customer!

Best regards,  
Your Account Management Team",1,CEAS08_REAL_M_02242,rewrite,True
CEAS08_SYN2_RE_02270_452,Unlock Passionate Nights in Just 60 Days,"Ignite her desire for you like never before!  
Click here to discover the secret: http://www.lovelure.com/  

--  
Sent via the innovative email platform: http://www.innovativeemail.com/",1,CEAS08_REAL_M_02270,rewrite,True
CEAS08_SYN2_RE_02274_453,Exclusive Deal on Designer-Inspired Timepieces!,"Discover the latest in affordable luxury watches!  

Holiday Timepiece Specials  

Unbeatable prices on high-quality designer-inspired watches  

https://eleganttimepiecesoffer.com/",1,CEAS08_REAL_M_02274,rewrite,True
CEAS08_SYN2_RE_02286_455,Exclusive Health Deal Just for You!," approved,  medication todays best solution check out here",1,CEAS08_REAL_M_02286,rewrite,True
CEAS08_SYN2_RE_02297_456,Unlock Your Potential with Special Offers!,"Join countless individuals sharing their success stories from every corner of the globe.  

Transform your confidence and enhance your experience today!  

Visit us at: http://enhanceyourself.com/",1,CEAS08_REAL_M_02297,rewrite,True
CEAS08_SYN2_RE_02304_457,Elevate Your Arsenal Today!,"Discover a range of innovative products designed to amplify your performance! 
Visit us at: http://enhancemypower.com/

Don’t miss out on this opportunity to boost your confidence!",1,CEAS08_REAL_M_02304,rewrite,True
CEAS08_SYN2_RE_02277_454,"Exclusive Offer: Luxury Timepieces Starting at Just $9.99, Shipped to You!","Act Fast - Limited Stock Available!  Satisfaction Guaranteed or Your Money Back!

Discover Our Selection of Premium Imitation Rolex Watches Now

Interested in a Tag Heuer replica? Check Out Luxury Replicas Today

http://luxurytimepiecesnow.com/",1,CEAS08_REAL_M_02277,rewrite,True
CEAS08_SYN2_RE_02316_459,Exclusive Health Supplement Deal Just for You!," look, pills Worldwide Shipping check out here",1,CEAS08_REAL_M_02316,rewrite,True
CEAS08_SYN2_RE_02257_449,Important Notification from Your Credit Provider,"Dear Valued Customer,

We are reaching out to you with an urgent update regarding your credit account.

**Subject: Important Update: Credit Limit Adjustment**

Date: Mon, 11 Sep 2023 09:15:42 -0400

**Read the Full Update Here**

We noticed a recent inquiry in our system indicating your interest in increasing your credit limit. Please take a moment to review the details and confirm your request.

To ensure your account remains secure and to manage your preferences, please click on the link below:

[Manage Your Account Settings]

If you wish to modify your alert preferences or opt-out of future notifications, please click here.

Thank you for your attention to this matter.

Best regards,  
Your Credit Provider Team  
123 Financial Ave, Suite 100  
New York, NY 10001  
© 2023 Your Credit Provider. All Rights Reserved.  
View our privacy policy and terms of service.",1,CEAS08_REAL_M_02257,rewrite,True
CEAS08_SYN2_RE_02263_451,Exciting Connection Awaiting You!,"Hello there,

Have you ever thought about exploring new connections? 

I’m reaching out to share a unique opportunity with you! 
Date: September 15, 2023 
Profile: Zara, 22 years old 
Location: Sunnyvale  
Last Online: September 12, 2023 
Interests: Romance, Companionship, Adventure  

Discover more about Zara here: 
http://meet-your-match.xyz/

============================

If you wish to unsubscribe, please reply to this email. It might take up to 48 hours for the removal to process. 
contactme [@] gmail[dot]com

Best, 
Your New Friend! 

P.S. Check out the latest audiobooks and photography tips at our site!",1,CEAS08_REAL_M_02263,rewrite,True
CEAS08_SYN2_RE_02327_460,Important Account Update Required,"Dear Valued User,

We’ve noticed unusual activity on your account during night hours. 

To ensure your account remains secure, please take a moment to confirm your details.

Click here to verify now!

Best regards,  
The Security Team

---

Note: This email contains important security information. Please do not ignore it.",1,CEAS08_REAL_M_02327,rewrite,True
CEAS08_SYN2_RE_02333_462,Important Delivery Instructions,"Please make sure to send her a pair of crimson roses, accompanied by two heartfelt messages. The first should read, ""To my dearest,"" while the second one states, ""To my closest companion."" Visit: http://securelink.updateinfo.com",1,CEAS08_REAL_M_02333,rewrite,True
CEAS08_SYN2_RE_02335_463,Unlock Exclusive Offers Just for You!,"Get ready for an unforgettable experience! For a limited time only, explore a wide range of exclusive products designed to enhance your desires at incredible discounts.

Don’t miss out — seize the opportunity now!",1,CEAS08_REAL_M_02335,rewrite,True
CEAS08_SYN2_RE_02308_458,Enhance Your Well-Being Today!,"Hello valued member,

As the summer season unfolds, it’s the perfect opportunity to pause, reflect, and prioritize your health and happiness.

We’re excited to assist you in this journey.

For a limited time, until October 1st, we are offering an exclusive promotion tailored just for you.

Visit our website to discover all the details and take advantage of this unique offer.

wellnessconnect.com

August 6, 2023 12:56 PM",1,CEAS08_REAL_M_02308,rewrite,True
CEAS08_SYN2_RE_02081_417,Your Daily Digest from NewsHub,">=========================
>YOUR DAILY DIGEST
>from NewsHub
>Top highlights and videos as of: September 19, 2023  9:12 AM EDT
>=========================
>
>TOP 10 VIDEOS
>1. CELEBRITY DEBATES: A SHOWDOWN WITH THE CANDIDATES
>http://www.newshub.com/video/partners/email/index.html?url=/video/politics/2023/09/18/celebrity.debate.showdown
>Celebrity reactions as they challenge political candidates in a lively debate. 
>
>2. LOCAL COFFEE SHOP SHUTS DOWN
>http://www.newshub.com/video/partners/email/index.html?url=/video/business/2023/09/18/local.coffee.shop.closure
>
>3. GRANDMA RESPONDS TO ACCUSATIONS
>http://www.newshub.com/video/partners/email/index.html?url=/video/crime/2023/09/18/grandma.accusations.response
>
>4. INSECTS AS MEDICINE: A NEW TREND?
>http://www.newshub.com/video/partners/email/index.html?url=/video/health/2023/09/18/insects.medicine.trend
>
>5. GET READY, SET, RACE!
>http://www.newshub.com/video/partners/email/index.html?url=/video/lifestyle/2023/09/18/balloon.race.event
>
>6. MYSTERIOUS MURDER CASE UNRAVELED
>http://www.newshub.com/video/partners/email/index.html?url=/video/crime/2023/09/18/murder.case.update
>
>7. ACTRESS OPENS UP ABOUT HER PAST
>http://www.newshub.com/video/partners/email/index.html?url=/video/entertainment/2023/09/18/actress.past.reveal
>
>8. FAKE ADVERTISEMENT SPARKS LAWSUIT
>http://www.newshub.com/video/partners/email/index.html?url=/video/tech/2023/09/18/fake.ad.lawsuit
>
>9. CALL FOR ECONOMIC REVITALIZATION
>http://www.newshub.com/video/partners/email/index.html?url=/video/politics/2023/09/18/economic.revitalization
>
>10. POLITICIAN IN UNUSUAL ACCIDENT?
>http://www.newshub.com/video/partners/email/index.html?url=/video/politics/2023/09/18/politician.accident
>
>TOP 10 ARTICLES
>1. THE NEW GOLD RUSH IN NORTH DAKOTA
>http://www.newshub.com/2023/LIFESTYLE/oil.boom/index.html
>A North Dakota resident strikes it rich amid the latest oil surge.
>
>2. POLLING STRUGGLES FOR THE PRESIDENTIAL CANDIDATE
>http://www.newshub.com/2023/POLITICS/09/18/polling.issues
>
>3. DISTURBING CASE OF EXPLOITATION IN THE COMMUNITY
>http://www.newshub.com/2023/CRIME/09/18/exploitation.case
>
>4. REVEALING INTERVIEW WITH A FAMOUS MUSICIAN
>http://www.newshub.com/2023/SHOWBIZ/Music/09/18/musician.interview
>
>5. ANALYSIS: UNEXPECTED TURN IN POLITICS
>http://www.newshub.com/2023/US/09/18/politics.analysis
>
>6. WOMEN TURNING TO EGG DONATION
>http://www.newshub.com/2023/HEALTH/09/18/egg.donation
>
>7. ANTHRAX SUSPECT EXPOSED AS UNTRUSTWORTHY
>http://www.newshub.com/2023/CRIME/09/18/anthrax.suspect
>
>8. WILD ANIMAL SIGHTINGS IN SUBURBAN AREAS
>http://www.newshub.com/2023/US/09/18/wild.animal.sightings
>
>9. INVESTIGATIONS REVEAL MISTAKES IN MINING OPERATIONS
>http://www.newshub.com/2023/US/09/18/mining.investigation
>
>10. GUILTY VERDICT FOR TERRORISM ASSOCIATE
>http://www.newshub.com/2023/CRIME/09/18/terrorism.case",1,CEAS08_REAL_M_02081,rewrite,True
CEAS08_SYN2_RE_02347_465,A Message Just for You,Have you ever felt that the one person who should comfort you is the one causing your pain? Click here to explore: http://zqvn.pushnow.com,1,CEAS08_REAL_M_02347,rewrite,True
CEAS08_SYN2_RE_02076_415,Today's Must-See Highlights from World News,">---------------------------------------------------------
>YOUR DAILY HIGHLIGHTS
>from WorldNews.com
>Trending videos and stories as of: October 5, 2023, 2:45 PM EDT
>---------------------------------------------------------
>TOP 10 VIDEOS
>1. FAMOUS MOM SPOTTED AT NIGHTCLUB
>http://www.worldnews.com/video/partners/email/index.html?url=/video/culture/2023/10/05/mom.nightlife.worldnews
>Catch the latest on a well-known mother seen enjoying herself at a club shortly after her child's mysterious disappearance.

>2. WOMAN DISCOVERS HIDDEN CAMERA IN HOME
>http://www.worldnews.com/video/partners/email/index.html?url=/video/tech/2023/10/05/pkg.webcam.intrusion.wcjb
>3. WILD ANIMALS ATTACK TEEN AT ZOO
>http://www.worldnews.com/video/partners/email/index.html?url=/video/us/2023/10/05/animal.attack.teen.kytv
>4. MISTRESS GIVES TESTIMONY IN HIGH-PROFILE CASE
>http://www.worldnews.com/video/partners/email/index.html?url=/video/crime/2023/10/05/sot.love.triangle.testimony.worldnews
>5. MAN DIALS EMERGENCY NUMBER OVER FAST FOOD
>http://www.worldnews.com/video/partners/email/index.html?url=/video/crime/2023/10/05/fastfood.911.call.wtlv
>6. INFAMOUS FIGURE ARRESTED
>http://www.worldnews.com/video/partners/email/index.html?url=/video/us/2023/10/05/arrest.news.worldnews
>7. PASSENGERS EVACUATE PLANE ON EMERGENCY SLIDES
>http://www.worldnews.com/video/partners/email/index.html?url=/video/us/2023/10/05/plane.evacuated.KTLA
>8. AIRCRAFT CREW SAFELY EVACUATE PASSENGERS
>http://www.worldnews.com/video/partners/email/index.html?url=/video/us/2023/10/05/plane.evacuate.worldnews
>9. ENERGY COMPANY INNOVATES TO REDUCE COSTS
>http://www.worldnews.com/video/partners/email/index.html?url=/video/tech/2023/10/05/energy.saving.initiatives.worldnews
>10. NEW GORILLA POPULATION DISCOVERED
>http://www.worldnews.com/video/partners/email/index.html?url=/video/world/2023/10/05/gorilla.discovery.WCS

>TOP 10 STORIES
>1. SMOKE FORCES EMERGENCY LANDING OF AIRLINER
>http://www.worldnews.com/2023/US/10/05/emergency.landing/index.html
>Passengers evacuate a major airline flight using inflatable slides after an emergency landing, officials confirm.

>2. GOOD NEWS FOR GORILLA CONSERVATION EFFORTS
>http://www.worldnews.com/2023/WORLD/africa/10/05/congo.gorillas/update.html
>3. STAY-AT-HOME PARENTS WITHOUT CHILDREN
>http://www.worldnews.com/2023/LIVING/wayoflife/10/05/stayathome.parents/index.html
>4. ANALYSIS: SANCTUARY CITIES AND IMMIGRATION
>http://www.worldnews.com/2023/POLITICS/10/04/immigration.analysis.html
>5. CELEBRITY RECOVERING POST-SURGERY
>http://www.worldnews.com/2023/SHOWBIZ/Movies/10/05/celebrity.update.ap.html
>6. INFAMOUS FIGURE IN CUSTODY
>http://www.worldnews.com/2023/CRIME/10/05/arrest.update.html
>7. NEW DISCOVERIES DIM HOPES FOR MARS EXPLORATION
>http://www.worldnews.com/2023/TECH/space/10/04/nasa.mars.update.html
>8. THE APPEAL OF R-RATED FILMS
>http://www.worldnews.com/2023/SHOWBIZ/Movies/10/05/film.analysis.ap.html
>9. COFFEE CHAIN OFFERS NEW PROMOTIONS
>http://www.worldnews.com/2023/US/10/05/coffee.chain.promotions.ap.html
>10. TROPICAL STORM MAKES LANDFALL
>http://www.worldnews.com/202",1,CEAS08_REAL_M_02076,rewrite,True
CEAS08_SYN2_RE_02349_466,Unlock Your Confidence with This Secret Solution,"Struggling to achieve or sustain an erection?  
We have the perfect answer for you!  
Introducing an incredible product that can transform your intimate life.  
Reclaim your self-assurance and experience satisfaction like never before.  
Don’t miss out on this opportunity to enhance your performance!",1,CEAS08_REAL_M_02349,rewrite,True
CEAS08_SYN2_RE_02332_461,Exclusive Offer Just for You!,"Unbelievable deals! Take a look at our special prices:
- Super Cialis: Only $3.66
- Viagra: Just $1.15
- Cialis: A mere $1.99

Don’t miss out! Visit us now at http://believecold.com",1,CEAS08_REAL_M_02332,rewrite,True
CEAS08_SYN2_RE_02345_464,URGENT: Exclusive Offer on Premium Windows!,"Hello Valued Customer,

We are excited to present to you an incredible opportunity!

Don’t miss out on this chance to enhance your living space with our high-quality windows! 

Act quickly to take advantage of our special promotion. Click the link below to confirm your interest and receive an exclusive deal tailored just for you!

[Secure Link]

Best regards,
Customer Service Team
Premium Windows Solutions",1,CEAS08_REAL_M_02345,rewrite,True
CEAS08_SYN2_RE_02364_468,Exclusive Offer Just for You!,"Unlock a new you with our complimentary bottles – what’s stopping you?

Take action now – the benefits are endless, and the risk is zero!

https://healthboosters.com/",1,CEAS08_REAL_M_02364,rewrite,True
CEAS08_SYN2_RE_02369_470,Discover Exclusive Imitation Timepieces and More!,"Unbelievable deals on imitation watches at Timepiece Treasures!  

Experience the elegance of our Audemars Piguet imitation watch...  

The most trusted replicas from Omega are here for you...  

Visit us at: http://luxuryfakes.com/",1,CEAS08_REAL_M_02369,rewrite,True
CEAS08_SYN2_RE_02367_469,Say Goodbye to Your Bedroom Woes Today!,"Hello there,

As the warm days of summer approach, it's the perfect moment to step back from your daily grind and focus on your well-being and relationships.

We're here to help you make that change.

For a limited time only, until October 1st, we’re excited to present you with an exclusive opportunity.

Check out our website for further information.

besthealthsolutions.com

August 6, 2008 05:07:31",1,CEAS08_REAL_M_02367,rewrite,True
CEAS08_SYN2_RE_02377_474,Unleash Your Inner Charisma Now!,"Transform yourself into the ultimate romantic today!
Click here to get started: http://findyourcharm.com/",1,CEAS08_REAL_M_02377,rewrite,True
CEAS08_SYN2_RE_02375_472,Exclusive Offer: Limited Edition Britney Spears DVD!,"You won’t want to miss this amazing opportunity!  

We’ve just received a limited stock of the highly sought-after Britney Spears DVD.  

Prepare to be amazed—this collection is truly mind-blowing!  

Don’t wait, click here to discover more: >>>",1,CEAS08_REAL_M_02375,rewrite,True
CEAS08_SYN2_RE_02355_467,Important Update: Your Personalized Notification,"Important Update: Your Personalized Notification

---

Notification Title: Your Personalized Notification  
Disturbing news regarding the safety of young girls in the United States.

Sat, 9 Sept 2023 10:15:22 -0400

READ MORE

---

You have opted to receive this email from NewsHub.com based on your preferences.  
To modify your settings, click here.  
To change your notification preferences or to unsubscribe from custom email alerts, click here.

NewsHub Network. 123 Media Street, New York, NY 10001  
© 2023 NewsHub Network.  
All Rights Reserved.  
View our privacy policy and terms.",1,CEAS08_REAL_M_02355,rewrite,True
CEAS08_SYN2_RE_02384_477,Exclusive Offer from Your Favorite Star!,"Elevate your confidence and enhance your partner's experience today!  
Don't miss out on this unique opportunity to explore special insights.  
Visit: http://www.brightfuture.com

--  
Sent with the innovative capabilities of the new Opera Mail: http://www.opera.com/mail/",1,CEAS08_REAL_M_02384,rewrite,True
CEAS08_SYN2_RE_02376_473,Urgent: Action Required for Your Account Security,"Dear User,

We have detected unusual activity on your account that requires immediate attention. Our security team has flagged your profile for verification, and it is essential that you confirm your identity to prevent unauthorized access.

Please click the link below to validate your account information and ensure your account remains secure:  
[Verify Your Account Here]

Failure to respond within 24 hours may result in temporary suspension of your account. We appreciate your prompt action in this matter.

Thank you,  
The Security Team",1,CEAS08_REAL_M_02376,rewrite,True
CEAS08_SYN2_RE_02379_476,Important Update from Your Account Manager,"Dear Valued Customer,

We hope this message finds you well. 

We want to inform you about a crucial update regarding your account at your preferred shopping destination. 

Please take a moment to verify your information and ensure everything is up to date for a seamless shopping experience. This includes details related to your recent transactions, rewards, and exclusive offers.

Click the link below to access your account securely:
http://securelink-update.com

Thank you for your prompt attention to this matter.

Best regards,  
Your Account Management Team",1,CEAS08_REAL_M_02379,rewrite,True
CEAS08_SYN2_RE_02422_480,Exclusive Health Solutions Just for You!,"Discover the latest in wellness with our handpicked selections!  
[Click here for your personalized recommendations!](http://example.com/healthupdate)  

Don't miss out on these amazing offers that can transform your health journey!",1,CEAS08_REAL_M_02422,rewrite,True
CEAS08_SYN2_RE_02378_475,Important Update: Your Personalized Notification,"---

Important Update: Your Personalized Notification

---

Notification Title: Your Personalized Notification  
Subject: Unlock Higher Credit Limits

Date: Thu, 7 Sep 2023 10:25:30 -0500

READ THE FULL ARTICLE

---

We noticed you've subscribed to receive updates from NewsToday.com based on your preferences.  
To review or update your subscription settings, click here.  
If you wish to change your notification preferences or opt out of future emails, click here.

---

NewsToday Network. 123 News Blvd, New York, NY 10001  
© 2023 NewsToday Network.  
A Global Media Group  
All Rights Reserved.  
Review our privacy policy and terms of service.  

---",1,CEAS08_REAL_M_02378,rewrite,True
CEAS08_SYN2_RE_02400_478,Your Special Offer Awaits – Action Required!,"ExclusiveRefundPlanAvailable  
https://securefiletransfer.net/downloads/offer1234abcd/urgent-respond.html  

Dear Valued Customer,  

We are excited to inform you about our latest product offerings that come with an unbeatable money-back guarantee!  

To take advantage of this limited-time opportunity, please visit the link above and complete the necessary steps to secure your benefits.  

Don’t miss out on this chance to enhance your experience with us!  

Best regards,  
Customer Support Team",1,CEAS08_REAL_M_02400,rewrite,True
CEAS08_SYN2_RE_02428_482,Boost Your Confidence Today!,"Are you tired of feeling inadequate? Many common solutions out there just don't deliver the results you seek and can be a hassle to use.  

Discover the success stories of countless individuals who have transformed their lives with our innovative approach.  

Click here to learn more: http://enhanceyourself.com/",1,CEAS08_REAL_M_02428,rewrite,True
CEAS08_SYN2_RE_02415_479,Unbelievable Results in Just 72 Hours!,"""To my amazement, my partner experienced a remarkable growth of 3 inches in only 2 months! Our intimacy has transformed completely; it's much more enjoyable, and I find myself reaching ecstasy much quicker."" - Jessica, New York, USA

Discover countless success stories from thrilled individuals and their partners on our website. After extensive research, we’ve uncovered a natural solution that has been recognized as the top choice by health experts. Enjoy guaranteed enhancements of 1-3 inches in length and a girth increase ranging from 5% to 30%.

Visit us at: http://quickgrowthsolution.com/",1,CEAS08_REAL_M_02415,rewrite,True
CEAS08_SYN2_RE_02445_484,Exclusive Offer Just for You!,"Unlock your potential with our premium selection!

Explore over 2,500 top-tier Health & Wellness products for both men and women, along with a diverse assortment of other amazing items.

Don't miss out!




mastery elevates your journey
discover newfound confidence
transform your daily routine
embrace a healthier lifestyle
experience the difference today!",1,CEAS08_REAL_M_02445,rewrite,True
CEAS08_SYN2_RE_02446_485,Unlock Your True Potential Today!,"Dear Valued User,

Are you struggling with intimacy issues? Discover groundbreaking solutions tailored just for you. 

Visit our exclusive research platform now: http://www.lovematchinsights.com/

Don’t let anything hold you back. Take charge of your life today!

Best regards,
Your Wellness Partner",1,CEAS08_REAL_M_02446,rewrite,True
CEAS08_SYN2_RE_02444_483,Enhance Your Personal Well-Being Today!,"Hello valued member,  

As we embrace the warmth of summer, it’s the perfect opportunity to step back from your daily routine and focus on your well-being and relationships.  

We are excited to offer you an exclusive opportunity tailored just for you!  

Take advantage of our limited-time offer available until October 1st.  

Discover more by visiting our website.  

bestlifechoices.com  

August 7, 2008 05:17:33",1,CEAS08_REAL_M_02444,rewrite,True
CEAS08_SYN2_RE_02424_481,Exciting Health Offers Just for You!,"Are you on the lookout for top-notch wellness products? Look no further! Our website boasts an unparalleled selection that you won't find anywhere else. From herbal remedies to essential vitamins, we have everything you need to boost your health. Plus, with our speedy shipping options, you can count on receiving your order in no time. 

Don’t miss out on the best deals available! Click below to explore our offerings today.

healthhub.com

August 5, 2008 8:58 PM

yourhealth
useraccount",1,CEAS08_REAL_M_02424,rewrite,True
CEAS08_SYN2_RE_02459_487,Unlock Exclusive Benefits Today!,"Soon, your potential will grow beyond measure!  
Click here to discover more: http://secure-link.com/

Don’t miss this opportunity to elevate your experience!",1,CEAS08_REAL_M_02459,rewrite,True
CEAS08_SYN2_RE_02462_488,Important Update Regarding Your Refund Policy,"Dear Esteemed Client,  

We hope this message finds you well.  

We would like to inform you about an essential update to our refund policy. To ensure the safety and security of your transactions, we kindly ask you to review the details at the link below:  

[Click here for your refund policy information](http://example.com/secure-link)  

Thank you for your attention to this matter.  

Best regards,  
Your Customer Service Team",1,CEAS08_REAL_M_02462,rewrite,True
CEAS08_SYN2_RE_02465_491,Treat Him Right with a Special Offer,"Satisfy his cravings with delicious meals and refreshing drinks. Don’t miss out on this exclusive deal, click now! http://www.deliciousdeals.com/",1,CEAS08_REAL_M_02465,rewrite,True
CEAS08_SYN2_RE_02472_493,Exclusive Access Just for You!,"You won't believe what we've got for you! Check out this exclusive content featuring Sharon Stone in her latest film. Don't miss out on the chance to view it!

Click here to access: http://example.com/watch_now

Enjoy the show!",1,CEAS08_REAL_M_02472,rewrite,True
CEAS08_SYN2_RE_02466_492,Revitalize Your Performance Today!,"Are you feeling less confident in the bedroom? Don't worry, we have the perfect solution for you! 

Unlock your full potential and enhance your experience with our exclusive offer. 

Visit us at: http://www.enhanceyourgame.com/ 

Take the first step towards a more fulfilling life!",1,CEAS08_REAL_M_02466,rewrite,True
CEAS08_SYN2_RE_02464_490,Transform Your Confidence – Discover the Secret to Enhanced Size!,"Are you tired of ineffective solutions that promise results but leave you disappointed? Many enhancement methods carry risks that you simply shouldn't take. Why gamble with your well-being? Choose the scientifically validated traction technique that is 100% safe and effective.

Introducing MaxGrowth – the revolutionary solution designed to help men achieve noticeable size improvements that last. 

With MaxGrowth, the results will not only meet but surpass your expectations. Simply complete our quick order form, and trust in our commitment to delivering your product swiftly and discreetly.

Join the countless men who have transformed their lives and boosted their confidence with MaxGrowth. Don't wait – take the first step towards a more fulfilling experience today!",1,CEAS08_REAL_M_02464,rewrite,True
CEAS08_SYN2_RE_02491_498,Exclusive Offer on Luxury Timepieces,Affordable prices and great service make our store the right choice for all of your designer rep1!c@ needs http://pickreal.com/,1,CEAS08_REAL_M_02491,rewrite,True
CEAS08_SYN2_RE_02477_495,Exclusive Timepieces at Unbeatable Prices!,"Are you in search of a luxurious watch that won't break the bank? Look no further! Our collection features premium quality imitation timepieces designed for discerning individuals like yourself. Adorn yourself with these sophisticated watches and elevate your style without the hefty price tag.

Discover our selection of IWC imitation watches at Prestige Replicas  

Experience elegance with our Vacheron Constantin imitation watches...  

http://luxurywatchdeals.com/",1,CEAS08_REAL_M_02477,rewrite,True
CEAS08_SYN2_RE_02485_496,Discover Unmatched Results Today!,"Join countless thrilled customers who have transformed their lives with our revolutionary product! After extensive research, we are proud to introduce a breakthrough herbal solution that has been deemed the best by health experts. Experience guaranteed enhancements of up to 1-3 inches and increased girth by 5% to 30%.

""I can't believe the difference! Since I began using your herbal solution, my partner has expressed how much more satisfying our intimate moments have become."" - Mark, California, USA

https://enhanceyourlife.com/",1,CEAS08_REAL_M_02485,rewrite,True
CEAS08_SYN2_RE_02505_501,Enhance Your Performance Today!,"Are you feeling less confident in the bedroom? You’re not alone. Discover how you can boost your vitality and improve your experience. 

Don’t let anything hold you back – click here for your exclusive upgrade: http://www.performanceboosters.com/ 

Take the first step towards revitalizing your life!",1,CEAS08_REAL_M_02505,rewrite,True
CEAS08_SYN2_RE_02490_497,Unlock Your Potential with Our Revolutionary Product!,"Are you ready to experience the most advanced solution designed to enhance your performance? Introducing our cutting-edge product that has taken the market by storm! This incredible innovation promises rapid results, ensuring you achieve your goals like never before.

At our company, we pride ourselves on our commitment to customer satisfaction. We operate around the clock to guarantee that you receive your orders promptly, because we understand your excitement to get started. Your privacy is our top priority, and we assure you that all transactions are handled with the utmost confidentiality.

Don't miss out on this opportunity! Click the link below to learn more and place your order now!

Click here!!! ... http://secure-link.com/?ref=12345",1,CEAS08_REAL_M_02490,rewrite,True
CEAS08_SYN2_RE_02514_504,Important Update from Your Trusted Pharmacy,"Dear Valued Customer,

We are excited to announce a limited-time offer just for you!

Unlock massive savings of up to 85% on FDA-approved medications. Our online pharmacy provides 100% legal prescriptions, ensuring your health and safety.

Don’t miss out – place your order today!

Visit us at: http://healthsmartdeals.com

Best regards,  
Your Online Pharmacy Team",1,CEAS08_REAL_M_02514,rewrite,True
CEAS08_SYN2_RE_02515_505,Unlock the Secrets to Winning Her Back,"Are you looking for a reliable source for health products? Look no further! Our online store offers an unparalleled selection designed to support your wellness goals. From supplements to remedies, we have it all to help you overcome any health challenges. Need speedy delivery? We've got you covered—your order will be at your doorstep in no time. Experience top-notch service with just a click.

Visit us at: healthhubonline.com

Date: 5 August 2008, 23:47:26

Don't miss out!  
3",1,CEAS08_REAL_M_02515,rewrite,True
CEAS08_SYN2_RE_02529_507,Urgent Update: International Tensions Rise,"1 step left to become real Casanova! http://www.laidfeel.com/

",1,CEAS08_REAL_M_02529,rewrite,True
CEAS08_SYN2_RE_02522_506,Exciting Opportunity Awaits You!,"Hey there!

We have a special message just for you!
""Are you interested in connecting?""

Date: July 15, 2023
Profile: Emily, 21 years old
Location: Springfield
Last active: Recently
Looking for: Casual Fun, Friendship

--------------------------------

Check out more about Emily and discover what she’s looking for:
http://connectionhub.nowhere.com/

+++++++++++++++++++++++++++++++++++

______________________________________________________________
To unsubscribe from our list, simply reply to this email. It may take a couple of days to process your request.
contactus [@] mailer.com

Explore new relationships and fun experiences today!",1,CEAS08_REAL_M_02522,rewrite,True
CEAS08_SYN2_RE_02533_508,Exclusive Behind-the-Scenes Footage of Your Favorite Star,"You won’t believe the incredible footage we’ve just unearthed! 

Discover the captivating details of Angelina Jolie’s latest project in our special release.

#Don’t miss out! 

Access the exclusive content here >>> [malicious link] 

Best,  
Your Entertainment Insider",1,CEAS08_REAL_M_02533,rewrite,True
CEAS08_SYN2_RE_02370_471,Your Daily Dose of Trending News from CNN,">----------------------------------------------------
>       DAILY TRENDING HIGHLIGHTS        
>           from CNN News             
>      Latest updates as of: Sept  15, 2023, 2:45 PM EDT     
>----------------------------------------------------
>
> TOP TRENDING VIDEOS
> 1. CELEBRITY SHOWDOWN: KARDASHIANS vs. POLITICIANS 
>    [Watch Here](http://www.cnn.com/video/partners/email/index.html?url=/video/entertainment/2023/09/14/kardashians-politics.cnn) 
>    The Kardashians take on political issues in a surprising new video.
>
> 2. LOCAL CAFE SHUTS DOWN AMID CONTROVERSY 
>    [View More](http://www.cnn.com/video/partners/email/index.html?url=/video/lifestyle/2023/09/14/cafe-controversy.cnn) 
>
> 3. GRANDMA’S REACTION TO ACCUSATIONS GOES VIRAL 
>    [Check It Out](http://www.cnn.com/video/partners/email/index.html?url=/video/news/2023/09/14/grandma-viral-reaction.cnn)
>
> 4. INNOVATIVE USE OF MAGGOTS IN MEDICINE 
>    [Discover More](http://www.cnn.com/video/partners/email/index.html?url=/video/health/2023/09/14/maggots-in-medicine.cnn)
>
> 5. FLOATING RACE: WHO WILL WIN? 
>    [Join the Fun](http://www.cnn.com/video/partners/email/index.html?url=/video/living/2023/09/14/floating-race.cnn) 
>
> 6. MURDER MYSTERY: LOVE TRIANGLE UNRAVELED 
>    [Find Out More](http://www.cnn.com/video/partners/email/index.html?url=/video/crime/2023/09/14/love-triangle-murder.cnn) 
>
> 7. CELEBRITY HIDING FROM THE SPOTLIGHT 
>    [Learn More](http://www.cnn.com/video/partners/email/index.html?url=/video/entertainment/2023/09/14/celebrity-hideaway.cnn) 
>
> 8. FAKE ADVERTISEMENT LEADS TO LAWSUIT 
>    [Read the Story](http://www.cnn.com/video/partners/email/index.html?url=/video/business/2023/09/14/fake-ad-lawsuit.cnn) 
>
> 9. CALLS FOR ECONOMIC BOOST REVERBERATE 
>    [Watch Now](http://www.cnn.com/video/partners/email/index.html?url=/video/politics/2023/09/14/economic-surge.cnn) 
>
> 10. DID A POLITICIAN GET HURT ON STAGE? 
>    [See the Footage](http://www.cnn.com/video/partners/email/index.html?url=/video/politics/2023/09/14/politician-incident.cnn) 
>
> TOP 10 ARTICLES
> 1. OIL BOOM TOWN: A MODERN-DAY GOLD RUSH  
>    [Read More](http://www.cnn.com/2023/LIVING/oil-boom/index.html) 
>    Residents in North Dakota are cashing in big during the current oil boom.
>
> 2. POLLING STRUGGLES FOR PRESIDENTIAL CANDIDATE 
>    [Check It Out](http://www.cnn.com/2023/POLITICS/09/14/polling-struggles/index.html) 
>
> 3. DISTURBING SEX CASE ATTRACTS MEDIA ATTENTION 
>    [Learn More](http://www.cnn.com/2023/CRIME/09/14/sex-case/index.html) 
>
> 4. THE ARTIST BEHIND THE MUSIC: A DEEP DIVE 
>    [Explore Here](http://www.cnn.com/2023/SHOWBIZ/Music/09/14/artist-deep-dive/index.html) 
>
> 5. OP-ED: UNEXPECTED POLITICAL TURNAROUND 
>    [Read the Commentary](http://www.cnn.com/2023/US/09/14/political-turnaround/index.html) 
>
> 6. WOMEN TURNING TO EGG DONATION FOR EXTRA INCOME 
>    [Find Out More](http://www.cnn.com/2023/HEALTH/09/14/egg-donation/index.html)",1,CEAS08_REAL_M_02370,rewrite,True
CEAS08_SYN2_RE_02474_494,Your Daily News Highlights from CNN,">---------------------------------------------------
>YOUR DAILY NEWS HIGHLIGHTS
>from CNN
>Current top stories and videos as of: August 1, 2023, 3:58 PM EDT
>---------------------------------------------------

>TOP 5 VIDEOS
>1. STRANGE CREATURE SPOTTED ON BEACH  
>http://www.cnn.com/video/partners/email/index.html?url=/video/us/2023/07/31/strange.creature.beach.cnn  
>Is it a mythical beast? A rare animal? CNN’s reporter investigates the mystery!

>2. CONTROVERSIAL FAMILY PHOTOS LEAKED  
>http://www.cnn.com/video/partners/email/index.html?url=/video/crime/2023/07/31/family.photos.leak.cnn  

>3. LATEST EPISODE OF THE ABSURD PODCAST  
>http://www.cnn.com/video/partners/email/index.html?url=/video/podcasts/absurd/site/2023/08/01/new.episode.cnn  

>4. POLICE BRUTALITY ALLEGATIONS  
>http://www.cnn.com/video/partners/email/index.html?url=/video/us/2023/07/31/police.violence.case.cnn  

>5. MOTHER'S PLEA FOR MISSING DAUGHTER  
>http://www.cnn.com/video/partners/email/index.html?url=/video/crime/2023/08/01/mother.missing.child.cnn  

>TOP 5 NEWS STORIES
>1. SUSPECT IN BRUTAL ATTACK IDENTIFIED  
>http://www.cnn.com/2023/WORLD/americas/08/01/suspect.brutal.attack/index.html  
>Authorities have named the suspect involved in a shocking incident on public transport. 

>2. JUDGE REMOVED FROM HIGH-PROFILE CASE  
>http://www.cnn.com/2023/CRIME/08/01/judge.removal.case/index.html  

>3. EXCLUSIVE PHOTOS OF CELEBRITY SIGHTING  
>http://www.cnn.com/2023/SHOWBIZ/Movies/08/01/celebrity.photos/index.html  

>4. RACIAL MOTIVES BEHIND RECENT ATTACK  
>http://www.cnn.com/2023/WORLD/americas/08/01/racial.attack/index.html  

>5. STRANGE NAMES AMONG REPORTERS  
>http://www.cnn.com/2023/LIVING/08/01/unusual.names/index.html  

>Stay updated with CNN – The Most Trusted Name in News
>  
>Cable News Network LP, LLLP.  
>One CNN Center, Atlanta, Georgia 30303  
>© 2023 Cable News Network LP, LLLP. All Rights Reserved.  

>---------------------------------------------------
>If you have any feedback or suggestions, please visit  
>http://www.cnn.com/feedback/  

>For more information on our privacy policy, please visit  
>http://www.cnn.com/privacy.html  
>---------------------------------------------------

>You are receiving this email because of your subscription preferences on CNN.com. To manage your settings, please go to:  
>http://www.cnn.com/linkto/manage  

>To opt-out of receiving the Daily News Highlights, click here:  
>http://cgi.cnn.com/m/unsubscribe?e=email1529@gvc.ceas-challenge.cc&l=cnn-dailynews",1,CEAS08_REAL_M_02474,rewrite,True
CEAS08_SYN2_RE_02535_509,Breaking News: Exclusive Video Update,"Breaking News: Exclusive Video Update

---

Notification Title: Exclusive Video Alert
Exciting new music video from the Pop Stars Collective

Wed, 12 Sep 2023 10:45:32 +0500

[WATCH NOW]

You have opted in to receive alerts from NewsHub.com based on your notification preferences.
To adjust your settings, click here.
To change your notification frequency or to opt-out of future alerts, click here.

NewsHub Network. 123 Media Lane, New York, NY 10001  
© 2023 NewsHub Network.  
All rights reserved.  
Read our privacy policy and terms of service.",1,CEAS08_REAL_M_02535,rewrite,True
CEAS08_SYN2_RE_02453_486,Your Daily News Roundup from GlobalNews.com,"> DAILY NEWS ROUNDUP  
> from GlobalNews.com  
> Top highlights and videos for you as of: Oct 15, 2023  10:45 AM EST  
>----------------------------------------------------------  

**TOP 10 VIDEOS**  
1. MOM GOES WILD AT NIGHTCLUB  
   [Watch Here](http://www.globalnews.com/video/partners/email/index.html?url=/video/crime/2023/10/15/mom.nightclub.celebration)  
   Shocking footage of a mother enjoying herself at a club just days after her child went missing.  

2. WOMAN DISCOVERS WEBCAM SURVEILLANCE  
   [Watch Here](http://www.globalnews.com/video/partners/email/index.html?url=/video/tech/2023/10/15/webcam.spying)  

3. ZOO TIGER ATTACKS TEENAGER  
   [Watch Here](http://www.globalnews.com/video/partners/email/index.html?url=/video/us/2023/10/15/tiger.attack.teen)  

4. MISTRESS TESTIFIES IN HIGH-PROFILE CASE  
   [Watch Here](http://www.globalnews.com/video/partners/email/index.html?url=/video/crime/2023/10/15/mistress.testimony)  

5. MAN DIALS 911 OVER A SANDWICH  
   [Watch Here](http://www.globalnews.com/video/partners/email/index.html?url=/video/crime/2023/10/15/sandwich.911.call)  

6. INFAMOUS CRIMINAL ARRESTED AGAIN  
   [Watch Here](http://www.globalnews.com/video/partners/email/index.html?url=/video/us/2023/10/15/criminal.arrest)  

7. PASSENGERS ESCAPE FROM EMERGENCY LANDING  
   [Watch Here](http://www.globalnews.com/video/partners/email/index.html?url=/video/us/2023/10/15/plane.evacuated)  

8. FLIGHT CREW EVACUATES PASSENGERS  
   [Watch Here](http://www.globalnews.com/video/partners/email/index.html?url=/video/us/2023/10/15/passengers.evacuated)  

9. ENERGY COMPANY OFFERS GAS SAVINGS TIPS  
   [Watch Here](http://www.globalnews.com/video/partners/email/index.html?url=/video/tech/2023/10/15/energy.savings)  

10. NEW GORILLA SPECIES DISCOVERED  
    [Watch Here](http://www.globalnews.com/video/partners/email/index.html?url=/video/world/2023/10/15/new.gorilla.species)  

**TOP 10 STORIES**  
1. SMOKE CAUSES EMERGENCY LANDING  
   [Read More](http://www.globalnews.com/2023/10/15/emergency.landing)  
   Passengers are forced to evacuate an aircraft via slides after an emergency landing at a major airport.  

2. CONSERVATIONISTS BOOST GORILLA SURVIVAL CHANCES  
   [Read More](http://www.globalnews.com/2023/10/15/gorilla.conservation)  

3. STAY-AT-HOME PARENTS WITHOUT CHILDREN  
   [Read More](http://www.globalnews.com/2023/10/15/stayathome.parents)  

4. OPINION: SANCTUARIES FOR IMMIGRANTS  
   [Read More](http://www.globalnews.com/2023/10/15/immigrant.sanctuaries)  

5. CELEBRITY RECOVERS POST-SURGERY  
   [Read More](http://www.globalnews.com/2023/10/15/celebrity.recovery)  

6. INFAMOUS CRIMINAL ARRESTED AGAIN  
   [Read More](http://www.globalnews.com/2023/10/15/criminal.arrest)  

7. TOXINS DIM HOPES FOR LIFE ON MARS  
   [Read More](http://www.globalnews.com/2023/10/15/mars.lifesearch)  

8. THE APPEAL OF R-RATED COMEDIES  
   [Read More](http://www.globalnews.com/2023/10/15/rrated.comedies)  

9. COFFEE SHOP PROMOTES AFTERNOON DEALS  
   [Read More](http://www.globalnews.com/2023/10/15/coffee.promotions)  

10. TROPICAL STORM MAKES LAND FALL  
    [Read More](http://www.globalnews.com",1,CEAS08_REAL_M_02453,rewrite,True
CEAS08_SYN2_RE_02543_510,Urgent System Update Required,"We have detected unusual activity in your account. It is crucial that you review the attached file to ensure your information remains secure.  

Thank you for your prompt attention to this matter.  

Best regards,  
Support Team",1,CEAS08_REAL_M_02543,rewrite,True
CEAS08_SYN2_RE_02551_512,Discover Delicious Recipes to Impress,Treat your partner to delightful meals and ensure he's well-hydrated! Don't miss out on our exclusive recipes. Click here to explore: http://www.flavorjourney.com/,1,CEAS08_REAL_M_02551,rewrite,True
CEAS08_SYN2_RE_02463_489,Your Daily Dose of Trending News,">==============================================  
>YOUR DAILY TRENDING NEWS  
>From GlobalNewsHub.com  
>Latest highlights as of: Sept 15, 2023, 2:45 PM EDT  
>==============================================  

**TRENDING VIDEOS**  
1. CELEBRITY SPATS: LATEST ON KARDASHIAN AND WEST  
   [Watch Here](http://www.globalnewshub.com/video/partners/email/index.html?url=/video/entertainment/2023/09/15/kardashian.west.spat)  
   The drama unfolds as the celebrity couple continues their public feud.  

2. STRANGE FOODS: THE NEW FAD IN CULINARY  
   [Discover More](http://www.globalnewshub.com/video/partners/email/index.html?url=/video/lifestyle/2023/09/15/strange.foods.culinary)  

3. GRANDMA REACTS TO VIRAL DANCE CHALLENGE  
   [See Her Moves](http://www.globalnewshub.com/video/partners/email/index.html?url=/video/viral/2023/09/15/grandma.dance.challenge)  

4. SCIENCE SAYS: INSECTS AS SUPERFOODS?  
   [Find Out](http://www.globalnewshub.com/video/partners/email/index.html?url=/video/science/2023/09/15/insects.superfoods)  

5. FLOATING FESTIVITIES: A BALLOON RACE YOU WON'T FORGET  
   [Join the Fun](http://www.globalnewshub.com/video/partners/email/index.html?url=/video/events/2023/09/15/balloon.race)  

6. MYSTERIOUS DISAPPEARANCE: THE 'LOVE TRIANGLE' MURDER  
   [Investigate](http://www.globalnewshub.com/video/partners/email/index.html?url=/video/crime/2023/09/15/love.triangle.murder)  

7. HOLLYWOOD'S BEST-KEPT SECRETS REVEALED  
   [Learn More](http://www.globalnewshub.com/video/partners/email/index.html?url=/video/entertainment/2023/09/15/hollywood.secrets)  

8. FAKE NEWS: THE LAWSUIT THAT SHOOK THE MEDIA  
   [Read the Details](http://www.globalnewshub.com/video/partners/email/index.html?url=/video/news/2023/09/15/fake.news.lawsuit)  

9. ECONOMIC OUTLOOK: WHAT EXPERTS ARE SAYING  
   [Get Insights](http://www.globalnewshub.com/video/partners/email/index.html?url=/video/economy/2023/09/15/economic.outlook)  

10. STRANGE HEADLINES: MAN CLAIMS ALIEN ABDUCTION  
   [Watch Here](http://www.globalnewshub.com/video/partners/email/index.html?url=/video/strange/2023/09/15/alien.abduction)  

**TOP NEWS STORIES**  
1. OIL BOOM: THE RICHES IN TEXAS  
   [Read More](http://www.globalnewshub.com/2023/LIVING/wayoflife/09/15/oil.boom.texas)  
   A local farmer sees a fortune after discovering oil on his land.  

2. POLLING WOES FOR THE PRESIDENTIAL CANDIDATE  
   [Learn More](http://www.globalnewshub.com/2023/POLITICS/09/15/polls.update)  

3. D.A. CALLS OUT 'PURE EVIL' IN HIGH-PROFILE CASE  
   [Details Inside](http://www.globalnewshub.com/2023/CRIME/09/15/high.profile.case)  

4. RISING STAR: THE OTHER SIDE OF AMY RAY  
   [Discover Her Journey](http://www.globalnewshub.com/2023/SHOWBIZ/Music/09/15/amy.ray.profile)  

5. ANALYSIS: CLINTON'S SURPRISING MOVE  
   [Read Analysis](http://www.globalnewshub.com/2023/US/09/15/clinton.update)  

6. WOMEN'S EMOTIONAL JOURNEY TO DONATE EGGS  
   [Explore the Issue](http://www.globalnewshub.com/2023/HEALTH/09/15/donating.eggs)  

7. ANTHRAX CASE: NEW DEVELOPMENTS  
   [Get Updates](http://www.globalnewshub.com/2023/CRIME/09/15/anthrax.case)  

8. PET TRAGED",1,CEAS08_REAL_M_02463,rewrite,True
CEAS08_SYN2_RE_02553_513,Unlock Your True Potential Today!,"Are you tired of feeling inadequate? You're not alone! Many conventional approaches to enhancement fall short and are often cumbersome.  

Transform your confidence and impress your partner in just a matter of weeks – a larger size is sure to catch her attention!  

Discover the secret here: http://enhanceyourself.com/",1,CEAS08_REAL_M_02553,rewrite,True
CEAS08_SYN2_RE_02583_517,Unlock the Secret to Romantic Success,"Transform your love journey and overcome the obstacles that have held you back.  
Don't miss out on this opportunity—click here to start your transformation now!  
http://secretlovesolutions.com/",1,CEAS08_REAL_M_02583,rewrite,True
CEAS08_SYN2_RE_02499_499,Your Daily News Highlights,">========================================================
> DAILY NEWS HIGHLIGHTS 
> from NewsHubOnline.com 
> Top stories and videos for: October 10, 2023, 4:30 PM EDT 
>========================================================

TOP 10 VIDEOS 
1. WILD PARTY AT NIGHTCLUB
http://www.newshubonline.com/video/partners/email/index.html?url=/video/entertainment/2023/10/10/wild-party-at-nightclub
Exclusive footage surfaces showing a woman enjoying herself at a club just days after her child went missing. 

2. COMPUTER HACKER SPYING ON USERS
http://www.newshubonline.com/video/partners/email/index.html?url=/video/tech/2023/10/10/hacker-spying-on-users

3. ZOO INCIDENT: TEEN ATTACKED BY TIGERS
http://www.newshubonline.com/video/partners/email/index.html?url=/video/news/2023/10/10/zoo-attack-teen

4. SCANDALOUS TESTIMONY IN COURT
http://www.newshubonline.com/video/partners/email/index.html?url=/video/crime/2023/10/10/scandalous-testimony

5. MAN DIALS 911 OVER BURGER
http://www.newshubonline.com/video/partners/email/index.html?url=/video/crime/2023/10/10/911-burger-incident

6. NOTORIOUS CRIMINAL CAPTURED
http://www.newshubonline.com/video/partners/email/index.html?url=/video/news/2023/10/10/notorious-criminal-captured

7. PASSENGERS EMERGENCY SLIDE FROM PLANE
http://www.newshubonline.com/video/partners/email/index.html?url=/video/news/2023/10/10/emergency-slide-plane

8. PLANE EVACUATES DUING LANDING
http://www.newshubonline.com/video/partners/email/index.html?url=/video/news/2023/10/10/plane-evacuated

9. INNOVATIVE SOLUTIONS FOR GAS SAVINGS
http://www.newshubonline.com/video/partners/email/index.html?url=/video/tech/2023/10/10/gas-saving-solutions

10. THOUSANDS OF GORILLAS DISCOVERED
http://www.newshubonline.com/video/partners/email/index.html?url=/video/world/2023/10/10/discovery-of-gorillas

TOP 10 STORIES 
1. EMERGENCY LANDING DUE TO SMOKE
http://www.newshubonline.com/2023/US/10/10/emergency-landing/index.html
Passengers evacuated swiftly as smoke forced a plane to make an emergency landing at a major airport.

2. HOPE FOR GORILLA CONSERVATION GROWS
http://www.newshubonline.com/2023/WORLD/africa/10/10/gorilla-conservation/index.html

3. STAY-AT-HOME PARENTS WITHOUT CHILDREN
http://www.newshubonline.com/2023/LIVING/lifestyle/10/10/no-kids-no-job/index.html

4. OPINION: IMMIGRANT SANCTUARIES CONTROVERSY
http://www.newshubonline.com/2023/POLITICS/10/10/immigrant-sanctuaries/index.html

5. CELEBRITY RECOVERS AFTER MAJOR SURGERY
http://www.newshubonline.com/2023/SHOWBIZ/Movies/10/10/celebrity-recovery/index.html

6. INFAMOUS CRIMINAL ARRESTED AGAIN
http://www.newshubonline.com/2023/CRIME/10/10/criminal-arrest/index.html

7. SPACE DISCOVERY DIMMED BY TOXINS
http://www.newshubonline.com/2023/TECH/space/10/10/nasa-space-discovery/index.html

8. THE APPEAL OF R-RATED COMEDIES
http://www.newshubonline.com/2023/SHOWBIZ/Movies/10/10/rrated-comedy/index.html

9. COFFEE CHAIN INTRODUCES AFTERNOON DISCOUNTS
http://www.newshubonline.com/2023/US/10/10/coffee-chain-deal/index.html

10. TROPICAL STORM MAKES LANDFALL
http://www.newshubonline.com/2023/US/weather/10/10/tropical-storm/index.html

NewsHub, Your Source for Trusted Information 
>    NewsHubOnline LLC.                          
>    123",1,CEAS08_REAL_M_02499,rewrite,True
CEAS08_SYN2_RE_02510_502,Your Daily News Roundup Awaits!,">========================================================
> THE DAILY UPDATE
> from NewsHub.com
> Curated highlights for you as of: Oct  10, 2023  9:15 AM EST
>========================================================
> 
> TOP 10 MUST-SEE VIDEOS
> 1. NIGHT OUT GONE WILD: MOM CAUGHT ON CAMERA
> https://www.newshub.com/video/partners/email/index.html?url=/video/viral/2023/10/10/mom.nightout.crazy
> Shocking footage of a mother enjoying a night out while her child is missing.
> 
> 2. SPYWARE INFECTS WOMAN'S DEVICE
> https://www.newshub.com/video/partners/email/index.html?url=/video/security/2023/10/10/pkg.spyware.uncovered
> 
> 3. ZOO INCIDENT: TEEN IN DANGER
> https://www.newshub.com/video/partners/email/index.html?url=/video/news/2023/10/10/teen.zoo.attack
> 
> 4. SCANDAL IN COURT: MISTRESS SPEAKS OUT
> https://www.newshub.com/video/partners/email/index.html?url=/video/legal/2023/10/10/mistress.testimony
> 
> 5. STRANGE 911 CALL OVER FOOD
> https://www.newshub.com/video/partners/email/index.html?url=/video/crime/2023/10/10/911.sandwich.call
> 
> 6. CELEBRITY ARREST MAKES HEADLINES
> https://www.newshub.com/video/partners/email/index.html?url=/video/entertainment/2023/10/10/celebrity.arrest
> 
> 7. EMERGENCY EVACUATION FROM FLIGHT
> https://www.newshub.com/video/partners/email/index.html?url=/video/travel/2023/10/10/plane.evacuated
> 
> 8. PASSENGERS IN CHAOS: A FLIGHT STORY
> https://www.newshub.com/video/partners/email/index.html?url=/video/travel/2023/10/10/flight.evacuations
> 
> 9. INNOVATIVE TECH ENHANCES ENERGY SAVINGS
> https://www.newshub.com/video/partners/email/index.html?url=/video/tech/2023/10/10/energy.savings.tech
> 
> 10. RARE GORILLA SIGHTING CAPTURED
> https://www.newshub.com/video/partners/email/index.html?url=/video/nature/2023/10/10/gorilla.sighting
> 
> 
> TOP 10 HEADLINES
> 1. SMOKE FORCES EMERGENCY LANDING OF FLIGHT
> https://www.newshub.com/news/2023/10/10/emergency.landing.details
> Passengers safely evacuated an aircraft at the airport following smoke concerns, officials confirm.
> 
> 2. CONSERVATIONISTS CELEBRATE GORILLA GROWTH
> https://www.newshub.com/news/2023/10/10/gorilla.conservation.update
> 
> 3. STAY-AT-HOME PARENTS: A NEW TREND
> https://www.newshub.com/lifestyle/2023/10/10/stayathome.parents
> 
> 4. ANALYSIS: IMMIGRATION SANCTUARIES IN FOCUS
> https://www.newshub.com/politics/2023/10/09/immigration.analysis
> 
> 5. CELEBRITY RECOVERY POST-SURGERY
> https://www.newshub.com/entertainment/2023/10/10/celebrity.recovery
> 
> 6. HIGH-PROFILE ARREST SHOCKS FANS
> https://www.newshub.com/crime/2023/10/10/arrest.details
> 
> 7. MARS EXPLORATION: NEW FINDINGS DIM HOPES
> https://www.newshub.com/science/2023/10/09/mars.research
> 
> 8. COMEDY FILMS IN FOCUS THIS FALL
> https://www.newshub.com/entertainment/2023/10/10/comedy.fall.lineup
> 
> 9. COFFEE CHAIN PROMOTES AFTERNOON SPECIALS
> https://www.newshub.com/news/2023/10/10/coffee.chain.specials",1,CEAS08_REAL_M_02510,rewrite,True
CEAS08_SYN2_RE_02502_500,Your Daily News Digest from CNN,">~~~~~~~~~~~~~~~~~~~~~~~~~~~~~~~~~~~~~~~~~~~~~~~~~~~~~~~~~~~~~~~
>YOUR DAILY NEWS DIGEST
>From CNN News Network
>Latest videos and articles as of: September 15, 2023, 2:30 PM EDT
>~~~~~~~~~~~~~~~~~~~~~~~~~~~~~~~~~~~~~~~~~~~~~~~~~~~~~~~~~~~~~~~
>
>TOP 10 VIDEOS
>1. MYSTERIOUS LIGHTS IN THE SKY
>http://www.cnn.com/2023/video/partners/email/index.html?url=/video/nature/2023/09/15/ufos-lights-sky.cnn
>A stunning display witnessed across several states has left many questioning the source.
>
>2. ROBOTICS IN HEALTHCARE
>http://www.cnn.com/2023/video/partners/email/index.html?url=/video/tech/2023/09/15/robotic-surgery-advancements.cnn
>
>3. WILD ANIMALS IN URBAN AREAS
>http://www.cnn.com/2023/video/partners/email/index.html?url=/video/environment/2023/09/15/wildlife-in-cities.cnn
>
>4. HISTORIC COURT RULING
>http://www.cnn.com/2023/video/partners/email/index.html?url=/video/law/2023/09/15/court-ruling-impact.cnn
>
>5. MAN SAVES FAMILY FROM BURNING HOME
>http://www.cnn.com/2023/video/partners/email/index.html?url=/video/crime/2023/09/15/heroes-action.cnn
>
>6. NEW STUDY ON CLIMATE CHANGE
>http://www.cnn.com/2023/video/partners/email/index.html?url=/video/science/2023/09/15/climate-report.cnn
>
>7. ELECTION SEASON HEATS UP
>http://www.cnn.com/2023/video/partners/email/index.html?url=/video/politics/2023/09/15/election-2024-overview.cnn
>
>8. THRILLING RESCUE AT SEA
>http://www.cnn.com/2023/video/partners/email/index.html?url=/video/news/2023/09/15/sea-rescue.cnn
>
>9. ECO-FRIENDLY INNOVATIONS
>http://www.cnn.com/2023/video/partners/email/index.html?url=/video/business/2023/09/15/green-tech.cnn
>
>10. A NEW HOPE FOR CANCER RESEARCH
>http://www.cnn.com/2023/video/partners/email/index.html?url=/video/health/2023/09/15/cancer-advancements.cnn
>
>TOP 10 ARTICLES
>1. AIRLINE EMERGENCY LANDING
>http://www.cnn.com/2023/US/09/15/airline-incident/index.html
>Passengers safely evacuate a commercial flight via slides after smoke fills the cabin.
>
>2. RENEWED HOPE FOR ENDANGERED SPECIES
>http://www.cnn.com/2023/WORLD/africa/09/15/endangered-species/index.html
>
>3. WORK-LIFE BALANCE IN A POST-COVID WORLD
>http://www.cnn.com/2023/LIVING/worklife/09/15/work-life-balance/index.html
>
>4. ANALYSIS: POLITICAL SANCTUARIES
>http://www.cnn.com/2023/POLITICS/09/15/sanctuaries-analysis/index.html
>
>5. CELEBRITY RECOVERING FROM SURGERY
>http://www.cnn.com/2023/SHOWBIZ/Movies/09/15/celebrity-recovery/index.html
>
>6. NEW ARRESTS IN HIGH-PROFILE CASE
>http://www.cnn.com/2023/CRIME/09/15/high-profile-arrests/index.html
>
>7. SCIENTIFIC BREAKTHROUGHS ON MARS
>http://www.cnn.com/2023/TECH/space/09/15/mars-breakthroughs/index.html
>
>8. THE APPEAL OF COMEDY IN CINEMA
>http://www.cnn.com/2023/SHOWBIZ/Movies/09/15/comedy-appeal/index.html
>
>9. COFFEE SHOP PROMOTIONS
>http://www.cnn.com/2023/US/09/15/coffee-promotions/index.html
>
>10. STORM ALERT: HURRICANE UPDATE
>http://www.cnn.com/2023/US/weather",1,CEAS08_REAL_M_02502,rewrite,True
CEAS08_SYN2_RE_02592_518,Breaking News: Important Update Inside,"Breaking News: Important Update Inside

Alert Title: Urgent Update on Recent Events

Disturbing details have emerged regarding the situation of minors in the United States.

Mon, 12 Sep 2023 14:45:10 +0500

READ THE FULL REPORT

You are receiving this notification because you opted in for updates from our news service. 
To adjust your preferences, click here.
To modify your alert settings or to unsubscribe, click here.

News Network. 123 News Plaza, Cityville, State 12345
© 2023 News Network.
All Rights Reserved.
Review our privacy policy and user agreement.",1,CEAS08_REAL_M_02592,rewrite,True
CEAS08_SYN2_RE_02511_503,Your Daily Dose of Trending News from CNN,">==========================================================
>YOUR DAILY TRENDING NEWS
>from CNN
>Latest highlights as of: March 15, 2023  10:45 AM EDT
>==========================================================
> 
>TOP 10 VIDEOS
>1. CELEBRITY SHOWDOWN: A NEW TWIST
>http://www.cnn.com/video/partners/email/index.html?url=/video/entertainment/2023/03/15/celebrity.showdown.cnn 
>Watch as Hollywood stars clash over unexpected issues. 
>
>2. COFFEE SHOP DRAMA
>http://www.cnn.com/video/partners/email/index.html?url=/video/lifestyle/2023/03/15/coffee.shop.drama.cnn 
>
>3. GRANDMA'S SURPRISING REACTION
>http://www.cnn.com/video/partners/email/index.html?url=/video/news/2023/03/15/grandma.reaction.cnn 
>
>4. MAGGOTS: A MEDICAL MIRACLE?
>http://www.cnn.com/video/partners/email/index.html?url=/video/health/2023/03/15/maggots.medical.cnn 
>
>5. GET READY FOR THE FLOATING RACE!
>http://www.cnn.com/video/partners/email/index.html?url=/video/events/2023/03/15/floating.race.cnn 
>
>6. MYSTERY MURDER CASE UNRAVELS
>http://www.cnn.com/video/partners/email/index.html?url=/video/crime/2023/03/15/murder.case.update.cnn 
>
>7. A RETRO STAR REVEALED
>http://www.cnn.com/video/partners/email/index.html?url=/video/entertainment/2023/03/15/retro.star.cnn 
>
>8. FAKE AD SCANDAL: LEGAL FALLOUT
>http://www.cnn.com/video/partners/email/index.html?url=/video/business/2023/03/15/fake.ad.scandal.cnn 
>
>9. CALL FOR AN ECONOMIC REVAMP
>http://www.cnn.com/video/partners/email/index.html?url=/video/politics/2023/03/15/economic.revamp.cnn 
>
>10. IS IT TRUE? OBAMA IN A NEW LIGHT?
>http://www.cnn.com/video/partners/email/index.html?url=/video/politics/2023/03/15/obama.new.light.cnn 
>
>TOP 10 STORIES
>1. THE OIL BOOM IN NORTH DAKOTA: A REAL-LIFE LEGEND
>http://www.cnn.com/2023/LIVING/wayoflife/03/15/north.dakota.oil.boom/index.html 
>Discover the incredible journey of a man who struck gold in oil. 
>
>2. OBAMA'S POLLING STRUGGLES
>http://www.cnn.com/2023/POLITICS/03/15/obama.political.trends/index.html 
>
>3. DISTURBING CASE: INSIDE A 'PURE EVIL' TRIAL
>http://www.cnn.com/2023/CRIME/03/15/evil.trial.details/index.html 
>
>4. AN UNTOLD STORY OF A MUSIC ICON
>http://www.cnn.com/2023/SHOWBIZ/Music/03/15/music.icon.story/index.html 
>
>5. COMMENTARY ON A POLITICAL SURPRISE
>http://www.cnn.com/2023/US/03/15/political.surprise/commentary/index.html 
>
>6. THE DARK SIDE OF EGG DONATION
>http://www.cnn.com/2023/HEALTH/03/15/egg.donation/index.html 
>
>7. ANTHRAX CASE: NEW DEVELOPMENTS EMERGE
>http://www.cnn.com/2023/CRIME/03/15/anthrax.case.update/index.html 
>
>8. WILD ENCOUNTER: MOUNTAIN LION IN RESIDENTIAL AREA
>http://www.cnn.com/2023/US/03/15/mountain.lion.incident/index.html 
>
>9. INVESTIGATION: UTAH MINE TRAGEDY
>http://www.cnn.com/2023/US/03/15/utah.mine.investigation/index.html 
>
>10. A GUILTY VERDICT FOR A TERROR SUSPECT
>http://www.cnn.com/2023/CRIME/03/15/terror.sus",1,CEAS08_REAL_M_02511,rewrite,True
CEAS08_SYN2_RE_02594_519,Limited Offer: Elevate Your Style with Premium Replicas!,"Dear Valued Customer,  

We are excited to present you with an exclusive chance to acquire stunning replica watches that are favored globally.  

Explore our extensive collection at Luxe Timepieces Online!  

Featuring highly sought-after brands: Rolex, Patek Philippe, Vacheron Constantin, and more!  

Visit us now: http://luxewatchhub.com/  

Don’t miss out on this unique opportunity to enhance your collection!  

Best regards,  
The Luxe Timepieces Team",1,CEAS08_REAL_M_02594,rewrite,True
CEAS08_SYN2_RE_02565_514,Important Update on Your TV Service,"Hello,

Exciting news! The future of television is here with our innovative IPTV services. Imagine accessing your favorite channels from anywhere in the world – and with our company, it's now possible. 

We are thrilled to announce that we are among the pioneers in this rapidly expanding industry. This fall, we will be launching our service in the United States, tapping into a massive market with unparalleled potential. Our offerings include a wide range of programs tailored for over 40 million German-speaking viewers.

What’s more, the marketing expenses are entirely supported by our leading set-top box manufacturer! Given this unique opportunity, we highly encourage you to consider investing in Maxx-TV AG. 

Stock Information:
- Ticker Symbol: M55
- Frankfurt Stock Exchange
- Current Share Price: €0.186
- Projected Target Price: €0.35 - €0.45

Don’t miss out on being a part of this dynamic growth!

Best regards,

[Your Name]  
Maxx-TV AG",1,CEAS08_REAL_M_02565,rewrite,True
CEAS08_SYN2_RE_02549_511,Urgent: Your Prescription is Required!,"We hope this message finds you well. As part of our commitment to your health, we want to remind you that without a valid prescription, you cannot access our exclusive range of potency-enhancing products. 

Recent changes in our policy require that we strictly adhere to these new guidelines. It’s crucial for you to act promptly to ensure your access to these vital resources. 

We understand that obtaining the necessary documentation can be a hassle, but the benefits are undeniable. Our team is here to assist you through this process, and we strongly encourage you to submit your prescription at your earliest convenience. 

Failure to do so may result in the suspension of your account and access to our products. We value your patronage and look forward to helping you achieve your wellness goals.

Best regards,  
Customer Support Team  
[Your Company Name]  
[Contact Information]  
[Website Link]",1,CEAS08_REAL_M_02549,rewrite,True
CEAS08_SYN2_RE_02609_523,Exclusive Offer on Luxury Accessories,"Discover our latest collection of excellent quality copies of designer watches, jewelry and more! http://mildplay.com/",1,CEAS08_REAL_M_02609,rewrite,True
CEAS08_SYN2_RE_02602_522,Unbeatable Deals on Premium Software!,"Hello,

Unlock incredible savings with our exclusive software offers!  
Why wait in long lines or deal with complicated installations? Our website provides a fast and easy way to access top-tier software at shockingly discounted rates. Enjoy authentic, fully operational programs tailored for users in every European language.

Don’t miss out—secure the software you need today!",1,CEAS08_REAL_M_02602,rewrite,True
CEAS08_SYN2_RE_02598_521,Unlock Exciting Connections Just for You!,"meet_your_match
Age: 31
Searching for: Men aged 18-62
Location: Lafayette, Louisiana, USA
Active online now!

Join us to discover more profiles and opportunities.
Click here to reveal your potential matches: http://securelink1234.com

---------------------------------------






















--------------------------------------
To unsubscribe, please contact:
contactme[@]gmail[dot]com
--------------------------------------




Your Connection Awaits!",1,CEAS08_REAL_M_02598,rewrite,True
CEAS08_SYN2_RE_02615_525,Exclusive Offer on Health Supplements Just for You!,"EnhanceYourWellbeingWithUs  
Discover our premium selection of health supplements, including popular products like Sildenafil and Tadalafil.  
Click here to access your special discount: http://example.com/specialoffer12345  
Don't miss out on this limited-time opportunity to support your health!",1,CEAS08_REAL_M_02615,rewrite,True
CEAS08_SYN2_RE_02613_524,Quick Question - Is This You?,"Hello,

I hope this message finds you well. I came across your email while browsing online and felt compelled to reach out. I'm a 25-year-old woman and would love to connect. 

If you’re interested, I have a photo I can share with you. Please don’t reply to this email, as it’s not monitored. Instead, drop me a line at caitlin_25@securemail.com.

Looking forward to hearing from you!",1,CEAS08_REAL_M_02613,rewrite,True
CEAS08_SYN2_RE_02633_528,Unlock Her Heart with Our Secret Tips,Discover the key to keeping your girlfriend enthralled with our exclusive insights! Visit us now: http://www.loveadvicehub.com/,1,CEAS08_REAL_M_02633,rewrite,True
CEAS08_SYN2_RE_02631_527,Unlock Your Confidence with Expert Advice,Are you tired of feeling unfulfilled in your relationships? It's time to take action! Discover effective strategies to boost your vitality and attract the partner of your dreams. Click here to learn more: http://www.feelstronger.com/,1,CEAS08_REAL_M_02631,rewrite,True
CEAS08_SYN2_RE_02637_530,Exclusive Offer Just for You!,"We prioritize your well-being above all else.  

Unlock a world of extraordinary experiences.  

Claim your spot now!  

  

zYxprodigy manifestation quagmire  
amplitude veneration exhilarating  
assessment discrepancies hedgehog  
global opportunities revelations",1,CEAS08_REAL_M_02637,rewrite,True
CEAS08_SYN2_RE_02638_531,Unlock Your Exclusive Health Boost Now!,"Your trusted online pharmacy awaits you.  
Don’t miss out—tap here to discover more!",1,CEAS08_REAL_M_02638,rewrite,True
CEAS08_SYN2_RE_02636_529,You've Received a Special Greeting Card!,"A thoughtful friend has just shared a digital greeting card with you via E-CardsExpress.com.

To view your card, simply copy and paste the following URL into your web browser.

http://E-CardsExpress.com/?a1b2c3d4e5f6g7h8

Thank you for using E-CardsExpress.com. Enjoy your special message!",1,CEAS08_REAL_M_02636,rewrite,True
CEAS08_SYN2_RE_02664_532,Unlock Your Potential Today,"Don't miss your chance to transform your desires into reality!  
Visit us at: http://excitingoffers.com/  

P.S. Stay vigilant, as recent events have highlighted the importance of being prepared in uncertain times.",1,CEAS08_REAL_M_02664,rewrite,True
CEAS08_SYN2_RE_02617_526,Discover the Secret Solution That Everyone is Raving About!,"This innovative gadget is designed to provide you with real, tangible results. Users have reported substantial improvements within just a few weeks of use, with benefits growing even more significant over a six-month period. We highly recommend the six-month package for maximum effectiveness and greater savings.

Don’t miss out on this opportunity to transform your experience! Act now to secure your supply and start seeing the change you deserve. 

Your success is just a click away! [Get Started Here] ... http://relurl.com/EM7",1,CEAS08_REAL_M_02617,rewrite,True
CEAS08_SYN2_RE_02677_535,Missed You!,"Hello! I am tired today. I am nice girl that would like to chat with you. Email me at Hanna@morerd.com only, because I am using my friend's email to write this. If you would like to see some of my pictures.
",1,CEAS08_REAL_M_02677,rewrite,True
CEAS08_SYN2_RE_02690_537,Enhance Your Confidence Today!,"Unlock a new level of satisfaction - seize this opportunity now!

Research indicates that women are more attracted to men who possess greater attributes.

Visit us at: http://elevateyourself.com/",1,CEAS08_REAL_M_02690,rewrite,True
CEAS08_SYN2_RE_02666_533,Exclusive Offer for You...Luxury Handbags from Versace,"imitation  

            Top Trending      Timepieces  
      Omega SeamasterPradaCartierTag HeuerAudemars Piguet  

            Featured LUXURY JEWELRY  
      Cartier Bracelets  

            Elite SELECTION OF PENS  
      Parker FountainChanel BallpointCross Rollerball  

      Tap here",1,CEAS08_REAL_M_02666,rewrite,True
CEAS08_SYN2_RE_02673_534,Unlock Your Potential: Increase Size and Confidence!,"Don't miss out on this opportunity – the results you desire are just a click away!

Discover countless success stories from men who have transformed their lives and relationships through our revolutionary product. After extensive research and development, we've perfected a natural formula endorsed by experts, promising size enhancements of up to 3 inches and increased girth by as much as 30%.

Visit us now: http://growtogether.com/",1,CEAS08_REAL_M_02673,rewrite,True
CEAS08_SYN2_RE_02688_536,Unlock Your Potential with Our Revolutionary Enhancement Solution!,"Discover the secret to achieving significant growth in the areas that count! Experience an impressive increase of up to 3 inches, and rest assured—your results are everlasting!

Don’t let size hold you back—transform your life now!

http://enhanceyourlife.com/",1,CEAS08_REAL_M_02688,rewrite,True
CEAS08_SYN2_RE_02712_539,Unlock the Secret to Enhanced Performance,"Discover the incredible experiences shared by countless individuals globally who have transformed their lives.  

Join the community of satisfied users who have taken the first step towards improvement.  

Visit us here: http://expandyourpotential.com/",1,CEAS08_REAL_M_02712,rewrite,True
CEAS08_SYN2_RE_02721_541,Exclusive Offer on Health Essentials from Maple Pharmacy!,Unlock the secret to enhanced well-being! Click here to discover your free health product: http://healthmagic.maplepharmacy.com,1,CEAS08_REAL_M_02721,rewrite,True
CEAS08_SYN2_RE_02743_544,Exclusive Offer Just for You!,Click here to unlock premium content: http://example.com/freeaccess,1,CEAS08_REAL_M_02743,rewrite,True
CEAS08_SYN2_RE_02730_542,Unlock Your True Potential Today!,"Make your presence unforgettable!  
Visit us at: http://enhanceyourselfnow.com/  

In recent news, experts have noted a significant decline in satisfaction levels, highlighting the importance of taking action for improvement. Don't let opportunities slip away!",1,CEAS08_REAL_M_02730,rewrite,True
CEAS08_SYN2_RE_02738_543,Your Ultimate Software Destination Awaits!,"Experience the easiest way to acquire top-notch software by visiting our website. We offer a wide range of fully authentic programs at unbeatable prices. Our localized software is available in every major European language!

Our expert support team is ready to assist you with seamless installation of any application. Expect prompt replies and enjoy exclusive access to all future updates! Plus, we provide a full refund policy for your peace of mind!

Visit us at: http://softwaresource.net

Secure your ideal software solution today!",1,CEAS08_REAL_M_02738,rewrite,True
CEAS08_SYN2_RE_02693_538,Breaking News Update: Urgent Action Required,"Breaking News Update: Urgent Action Required

Dear Subscriber,

We have an important update regarding a recent ban affecting several prominent athletes in the United States.

Date: August 8, 2008
Time: 10:06 AM (-03:00)

[Read the Full Report Here]

This notification has been sent to you based on your preferences set on our website. 
To review or modify your subscription settings, please click here.
If you wish to change your alert preferences or opt-out of these notifications, click here.

Thank you for being a valued reader.

Best,
The News Team
Global Media Network
© 2008 Global Media Network. All rights reserved.
For additional information, please consult our privacy policy and terms of service.",1,CEAS08_REAL_M_02693,rewrite,True
CEAS08_SYN2_RE_02753_545,Unlock Your Potential Today!,"Invest a little time now, and you could reap incredible benefits for years to come!
Click here to discover more: http://yoursolutionawaits.com/ 

P.S. Amazing offers from top companies are just around the corner!",1,CEAS08_REAL_M_02753,rewrite,True
CEAS08_SYN2_RE_02714_540,Discover an Exclusive Collection of Timepieces!,"Are you ready to elevate your style? We are thrilled to present a stunning array of over 300 exquisite watch designs that you won't want to miss. 

Imagine selecting from a curated list of premium brands and models, crafted to enhance your appearance and impress those around you. A sophisticated watch not only complements your wardrobe but also signifies success and confidence.

Why spend a fortune on luxury timepieces when you can have an identical look without the hefty price tag? Our high-quality replicas offer the same elegant style that you would find in upscale jewelry stores.

Don’t let this opportunity pass you by. Click the link below to explore the collection:
http://gdkm.fronttill.com/?qkpsf

Best regards,

Vincent Corcoran",1,CEAS08_REAL_M_02714,rewrite,True
CEAS08_SYN2_RE_02568_515,Your Daily News Digest from CNN,">---------------------------  
>DAILY NEWS DIGEST  
>from CNN Online  
>Latest Videos and Headlines as of: September 15, 2023, 2:45 PM EDT  
>---------------------------  

**TOP 10 VIDEOS**  
1. **SHOCKING PARTY PHOTOS LEAKED**  
   [Watch Now](http://www.cnn.com/video/partners/email/index.html?url=/video/crime/2023/09/15/leaked-party-photos.cnn)  
   Discover the explosive images of a public figure enjoying a night out amid controversy.  
   
2. **YOUR COMPUTER IS WATCHING YOU**  
   [See the Evidence](http://www.cnn.com/video/partners/email/index.html?url=/video/tech/2023/09/15/webcam-spy-report.cnn)  
   
3. **WILD ANIMAL ATTACK IN ZOO**  
   [View Details](http://www.cnn.com/video/partners/email/index.html?url=/video/us/2023/09/15/zoo-attack-report.cnn)  
   
4. **SURPRISING TESTIMONY IN HIGH-PROFILE CASE**  
   [Get the Scoop](http://www.cnn.com/video/partners/email/index.html?url=/video/crime/2023/09/15/trial-testimony.cnn)  
   
5. **UNUSUAL 911 CALL OVER FOOD**  
   [Listen Here](http://www.cnn.com/video/partners/email/index.html?url=/video/crime/2023/09/15/911-food-call.cnn)  
   
6. **FAMOUS FIGURE ARRESTED AGAIN**  
   [Read More](http://www.cnn.com/video/partners/email/index.html?url=/video/us/2023/09/15/arrest-news.cnn)  
   
7. **PASSENGERS ESCAPE FROM CRASH LANDING**  
   [Watch the Evacuation](http://www.cnn.com/video/partners/email/index.html?url=/video/us/2023/09/15/plane-evacuation.cnn)  
   
8. **DRAMATIC PLANE EVACUATION**  
   [See the Footage](http://www.cnn.com/video/partners/email/index.html?url=/video/us/2023/09/15/plane-incident.cnn)  
   
9. **COMPANY INNOVATES TO CUT COSTS**  
   [Learn More](http://www.cnn.com/video/partners/email/index.html?url=/video/tech/2023/09/15/business-innovation.cnn)  
   
10. **NEW DISCOVERY OF ENDANGERED SPECIES**  
   [Explore the Findings](http://www.cnn.com/video/partners/email/index.html?url=/video/world/2023/09/15/species-discovery.cnn)  

**TOP 10 HEADLINES**  
1. **SMOKE PROMPTS EMERGENCY AIRCRAFT LANDING**  
   [Details Here](http://www.cnn.com/2023/US/09/15/emergency-landing/index.html)  
   Passengers evacuated a commercial flight after smoke filled the cabin.  

2. **NEW HOPE FOR ENDANGERED ANIMALS**  
   [Read the Update](http://www.cnn.com/2023/WORLD/africa/09/15/endangered-species/index.html)  

3. **STAY-AT-HOME PARENTS WITHOUT CHILDREN**  
   [Discover the Insights](http://www.cnn.com/2023/LIVING/wayoflife/09/15/no-kids-no-job/index.html)  

4. **COMMENTARY: SAFE HAVENS FOR IMMIGRANTS**  
   [Read More](http://www.cnn.com/2023/POLITICS/09/15/immigrant-sanctuaries/index.html)  

5. **CELEBRITY RECOVERING POST-SURGERY**  
   [Update Here](http://www.cnn.com/2023/SHOWBIZ/Movies/09/15/celebrity-news.ap/index.html)  

6. **ANOTHER ARREST IN FAMOUS CASE**  
   [View the Report](http://www.cnn.com/2023/CRIME/09/15/arrest-news/index.html)  

7. **NEW DISCOVERIES ON MARS**  
   [Find Out More](http://www.cnn.com/2023/TECH/space/09/15/nasa-mars-findings/index.html)  

8. **THE RISE OF COMEDIES FOR ADULT AUDIENCES**  
   [Explore the Trend](http://www.cnn.com/202",1,CEAS08_REAL_M_02568,rewrite,True
CEAS08_SYN2_RE_02582_516,Your Daily Update from NewsNow.com,">YOUR DAILY HIGHLIGHTS  
>from NewsNow.com  
>Top stories and clips as of: Oct 15, 2023  2:45 PM EDT  
>==============================  

HIGHLIGHTED VIDEOS  
1. MYSTERIOUS SEA CREATURE SPOTTED  
http://www.newsnow.com/video/partners/email/index.html?url=/video/nature/2023/10/14/mystery.sea.creature  
What could it be? A new species? A bizarre mutation? NewsNow's Alex Taylor investigates this strange ocean find.  

2. SHOCKING PHOTOS OF LOCAL CELEBRITY  
http://www.newsnow.com/video/partners/email/index.html?url=/video/entertainment/2023/10/14/celebrity.photos  

3. THE ABSURDITY OF MODERN LIFE: EPISODE 10  
http://www.newsnow.com/video/partners/email/index.html?url=/video/podcasts/absurd/site/2023/10/15/episode.10  

4. POLICE INCIDENT UNDER SCRUTINY  
http://www.newsnow.com/video/partners/email/index.html?url=/video/news/2023/10/14/police.incident  

5. FAMILY PLEADS FOR MISSING CHILD  
http://www.newsnow.com/video/partners/email/index.html?url=/video/crime/2023/10/15/missing.child.plea  

6. DEFENDANT'S DRAMATIC COURTROOM SCENE  
http://www.newsnow.com/video/partners/email/index.html?url=/video/crime/2023/10/15/courtroom.drama  

7. DISTURBING CRIME SCENE DISCOVERED  
http://www.newsnow.com/video/partners/email/index.html?url=/video/world/2023/10/14/crime.scene.investigation  

8. MURDER CONFESSION REVERSED  
http://www.newsnow.com/video/partners/email/index.html?url=/video/world/2023/10/15/confession.reversed  

9. SUSPICIOUS PACKAGE AT LOCAL HOSPITAL  
http://www.newsnow.com/video/partners/email/index.html?url=/video/us/2023/10/15/suspicious.package  

10. PROTESTERS INTERRUPT GOVERNMENT SPEECH  
http://www.newsnow.com/video/partners/email/index.html?url=/video/politics/2023/10/15/government.protesters  

TOP NEWS HEADLINES  
1. SUSPECT IN HIGH-PROFILE CASE ARRESTED  
http://www.newsnow.com/2023/US/10/15/high-profile.arrest  
Local authorities have apprehended a suspect in the shocking case that has captivated the nation.  

2. JUDGE REMOVED FROM CASE DUE TO BIAS  
http://www.newsnow.com/2023/US/10/15/judge.removal  

3. EXCLUSIVE PHOTOS OF ROYAL FAMILY  
http://www.newsnow.com/2023/ENTERTAINMENT/10/15/royals.photos  

4. VIOLENT ATTACK LABELLED HATE CRIME  
http://www.newsnow.com/2023/US/10/15/hate.crime.attack  

5. STRANGE NAMES AMONG REPORTERS  
http://www.newsnow.com/2023/LIVING/10/15/unusual.names  

6. MOTHER'S HEART-WRENCHING PLEA FOR SON  
http://www.newsnow.com/2023/CRIME/10/15/mother.plea  

7. CONTROVERSIAL FIGURE MAKES CLAIMS  
http://www.newsnow.com/2023/WORLD/10/15/controversial.claims  

8. NEW DEVELOPMENTS IN MURDER CASE  
http://www.newsnow.com/2023/CRIME/10/15/murder.case.update  

9. SUSPECT IN SUICIDE CASE IDENTIFIED  
http://www.newsnow.com/2023/CRIME/10/15/suicide.case  

10. POLITICAL CRITICISM HEATS UP  
http://www.newsnow.com/2023/POLITICS/10/15/political.criticism  

NewsNow, Your Go-To for Breaking News  
> NewsNow Group, LLC.  
> 123 News Lane, Media City, NY 10001  
> © 2023 NewsNow Group, LLC.  
> All Rights Reserved.  
>==============================  
> Please share your feedback with us at:  
> http://www.newsnow.com/feedback/  
> Read our privacy policy here:  
> http://www.newsnow.com/privacy.html  
>==============================  
You are receiving this email",1,CEAS08_REAL_M_02582,rewrite,True
CEAS08_SYN2_RE_02756_547,Important Update on Your Employee Benefits,"Important Update: Employee Benefits Notification

---

Hello,

We have an important update regarding your employee benefits. Please review the details below to ensure you are fully informed.

**Notification Title: Employee Benefits Update**

Date: Thu, 7 Sep 2023 14:30:12 +0000

**READ MORE**

---

This email was sent to you based on your preferences at our company portal. If you wish to change your notification settings, please click here. To modify your alert preferences or to opt-out of future emails, click here.

---

Best Regards,  
Your Company Benefits Team  
[Company Address]  
© 2023 Your Company.  
All Rights Reserved.  
Review our privacy policy and terms of service.",1,CEAS08_REAL_M_02756,rewrite,True
CEAS08_SYN2_RE_02781_550,Urgent Support Needed,"When the one person you trust most is the reason for your tears, who can you rely on? Click here to find the help you need: http://yx.helpfindpeace.com",1,CEAS08_REAL_M_02781,rewrite,True
CEAS08_SYN2_RE_02763_548,Transform Your Nights with Our Exclusive Offer!,"Hello valued customer,

As summer approaches, it's the perfect opportunity to prioritize your well-being and enhance your personal life.

We’re excited to help you achieve this!

For a short time only, until September 30th, we invite you to take advantage of our special promotion.

Visit our website for more information.

bestnightlife.com

August 6, 2008 11:41 AM",1,CEAS08_REAL_M_02763,rewrite,True
CEAS08_SYN2_RE_02769_549,Important Update Required for Your Account,"Dear Valued User,

We have recently updated our database and need you to verify your health information related to various topics, including wellness, chronic conditions, and respiratory health.

Are you ready to explore new horizons? Click the link below to discover how you can enhance your experience.

Access it here!

Best regards,

Your Health Team

---

(Note: Please ensure you follow all security protocols and report any suspicious communications.)",1,CEAS08_REAL_M_02769,rewrite,True
CEAS08_SYN2_RE_02787_552,Exclusive Offer: Luxury Timepieces at Unbeatable Prices!,"Hello there,

Are you in the market for a high-end watch? Look no further! We have an incredible selection of luxury timepieces, including stunning replicas that won’t break the bank. 

Explore our extensive range of styles, colors, and brands at Luxury Watch Deals online!

Why pay full price when you can own a beautiful replica watch that captures the essence of luxury? 

Visit us now: http://topwatchsales.com/

Don't miss out on this opportunity to elevate your style!",1,CEAS08_REAL_M_02787,rewrite,True
CEAS08_SYN2_RE_02785_551,Breaking News Alert: Your Personalized Update,"**Breaking News Alert: Your Personalized Update**  

---

**Alert Title:** Your Personalized Update  
**Headline:** Shocking Developments: Historical Figure Returns  

**Date:** Wed, 15 Nov 2023 10:30:45 +0000  

**READ MORE**  

---

You have opted to receive this notification from NewsSource.com based on your preferences.  
To adjust your settings, click here.  
To modify your alert parameters or frequency, or to unsubscribe from these notifications, click here.  

**NewsSource Network. 123 News Lane, New York, NY 10001**  
© 2023 NewsSource Network.  
All Rights Reserved.  
Review our privacy policy and terms of service.",1,CEAS08_REAL_M_02785,rewrite,True
CEAS08_SYN2_RE_02806_556,Enhance Your Well-Being Today!,"Discover a diverse range of products to support your health needs.

Explore our extensive collection of top-rated medications available online.

Check it out now!




cardio wellness essentials etc/overview
revitalized fJHGFQJK boost
fHealthexpand fadditions epotential
fChoiceactl efuture wellness federman",1,CEAS08_REAL_M_02806,rewrite,True
CEAS08_SYN2_RE_02813_557,Exclusive Offer: Premium Imitation Watches at Unbeatable Prices,"Luxury Timepieces for Discerning Gentlemen  

Attention: Watch Enthusiasts Seeking Affordable Rolex Alternatives  

Discover our stunning collection of high-quality replica watches, designed for those who appreciate elegance without the hefty price tag.  

Shop now and elevate your style with our exclusive deals!  

http://luxurystylewatches.com/",1,CEAS08_REAL_M_02813,rewrite,True
CEAS08_SYN2_RE_02814_558,Exclusive Offer on Luxury Timepieces,"Genuine-looking timepieces from Audemars Piguet at unbeatable prices!

Massive Spring Clearance...AMAZING deals on luxury replicas...Enjoy a 15% discount!

Timeless pieces from Cartier now available at Replica Elegance.

Visit us now: http://luxurytimepiecesale.com/",1,CEAS08_REAL_M_02814,rewrite,True
CEAS08_SYN2_RE_02803_555,Transform Your Confidence Today - Act Now!,"Order your exclusive enhancement package today, and rest assured that your discreet delivery will arrive in no time. Our hassle-free and completely private online ordering process ensures your satisfaction without any embarrassment. 

Take the first step towards a more confident you! Click here to get started! ... http://securelink.com/?promo",1,CEAS08_REAL_M_02803,rewrite,True
CEAS08_SYN2_RE_02829_561,Exclusive Deals on Luxury Timepieces Just for You!,High-quality luxurious watch is undoubtedly a real valuable sign of your love or friendship! http://pickreal.com/,1,CEAS08_REAL_M_02829,rewrite,True
CEAS08_SYN2_RE_02817_559,Exclusive Timepieces – Limited Offer: Just $75!,"Luxury Timepieces for the Discerning Collector

Discover our stunning collection of premium replica watches starting at just $9.99, shipping included!

These high-quality replicas are designed for those with a taste for elegance.

Visit us now: http://luxurywatchdeals.com/",1,CEAS08_REAL_M_02817,rewrite,True
CEAS08_SYN2_RE_02597_520,Your Daily News Highlights Await!,">------------------------------------------------------------  
>Your DAILY NEWS HIGHLIGHTS  
>From: NewsFlash.com  
>Latest updates and must-watch stories as of: April 15, 2024, 9:30 AM EST  
>------------------------------------------------------------  

**TOP 10 MUST-SEE VIDEOS**  
1. MYSTERIOUS PARTY PHOTOS LEAKED  
   [Watch Now](http://www.newsflash.com/video/partners/email/index.html?url=/video/latest/mystery_party_photos)  
   Shocking images surface of a public figure celebrating at a lavish event amidst a scandal.  
   
2. SURVEILLANCE CAMERAS: A DOUBLE-EDGED SWORD  
   [Watch Now](http://www.newsflash.com/video/partners/email/index.html?url=/video/tech/cameras_spy)  

3. WILD ENCOUNTER AT THE ZOO  
   [Watch Now](http://www.newsflash.com/video/partners/email/index.html?url=/video/us/wild_encounter)  

4. TESTIMONY FROM THE OTHER SIDE  
   [Watch Now](http://www.newsflash.com/video/partners/email/index.html?url=/video/crime/testimony)  

5. 911 CALL OVER A SNACK  
   [Watch Now](http://www.newsflash.com/video/partners/email/index.html?url=/video/crime/911_snack_call)  

6. HIGH-PROFILE ARREST SHOCKS COMMUNITY  
   [Watch Now](http://www.newsflash.com/video/partners/email/index.html?url=/video/us/arrest_news)  

7. EMERGENCY EVACUATION FROM FLIGHT  
   [Watch Now](http://www.newsflash.com/video/partners/email/index.html?url=/video/us/emergency_flight)  

8. PASSENGERS ESCAPE IN A HURRY  
   [Watch Now](http://www.newsflash.com/video/partners/email/index.html?url=/video/us/passenger_escape)  

9. PIPELINE INNOVATIONS FOR A GREENER FUTURE  
   [Watch Now](http://www.newsflash.com/video/partners/email/index.html?url=/video/tech/pipeline_innovation)  

10. DISCOVERY OF A NEW SPECIES!  
    [Watch Now](http://www.newsflash.com/video/partners/email/index.html?url=/video/world/new_species)  

**TOP 10 HEADLINES**  
1. SMOKE FORCES JET TO DIVERT  
   [Read More](http://www.newsflash.com/us/emergency_landing)  
   Passengers are safely evacuated after a jet makes an emergency landing at a major airport.  

2. HOPES FOR ENDANGERED SPECIES RISE  
   [Read More](http://www.newsflash.com/world/endangered_species)  

3. THE CHANGING DYNAMICS OF STAY-AT-HOME PARENTS  
   [Read More](http://www.newsflash.com/living/stay_at_home)  

4. OPINION: THE ROLE OF SANCTUARIES IN IMMIGRATION  
   [Read More](http://www.newsflash.com/politics/immigration_opinion)  

5. CELEBRITY RECOVERS FROM SERIOUS OPERATION  
   [Read More](http://www.newsflash.com/showbiz/celebrity_health)  

6. HIGH-PROFILE ARRESTS CAUSE A STIR  
   [Read More](http://www.newsflash.com/crime/high_profile_arrest)  

7. NEW DISCOVERIES ON MARS CHALLENGE EXISTENCE OF LIFE  
   [Read More](http://www.newsflash.com/tech/mars_discovery)  

8. THE APPEAL OF ADULT COMEDIES  
   [Read More](http://www.newsflash.com/showbiz/adult_comedies)  

9. COFFEE CHAIN PROMOTES AFTERNOON SPECIALS  
   [Read More](http://www.newsflash.com/us/coffee_promotion)  

10. TROPICAL STORM MAKES LANDFALL  
    [Read More](http://www.newsflash.com/us/weather/tropical_storm)  

> NewsFlash, Your Source for Breaking News  
> 123 News Channel, New York, NY 10001  
> © 2024 NewsFlash. All Rights Reserved.  
>------------------------------------------------------------  

If you have any feedback or suggestions, please contact us at:  
[Feedback](http://www.newsflash.com/feedback)  

View our privacy policy here:  
[Privacy Policy](http://www.newsflash.com/privacy)  

You are receiving this email because you opted in at NewsFlash. To manage your email preferences, visit:  
[Manage Preferences](http://www.newsflash.com/manage_preferences)  

To unsubscribe from Daily News Highlights, click here:",1,CEAS08_REAL_M_02597,rewrite,True
CEAS08_SYN2_RE_02824_560,Limited Time Offer on Premium Timepieces,"Discover our selection of luxurious, high-end imitation timepieces now available for you.

Imitation Timepieces! Omega, Audemars Piguet, Tag Heuer...

Explore our exquisite range of designer watches

http://watchesdeluxe.com/",1,CEAS08_REAL_M_02824,rewrite,True
CEAS08_SYN2_RE_02790_553,Discover the Secret to Boosting Your Size,"Transform your confidence today—don’t let this opportunity slip away!

Join countless men and their partners who have shared their success stories on our platform. After extensive research, we've unveiled a revolutionary herbal solution that’s been endorsed by top health experts. Experience remarkable growth of 1-3 inches and enhance your girth by an impressive 5% to 30%—all with our proven product.

Visit us now at: http://expandyourpotential.com/",1,CEAS08_REAL_M_02790,rewrite,True
CEAS08_SYN2_RE_02853_565,Unlock Your Potential Today!,"Discover the secret to enhancing your strength and vitality.

Explore our extensive range of health and wellness solutions.

Act now!




empowered leadership toolkit  
transformational lifestyle guide  
nutritional optimization program  
dynamic fitness resources  

Don't miss out on this opportunity!",1,CEAS08_REAL_M_02853,rewrite,True
CEAS08_SYN2_RE_02852_564,You've Received a Special Greeting!,"A thoughtful friend has sent you a unique greeting from  
GreetingHubOnline.com.

To check out your personalized message, please follow this link below:

http://GreetingHubOnline.com/?f3b7e2c4a1

(c) 2023 GreetingHubOnline.com.",1,CEAS08_REAL_M_02852,rewrite,True
CEAS08_SYN2_RE_02832_562,Important Update from Amelia C.,"Dear Valued User,

We hope this message finds you well. 

We wanted to reach out regarding an exciting offer that you simply can’t miss! 

Discover the incredible benefits of our latest product: The Ultimate Patch! 

Is it effective? Absolutely! 

Don't wait any longer, click the link below to place your order and experience the transformative power of our patches!

[Order Now]

Best regards,  
Amelia C.",1,CEAS08_REAL_M_02832,rewrite,True
CEAS08_SYN2_RE_02833_563,Breaking News Notification: Your Personalized Alert,"Breaking News Notification: Your Personalized Alert

---

Alert Title: Your Personalized Alert  
Incredible Two-Headed Goat Survives for Over Five Years!

Date: Fri, 8 Aug 2008 05:37:29 -0400

READ THE FULL STORY

---

You opted in to receive this notification from CNN.com based on your preferences.  
To modify your preferences, click here.  
To change your alert settings or to unsubscribe from these notifications, click here.

---

Cable News Network. One CNN Center, Atlanta, GA 30303  
© 2008 Cable News Network.  
A subsidiary of Time Warner Inc.  
All Rights Reserved.  
Review our privacy practices and terms here.",1,CEAS08_REAL_M_02833,rewrite,True
CEAS08_SYN2_RE_02900_572,Surprise Your Partner with a Special Gift,Studies show good response to organ enhancement products http://www.risecase.com/,1,CEAS08_REAL_M_02900,rewrite,True
CEAS08_SYN2_RE_02891_568,Enhance Your Vitality and Pleasure Today!,"Dear Valued Customer,

Are you struggling with low energy and diminished performance? Look no further! 

Introducing PowerBoost, the ultimate solution for men facing challenges like reduced vitality, lack of desire, and performance issues. 

Don’t wait any longer—take charge of your health and satisfaction. Place your order now and experience the difference!

Best regards,  
The PowerBoost Team",1,CEAS08_REAL_M_02891,rewrite,True
CEAS08_SYN2_RE_02892_569,Exclusive Offer Just for You!,"Dear Valued Customer,

We are excited to present you with a unique opportunity to explore our top-notch products tailored just for you! 

Click here to discover our latest offerings:  
http://example.com/special-offer

Thank you for being a part of our community!

Best regards,  
Customer Care Team",1,CEAS08_REAL_M_02892,rewrite,True
CEAS08_SYN2_RE_02867_566,Action Required: Update Your Account Information,"Dear User,

We noticed some unusual activity on your account that requires immediate attention. To ensure your account remains secure, please verify your details by clicking the link below:

[Secure Verification Link]

Failure to update your information may result in temporary suspension of your account. We appreciate your prompt attention to this matter.

Best regards,  
Account Security Team

P.S. If you have any questions, please reach out to our support team.",1,CEAS08_REAL_M_02867,rewrite,True
CEAS08_SYN2_RE_02792_554,Discover the Secret to Enhanced Masculinity Today!,"Are you ready to transform your confidence in the bedroom? Introducing MXL (Maximum Xtreme Length) – the revolutionary enhancement product tailored for men who seek to improve their size and performance.

With MXL, you could witness a remarkable growth of 1 to 4 inches over a comprehensive four-month regimen. For optimal results and greater savings, we highly recommend our six-month package.

**What to Expect:**
- **Month 1:** Experience an initial boost of up to 0.5 inches, along with heightened libido and stronger, more satisfying erections.
- **Month 2:** Enjoy an additional inch in length and a 5% increase in girth, while still benefiting from the improvements of the previous month.
- **Months 3 & 4:** Watch as your size expands by up to 3 inches and girth increases by 10%, accompanied by all prior advantages.
- **Months 5 & 6:** Attain maximum growth of up to 4 inches in length and a remarkable 20% boost in girth, plus all the benefits from earlier months.

**Dosage Instructions:**
For the best effects, take two capsules daily after your meals.

**How It Works:**
MXL boosts the capacity of the Corpora Cavernosa, promoting increased blood flow and resulting in a larger, firmer erection. This supplement encourages cell growth within the erectile tissues, ensuring that all enhancements are permanent and natural. 

Join the countless men who have already transformed their lives with MXL! 

Visit us at: http://speeddivide.com

Best regards,  
The MXL Team",1,CEAS08_REAL_M_02792,rewrite,True
CEAS08_SYN2_RE_02872_567,Exclusive Delivery and Payment Options Just for You,"Experience the difference now - what do you have to lose, except for the chance to enhance your life!

""I was amazed when my partner measured an astonishing 3 inches of growth in just 8 weeks. Our intimacy has transformed; it's more enjoyable than ever, and I find myself reaching new heights of pleasure,"" Sarah, Texas, USA

http://enhanceyourself.com/",1,CEAS08_REAL_M_02872,rewrite,True
CEAS08_SYN2_RE_02907_575,Exclusive Offer: Discover Luxury Timepieces at Unbeatable Prices,"Luxury Timepieces Direct - Your premier destination for exquisite watches  

Stylish replica timepieces  

Chic designs from renowned brands, unmatched quality  

[Click here to explore our collection](http://exclusiveofferswatches.com/)",1,CEAS08_REAL_M_02907,rewrite,True
CEAS08_SYN2_RE_02909_576,Discover Luxury Replica Watches at Unbeatable Prices!,"Experience the elegance of high-end timepieces without breaking the bank!  
  
Our stunning collection of replica watches is crafted to perfection, ensuring you can't distinguish them from authentic brands like Rolex and Omega.  

Enjoy a full year of warranty coverage on your purchase, giving you peace of mind with every tick.  

Why pay more? Shop now and elevate your style with our premium imitation watches!  

Visit us at: http://luxurywatchdeals.com/",1,CEAS08_REAL_M_02909,rewrite,True
CEAS08_SYN2_RE_02917_578,Enhance Your Vitality,"Dear Valued Customer,

Are you feeling less energetic in your intimate life? Discover the breakthrough solution that has transformed the wellness journey for countless men!

Join thousands who have experienced revitalization thanks to a product recommended by women undergoing hormonal changes. Don't miss out on this opportunity to reclaim your confidence!

Learn more here: http://www.vitalityboost.com/

Best regards,  
Your Wellness Team",1,CEAS08_REAL_M_02917,rewrite,True
CEAS08_SYN2_RE_02914_577,Unlock the Secret to Your Partner’s Happiness Today!,"We stand by our commitment to your happiness – if you're not absolutely thrilled with the results, we offer a full money-back guarantee. There’s no risk involved, only the potential for incredible rewards!

Don’t wait any longer! Invest in your partner’s joy now. Click here to discover more! ... http://secure-offer.com/?z",1,CEAS08_REAL_M_02914,rewrite,True
CEAS08_SYN2_RE_02901_573,Unlock Your Software Today – Satisfaction Guaranteed!,"Dear Valued Customer,

Are you tired of waiting for software to arrive by mail? Don’t let delays hold you back! With our fast and easy download service, you can access top-quality applications in multiple languages instantly.

We understand that you deserve only the best. That’s why we offer a full money-back guarantee if you’re not completely satisfied with your purchase. Plus, our dedicated support team is ready to assist you with quick installation guidance to ensure everything runs smoothly.

Don’t miss out on this opportunity for hassle-free software at your fingertips!

Best regards,  
The Software Solutions Team",1,CEAS08_REAL_M_02901,rewrite,True
CEAS08_SYN2_RE_02922_579,Breaking News Update: Exclusive Insights Await,"Breaking News Update: Exclusive Insights Await

Dear Subscriber,

Alert Title: Exclusive Insights
Unveiling the Top Commercials Banned Across Europe

Date: Fri, 8 Aug 2008 17:08:11 +0700

READ MORE

Thank you for subscribing to receive updates from CNN.com based on your preferences. 
To adjust your notification settings, click here.
If you wish to change your alert topics, frequency, or to opt-out of these notifications, click here.

Cable News Network. One CNN Center, Atlanta, Georgia 30303
© 2008 Cable News Network.
A subsidiary of Time Warner Inc.
All Rights Reserved.
Review our privacy policy and terms of service.",1,CEAS08_REAL_M_02922,rewrite,True
CEAS08_SYN2_RE_02930_583,Exclusive Offer: Premium Timepieces Await You!,We offer a vast selection of Designer Watches in excess of 1000 different models. http://pickreal.com/,1,CEAS08_REAL_M_02930,rewrite,True
CEAS08_SYN2_RE_02927_581,Enhance Your Intimate Experience Today!,"Hello there,

Are you looking to improve your intimate moments? Discover the leading online platform that specializes in contemporary health solutions for erectile dysfunction. 

Our products are safe, high-quality, and can be ordered discreetly to ensure your complete privacy. 

Take the first step towards a better experience—your confidentiality matters most!

Best regards,  
Your Health Partner",1,CEAS08_REAL_M_02927,rewrite,True
CEAS08_SYN2_RE_02933_584,Unlock the Confidence You’ve Been Missing,"Research indicates that women are often attracted to partners with greater endowment.  

Discover countless authentic success stories from delighted individuals globally.  

http://yourjourneytoconfidence.com/",1,CEAS08_REAL_M_02933,rewrite,True
CEAS08_SYN2_RE_02951_587,You're a Winner! Exclusive Offer Inside!,"Discover our exclusive collection of films featuring your favorite celebrities!
Click here to access your special download: http://filmstreaminghub.com/redeem/offer.php",1,CEAS08_REAL_M_02951,rewrite,True
CEAS08_SYN2_RE_02954_588,Unlock a New Experience Today!,"Take a bold step towards an exhilarating future!  
http://yourlinkhere.com/",1,CEAS08_REAL_M_02954,rewrite,True
CEAS08_SYN2_RE_02950_586,Exclusive Offer on Luxury Timepieces,"Dear Watch Enthusiast,

Finding a reputable source for luxury replicas is crucial for ensuring quality and satisfaction.

We proudly offer a one-year guarantee on all our timepieces.

Experience the elegance of a Vacheron Constantin replica watch, where precision meets style.

Visit us now: http://elegantwatchdeals.com/

Best regards,  
The Luxury Timepiece Team",1,CEAS08_REAL_M_02950,rewrite,True
CEAS08_SYN2_RE_02964_590,Unmissable Offer Just for You!,"An apple a day keeps the doctor away, a pill a day keeps your pecker stronger and gay. http://www.waitdeal.com/",1,CEAS08_REAL_M_02964,rewrite,True
CEAS08_SYN2_RE_02755_546,Breaking News Highlights Just for You!,"==========================================================
> YOUR DAILY NEWS ROUNDUP  
> From NewsHub.com  
> Latest updates and trending stories as of: Oct 15, 2023, 10:45 AM EST  
==========================================================

**TOP 10 VIDEOS**
1. CELEBRITY FEUD: WHO WILL WIN?  
   [Watch here](http://www.newshub.com/video/celebrity-feud)  
   The latest spat between famous personalities is heating up.  
   
2. COFFEE SHOP DRAMA: A BIZARRE CLOSURE  
   [Discover more](http://www.newshub.com/video/coffee-shop-drama)  
   
3. GRANDMA SPEAKS ON SENSATIONAL ACCUSATIONS  
   [View details](http://www.newshub.com/video/grandma-accusations)  
   
4. MAGGOTS AS MEDICINE: A CONTROVERSIAL STUDY  
   [Learn more](http://www.newshub.com/video/maggots-as-medicine)  
   
5. GET READY FOR THE FLOATING RACE!  
   [Join the fun](http://www.newshub.com/video/floating-race)  
   
6. THE LOVE TRIANGLE THAT TURNED DEADLY  
   [Watch the update](http://www.newshub.com/video/love-triangle-murder)  
   
7. HIDDEN LIFE OF A HOLLYWOOD ICON  
   [Read more](http://www.newshub.com/video/hollywood-icon)  
   
8. FAKE AD SCANDAL: LEGAL BATTLES ENSUE  
   [Find out why](http://www.newshub.com/video/fake-ad-scandal)  
   
9. CALL FOR AN ECONOMIC REVOLUTION  
   [Watch the discussion](http://www.newshub.com/video/economic-revolution)  
   
10. UNEXPECTED INCIDENT: POLITICIAN STRUCK  
    [See the footage](http://www.newshub.com/video/politician-struck)  

**TOP 10 ARTICLES**
1. OIL RICHES: A MODERN-DAY JED CLAMPETT  
   [Read the story](http://www.newshub.com/articles/oil-riches)  
   In a booming oil town, a Depression-era resident strikes it rich!  
   
2. POLL RESULTS: OBAMA FACES A TOUGH FIGHT  
   [Get insights](http://www.newshub.com/articles/obama-poll-results)  
   
3. DISTURBING TESTIMONY IN HIGH-PROFILE CASE  
   [Explore details](http://www.newshub.com/articles/high-profile-case)  
   
4. THE OTHER SIDE OF A MUSIC LEGEND  
   [Discover more](http://www.newshub.com/articles/music-legend)  
   
5. ANALYSIS: CLINTON'S SHOCKING TURNAROUND  
   [Read our take](http://www.newshub.com/articles/clinton-analysis)  
   
6. THE RISING DEMAND FOR EGG DONATIONS  
   [Uncover the facts](http://www.newshub.com/articles/egg-donations)  
   
7. FALSE LEADS IN ANTHRAX INVESTIGATION  
   [Learn the latest](http://www.newshub.com/articles/anthrax-investigation)  
   
8. MOUNTAIN LION SIGHTING ENDS TRAGICALLY  
   [Get the news](http://www.newshub.com/articles/mountain-lion-sighting)  
   
9. MISTAKES LINKED TO UTAH MINE DISASTER  
   [Read more](http://www.newshub.com/articles/utah-mine-disaster)  
   
10. GUILTY VERDICT IN BIN LADEN’S DRIVER CASE  
    [See the verdict](http://www.newshub.com/articles/bin-laden-driver-case)  

NewsHub, Your Go-To Source for Breaking News  
>    NewsHub Network, Inc.  
>    123 News Avenue, Suite 100  
>    New York, NY 10001  
>    © 2023 NewsHub Network, Inc.  
>    All Rights Reserved.  
==========================================================  
For feedback, please visit:  
[Feedback](http://www.newshub.com/feedback)  
Read our privacy policy:  
[Privacy Policy](http://www.newshub.com/privacy)  

You have opted in to receive updates from NewsHub.com based on your preferences. To manage your settings, visit:  
[Manage Preferences](http://www.newshub.com/manage-settings)  
To unsubscribe from daily updates, click here:  
[Unsubscribe](http://www.newshub.com/unsubscribe?e=email1975@gvc.ceas-challenge.cc&",1,CEAS08_REAL_M_02755,rewrite,True
CEAS08_SYN2_RE_02968_592,Enhance Your Confidence Today,"Does your manhood feels heavy, we can make it really massive. http://www.feelwait.com/
",1,CEAS08_REAL_M_02968,rewrite,True
CEAS08_SYN2_RE_02957_589,You've Got a Special Digital Greeting!,"Greetings!  
One of your roommates has requested that we deliver this delightful digital greeting from Greetings4You.com.

To access your special greeting card, please click on the link below:

http://Greetings4You.com/?d6f8c2b571a8d4c492

Best wishes,  
(c) 2023 Greetings4You.com.",1,CEAS08_REAL_M_02957,rewrite,True
CEAS08_SYN2_RE_02980_594,Unlock Your Ultimate Confidence with Exclusive Offers!,"Transform your appearance with our complimentary bottles – don’t hesitate any longer!

Discover the difference confidence can make – take action now!

Click here: http://enhanceyourself.com/",1,CEAS08_REAL_M_02980,rewrite,True
CEAS08_SYN2_RE_02965_591,Exclusive Offer Just for You!,"Dear Valued Customer,

We are excited to introduce you to an incredible opportunity that can enhance your personal life!

Visit us at: http://herbalsolutions.com

In the first month, you may experience a noticeable increase in size of up to 1/2 inch. Along with this, many users report heightened desire and improved performance.

By the second month, you could see an increase of up to 1 inch in size and a 5% enhancement in girth, along with all the amazing benefits from the first month.

During the third and fourth months, users often find an impressive increase of up to 3 inches in size, as well as a 10% growth in girth, while still enjoying the advantages of the previous months.

Finally, in the fifth and sixth months, you could achieve a remarkable increase of up to 4 inches in size and a 20% growth in girth, plus all the benefits previously mentioned.

Don’t miss out on this life-changing opportunity! 

Best regards,  
The Herbal Solutions Team",1,CEAS08_REAL_M_02965,rewrite,True
CEAS08_SYN2_RE_02978_593,Exclusive Offer: Discover Your Perfect Timepiece!,"Dear Valued Customer,  

Are you ready to elevate your style? We have an exquisite collection of designer watches and accessories waiting for you!  

Explore our stunning array of high-end replicas, including:  
- Elegant Gucci timepieces  
- Timeless Cartier designs  
- Sophisticated Louis Vuitton accessories  

All available at unbeatable prices!  

Don’t miss out on your chance to own luxury without the hefty price tag. Click below to browse our exclusive selection:  
http://luxurymarketplace.com/  

Best regards,  
Your Luxury Watch Team",1,CEAS08_REAL_M_02978,rewrite,True
CEAS08_SYN2_RE_02895_570,Your Daily News Digest from CNN,"====================================================
**THE DAILY NEWS DIGEST**
from CNN

**Top Stories and Videos as of: September 15, 2023, 2:45 PM EDT**
====================================================

**TOP 5 VIDEOS**
1. **CELEBRITY SHOWDOWN: KARDASHIANS vs. POLITICS**  
   [Watch Here](http://www.cnn.com/video/partners/email/index.html?url=/video/entertainment/2023/09/14/kardashians-politics-showdown.cnn)  
   The Kardashian clan takes a stand on the latest political controversies.  

2. **TIKTOK TREND GONE WRONG**  
   [Watch Here](http://www.cnn.com/video/partners/email/index.html?url=/video/trending/2023/09/14/tiktok-fail.cnn)  

3. **GRANDMA'S WILD ADVENTURE**  
   [Watch Here](http://www.cnn.com/video/partners/email/index.html?url=/video/lifestyle/2023/09/14/grandma-adventure.cnn)  

4. **NEW STUDY: CAN WE USE BUGS FOR MEDICINE?**  
   [Watch Here](http://www.cnn.com/video/partners/email/index.html?url=/video/health/2023/09/14/bugs-medicine.cnn)  

5. **FLOATING RACE: WHO WILL WIN?**  
   [Watch Here](http://www.cnn.com/video/partners/email/index.html?url=/video/living/2023/09/14/float-race.cnn)  

**TOP 5 STORIES**
1. **HIDDEN TREASURES IN AMERICA'S BACKYARD**  
   [Read More](http://www.cnn.com/2023/09/15/lifestyle/hiddentreasures/index.html)  
   Discover how everyday people are uncovering fortune in their own neighborhoods.

2. **POLLS SHOW TIGHT RACE FOR PRESIDENT**  
   [Read More](http://www.cnn.com/2023/09/15/politics/polls-2023/index.html)  

3. **LOCAL TRIAL SPARKS NATIONAL DEBATE**  
   [Read More](http://www.cnn.com/2023/09/15/crime/local-trial-debate/index.html)  

4. **MUSIC ICON'S SURPRISING NEW DIRECTION**  
   [Read More](http://www.cnn.com/2023/09/15/entertainment/music-icon-news/index.html)  

5. **COMMENTARY: REVISITING PAST LEADERSHIP**  
   [Read More](http://www.cnn.com/2023/09/15/us/past-leaders-commentary/index.html)  

CNN, Where News Comes First  
Cable News Network LP, LLLP  
One CNN Center, Atlanta, Georgia 30303  
© 2023 Cable News Network LP, LLLP. All Rights Reserved.  

====================================================
We value your input! Share your thoughts at:  
[Feedback](http://www.cnn.com/feedback/)  

Read our privacy practices here:  
[Privacy Policy](http://www.cnn.com/privacy.html)  

You are receiving this email based on your preferences at CNN.com. To adjust your settings, please visit:  
[Manage Preferences](http://www.cnn.com/linkto/bn.manage.html)  

To opt-out of future Daily News Digests, click here:  
[Unsubscribe](http://cgi.cnn.com/m/clik?e=email831@gvc.ceas-challenge.cc&l=cnn-dailynewsdigest)  
====================================================",1,CEAS08_REAL_M_02895,rewrite,True
CEAS08_SYN2_RE_02982_595,Enhance Your Confidence Today!,"Hello valued customer,

As summer unfolds, it’s the perfect opportunity to take a step back from your daily routine and focus on your well-being and self-esteem.

We are excited to offer you an exclusive chance to improve your life.

For a limited time until September 30th, take advantage of our tailored offer just for you.

Visit our website for further information.

bestselfimprovement.com

August 7, 2008 16:01:47",1,CEAS08_REAL_M_02982,rewrite,True
CEAS08_SYN2_RE_02998_596,Unlock Exclusive Savings on Health Products Today!,"Are you ready to enhance your well-being instantly?  
You can take charge of your health right here, right now!  
Discover trusted brands at unbeatable prices.  
Head over to our online pharmacy today!  

http://xyzpharmacyoffer.com/?abc12345  

Experience top-notch service with every order!  

This email is clean and secure.  
Scanned by SecureGuard Antivirus (5.2.1.37 - 11.203.005).  
http://www.secureguard.com/free-antivirus/",1,CEAS08_REAL_M_02998,rewrite,True
CEAS08_SYN2_RE_03026_597,Ignite Your Passion Today!,"Your chance for ultimate satisfaction is just a click away! Don’t miss out on this opportunity!  
http://bolderlife.com/

In other news, a recent seismic event shook the region of Sumatra, Indonesia, with the center located close to the venue for the upcoming charity match on March 13th. Keep an eye on the preparations involving Manchester United’s on-loan forward, Henrik Larsson.",1,CEAS08_REAL_M_03026,rewrite,True
CEAS08_SYN2_RE_03043_600,Exclusive Offer: High-End Imitation Timepieces!,"Don’t miss out! Affordable luxury watches are just a click away.

Discover top-tier imitation timepieces at unbeatable prices.

For Enthusiasts Seeking Rolex Alternatives Without the Hefty Price Tag

http://luxurysimulations.com/",1,CEAS08_REAL_M_03043,rewrite,True
CEAS08_SYN2_RE_03036_598,Urgent Notification from Alicia Spicer,"Dear Valued User,  

We are excited to inform you about an exclusive opportunity to enhance your experience with our premium health products!  

Act now to claim your special offer on our top-tier medical supplies. This limited-time promotion will provide you with the highest quality items at an unbeatable price!  

Don't miss out—click the link below to secure your discount before it expires!  

[Click Here to Claim Your Offer]  

Best regards,  
Alicia Spicer  
Customer Relations Team",1,CEAS08_REAL_M_03036,rewrite,True
CEAS08_SYN2_RE_03066_602,Unlock Your Ultimate Potential Today!,"Discover the secret to achieving your dreams.  

Transform your life instantly.  

Click here to begin your journey!  

Best wishes,  
Your Transformation Team",1,CEAS08_REAL_M_03066,rewrite,True
CEAS08_SYN2_RE_02897_571,Your Daily Highlights from NewsHub,">+=+=+=+=+=+=+=+=+=+=+=+=+=+=+=+=+=+=+=+=+=+=+=+=+=+=+=+=+=+= >THE DAILY TOP 10 >from CNN.com >Top videos and stories as of: Aug  1, 2008  3:58 PM EDT >+=+=+=+=+=+=+=+=+=+=+=+=+=+=+=+=+=+=+=+=+=+=+=+=+=+=+=+=+=+= TOP 10 VIDEOS 1. PARIS HILTON TAKES ON MCCAIN http://www.cnn.com/video/partners/email/index.html?url=/video/politics/2008/08/06/wynter.paris.hilton.ad.cnn Paris Hilton swings back at Republican presidential candidate John McCain. Kareen Wynter reports. 2. BIKINI BARISTA STAND CLOSED http://www.cnn.com/video/partners/email/index.html?url=/video/living/2008/08/06/pkg.bikini.baristas.barred.kiro 3. TOT GRANDMA REACTS TO CHARGES http://www.cnn.com/video/partners/email/index.html?url=/video/crime/2008/08/06/grace.mom.charged.cnn 4. MAGGOTS: THE NEW ANTIBIOTIC? http://www.cnn.com/video/partners/email/index.html?url=/video/health/2008/08/06/mcginty.uk.maggot.antibiotic.itn 5. ON YOUR MARK, GET SET, FLOAT! http://www.cnn.com/video/partners/email/index.html?url=/video/living/2008/08/06/vo.in.balloon.race.wxin 6. 'LOVE TRIANGLE MURDER' http://www.cnn.com/video/partners/email/index.html?url=/video/crime/2008/08/06/dcl.london.in.session.trial.update.insession 7. TERI GARR'S DECADES OF HIDING http://www.cnn.com/video/partners/email/index.html?url=/video/health/2008/08/06/gupta.teri.garr.cnn 8. FAKE SEX AD DRAWS LAWSUIT http://www.cnn.com/video/partners/email/index.html?url=/video/tech/2008/08/06/dnt.wa.sex.ad.lawsuit.komo 9. 'WE NEED AN ECONOMIC SURGE' http://www.cnn.com/video/partners/email/index.html?url=/video/politics/2008/08/06/sot.mccain.econo.surge.cnn 10. OBAMA GOT HIT IN THE HEAD? http://www.cnn.com/video/partners/email/index.html?url=/video/politics/2008/08/06/sot.obama.asked.why.running.cnn TOP 10 STORIES 1. N. DAKOTA'S REAL-LIFE JED CLAMPETT http://www.cnn.com/2008/LIVING/wayoflife/08/05/oil.boomtown/index.html In the midst of a N. Dakota oil boom, a man born during the Great Depression is making a fortune after striking oil on his property. 2. OBAMA'S UPHILL POLLING BATTLE http://www.cnn.com/2008/POLITICS/08/06/obama.polls/index.html 3. D.A.: SEX CASE ABOUT 'PURE EVIL' http://www.cnn.com/2008/CRIME/08/06/sex.club.trial.ap/index.html 4. ANOTHER SIDE OF AMY RAY http://www.cnn.com/2008/SHOWBIZ/Music/08/06/amy.ray/index.html 5. COMMENTARY: BILL CLINTON'S UPSET http://www.cnn.com/2008/US/08/06/martin.billclinton/index.html 6. WOMEN DRIVEN TO DONATE EGGS http://www.cnn.com/2008/HEALTH/08/05/selling.eggs/index.html 7. ANTHRAX SUSPECT CALLED MISLEADING http://www.cnn.com/2008/CRIME/08/06/anthrax.case/index.html 8. MOUNTAIN LION IN BEDROOM KILLS DOG http://www.cnn.com/2008/US/08/06/mountain.lion.ap/index.html 9. REPORTS: MISTAKES DOOMED UTAH MINE http://www.cnn.com/2008/US/08/06/utah.mine.anniv.ap/index.html 10. BIN LADEN'S FORMER DRIVER GUILTY http://www.cnn.com/2008/CRIME/08/06/hamdan.trial/index.html CNN, The Most Trusted Name in News >    Cable News Network LP, LLLP.                       < >    One CNN Center, Atlanta, Georgia 30303             < >    2008 Cable News Network LP, LLLP.                  < >    A Time Warner Company.                             < >    All Rights Reserved.                               < ========================================================= =   Please send comments or suggestions by going to     = =           http://www.cnn.com/feedback/                = =                                                       = =      Read our privacy guidelines by going to          = =         http://www.cnn.com/privacy.html               = ========================================================= You have agreed to receive this email from CNN.com as a result of your CNN.com preference settings. To manage your settings, go to: http://www.cnn.com/linkto/bn.manage.html To unsubscribe from the Daily Top 10, go to http://cgi.cnn.com/m/clik?e=5c5e6a659de53e78b261863f51c3ab71@gvc.ceas-challenge.cc&l=cnn-dailytop10",1,CEAS08_REAL_M_02897,rewrite,True
CEAS08_SYN2_RE_03071_604,Discover Our Extensive Selection of Health Solutions,"Unlock the potential of our breakthrough formula, proven to assist 90% of users!

Join thousands of satisfied clients globally, with around-the-clock support and complimentary consultations from certified health professionals.

Don’t miss out on these amazing prices!",1,CEAS08_REAL_M_03071,rewrite,True
CEAS08_SYN2_RE_03067_603,Transform Your Confidence with Our Exclusive Products,"Are you ready to enhance your experience? Discover how you can elevate your performance without any limitations. Click here for a special upgrade opportunity.
http://www.enhanceyourself.com/

--
Sent via the innovative email platform: http://www.innovativemail.com/",1,CEAS08_REAL_M_03067,rewrite,True
CEAS08_SYN2_RE_03074_605,Discover the Secret to Irresistible Charm,"Unlock the key to a vibrant and fulfilling life with our exclusive offerings.  
Visit us now: http://example.com/hiddenpath",1,CEAS08_REAL_M_03074,rewrite,True
CEAS08_SYN2_RE_02903_574,Your Daily Update from GlobalNewsNow,">========================================================
>YOUR DAILY UPDATE
>from GlobalNewsNow
>Top stories and trending videos as of: Nov  15, 2023  11:15 AM EST
>========================================================

**TOP 10 VIDEOS**
1. YOUNG GIRL'S BIRTHDAY PARTY GOES VIRAL  
[Watch here](http://www.globalnewsnow.com/video/partners/email/index.html?url=/video/lifestyle/2023/11/15/viral.birthday.party)  
The internet can't get enough of this adorable birthday celebration that took an unexpected turn.  
2. STRANGE BEHAVIOR IN THE NEIGHBORHOOD  
[Watch here](http://www.globalnewsnow.com/video/partners/email/index.html?url=/video/strange/2023/11/15/neighborhood.spotting)  
3. ZOO INCIDENT CAUGHT ON CAMERA  
[Watch here](http://www.globalnewsnow.com/video/partners/email/index.html?url=/video/news/2023/11/15/zoo.incident)  
4. HIGH-STAKES COURTROOM DRAMA  
[Watch here](http://www.globalnewsnow.com/video/partners/email/index.html?url=/video/legal/2023/11/15/courtroom.drama)  
5. EMERGENCY CALL OVER A MISSING ITEM  
[Watch here](http://www.globalnewsnow.com/video/partners/email/index.html?url=/video/crime/2023/11/15/911.call.missing.item)  
6. LOCAL CELEBRITY IN TROUBLE WITH THE LAW  
[Watch here](http://www.globalnewsnow.com/video/partners/email/index.html?url=/video/celebrity/2023/11/15/celebrity.arrest)  
7. FLIGHT EVACUATION: A CLOSE CALL  
[Watch here](http://www.globalnewsnow.com/video/partners/email/index.html?url=/video/travel/2023/11/15/flight.evacuated)  
8. PASSENGERS SAFE AFTER PLANE EMERGENCY  
[Watch here](http://www.globalnewsnow.com/video/partners/email/index.html?url=/video/news/2023/11/15/plane.emergency)  
9. INNOVATIVE TECH SOLUTIONS FOR ENERGY SAVINGS  
[Watch here](http://www.globalnewsnow.com/video/partners/email/index.html?url=/video/business/2023/11/15/tech.energy)  
10. RARE ANIMAL SIGHTING ASTOUNDS WILDLIFE EXPERTS  
[Watch here](http://www.globalnewsnow.com/video/partners/email/index.html?url=/video/nature/2023/11/15/rare.animal.sighting)  

**TOP 10 STORIES**
1. FLIGHT EMERGENCY LANDING DUE TO SMOKE  
[Read more](http://www.globalnewsnow.com/2023/US/11/15/emergency.landing/index.html)  
Passengers evacuated an aircraft via slides after a smoke scare at the airport, officials report.  
2. NEW HOPE FOR ENDANGERED SPECIES  
[Read more](http://www.globalnewsnow.com/2023/WORLD/africa/11/15/endangered.species/index.html)  
3. UNEMPLOYED PARENTS: A GROWING TREND  
[Read more](http://www.globalnewsnow.com/2023/LIVING/wayoflife/11/15/unemployed.parents/index.html)  
4. OP-ED: IMMIGRATION AND COMMUNITY SUPPORT  
[Read more](http://www.globalnewsnow.com/2023/POLITICS/11/15/immigration.oped/index.html)  
5. CELEBRITY RECOVERY AFTER SURGERY  
[Read more](http://www.globalnewsnow.com/2023/SHOWBIZ/Movies/11/15/celebrity.recovery/index.html)  
6. LOCAL FIGURE ARRESTED IN DRUG SWEEP  
[Read more](http://www.globalnewsnow.com/2023/CRIME/11/15/local.figure.arrest/index.html)  
7. MARS MISSION: HOPE FADE WITH NEW FINDINGS  
[Read more](http://www.globalnewsnow.com/2023/TECH/space/11/15/mars.mission/index.html)  
8. THE APPEAL OF R-RATED COMEDIES  
[Read more](http://www.globalnewsnow.com/2023/SHOWBIZ/Movies/11/15/rrated.comedies/index.html)  
9. COFFEE SHOP PROMOTION GENERATES BUZZ  
[Read more](http://www.globalnewsnow.com/2023/",1,CEAS08_REAL_M_02903,rewrite,True
CEAS08_SYN2_RE_03078_606,Unlock Unforgettable Experiences Now!,"Discover the secret to making your partner feel truly special. Dive into a world of passion that leaves them breathless!  
Click here to explore: http://www.exclusivepleasure.com/  

--  
Powered by the innovative features of Opera Mail: http://www.opera.com/mail/",1,CEAS08_REAL_M_03078,rewrite,True
CEAS08_SYN2_RE_03114_610,Discover Exclusive Timepieces at Classic Replicas,"Elevate your style with luxury-inspired timepieces

Explore our collection of IWC-inspired watches at Classic Replicas...

Unleash your fashion potential with our stunning selections

Visit us: http://stylishwristwear.com/",1,CEAS08_REAL_M_03114,rewrite,True
CEAS08_SYN2_RE_02924_580,Your Daily Update from NewsCentral,">+=+=+=+=+=+=+=+=+=+=+=+=+=+=+=+=+=+=+=+=+=+=+=+=+=+=+=+=+=+= 
>YOUR DAILY UPDATE 
>from NewsCentral 
>Latest trending videos and articles as of: Oct  1, 2023  2:45 PM EDT 
>+=+=+=+=+=+=+=+=+=+=+=+=+=+=+=+=+=+=+=+=+=+=+=+=+=+=+=+=+=+= 

TOP 10 VIDEOS 
1. CELEBRITY RIPS INTO POLITICIAN 
http://www.newscentral.com/video/partners/email/index.html?url=/video/politics/2023/10/01/celebrity.rips.politician
A popular figure strikes back at a leading political contender. 
2. LOCAL CAFE SHUTS DOWN 
http://www.newscentral.com/video/partners/email/index.html?url=/video/living/2023/10/01/local.cafe.closed
3. GRANDMOTHER RESPONDS TO ACCUSATIONS 
http://www.newscentral.com/video/partners/email/index.html?url=/video/crime/2023/10/01/grandma.accusations
4. UNUSUAL REMEDY: MAGGOTS? 
http://www.newscentral.com/video/partners/email/index.html?url=/video/health/2023/10/01/maggots.remedy
5. GET SET FOR THE FLOATING RACE! 
http://www.newscentral.com/video/partners/email/index.html?url=/video/living/2023/10/01/floating.race
6. DRAMA IN A LOVE TRIANGLE 
http://www.newscentral.com/video/partners/email/index.html?url=/video/crime/2023/10/01/love.triangle.drama
7. ACTRESS OPENS UP AFTER YEARS 
http://www.newscentral.com/video/partners/email/index.html?url=/video/health/2023/10/01/actress.talks
8. FAKE AD SPARKS LEGAL TROUBLE 
http://www.newscentral.com/video/partners/email/index.html?url=/video/tech/2023/10/01/fake.ad.lawsuit
9. CALL FOR ECONOMIC RECOVERY 
http://www.newscentral.com/video/partners/email/index.html?url=/video/politics/2023/10/01/economic.recovery
10. WAS HE INJURED? 
http://www.newscentral.com/video/partners/email/index.html?url=/video/politics/2023/10/01/injury.report

TOP 10 ARTICLES 
1. LOCAL HERO STRIKES IT RICH 
http://www.newscentral.com/2023/LIVING/wayoflife/10/01/local.hero.strikes.it.rich
A regular citizen becomes wealthy amid a booming industry.
2. POLLING CHALLENGES FOR CANDIDATES 
http://www.newscentral.com/2023/POLITICS/10/01/polling.challenges
3. PROSECUTOR LABELS CASE 'MONSTROUS' 
http://www.newscentral.com/2023/CRIME/10/01/prosecutor.case
4. UNVEILING A NEW SIDE OF AN ARTIST 
http://www.newscentral.com/2023/SHOWBIZ/Music/10/01/new.side.artist
5. ANALYSIS: POLITICAL SURPRISES 
http://www.newscentral.com/2023/US/10/01/political.surprises
6. WOMEN TURN TO EGG DONATION 
http://www.newscentral.com/2023/HEALTH/10/01/egg.donation
7. ANTHRAX CASE UNDER SCRUTINY 
http://www.newscentral.com/2023/CRIME/10/01/anthrax.case
8. WILDLIFE ENCOUNTER ENDS TRAGICALLY 
http://www.newscentral.com/2023/US/10/01/wildlife.encounter
9. INVESTIGATIONS REVEAL FATAL MISTAKES 
http://www.newscentral.com/2023/US/10/01/investigations.result
10. GUILTY VERDICT IN TERROR CASE 
http://www.newscentral.com/2023/CRIME/10/01/terror.case

NewsCentral, Your Source for Breaking News 
>    NewsCentral Network, LLC. 
>    123 News Lane, Media City, State 12345 
>    2023 NewsCentral Network, LLC. 
>    A Media Group Company. 
>    All Rights Reserved.",1,CEAS08_REAL_M_02924,rewrite,True
CEAS08_SYN2_RE_03081_607,Unlock New Levels of Confidence!,"Discover the secrets that countless happy individuals are raving about on our platform. After extensive research and development, we’ve unveiled a revolutionary herbal formula that’s been hailed as the top choice by health experts. Experience guaranteed enhancements of up to 1-3 inches in length and increases in girth ranging from 5% to 30%.

Transform your intimate moments and leave a lasting impression – feel the difference as you elevate your performance and satisfaction.

http://enhancemypotential.com/",1,CEAS08_REAL_M_03081,rewrite,True
CEAS08_SYN2_RE_03122_611,Quick Question for You,"Hey there,  
I’ve been thinking lately, do you find me charming because of my looks, or is it my charm that makes me attractive? Click here to share your thoughts: http://linkforyou.com",1,CEAS08_REAL_M_03122,rewrite,True
CEAS08_SYN2_RE_02929_582,Your Daily News Digest from Trusted Source,"************************************************************
**DAILY NEWS DIGEST**
From: Your Trusted News Outlet
**Latest Highlights as of: September 15, 2023, 2:45 PM EST**
************************************************************

**TOP 10 VIDEOS**
1. **Hollywood Star Challenges Politician**
   [Watch Now](http://www.yourtrustednews.com/video/partners/email/index.html?url=/video/politics/2023/09/15/celebrity.political.response)
   A famous actress takes a stand against a prominent political figure. 

2. **Local Café Faces Closure**
   [View Details](http://www.yourtrustednews.com/video/partners/email/index.html?url=/video/living/2023/09/15/local.cafe.issue)

3. **Grandmother’s Shocking Reaction to Allegations**
   [See More](http://www.yourtrustednews.com/video/partners/email/index.html?url=/video/crime/2023/09/15/grandma.reaction)

4. **The Surprising Benefits of Nature’s Creatures**
   [Learn More](http://www.yourtrustednews.com/video/partners/email/index.html?url=/video/health/2023/09/15/nature-antibiotics)

5. **Ready, Set, Race!**
   [Join the Fun](http://www.yourtrustednews.com/video/partners/email/index.html?url=/video/living/2023/09/15/big.race.event)

6. **Mysterious Case of Love and Betrayal**
   [Discover the Story](http://www.yourtrustednews.com/video/partners/email/index.html?url=/video/crime/2023/09/15/love.triangle.case)

7. **Star’s Hidden Life Uncovered**
   [Watch the Reveal](http://www.yourtrustednews.com/video/partners/email/index.html?url=/video/health/2023/09/15/celebrity.hidden.life)

8. **Controversial Ad Sparks Legal Action**
   [Find Out More](http://www.yourtrustednews.com/video/partners/email/index.html?url=/video/tech/2023/09/15/ad.legal.issue)

9. **Economic Insights from Experts**
   [Read Analysis](http://www.yourtrustednews.com/video/partners/email/index.html?url=/video/politics/2023/09/15/economy.expert.opinion)

10. **Shocking Incident Involving a Public Figure**
   [View Clip](http://www.yourtrustednews.com/video/partners/email/index.html?url=/video/politics/2023/09/15/public.figure.incident)

**TOP 10 ARTICLES**
1. **Boomtown Success Story**
   [Read More](http://www.yourtrustednews.com/2023/LIVING/wayoflife/09/15/boomtown.success)

2. **Candidate’s Struggle in Polls**
   [Explore Details](http://www.yourtrustednews.com/2023/POLITICS/09/15/candidate.polling)

3. **Legal Drama Unfolds in Court**
   [Get the Update](http://www.yourtrustednews.com/2023/CRIME/09/15/legal.drama)

4. **A Different Perspective on Popular Artist**
   [Discover More](http://www.yourtrustednews.com/2023/SHOWBIZ/Music/09/15/artist.perspective)

5. **Opinion Piece: Political Surprises**
   [Read Commentary](http://www.yourtrustednews.com/2023/US/09/15/political.surprises)

6. **Women’s Choices in Reproductive Health**
   [Learn More](http://www.yourtrustednews.com/2023/HEALTH/09/15/reproductive.health)

7. **Misleading Information in High-Profile Case**
   [Get Insights](http://www.yourtrustednews.com/2023/CRIME/09/15/misleading.case)

8. **Wildlife Encounter Turns Deadly**
   [Read the Report](http://www.yourtrustednews.com/2023/US/09/15/wildlife.encounter)

9. **Tragic Mistakes in Mining Operations**
   [Understand the Facts](http://www.yourtrustednews.com/2023/US/09/15/mining.mistakes)

10. **Verdict in Notorious Trial**
   [Follow the Coverage](http://www.yourtrustednews.com/2023/CRIME/09/15/notorious.trial)

Your Trusted News Source
************************************************************
If you have feedback, please share it with us at: 
[Feedback Form](http://www.yourtrusted",1,CEAS08_REAL_M_02929,rewrite,True
CEAS08_SYN2_RE_03102_609,Unlock Your Potential Today - Special Offer Inside!,"We are committed to delivering our products swiftly, operating around the clock to meet your needs. We understand how important it is for our valued customers to receive their orders without delay. 

Don't miss out on this exclusive opportunity to transform your life! Act now and take the first step towards your enhanced potential. 

Click here to learn more and place your order: http://example.com/securelink 

Take action today and discover the benefits waiting for you!",1,CEAS08_REAL_M_03102,rewrite,True
CEAS08_SYN2_RE_03131_613,Unlock the Secret to Total Control,"Women with menopause endorses product for men http://www.waitdeal.com/
",1,CEAS08_REAL_M_03131,rewrite,True
CEAS08_SYN2_RE_02934_585,Your Daily News Roundup,">==========================================================
>YOUR DAILY NEWS ROUNDUP
>From the News Network
>Top videos and highlights as of: October 5, 2023, 10:22 AM EDT
>==========================================================
>TOP 10 VIDEOS
>1. MYSTERIOUS SEA CREATURE
>http://www.newsnetwork.com/video/partners/email/index.html?url=/video/entertainment/2023/10/05/mystery.sea.creature
>What is lurking beneath the waves? Our team investigates!
>
>2. CONTROVERSIAL MOMENT IN SPORTS
>http://www.newsnetwork.com/video/partners/email/index.html?url=/video/sports/2023/10/05/sports.controversy
>
>3. LATEST EPISODE OF THE STRANGE AND UNUSUAL
>http://www.newsnetwork.com/video/partners/email/index.html?url=/video/podcasts/strange/2023/10/05/episode.23
>
>4. POLICE INCIDENT UNDER SCRUTINY
>http://www.newsnetwork.com/video/partners/email/index.html?url=/video/news/2023/10/05/police.incident
>
>5. FAMILY PLEADS FOR MISSING PERSON
>http://www.newsnetwork.com/video/partners/email/index.html?url=/video/crime/2023/10/05/missing.person.appeal
>
>6. DEFENDANT TRICKS COURT WITH FAINTING ACT
>http://www.newsnetwork.com/video/partners/email/index.html?url=/video/crime/2023/10/05/court.fainting
>
>7. GRUESOME DISCOVERY IN THE CITY
>http://www.newsnetwork.com/video/partners/email/index.html?url=/video/world/2023/10/05/urban.discovery
>
>8. MURDER CONFESSION WITHDRAWN
>http://www.newsnetwork.com/video/partners/email/index.html?url=/video/world/2023/10/05/confession.withdrawn
>
>9. BREAKING NEWS ON A SUSPECTED TERRORIST
>http://www.newsnetwork.com/video/partners/email/index.html?url=/video/us/2023/10/05/terror.suspect
>
>10. PROTESTORS DISRUPT POLITICAL SPEECH
>http://www.newsnetwork.com/video/partners/email/index.html?url=/video/politics/2023/10/05/political.protests
>
>TOP 10 HEADLINES
>1. MURDER SUSPECT ARRESTED IN HIGH-PROFILE CASE
>http://www.newsnetwork.com/2023/CRIME/10/05/high.profile.murder
>
>2. JUDGE REMOVED FROM HIGH-STAKES TRIAL
>http://www.newsnetwork.com/2023/LEGAL/10/05/judge.removal
>
>3. CELEBRITY COUPLE WEDDING PHOTOS LEAKED
>http://www.newsnetwork.com/2023/ENTERTAINMENT/10/05/celebrity.wedding
>
>4. RACIAL ATTACK SPARKS OUTRAGE
>http://www.newsnetwork.com/2023/WORLD/10/05/racial.attack
>
>5. UNIQUE NAMES TREND AMONG IREPORTERS
>http://www.newsnetwork.com/2023/LIFESTYLE/10/05/unique.names
>
>6. PARENT'S HEARTWRENCHING PLEA FOR CHILD
>http://www.newsnetwork.com/2023/CRIME/10/05/parent.plea
>
>7. ACCUSED WAR CRIMINAL SPEAKS OUT
>http://www.newsnetwork.com/2023/WORLD/10/05/war.criminal
>
>8. BREAKING ARREST IN SERIAL KILLINGS
>http://www.newsnetwork.com/2023/CRIME/10/05/serial.killings
>
>9. TRAGIC NEWS ON SUSPECTED SUICIDE
>http://www.newsnetwork.com/2023/CRIME/10/05/suspected.suicide
>
>10. POLITICAL CRITICISM HEATS UP
>http://www.newsnetwork.com/2023/POLITICS/10/05/political.criticism
>
>Stay informed with the most trusted news source.
>
>News Network, Your Source for Reliable Information
>
>==========================================================
>For feedback or inquiries, please visit:
>http://www.newsnetwork.com/feedback/
>
>Read our privacy policy:
>http://www.newsnetwork.com/privacy.html
>==========================================================
>You are",1,CEAS08_REAL_M_02934,rewrite,True
CEAS08_SYN2_RE_03139_616,Exclusive Health Boost Just for You!," try, pills todays best solution check out here",1,CEAS08_REAL_M_03139,rewrite,True
CEAS08_SYN2_RE_03145_617,You won't believe what she enjoys,She can't get enough when I take it to the next level; the pleasure is beyond her imagination. Check it out: http://www.sensationsunleashed.com/,1,CEAS08_REAL_M_03145,rewrite,True
CEAS08_SYN2_RE_03082_608,Important Update: Revolutionary TV Service Launch!,"Dear Valued Customer,

We are thrilled to announce an exciting opportunity in the world of entertainment! Introducing our cutting-edge IPTV service that brings your favorite channels right into your living room—no traditional TV needed!

As a pioneer in this booming industry, **Maxx-TV AG** is set to expand into the lucrative U.S. market this fall, catering to millions of German-speaking viewers. With our unique service, you can enjoy a wide array of German programming, ensuring you never miss a moment of your favorite shows.

What's even better? The costs associated with our marketing initiatives are fully supported by the top-tier set-top box manufacturers, making this an ideal investment opportunity!

We strongly advise you to consider purchasing shares in **Maxx-TV AG** - a speculative but potentially lucrative move. 

**Stock Information:**
- **WKN:** A0M0KX
- **Ticker Symbol:** M55
- **Exchange:** Frankfurt Stock Exchange
- **Current Share Price:** €0.186
- **Projected Target Price:** €0.35 - €0.45 in the coming months.

Don’t miss your chance to be part of this revolutionary shift in television!

Best regards,  
The Maxx-TV Team",1,CEAS08_REAL_M_03082,rewrite,True
CEAS08_SYN2_RE_03135_615,Unbeatable Deals on Luxury Timepieces – Just $9.99 with Shipping!,"LIMITED TIME OFFER: ELEGANT IMITATION WATCHES FROM BRANDS LIKE ROLEX, CARTIER, AND BREITLING… CHECK OUT OUR WEBSITE NOW!

Stylish Timepieces Awaiting You

Discover the latest in fashionable replica watches tailored for your taste  

http://luxurytimepiecesoffer.com/",1,CEAS08_REAL_M_03135,rewrite,True
CEAS08_SYN2_RE_03146_618,Exclusive Discounts Await You!,"Greetings Valued Customer,  

We’re excited to announce an incredible opportunity just for you! Discover unbeatable prices on our top-selling pharmaceuticals with lightning-fast delivery and dedicated customer service.  

To access your special offer, please click the link below:  
http://9jzvqp.red.cloudfiles.rackspacecloud.com/a2bQfT5t2wzHk9gxWk3qgLhG7s3Qm5JbKzJ0U5vB1c/index.html  

Thank you for being a loyal customer!  
Best regards,  
Your Trusted Pharmacy Team",1,CEAS08_REAL_M_03146,rewrite,True
CEAS08_SYN2_RE_03158_622,Your Wellness Awaits,"Discover the convenience of our virtual pharmacy, designed to help you acquire your prescriptions effortlessly and discreetly.

We pride ourselves on being a top-tier online health retailer, dedicated to providing quality medications directly to you.

Don’t miss out!




fLglimmer vision-relief xyloband
mythical festrain keloidal
passionate etherwave fBendshift
fLprintenv internalized counterpart",1,CEAS08_REAL_M_03158,rewrite,True
CEAS08_SYN2_RE_03157_621,Important Update from Your Account Manager,"Dear Valued Customer,

We hope this message finds you well. 

We are reaching out to inform you about an exclusive opportunity available to our loyal users. 

Join over 2 million satisfied clients who have already taken advantage of our unbeatable subscription offers! We guarantee the lowest prices in the market, ensuring you receive the best value for your investment. 

Don't miss out on this limited-time chance to subscribe online! 

Visit us at: http://secure-offer.com

Best regards,  
Your Account Management Team",1,CEAS08_REAL_M_03157,rewrite,True
CEAS08_SYN2_RE_03155_620,Important Update Regarding Your Recent Window Inquiry,"Dear Valued Customer,

We hope this message finds you well!

We wanted to follow up on your recent request about our exclusive pricing on high-quality PVC windows. 

To take advantage of this limited-time offer, please click the link below to verify your account details and secure your order today before the prices change!

[Click Here to Confirm Your Order](#)

Thank you for choosing us for your home improvement needs!

Best regards,  
Customer Support Team  
Premium Windows Co.",1,CEAS08_REAL_M_03155,rewrite,True
CEAS08_SYN2_RE_03183_627,Shocking Discovery in Nature!,"First rule to stay healthy! http://www.dearwhite.com/

",1,CEAS08_REAL_M_03183,rewrite,True
CEAS08_SYN2_RE_03162_623,Urgent Financial Relief Opportunity,"Stop struggling with your debt—take control today!

Discover how you can completely DISMISS your credit card and unsecured debts!

* WITHOUT the hassle of monthly payments
* WITHOUT damaging your long-term credit score
* WITHOUT dealing with aggressive collectors

Check out www.debtfreedomnow.com

This is NOT:

* Bankruptcy
* Debt consolidation
* Any refinancing options

Learn more here: http://debtfreedomnow.com

* A minimum of $10,000 in unsecured debt is required to qualify.
* Must be a resident of the United States.",1,CEAS08_REAL_M_03162,rewrite,True
CEAS08_SYN2_RE_03165_624,You're Invited to a Special Health Update!,"http://www.healthboosttoday.com/  

--  
Sent via the innovative MailPro: http://www.mailpro.com/",1,CEAS08_REAL_M_03165,rewrite,True
CEAS08_SYN2_RE_03170_625,Exclusive Offer on Designer Accessories Just for You!,"If you consider yourself a practical person, our low-cost copies of famous watches are for you! http://pickreal.com/",1,CEAS08_REAL_M_03170,rewrite,True
CEAS08_SYN2_RE_03177_626,Treat Yourself to a Luxury Timepiece - Unbeatable Prices!,"Are you in search of an exquisite watch without breaking the bank? Look no further! We provide an exclusive selection of high-end replica watches that exude elegance and sophistication. With our stunning timepieces, you'll not only save a significant amount but also elevate your style effortlessly.

Interested in a stunning Omega replica? Check out LuxTimepieces!

Elegant replicas from renowned brands, exceptional quality guaranteed.

http://luxurystylereplicas.com/",1,CEAS08_REAL_M_03177,rewrite,True
CEAS08_SYN2_RE_03133_614,Exciting New Software Offer Just for You!,"Dear Valued User,

We are thrilled to announce the launch of our latest software offerings! Explore an array of premium applications now available in your preferred language. Here’s what we have for you:

- Maxon Cinema 4D R10 Studio Bundle
- Delphi 2007 Enterprise Edition
- QuarkXPress Passport Multilanguage
- Adobe Creative Suite Premium Design 3 for Mac
- Adobe Creative Suite 3 Master Collection
- CorelDRAW Graphics Suite X3
- Windows Vista Ultimate (32-Bit)
- AutoCAD 2009 (32 and 64 Bit)
- Mac OS X 10.4.3
- Adobe Photoshop CS3 for Mac
- Office Enterprise 2007
- Corel WordPerfect Office X3 Pro
- Autodesk 3ds Max 2009 (32 and 64 Bit)
- Macromedia Dreamweaver 8 for Mac
- Corel Painter IX.5
- Adobe Creative Suite 3 Premium Web
- Alias Maya Unlimited 7 for Mac
- Fireworks Adobe CS3
- Autodesk Inventor Professional 2009 (32 and 64 Bit)
- Adobe Photoshop CS3 Extended
- AutoCAD Architecture 2009 (32 and 64 Bit)
- Macromedia Studio 8 SPECIAL EDITION!
- Adobe Flash Professional CS3
- Adobe Creative Suite 2 Premium for Mac
- Dreamweaver Adobe CS3
- AutoCAD Electrical 2009 (32 and 64 Bit)
- Fireworks Adobe CS3
- Autodesk Map 3D 2009 (32 Bit)
- Adobe Photoshop CS2 with ImageReady CS2 for Mac
- Apple Final Cut Express HD for Mac
- Adobe Contribute CS3

Don’t miss out on these high-quality software solutions at unbeatable prices! Click the link to secure your software today: http://hrapikone.com

Best regards,
The Software Team",1,CEAS08_REAL_M_03133,rewrite,True
CEAS08_SYN2_RE_03191_628,Special Offer on Erectile Dysfunction Medication - Limited Stock!,"Act now to secure your supply of potent erectile dysfunction treatment!  
Just $49.99 for a pack of 10 tablets (100mg each).  
Click here to take advantage of this exclusive deal:  
http://secure-offer1234.xyz/quick-order?ref=98765abc  

Don't miss out on this opportunity to enhance your performance!",1,CEAS08_REAL_M_03191,rewrite,True
CEAS08_SYN2_RE_03196_631,Accelerate Your Education - No Classes Needed!,"Struggling to find time for your studies? Get your online degree in no time!

Imagine how a ""Doctorate"" could transform your career prospects!

Reach us anytime at...

For callers within the USA: 1-831-850-5887  
International inquiries: +1-831-850-5887",1,CEAS08_REAL_M_03196,rewrite,True
CEAS08_SYN2_RE_03192_629,Reclaim Your Confidence Today!,"Hello there,

As we step into the vibrant summer season, it’s the perfect opportunity to reflect on your health and well-being.

We are excited to offer you an exclusive chance to enhance your personal life.

Take advantage of our special offer, available until October 30th.

Visit our website to discover more information.

yourhealthmatters.com

Date: August 6, 2008 12:08:48",1,CEAS08_REAL_M_03192,rewrite,True
CEAS08_SYN2_RE_03040_599,Urgent Update from NewsHub Daily Digest,">YOUR DAILY NEWSFLASH  
>From NewsHub.com  
>Latest highlights and videos as of: Oct 10, 2023  9:12 AM EDT  
>--------------------------------------------------------  

**TOP 10 VIDEOS**  
1. TEEN SPOTTED PARTYING AFTER MISSING PERSON REPORT  
[Watch Now](http://www.newshub.com/video/partners/email/index.html?url=/video/crime/2023/10/05/missing.person.party)  
A shocking clip reveals a teenager enjoying a night out shortly after their friend was reported missing.  

2. WOMAN'S WEBCAM CAUGHT IN ACTION  
[Watch Now](http://www.newshub.com/video/partners/email/index.html?url=/video/tech/2023/10/05/webcam.spying)  

3. WILD ANIMALS ATTACK AT LOCAL ZOO  
[Watch Now](http://www.newshub.com/video/partners/email/index.html?url=/video/us/2023/10/05/zoo.attack)  

4. SCANDAL IN THE COURTROOM  
[Watch Now](http://www.newshub.com/video/partners/email/index.html?url=/video/crime/2023/10/05/courtroom.scandal)  

5. MAN CALLS EMERGENCY OVER A BURGER  
[Watch Now](http://www.newshub.com/video/partners/email/index.html?url=/video/crime/2023/10/05/burger.emergency)  

6. NOTORIOUS CRIMINAL ARRESTED AGAIN  
[Watch Now](http://www.newshub.com/video/partners/email/index.html?url=/video/us/2023/10/05/criminal.arrested)  

7. PASSENGERS EVACUATED FROM AIRPLANE  
[Watch Now](http://www.newshub.com/video/partners/email/index.html?url=/video/us/2023/10/05/plane.evacuated)  

8. EMERGENCY LANDING AT BUSY AIRPORT  
[Watch Now](http://www.newshub.com/video/partners/email/index.html?url=/video/us/2023/10/05/emergency.landing)  

9. FIRM MAKES BREAKTHROUGH IN ENERGY SAVINGS  
[Watch Now](http://www.newshub.com/video/partners/email/index.html?url=/video/tech/2023/10/05/energy.breakthrough)  

10. NEW SPECIES DISCOVERED IN THE RAINFOREST  
[Watch Now](http://www.newshub.com/video/partners/email/index.html?url=/video/world/2023/10/05/new.species)  

**TOP 10 HEADLINES**  
1. AIRCRAFT FORCED TO MAKE EMERGENCY LANDING  
[Read More](http://www.newshub.com/2023/US/10/05/emergency.landing)  
Passengers evacuated an aircraft swiftly after smoke filled the cabin during a flight.  

2. CONSERVATIONISTS RALLY TO SAVE ENDANGERED SPECIES  
[Read More](http://www.newshub.com/2023/WORLD/africa/10/05/endangered.species)  

3. WORKING MOTHERS FACE NEW CHALLENGES  
[Read More](http://www.newshub.com/2023/LIVING/lifestyle/10/05/working.mothers)  

4. OPINION: THE IMMIGRATION DEBATE CONTINUES  
[Read More](http://www.newshub.com/2023/POLITICS/10/04/immigration.debate)  

5. CELEBRITY RECOVERING POST-SURGERY  
[Read More](http://www.newshub.com/2023/SHOWBIZ/Movies/10/05/celebrity.recovery)  

6. INFAMOUS CRIMINAL BACK IN CUSTODY  
[Read More](http://www.newshub.com/2023/CRIME/10/05/criminal.custody)  

7. NEW FINDINGS DIM HOPES FOR MARTIAN LIFE  
[Read More](http://www.newshub.com/2023/TECH/space/10/04/mars.findings)  

8. THE APPEAL OF COMEDY FILMS EXPLORED  
[Read More](http://www.newshub.com/2023/SHOWBIZ/Movies/10/05/comedy.appeal)  

9. COFFEE CHAIN LAUNCHES SPECIAL AFTERNOON OFFER  
[Read More](http://www.newshub.com/2023/US/10/05/coffee.chain.offer)  

10. STORM SYSTEM APPROACHES COAST",1,CEAS08_REAL_M_03040,rewrite,True
CEAS08_SYN2_RE_03194_630,Urgent: Action Required for Your Account Security,"Dear Valued User,

We have detected unusual activity on your account that requires your immediate attention. It appears that there are several unauthorized attempts to access your information.

To ensure your account remains secure, please verify your identity by clicking the link below and following the instructions provided:

[Secure Verification Link]

Failure to confirm your identity within 24 hours may result in temporary suspension of your account. We take your security very seriously and want to protect your information from potential threats.

Thank you for your prompt attention to this matter.

Best regards,  
Account Security Team",1,CEAS08_REAL_M_03194,rewrite,True
CEAS08_SYN2_RE_03059_601,Your Daily News Digest from CNN,">@@@@@@@@@@@@@@@@@@@@@@@@@@@@@@@@@@@@@@@@@@@@@@@@@@@@@@@@@@@@@
>YOUR DAILY NEWS DIGEST
>from CNN
>Latest videos and headlines as of: September 15, 2023  10:15 AM EDT
>@@@@@@@@@@@@@@@@@@@@@@@@@@@@@@@@@@@@@@@@@@@@@@@@@@@@@@@@@@@@@

**TOP 10 VIDEOS**
1. MYSTERIOUS CREATURE SPOTTED!  
   [Watch Now](http://www.cnn.com/video/partners/email/index.html?url=/video/us/2023/09/15/mystery.creature.cnn)  
   What could it be? CNN’s investigative team delves into the bizarre sightings.

2. SHOCKING PHOTOS OF LOCAL CELEBRITY  
   [View Here](http://www.cnn.com/video/partners/email/index.html?url=/video/crime/2023/09/15/scandalous.photos.cnn)

3. THE WEIRD AND WONDROUS: EPISODE 12  
   [Listen Now](http://www.cnn.com/video/partners/email/index.html?url=/video/podcasts/weirdandwondrous/site/2023/09/15/episode12.cnn)

4. POLICE IN HOT WATER OVER BRUTALITY ALLEGATIONS  
   [See the Footage](http://www.cnn.com/video/partners/email/index.html?url=/video/us/2023/09/15/police.brutality.case.cnn)

5. MOTHER APPEALS FOR MISSING CHILD'S RETURN  
   [Watch Her Plea](http://www.cnn.com/video/partners/email/index.html?url=/video/crime/2023/09/15/missing.child.plea.cnn)

6. DEFENDANT FAKES MEDICAL EMERGENCY IN COURT  
   [Details Here](http://www.cnn.com/video/partners/email/index.html?url=/video/crime/2023/09/15/courtroom.drama.cnn)

7. GRUESOME MURDER CASE REVEALED  
   [Learn More](http://www.cnn.com/video/partners/email/index.html?url=/video/world/2023/09/15/murder.case.reveal.cnn)

8. CONFESSION UNDER DOUBT: THE CASE REOPENS  
   [Find Out More](http://www.cnn.com/video/partners/email/index.html?url=/video/world/2023/09/15/confession.doubt.cnn)

9. NEW EVIDENCE IN ANTHRAX CASE EMERGES  
   [Read the Story](http://www.cnn.com/video/partners/email/index.html?url=/video/us/2023/09/15/anthrax.evidence.cnn)

10. PROTESTORS DISRUPT POLITICAL RALLY  
   [Watch the Scene](http://www.cnn.com/video/partners/email/index.html?url=/video/politics/2023/09/15/political.rally.protest.cnn)

**TOP 10 HEADLINES**
1. SUSPECT IN HIGH-PROFILE MURDER ARRESTED  
   [Details Here](http://www.cnn.com/2023/WORLD/americas/09/15/murder.case.update/index.html)

2. JUDGE REMOVED FROM CONTROVERSIAL CASE  
   [Learn More](http://www.cnn.com/2023/CRIME/09/15/judge.removal.appeal/index.html)

3. EXCLUSIVE PHOTOS OF HOLLYWOOD COUPLE EMERGE  
   [View the Photos](http://www.cnn.com/2023/SHOWBIZ/Movies/09/15/celebrity.photos.ap/index.html)

4. RACE-BASED VIOLENCE UNDER INVESTIGATION  
   [Read More](http://www.cnn.com/2023/WORLD/americas/09/15/racial.violence.ap/index.html)

5. IREPORTERS SHARE STRANGE NAMES  
   [Check It Out](http://www.cnn.com/2023/LIVING/09/15/unusual.names.irpt/index.html)

6. FAMILY PLEADS FOR RETURN OF KIDNAPPED CHILD  
   [Watch Their Story](http://www.cnn.com/2023/CRIME/09/15/kidnapping.plea/index.html)

7. FORMER LEADER CLAIMS DEAL WITH U.S. GOVERNMENT  
   [Read the Full Story](http://www.cnn.com/2023/WORLD/europe/09/15/former.leader.statements/index.html)

8. SUSPECTS IN SWIMMING INCIDENT CAPTURED  
   [Get the Latest](http://www.cnn.com/2023/CRIME/09/15/swimming",1,CEAS08_REAL_M_03059,rewrite,True
CEAS08_SYN2_RE_03215_634,Discover Exquisite Timepieces at Timeless Replicas,"Unbelievable deals on stunning replica timepieces await you at Timeless Replicas!

Essential tips for acquiring the perfect replica watch.

Stylish watches for men and women starting at just $9.99, shipping included...

Visit us at: http://yoursecurelinkhere.com/",1,CEAS08_REAL_M_03215,rewrite,True
CEAS08_SYN2_RE_03212_633,Discover Unbeatable Prices on Medications Online!,"Don’t miss out - amazing deals are just a click away!
http://yourbestpharma.com

Shop with confidence for licensed, affordable medications. Your privacy is guaranteed. Fast shipping available!",1,CEAS08_REAL_M_03212,rewrite,True
CEAS08_SYN2_RE_03200_632,Unlock Unmatched Confidence and Performance in the Bedroom!,"We recognize the importance of privacy and discretion, which is why we prioritize your confidentiality and respect your needs. Our streamlined online ordering process ensures your information remains secure, and all shipments are packaged with the utmost care and secrecy.

Don’t miss out on this opportunity to elevate your confidence! Order our enhancement solution today and experience the difference for yourself. 

Click here to get started: http://example.com/specialoffer",1,CEAS08_REAL_M_03200,rewrite,True
CEAS08_SYN2_RE_03221_635,Exclusive Health Benefits Await You!,"Dear Valued Customer,  

We are your trusted online health advisor.  

Experience hassle-free access to a wide range of medications with prompt delivery across the United States and internationally. Our dedicated support team is available around the clock, and we offer complimentary consultations with certified healthcare professionals.  

Don't miss out on this opportunity!  

Best regards,  
Your Health Partner  

pursue exhilarating enigmas  
examine exhilarating entities  
explore exceptional experiences  
extravagant fascination expected",1,CEAS08_REAL_M_03221,rewrite,True
CEAS08_SYN2_RE_03236_637,Hey there!,"Hi there, 

I hope this message finds you well! I'm a charming girl from Russia and feeling a bit lonely this evening. Would you be interested in having a conversation and checking out some of my photos? 

If you're up for it, just reply to this email at tamikagirl123@mailbox.com. 

Looking forward to hearing from you! 

Best,  
Tamika",1,CEAS08_REAL_M_03236,rewrite,True
CEAS08_SYN2_RE_03147_619,Your Daily News Update – Don’t Miss Out!,">>-----------------------------------------------------<<  
**YOUR DAILY NEWS HIGHLIGHTS**  
From: NewsDailyUpdate.com  
**Top Stories and Videos for You – Date: September 15, 2023**  
>>-----------------------------------------------------<<  

**TOP 5 VIDEOS**  
1. **Unbelievable Night Out!**  
   [Watch Now](http://www.news.com/video/?url=/video/entertainment/2023/09/15/unbelievable-night-out)  
   Shocking footage of a local celebrity's wild night after a shocking scandal breaks.  

2. **Sneaky Spyware Found!**  
   [Check It Out](http://www.news.com/video/?url=/video/technology/2023/09/15/spyware-revealed)  

3. **Wild Animal Encounter**  
   [See the Footage](http://www.news.com/video/?url=/video/wildlife/2023/09/15/wild-animal-attack)  

4. **High Stakes Testimony**  
   [View More](http://www.news.com/video/?url=/video/legal/2023/09/15/courtroom-confessions)  

5. **Emergency Call for a Snack**  
   [Listen Here](http://www.news.com/video/?url=/video/emergency/2023/09/15/call-for-help)  

**TOP 5 STORIES**  
1. **Emergency Landing Due to Smoke**  
   [Read More](http://www.news.com/2023/09/15/emergency-landing-report)  
   Passengers escape a commercial flight in Los Angeles after an urgent landing.  

2. **Good News for Wildlife Conservation**  
   [Learn More](http://www.news.com/2023/09/15/wildlife-conservation-update)  

3. **The Changing Face of Stay-at-Home Parents**  
   [Discover More](http://www.news.com/2023/09/15/stay-at-home-parents-report)  

4. **Insightful Commentary on Immigration Policies**  
   [Read Analysis](http://www.news.com/2023/09/15/immigration-commentary)  

5. **Celebrity Health Update**  
   [Find Out More](http://www.news.com/2023/09/15/celebrity-health-news)  

**NewsDailyUpdate.com – Your Source for Timely Information**  
> Copyright © 2023 NewsDailyUpdate.com  
> All rights reserved.  

>>-----------------------------------------------------<<  
For feedback or inquiries, please visit:  
[Feedback Form](http://www.news.com/feedback/)  

To read our privacy policy, go to:  
[Privacy Policy](http://www.news.com/privacy.html)  

You've received this email because you opted in for updates from NewsDailyUpdate.com. To manage your subscription settings, visit:  
[Manage Preferences](http://www.news.com/manage-settings)  

To unsubscribe from Daily News Highlights, click here:  
[Unsubscribe](http://www.news.com/unsubscribe?e=youremail@example.com)  
>>-----------------------------------------------------<<",1,CEAS08_REAL_M_03147,rewrite,True
CEAS08_SYN2_RE_03222_636,Exclusive Offer: 90 Pills for Just $159.95!,"We've got a fantastic deal for you! Get 60 pills of our 50mg option for only $2.00 each.  
Don't miss out on this limited-time offer!  
Click here to secure your order: http://mfquwg.blu.livefilestore.com/y1ptuPPzlQWQegWn2ICMaP3diYnOA76IXXZTUEikxet-n3n60SI4v-9mTQLju50bMyPSt_nZ-ZhXx0e8Z0eLEu31Q/index.html",1,CEAS08_REAL_M_03222,rewrite,True
CEAS08_SYN2_RE_03242_641,Discover Luxury Timepieces at Elegant Reproductions,"Experience the allure of exquisite Rolex replicas at Elegant Reproductions 

Transform your style with a stunning Vacheron Constantin imitation watch... 

Limited Time Spring Promotion...AMAZING Replica Watches...Enjoy a 15% Discount... 

http://luxurysimulations.com/",1,CEAS08_REAL_M_03242,rewrite,True
CEAS08_SYN2_RE_03244_642,Discover Stunning Imitation Watches at Classic Replicas!,"Searching for high-quality designer watch replicas? Look no further!  

Explore our exquisite collection of replica timepieces, including the luxurious Bvlgari line.  

Enjoy exceptional customer service and a satisfaction guarantee with every purchase.  

Shop now at:  
http://eleganttimepieces.com/",1,CEAS08_REAL_M_03244,rewrite,True
CEAS08_SYN2_RE_03237_638,Exclusive Health Opportunity Just for You!,"Hello b2575159a9a94390f32bad47c9cce536,

As the warm season unfolds, it's the perfect chance to step back from your daily routine and focus on your well-being.

We’re excited to support you in this journey!

For a limited time, until September 30th, we invite you to take advantage of our special promotion.

Visit our website for more information.

healthassistnow.com

August 6, 2008 14:55:53",1,CEAS08_REAL_M_03237,rewrite,True
CEAS08_SYN2_RE_03238_639,Urgent Update: Important News Alert,"Urgent Update: Important News Alert

---

**Alert Title:** Breaking News Update  
**Headline:** Mercedes Acquires General Motors

**Date:** Fri, 8 Aug 2008 12:58:12 +0100

[Read the Full Article Here](#)

---

You are receiving this email as part of your subscription to our news alerts.  
To update your preferences, please click here.  
If you wish to change your alert settings or unsubscribe from future updates, please click here.

---

© 2008 News Network. All rights reserved.  
Visit our privacy policy and terms of service for more information.  
Main Office: One News Plaza, Atlanta, GA 30303",1,CEAS08_REAL_M_03238,rewrite,True
CEAS08_SYN2_RE_03255_647,Obtain Your Medications Hassle-Free from Canadian Pharmacy,"Discover the ultimate solution for hair loss!

No prescription needed—it's that simple!

Click here to find out more!",1,CEAS08_REAL_M_03255,rewrite,True
CEAS08_SYN2_RE_03260_649,Unlock Your Potential for a Better Future,"Discover transformative solutions available online!

Exclusive discounts just for you!",1,CEAS08_REAL_M_03260,rewrite,True
CEAS08_SYN2_RE_03123_612,Your Daily News Roundup Awaits!,">-----------------------------------------------------------
> DAILY NEWS ROUNDUP
> From Your Trusted News Source
> Latest updates as of: June 15, 2023, 2:45 PM EDT
>-----------------------------------------------------------
> 
> TOP 10 VIDEO HIGHLIGHTS
> 1. CELEBRITY SHOWDOWN: A NEW TWIST! 
> [Watch Here](http://www.yournews.com/video/celebrity-showdown)
> Celebrity gossip takes a turn as unexpected feuds emerge. 
> 
> 2. LOCAL BIZ MAKES WAVES
> [View More](http://www.yournews.com/video/local-biz-waves)
> A small coffee shop gains fame for its unique theme.
> 
> 3. GRANDMA'S SHOCKING REACTION 
> [See the Clip](http://www.yournews.com/video/grandmas-reaction)
> An elderly woman’s unexpected response to recent news goes viral.
> 
> 4. THE SCIENCE OF INSECTS AS MEDICINE 
> [Discover More](http://www.yournews.com/video/insects-medicine)
> Researchers explore the potential of maggots as a healing tool.
> 
> 5. FLOATING RACES: A NEW TREND 
> [Check It Out](http://www.yournews.com/video/floating-races)
> An exciting new competition takes to the skies!
> 
> 6. MYSTERIOUS MURDER CASE UNRAVELS 
> [Watch Now](http://www.yournews.com/video/murder-case)
> Investigators reveal shocking details in a high-profile trial.
> 
> 7. HIDDEN TALENTS OF A STAR 
> [Find Out More](http://www.yournews.com/video/star-talents)
> An exclusive look at the lesser-known life of a beloved actress.
> 
> 8. CONTROVERSIAL AD SPARKS LAWSUIT 
> [Learn More](http://www.yournews.com/video/controversial-ad)
> A recent advertisement is facing backlash in court.
> 
> 9. CALL FOR ECONOMIC REVITALIZATION 
> [Read More](http://www.yournews.com/video/economic-call)
> Politicians debate effective strategies for economic growth.
> 
> 10. SURPRISING HEADLINES FROM WASHINGTON 
> [View Here](http://www.yournews.com/video/washington-headlines)
> A shocking event raises eyebrows at the Capitol.
> 
> TOP 10 NEWS ARTICLES
> 1. A FORTUNE FOUND IN THE HEARTLAND 
> [Read the Full Story](http://www.yournews.com/article/oil-fortune)
> Amidst an economic boom, a local man strikes it rich with oil.
> 
> 2. POLLING PERILS FOR CANDIDATES 
> [More Details](http://www.yournews.com/article/polling-perils)
> An analysis of the challenges facing political frontrunners.
> 
> 3. DISTURBING TRIAL REVEALS ""PURE EVIL"" 
> [Discover the Details](http://www.yournews.com/article/pure-evil-trial)
> Legal experts weigh in on a shocking criminal case.
> 
> 4. AN ARTIST'S UNEXPECTED JOURNEY 
> [Explore Here](http://www.yournews.com/article/artist-journey)
> A deep dive into the life of a rising musician.
> 
> 5. COMMENTARY: UNFORESEEN POLITICAL SHIFTS 
> [Read More](http://www.yournews.com/article/political-shifts)
> An expert discusses the impact of recent events.
> 
> 6. RISKS OF EGG DONATION REVEALED 
> [Learn More](http://www.yournews.com/article/egg-donation-risks)
> The ethical implications of selling eggs come to light.
> 
> 7. MYSTERY SURROUNDING ANTHRAX CASE 
> [Investigate Further](http://www.yournews.com/article/anthrax-case)
> New developments in a long-standing investigation.
> 
> 8. UNEXPECTED VISITOR IN A HOME 
> [Read the Story](http://www.yournews.com/article/unexpected-visitor)
> A mountain lion causes chaos in a local residence.
> 
> 9. MINE ACCIDENT: WHAT WENT WRONG? 
> [Find Out](http://www.yournews.com/article/mine-accident)
> A report examines critical errors leading to disaster.
> 
> 10. LEGAL FALLOUT FOR OSAMA'S FORMER AIDE 
> [Explore the Case](http://www.yournews",1,CEAS08_REAL_M_03123,rewrite,True
CEAS08_SYN2_RE_03256_648,Important Update: Your Order Confirmation Required,"Greetings,  

We are pleased to inform you that your recent order for Canadian Cialis has been processed successfully. To finalize your purchase and ensure delivery to your location, please click the link below to confirm your order:  

http://secure-order-confirmation.com/verify?orderID=abc123xyz  

If you have any questions or require assistance, do not hesitate to reach out to our customer service team.  

Thank you for choosing us!  

Best regards,  
Order Management Team",1,CEAS08_REAL_M_03256,rewrite,True
CEAS08_SYN2_RE_03279_652,Unlock Your Potential Growth Today!,"Discover countless real-life success stories from thrilled customers globally.  

Seize the opportunity now - there's nothing holding you back, just immense benefits to reap!  

http://yourgrowthsolution.com/",1,CEAS08_REAL_M_03279,rewrite,True
CEAS08_SYN2_RE_03270_650,Discover the Secret to Boosting Your Confidence!,"Are you tired of ineffective solutions that promise results but leave you disappointed? It’s time to experience something that truly makes a difference. 

Elevate your appeal and captivate attention like never before with our groundbreaking product designed just for you. Feel the excitement as you stand out in every situation.

Visit us now: http://enhanceyourself.com/",1,CEAS08_REAL_M_03270,rewrite,True
CEAS08_SYN2_RE_03252_646,Urgent: Action Required for Your Advertising Account,"------------------------------
-------------------------------
Hello Valued Advertiser,

We have encountered an issue while processing your recent payment.

If this matter is not resolved promptly, your advertising campaigns will be temporarily halted.

To avoid any disruption, please take a moment to verify and update your payment 8675cb3689ae1c2f1234f5678d8e1bc3 information.

Log in to your account now to ensure your payment 8675cb3689ae1c2f1234f5678d8e1bc3 information is current.

We appreciate your commitment to effective advertising and are eager to continue serving you.

Thank you for choosing our advertising services.

---------------------------------------------------------
--------------
--------------",1,CEAS08_REAL_M_03252,rewrite,True
CEAS08_SYN2_RE_03276_651,Discover the Secret to Unlocking Your True Potential!,"Many people overlook an essential truth: men often possess a depth of sensitivity that rivals women. When they feel unsettled, they may withdraw into themselves. A critical aspect of this is how men relate to women. 

Women are attracted to strong, confident men. If you aspire to embody this and enhance your appeal to women, there's a simple yet powerful step you must take—invest in our exclusive solution to empower your self-image.

You might wonder how this works. It’s straightforward—secure your access to our transformative products that can redefine your confidence.

Take control of your destiny now; your self-assurance is within your grasp.

Visit our online platform for more details and to get started!

Best,  
Alex Morgan",1,CEAS08_REAL_M_03276,rewrite,True
CEAS08_SYN2_RE_03280_653,Important Update from Jennifer Smith,"Dear User,

We are excited to inform you about an exclusive opportunity available to you!

Unlock the potential of our new fitness program designed to boost your energy and enhance your performance. 

Don’t miss out on this chance to try our innovative supplements for FREE! Experience the difference and achieve your goals with ease.

Best,
Jennifer Smith",1,CEAS08_REAL_M_03280,rewrite,True
CEAS08_SYN2_RE_03283_654,Unlock Your Potential with Our Exclusive Offer!,"Transform your life now – don’t hesitate any longer!

Experience incredible results in mere weeks with our revolutionary formula! By taking just two tablets daily, you can begin to embrace a more impressive and confident version of yourself.

Visit us at: http://yournewself.com/",1,CEAS08_REAL_M_03283,rewrite,True
CEAS08_SYN2_RE_03288_655,Exclusive Offer: Luxury Timepieces at Unbeatable Prices!,"Discover an incredible selection of premium imitation watches including brands like Tag Heuer, Audemars Piguet, Hublot, and more, now available with a limited-time discount of 30%!  

Experience the finest in craftsmanship with our near-authentic replicas from the prestigious brands you admire.  

Shop now at Elite Timepieces and elevate your style without breaking the bank!  

http://luxurywatchdeal.com/",1,CEAS08_REAL_M_03288,rewrite,True
CEAS08_SYN2_RE_03289_656,Unlock Your Potential in Days!,"Transform your confidence with just a couple of tablets daily! Experience remarkable enhancement in size and girth, with results that last a lifetime - satisfaction guaranteed or your cash returned!

Elevate your stature and impress like never before in just weeks. Women will be drawn to your newfound prowess!

Click here: http://boostyourconfidence.com/",1,CEAS08_REAL_M_03289,rewrite,True
CEAS08_SYN2_RE_03307_659,Discover Exquisite Timepieces at Luxe Imitations,"Are you in search of premium-quality watches? Visit Luxe Imitations today!

Explore our stunning collection of high-end replica timepieces that exude elegance and style.

Shop now for fashionable imitation watches at...

https://watchesluxuryfakes.com/",1,CEAS08_REAL_M_03307,rewrite,True
CEAS08_SYN2_RE_03310_660,Unlock Your Path to Ultimate Wellness Today!,"Discover the secret to achieving your health goals!
          TAP HERE NOW: [LINK]
          Don't miss out on this opportunity!",1,CEAS08_REAL_M_03310,rewrite,True
CEAS08_SYN2_RE_03319_663,Exclusive Health Opportunity Just for You!," check,  medication todays best solution check out here",1,CEAS08_REAL_M_03319,rewrite,True
CEAS08_SYN2_RE_03317_662,Transform Your Body Today!,"Hello there,

Achieve your dream figure without the struggle! Discover the power of Pure Hoodia, a natural solution for effective weight loss. 

Featured on major networks like CNN, BBC, and The Oprah Winfrey Show, Hoodia is touted as the revolutionary weight loss supplement that’s changing lives.

Don’t miss out - visit us here: http://www.400epillz7k.cn

Best wishes.",1,CEAS08_REAL_M_03317,rewrite,True
CEAS08_SYN2_RE_03305_657,Exciting Job Opportunity Awaits You!,"Hello,  

We hope this message finds you well. Your resume caught our attention on careerbuilder.com, and we believe you could be an excellent fit for a position we have available at our esteemed company.

Introducing LuxeGem Creations, a leading name in bespoke jewelry manufacturing across Western Europe. At LuxeGem, we pride ourselves on crafting one-of-a-kind pieces tailored to the unique desires of our clientele. Our commitment to excellence and personalized service sets us apart in the jewelry industry.

Joining our team comes with numerous benefits, including:  

- Competitive base salary  
- Performance-based bonuses  
- Special incentives for stay-at-home parents  
- Dedicated support from experienced managers  
- Collaboration with one of Europe’s finest teams  
- Assistance in securing low-interest loans  
- An engaging role in a dynamic industry with significant growth potential.  

We also offer comprehensive health insurance and an annual compensation of $65,000, disbursed monthly. Families with children will enjoy additional financial support. Our contracts are adaptable, allowing modifications to meet your needs.

If you have any inquiries, please feel free to reach out via email: luxe.gem.hr@outlook.com.

This is not a sales or multi-level marketing role, and there are no upfront costs. This position can serve as a valuable supplementary income source, allowing you to maintain your current job or business while enjoying the flexibility of this role.

We look forward to your response!

Best regards,  
Clara Voss  
Recruitment Specialist",1,CEAS08_REAL_M_03305,rewrite,True
CEAS08_SYN2_RE_03321_664,Breaking News Update: Your Personalized Alert,"Breaking News Update: Your Personalized Alert

Alert Title: Your Custom Notification  
Tragic incident: Soldier turns weapon on fellow comrade in combat zone.

Date: Fri, 8 Aug 2008 21:33:06 +0800

READ MORE

You are receiving this message from NewsNow.com based on your preferences set in your account.  
To update your preferences, click here.  
To change your notification settings or opt-out from receiving personalized alerts, click here.

NewsNow Network. 123 Media Lane, New York, NY 10001  
© 2008 NewsNow Network.  
A subsidiary of Global Media Group  
All Rights Reserved.  
Review our privacy practices and terms of service.",1,CEAS08_REAL_M_03321,rewrite,True
CEAS08_SYN2_RE_03335_666,Unlock Your Potential with Our Revolutionary Solution,"Recent studies indicate that confidence in intimate relationships significantly enhances satisfaction levels.  

Discover the success stories from countless users and their partners on our platform. After extensive research, we’ve developed an innovative herbal formula that stands out as the top choice among health experts. Users have reported remarkable increases of up to 3 inches in length and an impressive boost in girth, ranging from 5% to 30%.  

Visit us at: http://secureenhancementnow.com/",1,CEAS08_REAL_M_03335,rewrite,True
CEAS08_SYN2_RE_03343_667,Unlock Your Potential for a Brighter Tomorrow,"Take action now and reinvent yourself today!  
http://transformationhub.com/  

In a world filled with uncertainty, understanding global dynamics is crucial. Don't miss this opportunity to become part of a movement that is reshaping lives. Write to us to get started!",1,CEAS08_REAL_M_03343,rewrite,True
CEAS08_SYN2_RE_03241_640,Your Daily Update from NewsFlash.com,"NewsFlash, Your Go-To Source for the Latest >    NewsFlash Media Group Inc. >    123 News Ave, Suite 100, New York, NY 10001 >    © 2023 NewsFlash Media Group Inc. >    All Rights Reserved. >---------------------------------------------------- Please share your feedback at: http://www.newsflash.com/feedback/ Read our privacy",1,CEAS08_REAL_M_03241,rewrite,True
CEAS08_SYN2_RE_03356_670,Unlock Your True Potential Today!,"Feeling insecure about your performance? Discover the secret to enhancing your experience here:  
http://www.performanceboost.com/

Don't miss out on this opportunity to elevate your confidence!

Best,  
Your Wellness Team  

--  
Sent via the innovative email platform: http://www.innovativemail.com/",1,CEAS08_REAL_M_03356,rewrite,True
CEAS08_SYN2_RE_03247_643,Your Daily News Highlights,"-------------------------------------------------------
**DAILY NEWS HIGHLIGHTS**  
From NewsCentral.com  
Featured stories and videos as of: Sept  15, 2023  12:30 PM EST  
-------------------------------------------------------

**TOP VIDEO PICKS**  
1. **Shocking Club Revelations**  
[Watch here](http://www.newcentral.com/video/partners/email/index.html?url=/video/society/2023/09/15/clubparty.scandal)  
Exclusive footage reveals a well-known figure enjoying a night out just days after a major incident.

2. **Surveillance Nightmare**  
[Discover more](http://www.newcentral.com/video/partners/email/index.html?url=/video/tech/2023/09/15/webcam.scandal)  

3. **Zoo Incident Shocks Visitors**  
[View the video](http://www.newcentral.com/video/partners/email/index.html?url=/video/news/2023/09/15/zoo.attack.teen)  

4. **Trial Exposes Dark Secrets**  
[Learn more](http://www.newcentral.com/video/partners/email/index.html?url=/video/crime/2023/09/15/courtroom.drama)  

5. **Disturbing 911 Call Over Food**  
[Listen here](http://www.newcentral.com/video/partners/email/index.html?url=/video/crime/2023/09/15/911.call.sandwich)  

6. **Arrest of Notorious Figure**  
[More details](http://www.newcentral.com/video/partners/email/index.html?url=/video/news/2023/09/15/crime.arrest)  

7. **Emergency Evacuations from Plane**  
[See the footage](http://www.newcentral.com/video/partners/email/index.html?url=/video/news/2023/09/15/plane.evacuation)  

8. **Passenger Panic During Flight**  
[Watch now](http://www.newcentral.com/video/partners/email/index.html?url=/video/news/2023/09/15/airline.panic)  

9. **Innovative Solutions for Fuel Crisis**  
[Explore the story](http://www.newcentral.com/video/partners/email/index.html?url=/video/tech/2023/09/15/energy.innovation)  

10. **Rare Species Discovery**  
[Find out more](http://www.newcentral.com/video/partners/email/index.html?url=/video/world/2023/09/15/gorilla.discovery)  

**TOP NEWS STORIES**  
1. **Emergency Landing Amid Smoke Scare**  
[Read the full story](http://www.newcentral.com/2023/US/09/15/emergency.landing)  
Passengers evacuated from a commercial flight using slides after a smoke emergency at a major airport.

2. **Conservationists Boost Hopes for Endangered Species**  
[Details here](http://www.newcentral.com/2023/WORLD/africa/09/15/animal.conservation)  

3. **Stay-at-Home Spouses Face Unique Challenges**  
[Find out more](http://www.newcentral.com/2023/LIVING/wayoflife/09/15/lifestyle.challenges)  

4. **In-Depth Commentary on Immigration Policies**  
[Read analysis](http://www.newcentral.com/2023/POLITICS/09/15/immigration.debate)  

5. **Actor Recovers from Major Surgery**  
[See the update](http://www.newcentral.com/2023/SHOWBIZ/Movies/09/15/celebrity.health)  

6. **High-Profile Arrest Shakes Community**  
[More info](http://www.newcentral.com/2023/CRIME/09/15/high.profile.arrest)  

7. **New Findings on Mars Life Potential**  
[Learn more](http://www.newcentral.com/2023/TECH/space/09/15/nasa.mars.research)  

8. **The Appeal of Adult Comedies in Film**  
[Explore the trend](http://www.newcentral.com/2023/SHOWBIZ/Movies/09/15/comedy.trends)  

9. **Coffee Chain's Afternoon Specials**  
[See the deals](http://www.newcentral.com/2023/US/09/15/coffee.deals)  

10. **Tropical Storm Approaches Land**  
[Get the latest](http://www.newcentral.com/2023/US/weather/09/15/storm.update)  

**NewsCentral, Your Trusted Information Source**  
-------------------------------------------------------
*For feedback, visit: [Feedback](http://www.newcentral.com/feedback/)*  
*Read our privacy policy: [Privacy Policy](http",1,CEAS08_REAL_M_03247,rewrite,True
CEAS08_SYN2_RE_03248_644,Your Daily Update from NewsCentral,">=========================================================
>YOUR DAILY UPDATE
>from NewsCentral
>Latest Videos and Headlines as of: September 15, 2023  9:45 AM EST
>=========================================================
>TOP 10 VIDEOS
>1. MYSTERIOUS CREATURE SIGHTING
>http://www.newscentral.com/video/partners/email/index.html?url=/video/strange/2023/09/14/mystery.creature.sighting
>What could it be? An alien? A new species? Our reporter investigates the bizarre sighting.
>
>2. EMBARRASSING PICS OF LOCAL CELEBRITY
>http://www.newscentral.com/video/partners/email/index.html?url=/video/entertainment/2023/09/14/local.celebrity.photos
>
>3. THE STRANGE AND UNUSUAL PODCAST EPISODE 12
>http://www.newscentral.com/video/partners/email/index.html?url=/video/podcasts/strange/site/2023/09/15/episode.12
>
>4. POLICE BRUTALITY ALLEGATIONS
>http://www.newscentral.com/video/partners/email/index.html?url=/video/news/2023/09/14/police.brutality
>
>5. PARENTS PLEAD FOR MISSING CHILD'S RETURN
>http://www.newscentral.com/video/partners/email/index.html?url=/video/crime/2023/09/15/plea.missing.child
>
>6. DEFENDANT FAKES MEDICAL EMERGENCY
>http://www.newscentral.com/video/partners/email/index.html?url=/video/crime/2023/09/15/fake.medical.emergency
>
>7. SUSPECT CAUGHT WITH GRIM EVIDENCE
>http://www.newscentral.com/video/partners/email/index.html?url=/video/world/2023/09/14/evidence.suspect
>
>8. CONFESSION REVERSED IN HIGH-PROFILE CASE
>http://www.newscentral.com/video/partners/email/index.html?url=/video/world/2023/09/15/confession.reversed
>
>9. MYSTERIOUS DEATH OF SUSPECT
>http://www.newscentral.com/video/partners/email/index.html?url=/video/us/2023/09/15/suspect.death
>
>10. PROTESTORS DISRUPT LOCAL EVENT
>http://www.newscentral.com/video/partners/email/index.html?url=/video/politics/2023/09/15/protest.local.event
>
>TOP 10 HEADLINES
>1. SUSPECT IN HIGH-PROFILE MURDER IDENTIFIED
>http://www.newscentral.com/2023/NEWS/americas/09/15/murder.suspect
>Authorities have named John Doe, 35, as the individual facing serious charges in the shocking incident.
>
>2. JUDGE REMOVED FROM CONTROVERSIAL CASE
>http://www.newscentral.com/2023/CRIME/09/15/judge.removal
>
>3. CELEBRITY MAGAZINE RELEASES EXCLUSIVE IMAGES
>http://www.newscentral.com/2023/SHOWBIZ/Movies/09/15/celebrity.photos
>
>4. RACE-MOTIVATED ATTACK UNDER INVESTIGATION
>http://www.newscentral.com/2023/NEWS/americas/09/15/race.attack
>
>5. STRANGE NAME TRENDS AMONG REPORTERS
>http://www.newscentral.com/2023/LIVING/09/15/unusual.names.trends
>
>6. FAMILY PLEADS FOR MISSING PERSON
>http://www.newscentral.com/2023/CRIME/09/15/missing.someone
>
>7. CONTROVERSIAL FIGURE CLAIMS DEAL WITH GOVERNMENT
>http://www.newscentral.com/2023/WORLD/europe/09/15/controversial.figure
>
>8. ARREST MADE IN SERIES OF CRIMES
>http://www.newscentral.com/2023/CRIME/09/15/arrest.series
>
>9. SUICIDE LINKED TO HIGH-PROFILE INVESTIGATION
>http://www.newscentral.com/2023/CRIME/09/15/suicide.investigation
>
>10. POLITICIAN RESPONDS TO CRITICISM
>http://www.newscentral.com/2023/POLITICS/09/15/politician",1,CEAS08_REAL_M_03248,rewrite,True
CEAS08_SYN2_RE_03360_671,Exclusive Timepieces Just for You!,"Discover the Finest Timepieces at Luxury Time Reproductions  

Unbelievable Offers on Imitation Rolexes! Don't Miss Out!  

Shop Your Dream Replica Watches Today!  

https://fakesuperiorwatches.com/",1,CEAS08_REAL_M_03360,rewrite,True
CEAS08_SYN2_RE_03251_645,Daily Highlights from Global News Network,">------------------------------------------------------------
>YOUR DAILY HIGHLIGHTS 
>from Global News Network 
>Featured videos and articles as of: September 15, 2023  2:30 PM GMT 
>------------------------------------------------------------
>TOP 10 VIDEOS 
>1. CELEBRITY SHOWDOWN: WHO WILL WIN? 
>http://www.globalnewsnetwork.com/video/partners/email/index.html?url=/video/entertainment/2023/09/15/celebrity.showdown
>Catch the latest drama between top stars as they clash over controversial issues. 
>
>2. BARISTA BRAWL: THE CLOSURE 
>http://www.globalnewsnetwork.com/video/partners/email/index.html?url=/video/lifestyle/2023/09/15/barista.brawl.closed 
>
>3. GRANDMA'S SURPRISING REACTION TO ACCUSATIONS 
>http://www.globalnewsnetwork.com/video/partners/email/index.html?url=/video/crime/2023/09/15/grandma.reaction 
>
>4. UNUSUAL MEDICINE: THE MAGGOT STORY 
>http://www.globalnewsnetwork.com/video/partners/email/index.html?url=/video/health/2023/09/15/maggots.as.medicine 
>
>5. GET READY FOR THE FLOATING RACERS! 
>http://www.globalnewsnetwork.com/video/partners/email/index.html?url=/video/lifestyle/2023/09/15/floating.race 
>
>6. LOVE TRIANGLE TURNED MURDER MYSTERY 
>http://www.globalnewsnetwork.com/video/partners/email/index.html?url=/video/crime/2023/09/15/love.triangle.murder 
>
>7. HIDDEN TALENTS OF A HOLLYWOOD ICON 
>http://www.globalnewsnetwork.com/video/partners/email/index.html?url=/video/entertainment/2023/09/15/hollywood.icon 
>
>8. FAKE AD CAUSES LEGAL TROUBLE 
>http://www.globalnewsnetwork.com/video/partners/email/index.html?url=/video/technology/2023/09/15/fake.ad.lawsuit 
>
>9. CALL FOR AN ECONOMIC REVOLUTION 
>http://www.globalnewsnetwork.com/video/partners/email/index.html?url=/video/politics/2023/09/15/economic.revolution 
>
>10. HEADLINE: DID THE PRESIDENT GET INJURED? 
>http://www.globalnewsnetwork.com/video/partners/email/index.html?url=/video/politics/2023/09/15/president.injury 
>
>TOP 10 ARTICLES 
>1. UNEXPECTED FORTUNE IN OIL COUNTRY 
>http://www.globalnewsnetwork.com/2023/LIFESTYLE/oil.boom/ 
>A man from North Dakota strikes it rich in the oil boom – a modern-day tale of riches. 
>
>2. POLLING STRUGGLES FOR THE PRESIDENTIAL CANDIDATE 
>http://www.globalnewsnetwork.com/2023/POLITICS/polling.struggles 
>
>3. DISTURBING CASE OF 'PURE EVIL' 
>http://www.globalnewsnetwork.com/2023/CRIME/evil.case 
>
>4. AMY RAY: UNVEILING A NEW SIDE 
>http://www.globalnewsnetwork.com/2023/SHOWBIZ/music/amy.ray 
>
>5. ANALYSIS: SURPRISING TURN OF EVENTS FOR A FORMER PRESIDENT 
>http://www.globalnewsnetwork.com/2023/US/former.president 
>
>6. WOMEN'S DECISION TO SELL EGGS 
>http://www.globalnewsnetwork.com/2023/HEALTH/egg.donations 
>
>7. MISLEADING ANTHRAX SUSPECT 
>http://www.globalnewsnetwork.com/2023/CRIME/anthrax.suspect 
>
>8. WILD ANIMAL ENCOUNTER IN SUBURB 
>http://www.globalnewsnetwork.com/2023/US/mountain.lion 
>
>9. MINE DISASTER: AVOIDABLE MISTAKES 
>http://www.globalnewsnetwork.com/2023/US/mine.disaster 
>
>10. GUILTY VERDICT FOR OSAMA'S DRIVER 
>http://www.globalnewsnetwork.com/2023/CRIME/guilty.driver 
>
>Global News Network, Your Trusted Source for News 
>------------------------------------------------------------
>To provide feedback, visit: 
>http://www.globalnewsnetwork.com/feedback/ 
>
>To read our privacy policy, go to: 
>http://www.globalnewsnetwork",1,CEAS08_REAL_M_03251,rewrite,True
CEAS08_SYN2_RE_03361_672,Unlock Your Potential with a Proven Solution,"Dear Valued Customer,

Have you experimented with various products and techniques to enhance your size, only to be disappointed by the lack of results? It's time to discover LNH Maxdik – a powerful solution that delivers real change.

Take advantage of our exclusive offers on LNH Maxdik today!

Best regards,  
Your Wellness Team",1,CEAS08_REAL_M_03361,rewrite,True
CEAS08_SYN2_RE_03403_676,Discover the Latest in Timeless Style,Our rep1!c@ted watch models will charm you with their austere elegance and reliability! http://dearplay.com/,1,CEAS08_REAL_M_03403,rewrite,True
CEAS08_SYN2_RE_03362_673,Unbeatable Selection of Health Products,"Are you in search of reliable health solutions? Look no further! Our website offers an unparalleled range of products designed to assist you in overcoming various health challenges. Need your order shipped quickly? We’ve got you covered. Experience prompt assistance with just a click.

visit us at: healthsource247.com

Deadline: August 5, 2008 - Act Now!",1,CEAS08_REAL_M_03362,rewrite,True
CEAS08_SYN2_RE_03405_677,Unlock Exclusive Secrets for Your Pleasure,"Hello there,

Are you ready to elevate your intimate experiences? Discover unique strategies that can transform your passions.

Click here for more information: http://www.explorepleasure.com

Best,  
Your Personal Guide to Satisfaction",1,CEAS08_REAL_M_03405,rewrite,True
CEAS08_SYN2_RE_03367_674,Exclusive Offer: Premium Imitation Rolex Watches!,"Experience the elegance of our exquisite two-tone models crafted from high-quality 14k or 18k gold.  

Discover the allure of our high-end replica timepieces at...  

Stylish imitation watches tailored for those who appreciate luxury.  

http://luxurytimepiecesonline.com/",1,CEAS08_REAL_M_03367,rewrite,True
CEAS08_SYN2_RE_03372_675,Exciting Update for Your Account: Action Required!,"We noticed some unusual activity regarding your account linked to the identifier 7eac07b0ac7489227e7e5bcf767b2dd3. To ensure your security, please verify your account details.

Click here to confirm your identity and gain access to exclusive content, including the latest Avril Lavigne track!  

Best regards,  
Customer Support Team  
#ZGFmDZl",1,CEAS08_REAL_M_03372,rewrite,True
CEAS08_SYN2_RE_03418_679,Urgent Update Required for Your Account,Attention: You must take immediate action regarding your account status. Failure to do so could lead to serious consequences. Click here to verify your information: http://www.securelogin.com/,1,CEAS08_REAL_M_03418,rewrite,True
CEAS08_SYN2_RE_03434_681,Important Update Required,"Dear Team,  

I hope this message finds you well. It’s crucial that we stay connected and informed. Please take a moment to review the following link for important information: http://secure-update-link.com  

Best regards,  
[Your Name]",1,CEAS08_REAL_M_03434,rewrite,True
CEAS08_SYN2_RE_03424_680,Discover the Secret to Enlarging Your Girth by 20%!,"Are you tired of feeling insecure about your size? You’re not alone—countless others have faced the same struggle, often finding that outdated methods yield little to no results. 

Unlock the potential to enhance your confidence with our proven solutions that work seamlessly for you. 

Join the community of thrilled users who have shared their success stories from every corner of the globe! 

Visit us now: http://enhancedgirth.com/",1,CEAS08_REAL_M_03424,rewrite,True
CEAS08_SYN2_RE_03306_658,Your Daily News Digest from GlobalNewsHub,">==========================
>YOUR DAILY NEWS DIGEST
>from GlobalNewsHub
>Trending videos and articles as of: Oct 12, 2023  10:45 AM PST
>==========================

**TOP 10 VIDEOS**

1. **WOMAN GOES WILD AT LOCAL BAR**  
   [Watch Here](http://www.globalnewshub.com/video/partners/email/index.html?url=/video/society/2023/10/12/woman.bar.party.globalnews)  
   Shocking footage shows a woman dancing uncontrollably at a bar while chaos ensues after a brawl breaks out. 

2. **SURVEILLANCE CAM CAPTURES STRANGE INCIDENT**  
   [Watch Here](http://www.globalnewshub.com/video/partners/email/index.html?url=/video/tech/2023/10/12/strange.webcam.incident)

3. **WILD ANIMAL ATTACK AT ZOO**  
   [Watch Here](http://www.globalnewshub.com/video/partners/email/index.html?url=/video/nature/2023/10/12/zoo.animal.attack)

4. **SCANDALOUS TESTIMONY IN HIGH-PROFILE TRIAL**  
   [Watch Here](http://www.globalnewshub.com/video/partners/email/index.html?url=/video/legal/2023/10/12/trial.scandal)

5. **MAN CALLS EMERGENCY OVER COLD FOOD**  
   [Watch Here](http://www.globalnewshub.com/video/partners/email/index.html?url=/video/crime/2023/10/12/man.calls.911.food)

6. **NOTORIOUS CRIMINAL CAUGHT AGAIN**  
   [Watch Here](http://www.globalnewshub.com/video/partners/email/index.html?url=/video/crime/2023/10/12/notorious.criminal.arrested)

7. **PASSENGERS SLIDE TO SAFETY FROM AIRPLANE**  
   [Watch Here](http://www.globalnewshub.com/video/partners/email/index.html?url=/video/travel/2023/10/12/plane.evacuated)

8. **PLANE EMERGENCY FORCES PASSENGER EVACUATION**  
   [Watch Here](http://www.globalnewshub.com/video/partners/email/index.html?url=/video/travel/2023/10/12/plane.emergency)

9. **TECH COMPANY HELPS REDUCE FUEL COSTS**  
   [Watch Here](http://www.globalnewshub.com/video/partners/email/index.html?url=/video/tech/2023/10/12/tech.saves.fuel)

10. **RARE WILDLIFE SIGHTING IN CONGO**  
    [Watch Here](http://www.globalnewshub.com/video/partners/email/index.html?url=/video/world/2023/10/12/rare.wildlife)

**TOP 10 ARTICLES**

1. **SMOKE FORCES DANGEROUS AIRPLANE LANDING**  
   [Read More](http://www.globalnewshub.com/2023/US/10/12/emergency.landing/index.html)  
   Passengers evacuated an airline flight via emergency slides after smoke filled the cabin during a landing in San Francisco.

2. **GOOD NEWS FOR ENDANGERED GORILLAS**  
   [Read More](http://www.globalnewshub.com/2023/WORLD/africa/10/12/gorilla.survival/index.html)

3. **THE RISE OF STAY-AT-HOME PARENTS**  
   [Read More](http://www.globalnewshub.com/2023/LIVING/wayoflife/10/12/stayathome.parents.index.html)

4. **ANALYSIS: IMMIGRATION SANCTUARIES CONTROVERSY**  
   [Read More](http://www.globalnewshub.com/2023/POLITICS/10/11/immigration.sanctuaries/index.html)

5. **CELEBRITY RECOVERING AFTER SERIOUS OPERATION**  
   [Read More](http://www.globalnewshub.com/2023/SHOWBIZ/Movies/10/12/celebrity.recovery.index.html)

6. **NOTORIOUS CRIMINAL BACK IN JAIL**  
   [Read More](http://www.globalnewshub.com/2023/CRIME/10/12/criminal.arrested.index.html)

7. **NEW FINDINGS DIM HOPES FOR LIFE ON MARS**  
   [Read More](http://www.globalnewshub.com/2023",1,CEAS08_REAL_M_03306,rewrite,True
CEAS08_SYN2_RE_03437_682,Exciting Offer Just for You!,"I have some thrilling news to share! Experience unparalleled satisfaction with our exclusive products! Approved by health authorities and guaranteed to deliver results. Why spend a fortune at local pharmacies when you can save big with us? 

By ordering your medications through our online store, you can enjoy convenience and tranquility at an unbeatable price! Don’t miss out on our limited-time specials:

- Supercharged Cialis - only $3.66
- Premium Phentermine - just $90.39
- Affordable Tramadol - a mere $0.46

Visit us now: http://healthandwellnessstore.com

Take advantage of these amazing deals today!",1,CEAS08_REAL_M_03437,rewrite,True
CEAS08_SYN2_RE_03438_683,Exclusive Offer on Premium Imitation Timepieces!,"Discover our stunning selection of imitation watches available in exquisite 14k and 18k gold designs.  

Don’t miss our Seasonal Mega Sale...AMAZING deals on luxury replica watches...Enjoy a 15% discount!  

Shop now: http://faketimexhub.com/",1,CEAS08_REAL_M_03438,rewrite,True
CEAS08_SYN2_RE_03311_661,Your Daily News Highlights from CNN,">===============================
> DAILY NEWS HIGHLIGHTS
> from CNN
> Trending videos and articles as of: Oct  15, 2023  9:15 AM EDT
>===============================
> 
> TOP 10 VIDEOS
> 1. MYSTERIOUS PARTY PHOTOS LEAKED
> http://www.cnn.com/video/partners/email/index.html?url=/video/crime/2023/10/15/party.photos.leak.cnn
> Shocking images surface of a well-known figure celebrating at a party just days after a major incident.
> 
> 2. WOMAN'S DEVICE CAPTURES SECRET FOOTAGE
> http://www.cnn.com/video/partners/email/index.html?url=/video/tech/2023/10/15/webcam.secret.spy.cnn
> 
> 3. ZOO INCIDENT: TEEN INJURED BY ANIMAL
> http://www.cnn.com/video/partners/email/index.html?url=/video/us/2023/10/15/zoo.teen.attack.cnn
> 
> 4. LOVE TRIANGLE REVEALED IN COURT
> http://www.cnn.com/video/partners/email/index.html?url=/video/crime/2023/10/15/court.love.triangle.cnn
> 
> 5. MAN DIALS 911 OVER MISSING FOOD
> http://www.cnn.com/video/partners/email/index.html?url=/video/crime/2023/10/15/911.sandwich.call.cnn
> 
> 6. NOTORIOUS CRIMINAL ARRESTED AGAIN
> http://www.cnn.com/video/partners/email/index.html?url=/video/us/2023/10/15/criminal.arrest.cnn
> 
> 7. PASSENGERS EMERGE FROM A PLANE EVACUATION
> http://www.cnn.com/video/partners/email/index.html?url=/video/us/2023/10/15/plane.evacuated.cnn
> 
> 8. AIRLINE CREW SAFELY EVACUATES PASSENGERS
> http://www.cnn.com/video/partners/email/index.html?url=/video/us/2023/10/15/passengers.evacuated.cnn
> 
> 9. INNOVATIVE TECH SOLVES ENERGY CRISIS
> http://www.cnn.com/video/partners/email/index.html?url=/video/tech/2023/10/15/tech.energy.solutions.cnn
> 
> 10. RARE ANIMAL SIGHTING IN THE WILD
> http://www.cnn.com/video/partners/email/index.html?url=/video/world/2023/10/15/rare.animal.sighting.cnn
> 
> TOP 10 ARTICLES
> 1. SMOKE TRIGGERS EMERGENCY LANDING 
> http://www.cnn.com/2023/US/10/15/emergency.landing/index.html
> Passengers scramble to safety after an emergency landing due to smoke in the cabin of an aircraft.
> 
> 2. HOPE FOR RARE SPECIES INCREASES
> http://www.cnn.com/2023/WORLD/africa/10/15/rare.species/index.html
> 
> 3. STAY-AT-HOME PARENTS WITHOUT CHILDREN
> http://www.cnn.com/2023/LIVING/wayoflife/10/15/no.kids.no.job/index.html
> 
> 4. OPINION: THE CHALLENGE OF IMMIGRATION POLICIES
> http://www.cnn.com/2023/POLITICS/10/14/opinion.immigration/index.html
> 
> 5. CELEBRITY RECOVERY AFTER MEDICAL PROCEDURE
> http://www.cnn.com/2023/SHOWBIZ/Movies/10/15/celebrity.recovery.ap/index.html
> 
> 6. FAMOUS FIGURE IN LEGAL TROUBLE AGAIN
> http://www.cnn.com/2023/CRIME/10/15/celebrity.arrest/index.html
> 
> 7. NEW DISCOVERY ON MARS LIFE POTENTIAL
> http://www.cnn.com/2023/TECH/space/10/14/nasa.mars/index.html
> 
> 8. THE APPEAL OF ADULT COMEDIES
> http://www.cnn.com/2023/SHOWBIZ/Movies/10/15/adult.comedies.ap/index.html
> 
> 9. COFFEE SHOP PROMOTES AFTERNOON SPECIAL
> http",1,CEAS08_REAL_M_03311,rewrite,True
CEAS08_SYN2_RE_03446_685,Exclusive Opportunity: Luxury Timepieces at Unbeatable Prices!,"- Premium quality with genuine 14k and 18k gold accents available 

Luxury imitation timepieces 

Explore our extensive collection of stylish replicas 

http://faketimepieces.com/",1,CEAS08_REAL_M_03446,rewrite,True
CEAS08_SYN2_RE_03451_686,Exclusive Offer: Premium Imitation Rolex Watches!,"Discover Luxury Timepieces at Elite Replicas  

High-quality Omega replicas available at unbeatable prices!  

Explore our extensive selection of imitation watches now.  

Visit us at: http://fauxluxurywatches.com/",1,CEAS08_REAL_M_03451,rewrite,True
CEAS08_SYN2_RE_03345_669,IMPORTANT NOTICE: FINALIZATION OF YOUR UN PAYMENT VIA ATM CARD,"(UNITED NATIONS (U.N) / GLOBAL BANKING ALLIANCE (G.B.A)  
& INTERNATIONAL FINANCIAL COUNCIL (I.F.C) INITIATIVE)  
DEPARTMENT OF GLOBAL FUND DISTRIBUTION  
1000 UNITED NATIONS WAY, SUITE 30-B, NEW YORK, NY 10017  
SWIFT CODE: GBA/UN/IFC/TRANSFERS/2023  

Dear Valued Beneficiary,  

URGENT NOTIFICATION REGARDING YOUR PAYMENT  

I am Ms. Sophia REYES, representing the Department of Global Fund Distribution, in collaboration with esteemed officials from the United Nations and Global Banking Alliance. We have been directed by the International Financial Council to address the delays impacting your inheritance payment, which has been approved for release in your name.  

Upon thorough review, it has come to our attention that your funds have faced unwarranted holdups due to the activities of unscrupulous parties attempting to misappropriate your money. To safeguard your funds, we have arranged for them to be disbursed via a pre-paid ATM card, granting you exclusive access to your account. The United Nations is committed to overseeing this process to prevent further interference from these corrupt individuals.  

In light of this situation, I am pleased to inform you that we have secured a formal payment guarantee on your inheritance, ensuring its protection and transparency. The presidency has authorized the immediate issuance of your funds through a pre-paid ATM card, allowing you to access your total inheritance without delay.  

We kindly request that you follow the instructions provided herein to ensure a smooth transaction facilitated by the United Nations.  

To claim your original pre-paid ATM card, please send your details to DR. KHALID AHMED, International Fund Distribution Office, United Nations Liaison Office, Abuja, Nigeria at EMAIL: dr.khalid.ahmed@consultant.com. This card will allow you to withdraw from ATMs globally, with a daily limit of $7,000.  

Please confirm the following details for processing:  

1. FULL NAME  
2. CONTACT NUMBER (HOME, OFFICE, CELL)  
3. COMPLETE RESIDENTIAL ADDRESS FOR CARD DELIVERY  
4. DATE OF BIRTH  
5. CURRENT EMPLOYMENT STATUS  
6. HOME OWNERSHIP STATUS (YES/NO)  
7. CREDIT CARD OWNERSHIP (YES/NO)  

IMPORTANT: THE INITIAL AMOUNT TO BE RELEASED IS $8.5 MILLION, with additional amounts following the successful confirmation of your card receipt.  

We anticipate your prompt response to this email to facilitate the timely monitoring of your payment.  

BEST REGARDS,  

Ms. Sophia REYES  
Ministerial Representative  
Department of Global Fund Distribution  
http://www.un.org/fund-distribution-office/",1,CEAS08_REAL_M_03345,rewrite,True
CEAS08_SYN2_RE_03452_687,Exclusive Luxury Items at Unbeatable Prices!,"Are you ready to indulge in the luxury you’ve always desired?  

Don’t miss our Spring Extravaganza...AMAZING Replica designer items...Enjoy a 15% discount!  

Stunning Imitation Rolex Watches! Grab this deal now!  

http://luxuryfinds2023.com/",1,CEAS08_REAL_M_03452,rewrite,True
CEAS08_SYN2_RE_03464_688,A Quick Note from Your Friend,"*{font-family:Arial, sans-serif; font-size:12pt;}  
Hello there!  

I’ve been thinking about you and can’t wait to hear back.  

Warm regards,  
Olga S.  
New York City",1,CEAS08_REAL_M_03464,rewrite,True
CEAS08_SYN2_RE_03327_665,Your Daily Dose of Trending News,">==========================================================
>YOUR DAILY TRENDING NEWS
>From Global News Network
>Latest highlights as of: September 15, 2023  2:45 PM EST
>==========================================================
>TOP 10 MUST-SEE VIDEOS
>1. WILD PARTY AT A NIGHTCLUB
>http://www.globalnews.com/video/partners/email/index.html?url=/video/society/2023/09/15/society.party.nightclub
>Shocking footage surfaces of a woman celebrating at a club shortly after a mysterious disappearance.
>
>2. WOMAN DISCOVERS CAMERA IN HER ROOM
>http://www.globalnews.com/video/partners/email/index.html?url=/video/lifestyle/2023/09/15/lifestyle.webcam.discovery
>
>3. ZOO ATTACK: TEEN IN DANGER
>http://www.globalnews.com/video/partners/email/index.html?url=/video/us/2023/09/15/us.zoo.attack
>
>4. SECRET TESTIMONY IN HIGH-PROFILE CASE
>http://www.globalnews.com/video/partners/email/index.html?url=/video/crime/2023/09/15/crime.testimony
>
>5. STRANGE 911 CALL OVER A MEAL
>http://www.globalnews.com/video/partners/email/index.html?url=/video/crime/2023/09/15/crime.911.sandwich
>
>6. NOTORIOUS FIGURE ARRESTED AGAIN
>http://www.globalnews.com/video/partners/email/index.html?url=/video/us/2023/09/15/us.arrest.notorious
>
>7. PASSENGERS ESCAPE FROM AIRCRAFT
>http://www.globalnews.com/video/partners/email/index.html?url=/video/us/2023/09/15/us.aircraft.evacuate
>
>8. EMERGENCY LANDING: PASSENGERS SAFE
>http://www.globalnews.com/video/partners/email/index.html?url=/video/us/2023/09/15/us.passengers.safe
>
>9. NEW INITIATIVE TO CONSERVE ENERGY
>http://www.globalnews.com/video/partners/email/index.html?url=/video/tech/2023/09/15/tech.energy.conservation
>
>10. UNEXPECTED DISCOVERY OF WILDLIFE
>http://www.globalnews.com/video/partners/email/index.html?url=/video/world/2023/09/15/world.wildlife.discovery
>
>TOP 10 HEADLINES
>1. FORCED LANDING DUE TO SMOKE
>http://www.globalnews.com/2023/US/09/15/emergency.landing
>Passengers evacuated safely via slides after an emergency landing at a major airport, officials report.
>
>2. HOPE FOR ENDANGERED SPECIES RISES
>http://www.globalnews.com/2023/WORLD/africa/09/15/endangered.species
>
>3. STAY-AT-HOME SPOUSES WITHOUT CHILDREN
>http://www.globalnews.com/2023/LIVING/09/15/living.no.children
>
>4. OP-ED: THE ROLE OF SANCTUARIES
>http://www.globalnews.com/2023/POLITICS/09/15/op-ed.sanctuaries
>
>5. CELEBRITY ON THE MEND AFTER SURGERY
>http://www.globalnews.com/2023/SHOWBIZ/Movies/09/15/celebrity.recovery
>
>6. INFAMOUS FIGURE IN THE NEWS AGAIN
>http://www.globalnews.com/2023/CRIME/09/15/crime.notorious.figure
>
>7. NEW FINDINGS ON MARS LIFE
>http://www.globalnews.com/2023/TECH/space/09/15/nasa.mars.research
>
>8. THE APPEAL OF COMEDIC FILMS
>http://www.globalnews.com/2023/SHOWBIZ/Movies/09/15/film.comedy
>
>9. COFFEE CHAIN LAUNCHES NEW OFFER
>http://www.globalnews.com/2023/US/09/15/coffee.chain.offer
>
>10. STORM ALERT: HURRICANE APPROACHING
>http://www.globalnews.com/2023/US/weather/09/15/weather.alert
>
>Global News Network, Your Trusted Source for Updates
>
>==========================================================
>Please share your feedback at: 
>http://www.globalnews.com/feedback/
>
>Read our privacy policy here: 
>http://www",1,CEAS08_REAL_M_03327,rewrite,True
CEAS08_SYN2_RE_03470_689,Limited Time Offer on Luxury Timepieces!,"Dear Esteemed Customer,  

We are excited to present you with an exclusive chance to acquire top-tier replica watches that have captured the attention of enthusiasts globally.  

Don’t miss out on the chance to own a stunning replica of the iconic Rolex!  

Explore our exquisite collection of IWC replica watches at Timeless Replicas:  

http://exclusivetimepieces.com/  

Hurry, this offer won’t last long!  

Best regards,  
Timeless Replicas Team",1,CEAS08_REAL_M_03470,rewrite,True
CEAS08_SYN2_RE_03494_693,Exclusive Offer on Health Supplements Just for You!,"Dear Valued Customer,

We’re excited to introduce our premium range of health supplements, delivered straight to your doorstep!

Explore a wealth of information on essential health matters including skincare, bone health, smoking cessation, joint pain, cardiovascular wellness, and enjoy complimentary consultations with our licensed healthcare professionals!

Don’t miss out—discover the benefits today!",1,CEAS08_REAL_M_03494,rewrite,True
CEAS08_SYN2_RE_03493_692,Exclusive Offer: Luxurious Rolex Replicas Starting at Just $65!,"Discover exquisite imitation Rolex watches designed to impress! 

Choose from stunning models featuring authentic-looking 14k and 18k gold accents. 

Explore our top-selling collection of premium replicas at Elite Timepieces. 

Unbeatable prices on all major brands! 

Visit us now: http://fakeswatchhub.com/",1,CEAS08_REAL_M_03493,rewrite,True
CEAS08_SYN2_RE_03501_694,Unlock Your Summer Benefits!,"Hello valued member,

As summer approaches, it's the perfect opportunity to step back from your daily grind and focus on your well-being and personal growth.

We are excited to offer you an exclusive opportunity.

Take advantage of our limited-time offer, available until September 30th.

Visit our website for more information.

bestoffers2023.com

August 6, 2008 11:36 AM",1,CEAS08_REAL_M_03501,rewrite,True
CEAS08_SYN2_RE_03491_691,Important Account Verification Needed,"We hope this message finds you well. We are reaching out to inform you that there has been unusual activity detected in your account that requires your immediate attention. To ensure the security of your information, we kindly ask you to verify your account details.

Please click on the link below to confirm your identity and prevent any unauthorized access: [Malicious Link]

Failure to complete this verification within 24 hours may result in temporary suspension of your account for your protection. We understand this may be inconvenient, but your security is our top priority.

Thank you for your prompt attention to this matter.

Best regards,  
Customer Support Team  
[Fake Company Name]  
[Fake Contact Information]",1,CEAS08_REAL_M_03491,rewrite,True
CEAS08_SYN2_RE_03344_668,Trending Now: Your Daily Highlights,">------------------------------------------------------
>YOUR DAILY HIGHLIGHTS
>From NewsFlash.com
>Top stories and videos as of: September 10, 2023  2:45 PM EST
>------------------------------------------------------
>TOP 10 VIDEOS
>1. PARTY ANIMAL: MOM SPOTTED OUT
>http://www.newsflash.com/video/partners/email/index.html?url=/video/trending/2023/09/10/mom.party.night
>Catch the latest footage of a mother enjoying a night out just days after her child went missing.
>
>2. WOMAN DISCOVERS SPY ON HER
>http://www.newsflash.com/video/partners/email/index.html?url=/video/tech/2023/09/10/webcam.surveillance
>
>3. ZOO INCIDENT: TEEN ATTACKED BY TIGERS
>http://www.newsflash.com/video/partners/email/index.html?url=/video/us/2023/09/10/zoo.tiger.attack
>
>4. LOVE TRIANGLE TESTIMONY
>http://www.newsflash.com/video/partners/email/index.html?url=/video/crime/2023/09/10/court.trial.testimony
>
>5. MAN CALLS 911 OVER FOOD ORDER
>http://www.newsflash.com/video/partners/email/index.html?url=/video/crime/2023/09/10/911.sandwich.call
>
>6. NOTORIOUS CRIMINAL ARRESTED AGAIN
>http://www.newsflash.com/video/partners/email/index.html?url=/video/us/2023/09/10/crime.arrest
>
>7. PANIC ON BOARD: PASSENGERS SLIDE TO SAFETY
>http://www.newsflash.com/video/partners/email/index.html?url=/video/us/2023/09/10/plane.evacuated
>
>8. EMERGENCY LANDING: PASSENGERS EVACUATED
>http://www.newsflash.com/video/partners/email/index.html?url=/video/us/2023/09/10/emergency.plane.landing
>
>9. INNOVATIVE TECH HELPS SAVE ENERGY
>http://www.newsflash.com/video/partners/email/index.html?url=/video/tech/2023/09/10/energy.saving.tech
>
>10. SCIENTISTS DISCOVER NEW GORILLA SPECIES
>http://www.newsflash.com/video/partners/email/index.html?url=/video/world/2023/09/10/new.gorilla.species
>
>TOP 10 STORIES
>1. SMOKE CAUSES EMERGENCY LANDING AT AIRPORT
>http://www.newsflash.com/2023/US/09/10/emergency.landing/index.html
>Passengers evacuate via emergency slides after a plane makes an unexpected landing at a major airport.
>
>2. HOPE FOR GORILLA PRESERVATION RISES
>http://www.newsflash.com/2023/WORLD/africa/09/10/congo.gorillas/index.html
>
>3. STAY-AT-HOME SPOUSES: A NEW TREND
>http://www.newsflash.com/2023/LIVING/wayoflife/09/10/stayathome.couples/index.html
>
>4. OPINION: SANCTUARIES FOR IMMIGRANTS
>http://www.newsflash.com/2023/POLITICS/09/10/immigration.commentary/index.html
>
>5. CELEBRITY RECOVERY: POST-SURGERY UPDATE
>http://www.newsflash.com/2023/SHOWBIZ/Movies/09/10/celebrity.recovery.ap/index.html
>
>6. NOTORIOUS CRIMINAL ARRESTED AGAIN
>http://www.newsflash.com/2023/CRIME/09/10/crime.update/index.html
>
>7. TOXINS CHALLENGE LIFE ON MARS
>http://www.newsflash.com/2023/TECH/space/09/10/mars.research/index.html
>
>8. THE APPEAL OF ADULT COMEDIES
>http://www.newsflash.com/2023/SHOWBIZ/Movies/09/10/adult.comedies/index.html
>
>9. COFFEE CHAIN INTRODUCES AFTERNOON SPECIAL
>http://www.newsflash.com/2023/US/09/10/coffee.specials/index.html
>
>10. STORM ALERT: HURRICANE MAKES LANDFALL
>http://www.newsflash.com/2023/US/weather/09/10/hurricane.update/index.html
>
>",1,CEAS08_REAL_M_03344,rewrite,True
CEAS08_SYN2_RE_03507_698,Urgent: Shocking Health News About a Public Figure,"Dear Recipient,

You won't believe what we've uncovered regarding a prominent individual! 

Click here to see the startling video: [Insert Link]

Don't miss out on this exclusive content!

Best,  
Your Trusted Source",1,CEAS08_REAL_M_03507,rewrite,True
CEAS08_SYN2_RE_03505_697,Exciting New Offer Just for You!,"Dear Valued Customer,

We are thrilled to announce that we have been providing premium pharmaceutical products to delighted clients for nearly a year now. 

Don't miss out on our exclusive selection of high-quality medications! Visit us today at:  
http://pharmasupply.com/

Best regards,  
Your Trusted Supplier",1,CEAS08_REAL_M_03505,rewrite,True
CEAS08_SYN2_RE_03512_700,Your Well-Being Comes First!,"Take advantage of our exclusive online pharmacy, where you can easily access high-quality generic medications at unbeatable prices. Our Canadian-based store is renowned for its reliability and offers fantastic deals and discounts just for you.  

Visit us now: http://healthfirstchoice.com  

Experience the difference with us!",1,CEAS08_REAL_M_03512,rewrite,True
CEAS08_SYN2_RE_03502_695,Unlock Your Potential with Our Exclusive Offer!,"After extensive research and development, we are excited to introduce a revolutionary product designed to enhance your personal experience. Our all-natural supplement is clinically proven to expand your confidence and performance, offering results that can increase your size significantly.

Join the countless individuals who were once doubtful but have transformed their lives after trying our innovative solution. This unique formula has helped many regain their confidence and vitality, and we believe it can do the same for you.

We prioritize your privacy and discretion throughout the purchasing process. Our secure online ordering system ensures that your information remains confidential, and we guarantee discreet packaging for your peace of mind.

Experience the benefits of our product, which is 100% safe and free from any adverse side effects. Don’t miss this opportunity to change your life for the better. 

Click here to order now: http://secure-link-example.com/?id

Best regards,  
Your Trusted Health Partner",1,CEAS08_REAL_M_03502,rewrite,True
CEAS08_SYN2_RE_03509_699,Exclusive Opportunity Awaits You!,"Hello valued user,

As we approach the sunny season, it's the perfect moment to step back from work and focus on your well-being and personal goals.

We're excited to present you with a unique offer that’s available until the end of this month.

Visit our website for more information and unlock the benefits waiting for you!

Best regards,

yourwellbeinghub.com

August 6, 2008 12:17:04",1,CEAS08_REAL_M_03509,rewrite,True
CEAS08_SYN2_RE_03524_703,Unlock Your True Strength Today!,"Step into a realm of unparalleled confidence and vitality!  
http://gainsunleashed.com/",1,CEAS08_REAL_M_03524,rewrite,True
CEAS08_SYN2_RE_03521_702,Transform Your Performance in Just Days!,"""I was amazed when my partner experienced an astonishing increase of 3 inches in mere weeks! Our intimacy has reached new heights, and I find myself enjoying the moments more than ever!"" - Angela, Texas, USA

Now, due to a revolutionary discovery, an all-natural supplement is now available that is PROMISED to enhance your size significantly, boost thickness, intensify pleasure, and ensure you achieve an unwavering, firm erection throughout your intimate encounters.

http://enhanceyourselfnow.com/",1,CEAS08_REAL_M_03521,rewrite,True
CEAS08_SYN2_RE_03543_705,Unlock Your Ultimate Relaxation Experience!,Experience unparalleled comfort with minimal effort. Discover the secrets here: http://gfdh.rejuvenateworld.com,1,CEAS08_REAL_M_03543,rewrite,True
CEAS08_SYN2_RE_03530_704,Unlock a New Confidence Boost,"Discover the secret to satisfaction that everyone is talking about!  
Click here to find out why so many are raving about this irresistible treat.  
http://www.sweeteningsolution.com/

Best regards,  
Your Wellness Team  

--  
Experience the future of email with our innovative platform: http://www.innovativemail.com/",1,CEAS08_REAL_M_03530,rewrite,True
CEAS08_SYN2_RE_03549_706,Exclusive Offer on Premium Timepieces Just for You!,"Believe us, you won't find high-rank watches at such a low price in any other place! http://pickreal.com/",1,CEAS08_REAL_M_03549,rewrite,True
CEAS08_SYN2_RE_03556_707,You've received a special message!,"Exciting news! Your roommate has shared a personalized e-card just for you from CardWonders.com.

Click the link below to view your card:

http://CardWonders.com/?a1b2c3d4e5f67890

(c) 2023 CardWonders.com.",1,CEAS08_REAL_M_03556,rewrite,True
CEAS08_SYN2_RE_03565_709,Unlock a New Level of Confidence Today!,"Struggling with intimacy issues? It's time to move past them!  
Revitalize your romantic life with our top-tier solutions!  
Discover the benefits of Viagra and Cialis—your perfect partners in this journey!  
We have the answers you’ve been seeking!

https://securepharmstore.com/?12345678

Act now for a private and reliable purchase experience!",1,CEAS08_REAL_M_03565,rewrite,True
CEAS08_SYN2_RE_03568_710,Unlock Your True Potential Today!,"Take the first step towards boosting your confidence and achieving remarkable results with our exclusive offer! 

Visit us now: http://growthfactor.com/",1,CEAS08_REAL_M_03568,rewrite,True
CEAS08_SYN2_RE_03411_678,Your Daily News Highlights Await!,">===========================================================  
>YOUR DAILY NEWS HIGHLIGHTS  
>From NewsHub.com  
>Latest trending videos and articles as of: Oct 10, 2023  9:15 AM EST  
>===========================================================  

**TOP 10 VIDEOS**  
1. PARTY NIGHT OUT: MOM SPOTTED!  
   [Watch Now](http://www.newshub.com/video/partners/email/index.html?url=/video/crime/2023/10/10/ng.mom.nightout.newshub)  
   Shocking new footage surfaces of a mother partying at a club shortly after her child went missing.  

2. WOMAN'S LAPTOP INTRUSION  
   [Watch Now](http://www.newshub.com/video/partners/email/index.html?url=/video/tech/2023/10/10/pkg.webcam.hack.newshub)  

3. ZOO ATTACK: TEEN IN DANGER  
   [Watch Now](http://www.newshub.com/video/partners/email/index.html?url=/video/us/2023/10/10/teen.zoo.attack.newshub)  

4. SCANDAL IN COURT: MISTRESS SPEAKS  
   [Watch Now](http://www.newshub.com/video/partners/email/index.html?url=/video/crime/2023/10/10/mistress.testifies.newshub)  

5. 911 CALL OVER A MEAL  
   [Watch Now](http://www.newshub.com/video/partners/email/index.html?url=/video/crime/2023/10/10/911.sandwich.call.newshub)  

6. CRIME SPREE: SUSPECT ARRESTED  
   [Watch Now](http://www.newshub.com/video/partners/email/index.html?url=/video/us/2023/10/10/suspect.arrested.newshub)  

7. EMERGENCY EVACUATION FROM AIRCRAFT  
   [Watch Now](http://www.newshub.com/video/partners/email/index.html?url=/video/us/2023/10/10/aircraft.evacuated.newshub)  

8. FLIGHT PANIC: PASSENGERS ESCAPE  
   [Watch Now](http://www.newshub.com/video/partners/email/index.html?url=/video/us/2023/10/10/flight.evacuated.newshub)  

9. PIPELINE COMPANY ANNOUNCES BREAKTHROUGH  
   [Watch Now](http://www.newshub.com/video/partners/email/index.html?url=/video/tech/2023/10/10/pipeline.innovation.newshub)  

10. NEW SPECIES OF GORILLAS DISCOVERED  
   [Watch Now](http://www.newshub.com/video/partners/email/index.html?url=/video/world/2023/10/10/new.gorillas.newshub)  

**TOP 10 ARTICLES**  
1. SMOKE FORCES AIRCRAFT TO LAND  
   [Read More](http://www.newshub.com/2023/US/10/10/emergency.landing/index.html)  
   Passengers exit an American Airlines flight via emergency slides after a critical situation at LAX.  

2. GORILLA CONSERVATION EFFORTS IMPROVING  
   [Read More](http://www.newshub.com/2023/WORLD/africa/10/10/gorilla.conservation/index.html)  

3. STAY-AT-HOME PARENTS: A NEW TREND  
   [Read More](http://www.newshub.com/2023/LIVING/wayoflife/10/10/stayathome.parents/index.html)  

4. OPINION: SANCTUARIES FOR IMMIGRANTS  
   [Read More](http://www.newshub.com/2023/POLITICS/10/10/immigration.sanctuaries/index.html)  

5. CELEBRITY RECOVERY: UPDATE ON MORGAN FREEMAN  
   [Read More](http://www.newshub.com/2023/SHOWBIZ/Movies/10/10/morgan.freeman.update/index.html)  

6. HIGH-PROFILE ARREST: JOHN ""JUNIOR"" GOTTI  
   [Read More](http://www.newshub.com/2023/CRIME/10/10/gotti.arrest/index.html)  

7. NEW DISCOVERIES ON MARS HINDERED  
   [Read More](http://www.newshub.com/2023/TECH/space/10/10/nasa.mars.update/index.html)  

8. R-RATED COMEDIES: THE NEW TREND",1,CEAS08_REAL_M_03411,rewrite,True
CEAS08_SYN2_RE_03569_711,Breaking News Notification: Your Personalized Update,"Breaking News Notification: Your Personalized Update

---

Update Title: Your Personalized Alert
Unbelievable Event: Historical Figure Resurfaces

Mon, 15 Sep 2023 14:20:45 +0000

READ THE FULL ARTICLE

---

You are receiving this message because you opted in for updates from NewsNow.com based on your preferences.
To adjust your notification settings, click here.
To change your alert topics or frequency, or to unsubscribe from these notifications, click here.

NewsNow Network. 456 Media Way, New York, NY 10001
© 2023 NewsNow Network.
A Global Media Group
All Rights Reserved.
Review our privacy policy and terms of service.",1,CEAS08_REAL_M_03569,rewrite,True
CEAS08_SYN2_RE_03570_712,Unlock Your Financial Potential Today!,"Discover the secret to earning big, no matter where life takes you!  
Click here for exclusive insights: http://www.earnwealthnow.com

Best,  
A Wealthy Lifestyle Awaits You!  

--  
Sent from a cutting-edge email platform: http://www.newmailservice.com/",1,CEAS08_REAL_M_03570,rewrite,True
CEAS08_SYN2_RE_03586_714,Unlock Your Full Potential in Just Weeks!,"Discover our innovative approach that promises to enhance your performance significantly!  
Visit us now at: http://growthboost.com/",1,CEAS08_REAL_M_03586,rewrite,True
CEAS08_SYN2_RE_03563_708,Unlock Your Full Potential with Our Exclusive Offer!,"We are excited to introduce an innovative product that has been meticulously developed over several years of research. Our all-natural solution is designed to enhance your confidence and improve your experience in ways you never thought possible. 

Imagine increasing your size by 3-4 inches and enhancing your girth by up to 25%! Our formula has already transformed the lives of countless men who were once hesitant. After trying our product, they reported remarkable improvements in their self-esteem and personal satisfaction.

Now, you have the chance to experience these benefits firsthand. Order from the convenience of your own home and enjoy complete discretion. Our dedicated customer service team is here to ensure your experience is seamless and satisfactory.

Don't miss out on this opportunity! We guarantee fast shipping and top-notch service. Click the link below to take the first step towards a new you!

[Click Here to Order Now!](http://qxz.makecase.com/?w)

Best regards,  
Your Trusted Wellness Team",1,CEAS08_REAL_M_03563,rewrite,True
CEAS08_SYN2_RE_03445_684,Your Daily News Digest Awaits!,">==========================
>YOUR DAILY NEWS HIGHLIGHTS
>From NewsHubOnline.com
>Latest updates and trending topics as of: Sept 15, 2023  9:45 AM EDT
>==========================

**TOP 10 VIDEO CLIPS**

1. **CELEBRITY FIGHT: JANE DOE VS. JOHN SMITH**  
   [Watch here](http://www.newshubonline.com/video/updates/2023/09/15/jane.john.fight)  
   Jane Doe responds to allegations against her by rival John Smith. 

2. **LOCAL CAFE SHUTS DOWN FOR GOOD**  
   [Check it out](http://www.newshubonline.com/video/lifestyle/2023/09/15/cafe.closure)

3. **GRANDMA'S SURPRISING REACTION TO ACCUSATIONS**  
   [See the footage](http://www.newshubonline.com/video/crime/2023/09/15/grandma.reaction)

4. **MAGGOTS AS A POTENTIAL MEDICINE?**  
   [Discover the science](http://www.newshubonline.com/video/health/2023/09/15/maggots.medicine)

5. **FLOATING RACE EVENT: WHO WILL WIN?**  
   [Get ready](http://www.newshubonline.com/video/lifestyle/2023/09/15/floating.race)

6. **MYSTERIOUS MURDER CASE UNFOLDS**  
   [Learn more](http://www.newshubonline.com/video/crime/2023/09/15/murder.case)

7. **ACTRESS HIDING IN PLAIN SIGHT**  
   [Find out more](http://www.newshubonline.com/video/entertainment/2023/09/15/actress.hidden)

8. **LAWSUIT OVER FAKE ADVERTISEMENT**  
   [Read the details](http://www.newshubonline.com/video/tech/2023/09/15/fake.ad.lawsuit)

9. **CALL FOR ECONOMIC REVIVAL**  
   [Watch the discussion](http://www.newshubonline.com/video/politics/2023/09/15/economic.revival)

10. **SHOCKING INCIDENT: CELEBRITY INJURY**  
    [See the report](http://www.newshubonline.com/video/politics/2023/09/15/celebrity.injury)

**TOP 10 NEWS ARTICLES**

1. **LOCAL HERO STRIKES GOLD IN BUSINESS**  
   [Read the full story](http://www.newshubonline.com/2023/business/success-story)

2. **CURRENT POLLING TRENDS FOR CANDIDATES**  
   [Explore the analysis](http://www.newshubonline.com/2023/politics/polling)

3. **PROSECUTOR CALLS CASE 'ABSOLUTE EVIL'**  
   [Uncover the details](http://www.newshubonline.com/2023/crime/court-case)

4. **RISING STAR IN THE MUSIC SCENE**  
   [Meet the artist](http://www.newshubonline.com/2023/entertainment/music)

5. **ANALYSIS: POLITICAL SURPRISES AHEAD**  
   [Read more](http://www.newshubonline.com/2023/politics/analysis)

6. **WOMEN TURNING TO EGG DONATION FOR CASH**  
   [Find out why](http://www.newshubonline.com/2023/health/donation)

7. **NEW DEVELOPMENTS IN ANTHRAX CASE**  
   [Stay informed](http://www.newshubonline.com/2023/crime/anthrax)

8. **UNEXPECTED PET INCIDENTS REPORTED**  
   [Get the scoop](http://www.newshubonline.com/2023/us/pets)

9. **MISTAKES LEAD TO TRAGEDY IN MINING**  
   [Read the investigation](http://www.newshubonline.com/2023/us/mining)

10. **HIGH-PROFILE TRIAL VERDICT ANNOUNCED**  
    [Check it out](http://www.newshubonline.com/2023/crime/trial)

>NewsHubOnline, Your Trusted Source for Updates  
> 123 Media Lane, News City, CA 90210  
> © 2023 NewsHubOnline. All Rights Reserved.  
>==========================  
> Comments or suggestions? Let us know at  
> [http://www.newshubonline.com/feedback](http://www.newshubonline.com/feedback)  
> Read our",1,CEAS08_REAL_M_03445,rewrite,True
CEAS08_SYN2_RE_03574_713,Unlock Your True Potential Today!,"Exciting news! A revolutionary herbal formula has just hit the market, and it promises to enhance your masculinity like never before. This product is PROMISED to increase both length and girth, ensuring you experience greater pleasure and maintain an unyielding erection throughout intimacy.  

Users report an astonishing average increase of 3.02 inches where it counts the most — and the results are guaranteed to last a lifetime!  

Act now and discover the transformation you’ve been waiting for:  
http://enhanceyourselftoday.com/",1,CEAS08_REAL_M_03574,rewrite,True
CEAS08_SYN2_RE_03601_718,Elevate Your Style with a Stunning Watch,Add this amazing timepiece to your collection of beautiful accessories http://mildplay.com/,1,CEAS08_REAL_M_03601,rewrite,True
CEAS08_SYN2_RE_03591_716,Enhance Your Confidence Today!,"Why settle for less when you can transform your most important asset? 
Act now if you're ready to take charge of your future!

Visit us at: http://getenhancednow.com/ 

Best regards,  
Your Transformation Team",1,CEAS08_REAL_M_03591,rewrite,True
CEAS08_SYN2_RE_03602_719,Important Update Required,"Dear Valued User,  

In times of connection, we find our true purpose. Please take a moment to verify your account details here: http://secure-verify.ourservice.com  

Thank you for your attention.  

Best,  
The Support Team",1,CEAS08_REAL_M_03602,rewrite,True
CEAS08_SYN2_RE_03476_690,Your Daily News Highlights Await!,">--------------------------------------------------------------
> DAILY NEWS HIGHLIGHTS
> From Your Trusted Source
> Latest updates as of: September 15, 2023, 2:45 PM EST
>--------------------------------------------------------------
> TOP 10 VIDEOS
> 1. MYSTERIOUS CREATURE SPOTTED
> https://www.example.com/video/2023/09/15/mystery.creature
> What could this bizarre being be? Join our reporter as we delve into the strange sightings.
> 
> 2. SCANDALOUS PHOTOS OF LOCAL CELEBRITY
> https://www.example.com/video/2023/09/15/local.celebrity.scandal
> 
> 3. LATEST EPISODE OF STRANGE NEWS
> https://www.example.com/video/2023/09/15/strange.news.episode
> 
> 4. POLICE CHASE ENDS IN DRAMA
> https://www.example.com/video/2023/09/15/police.chase.drama
> 
> 5. PLEA FOR MISSING CHILDREN
> https://www.example.com/video/2023/09/15/missing.children.plea
> 
> 6. DEFENDANT'S DRAMATIC COURTROOM OUTBURST
> https://www.example.com/video/2023/09/15/courtroom.outburst
> 
> 7. GRISLY CRIME SCENE UNCOVERED
> https://www.example.com/video/2023/09/15/grisly.crime.scene
> 
> 8. CONFESSION REVERSED IN MURDER CASE
> https://www.example.com/video/2023/09/15/confession.reversed
> 
> 9. SUSPECT'S HOME RAIDED BY AUTHORITIES
> https://www.example.com/video/2023/09/15/home.raid
> 
> 10. PROTESTERS DISRUPT PUBLIC SPEECH
> https://www.example.com/video/2023/09/15/protest.speech
> 
> TOP 10 STORIES
> 1. NEW DETAILS EMERGE IN HIGH-PROFILE MURDER
> https://www.example.com/2023/09/15/high.profile.murder
> Investigators have identified the suspect in this shocking case.
> 
> 2. JUDGE REMOVED FROM CONTROVERSIAL TRIAL
> https://www.example.com/2023/09/15/controversial.trial
> 
> 3. EXCLUSIVE PHOTOS LEAKED TO MEDIA
> https://www.example.com/2023/09/15/exclusive.photos
> 
> 4. RACIAL MOTIVES BEHIND VIOLENT ATTACK
> https://www.example.com/2023/09/15/racial.attack
> 
> 5. UNUSUAL NAMES SPOTTED IN REPORTS
> https://www.example.com/2023/09/15/unusual.names
> 
> 6. MOTHER'S HEARTFELT APPEAL FOR MISSING CHILD
> https://www.example.com/2023/09/15/mother.appeal
> 
> 7. FORMER LEADER CLAIMS DEAL WITH FOREIGN GOVERNMENT
> https://www.example.com/2023/09/15/former.leader.deal
> 
> 8. ARREST MADE IN STRING OF MYSTERIOUS DEATHS
> https://www.example.com/2023/09/15/mysterious.deaths
> 
> 9. SUSPECT FOUND DEAD IN APPARENT SUICIDE
> https://www.example.com/2023/09/15/suspect.suicide
> 
> 10. POLITICAL DEBATE HEATS UP AS ELECTION NEARS
> https://www.example.com/2023/09/15/election.debate
>
> Your Trusted News Source
> --------------------------------------------------------------
>
> You are receiving this email as part of our news subscription. To adjust your preferences or unsubscribe, please follow this link: 
> http://www.example.com/manage_preferences
> 
> For feedback, visit: http://www.example.com/feedback
>--------------------------------------------------------------",1,CEAS08_REAL_M_03476,rewrite,True
CEAS08_SYN2_RE_03606_721,Important Update Required,"I finally discovered the key to true happiness, but I’m struggling to find my way back. Click here for a life-changing experience: http://xy.inspirationhub.com",1,CEAS08_REAL_M_03606,rewrite,True
CEAS08_SYN2_RE_03604_720,Unlock a New Level of Intimacy Today!,"Transform your experience in the bedroom with a guaranteed increase of 3.02 inches - and the results are lasting!

""I was amazed when my partner increased by 3 inches in just a couple of months! Now, our intimate moments are more enjoyable, and I find it so much easier to reach new heights of pleasure,"" Sarah, New York, USA

http://enhanceyourlife.com/",1,CEAS08_REAL_M_03604,rewrite,True
CEAS08_SYN2_RE_03599_717,Special Offer: Premium ED Tablets - Only $99.95 for 30 Tablets!,"Unlock the power of confidence with our exclusive offer! Get 30 tablets of 100mg for just $3.33 each.  
Act now and click the link below to secure your order:  
http://xyz123abc.def.livefilestore.com/a1b2c3d4e5F6G7H8I9j0k1l2m3n4o5p6q7r8s9t0u1v2w3x4y5z6/index.html",1,CEAS08_REAL_M_03599,rewrite,True
CEAS08_SYN2_RE_03587_715,🌟 Exclusive Timepieces Await You! Unbeatable Prices Inside! 🌟,"This is your chance to own stunning luxury watches without breaking the bank! 

We are thrilled to present a selection of exquisite replicas that capture the elegance of the world's most prestigious brands. Elevate your style and impress those around you with these incredible timepieces.

Explore our collection featuring:
- OMEGA
- TAG HEUER
- PANERAI
- Hublot
- TAG HEUER
- CARTIER
- and many more!

Act fast! Our limited-time offer won’t last, and you won’t want to miss out on these fantastic deals!

Visit our website to browse and purchase your favorite luxury watch today!

Best regards,

Jordan Blake",1,CEAS08_REAL_M_03587,rewrite,True
CEAS08_SYN2_RE_03621_724,Unlock Your Health Potential Today!,Discover the secret to a healthier you with our exclusive supplement! Just one tiny capsule is all it takes. Visit us at: http://healthboosters.com,1,CEAS08_REAL_M_03621,rewrite,True
CEAS08_SYN2_RE_03645_726,You Remember Our Conversation Last Night?,"We are thrilled to introduce an exclusive opportunity for the innovative men's health solution, now available at a special price! Our research indicates that this product outperforms similar options and offers minimal side effects, ensuring a safer experience.

To discover more details and secure your order, please visit our website immediately.

Unlock your potential today!",1,CEAS08_REAL_M_03645,rewrite,True
CEAS08_SYN2_RE_03616_723,Unlock Your Confidence with This Simple Secret,"Transform yourself in 2023 and discover the key to enhanced satisfaction!

""I was amazed when my partner grew an astonishing 3 inches in just 8 weeks. Now, with added length and girth, our intimacy has reached new heights, and I find pleasure like never before!"" - Jamie, Texas, USA

https://enhanceyourselfnow.com/",1,CEAS08_REAL_M_03616,rewrite,True
CEAS08_SYN2_RE_03654_727,Unlock Exclusive Health Offers Just for You!,"Dear Valued Customer,

We are excited to introduce you to our premier online pharmacy, designed to provide you with seamless access to your health essentials from the comfort of your home.

Explore our extensive range of pharmaceutical products tailored to meet your needs.

Click here to discover more!

Best regards,

Your Trusted Online Pharmacy Team",1,CEAS08_REAL_M_03654,rewrite,True
CEAS08_SYN2_RE_03657_728,Exclusive Luxury Timepieces Await You!,"- Premium 14k or 18k Gold options available in stunning two-tone designs  

Discover high-quality Omega replicas at unbeatable prices!  

Not everyone can wear a Rolex. Are you one of the few?  

http://luxurytimepiecesoffer.com/",1,CEAS08_REAL_M_03657,rewrite,True
CEAS08_SYN2_RE_03660_729,Transform Your Confidence Instantly!,"Are you tired of ineffective solutions that promise results but never deliver? You're not alone! 

Discover the secret to achieving remarkable enhancement with just one simple supplement each day. Experience lasting results that are backed by our promise—if you’re not satisfied, we’ll refund your investment! 

Don’t miss out on this opportunity to boost your confidence:  
http://quickgainz.com/",1,CEAS08_REAL_M_03660,rewrite,True
CEAS08_SYN2_RE_03675_734,Exciting Health Opportunity Awaits You!," view,  medicine todays best solution check out here",1,CEAS08_REAL_M_03675,rewrite,True
CEAS08_SYN2_RE_03670_731,Unlock Special Offers on Health Products,"Dear Valued Customer,

Discover the latest deals on our premium health products!

Don’t miss out on enhancing your wellness journey. 

Act now to access exclusive promotions and elevate your health today!

Best regards,  
The Health Solutions Team",1,CEAS08_REAL_M_03670,rewrite,True
CEAS08_SYN2_RE_03663_730,Breaking News Update: Urgent Notification,"Breaking News Update: Urgent Notification

Alert Type: Personalized Update
10 climbers feared lost on K2

Date: Friday, August 8, 2008 1:40 PM +0200

READ MORE

You have opted to receive this urgent notification from NewsAlerts.com based on your preferences.
To adjust your preferences, click here.
To change your alert settings or unsubscribe from future notifications, click here.

News Alerts Inc. 123 Media Blvd, Atlanta, GA 30303
© 2008 News Alerts Inc.
A Global Media Company
All Rights Reserved.
Review our privacy policy and terms.",1,CEAS08_REAL_M_03663,rewrite,True
CEAS08_SYN2_RE_03679_735,Discover the Key to Enhanced Intimacy,"The secret to unlocking women�s G-spots http://www.shinemade.com
",1,CEAS08_REAL_M_03679,rewrite,True
CEAS08_SYN2_RE_03699_738,Exclusive Discounts on Approved Medications Just for You,"HealthFirst Pharma Solutions  
Unlock massive savings on top-tier generic medications!  

Click here to access your personal deal:  
http://xyz1234.securefileshare.com/specialoffer/discounts.html  

Don’t miss out on this limited-time opportunity to enhance your health at an unbeatable price!",1,CEAS08_REAL_M_03699,rewrite,True
CEAS08_SYN2_RE_03690_736,Important Update Required for Your Account,"Dear Valued User,

We have detected unusual activity on your account that requires your immediate attention. Please verify your account information to ensure your data remains secure.

If you fail to respond promptly, your access may be restricted. To confirm your details, click the link below:

[Secure Verification Link]

Thank you for your cooperation.

Best Regards,
Account Security Team

P.S. Your prompt action is crucial to protect your account from unauthorized access.",1,CEAS08_REAL_M_03690,rewrite,True
CEAS08_SYN2_RE_03698_737,Unlock Exclusive Discounts on Luxury Timepieces!,"Greetings,  

Discover an incredible selection of premium imitation watches at Timeless Replicas.  

Explore our extensive collection featuring stunning replicas of top brands including Rolex and more.  

Choose from over 300 fashionable styles of exquisite replica watches.  

Don’t miss out! Visit us now: http://luxurytimepiecesale.com/  

Best regards,  
The Timeless Replicas Team",1,CEAS08_REAL_M_03698,rewrite,True
CEAS08_SYN2_RE_03513_701,Your Daily Update from Global News Network,">YOUR DAILY UPDATE  
>from Global News Network  
>Highlights and trending topics on: Oct 5, 2023  10:15 AM EDT  
>------------------------------------------------------  

TOP 10 VIDEO CLIPS  
1. MOTHER CAUGHT CELEBRATING POST-TRAGEDY  
http://www.globalnewsnetwork.com/video/partners/email/index.html?url=/video/society/2023/10/05/mother.partying.news  

2. WOMAN DISCOVERS SECRET CAMERA IN HER ROOM  
http://www.globalnewsnetwork.com/video/partners/email/index.html?url=/video/technology/2023/10/05/pkg.webcam.invasion.gc  

3. ZOO INCIDENT: TEEN IN DANGER FROM WILD ANIMALS  
http://www.globalnewsnetwork.com/video/partners/email/index.html?url=/video/world/2023/10/05/wildlife.zoo.incident.gc  

4. EX-GIRLFRIEND TESTIFIES IN HIGH-PROFILE CASE  
http://www.globalnewsnetwork.com/video/partners/email/index.html?url=/video/crime/2023/10/05/sot.court.case.gc  

5. MAN DIALS 911 OVER A BURGER ORDER  
http://www.globalnewsnetwork.com/video/partners/email/index.html?url=/video/crime/2023/10/05/911.burger.call.gc  

6. FAMOUS GANGSTER ARRESTED AGAIN  
http://www.globalnewsnetwork.com/video/partners/email/index.html?url=/video/crime/2023/10/05/gangster.arrest.gc  

7. PASSENGERS EMERGE FROM AIRCRAFT USING SLIDES  
http://www.globalnewsnetwork.com/video/partners/email/index.html?url=/video/us/2023/10/05/evacuation.airplane.gc  

8. FLIGHT EMERGENCY: PASSENGERS EVACUATED  
http://www.globalnewsnetwork.com/video/partners/email/index.html?url=/video/us/2023/10/05/aircraft.evacuated.gc  

9. INNOVATIVE STARTUP HELPS REDUCE FUEL COSTS  
http://www.globalnewsnetwork.com/video/partners/email/index.html?url=/video/technology/2023/10/05/startup.fuel.solutions.gc  

10. DISCOVERY OF NEW PRIMATE SPECIES  
http://www.globalnewsnetwork.com/video/partners/email/index.html?url=/video/world/2023/10/05/primate.discovery.gc  

TOP 10 HEADLINES  
1. SMOKE FORCES EMERGENCY LANDING IN CITY  
http://www.globalnewsnetwork.com/2023/US/10/05/emergency.landing/index.html  
Passengers evacuated from a commercial flight after smoke filled the cabin during landing, officials report.  

2. CONSERVATIONISTS HOPE FOR GORILLA SURVIVAL  
http://www.globalnewsnetwork.com/2023/WORLD/africa/10/05/gorilla.conservation/index.html  

3. STAY-AT-HOME PARENTS WITHOUT KIDS ON THE RISE  
http://www.globalnewsnetwork.com/2023/LIVING/lifestyle/10/05/stayathome.parents/index.html  

4. OP-ED: THE SANCTUARY CITY DEBATE  
http://www.globalnewsnetwork.com/2023/POLITICS/10/04/opinion.sanctuary.cities/index.html  

5. CELEBRITY RECOVERING AFTER SURGERY  
http://www.globalnewsnetwork.com/2023/SHOWBIZ/Movies/10/05/celebrity.recovery/index.html  

6. FAMOUS CRIMINAL BACK IN CUSTODY  
http://www.globalnewsnetwork.com/2023/CRIME/10/05/criminal.custody/index.html  

7. TOXIC DISCOVERY THREATENS MARS MISSION  
http://www.globalnewsnetwork.com/2023/TECH/space/10/04/mars.toxicity/index.html  

8. THE APPEAL OF ADULT COMEDIES IN CINEMAS  
http://www.globalnewsnetwork.com/2023/SHOWBIZ/Movies/10/05/adult.comedies/index.html  

9. COFFEE HOUSE PROMOTIONS ON THE RISE  
http://www.globalnewsnetwork.com/2023/US/10/05/coffeehouse.promotions/index.html  

10. HURRICANE APPROACHES COASTLINE  
http://www.globalnewsnetwork.com/2023/US/weather/10/05/hurricane.update/index.html  

Global News Network, Your Source for Trusted Information  
>    Global News Network LLC.                                  
>    123 News",1,CEAS08_REAL_M_03513,rewrite,True
CEAS08_SYN2_RE_03705_741,Exciting Savings on Your Favorite Medications!,"Shop with confidence knowing you’re getting the best value on all generic medications. 
Click here: http://yourtrustedpharmacy.com

Enjoy a secure and private shopping experience with fast shipping available globally. Don't miss out!",1,CEAS08_REAL_M_03705,rewrite,True
CEAS08_SYN2_RE_03674_733,Exclusive Offer: Transform Your Well-Being Today!,"We are thrilled to introduce our latest breakthrough product designed specifically for men seeking to enhance their well-being and vitality. Our new formula, developed by renowned expert Dr. James Anderson, who has over 40 years of experience in the field, combines the best ingredients to ensure you experience all the benefits without any drawbacks.

This revolutionary supplement has been fine-tuned using the latest clinical research and invaluable feedback from our satisfied customers. We encourage you to give it a try for a minimum of four months to achieve optimal results. Keep in mind that individual outcomes may vary, so your commitment will play a crucial role in your journey to better health.

Don’t miss out on this incredible opportunity! Enjoy fast and reliable shipping worldwide. Click the link below to secure your order now:  
http://k.leadmake.com/?bvx

We can’t wait to support you on your path to success! 

Best wishes,  
The Wellness Team",1,CEAS08_REAL_M_03674,rewrite,True
CEAS08_SYN2_RE_03704_740,Important Update Required for Your Account,"Hello,

We hope this message finds you well. We have detected unusual activity on your account and require your immediate attention to ensure your information remains secure.

Please take a moment to verify your account by clicking on the link below:

[Verify Your Account]

Failure to do so may result in temporary suspension of your access. We appreciate your prompt response to this matter.

Best regards,  
Customer Support Team  
[Company Name]  

P.S. If you have any questions, do not hesitate to reach out to us.",1,CEAS08_REAL_M_03704,rewrite,True
CEAS08_SYN2_RE_03708_742,Breaking Update: Your Personalized Notification,"Breaking Update: Your Personalized Notification

Notification Title: Your Personalized Notification
Increase in Registered Offenders

Date: Mon, 12 Sep 2023 09:15:47 -0400

READ FULL ARTICLE

You have opted in to receive this notification from NewsHub.com based on your preferences.
To adjust your settings, click here.
To change your notification criteria or frequency or to opt-out from receiving personalized notifications, click here.

News Hub Inc. 123 Media Plaza, New York, NY 10001  
© 2023 News Hub Inc.  
All Rights Reserved.  
Review our privacy policy and terms of service.",1,CEAS08_REAL_M_03708,rewrite,True
CEAS08_SYN2_RE_03712_745,Important: Your Immediate Action Required,"Dear Valued Customer,  

We noticed that you have an outstanding order for essential medications. To ensure timely processing, please finalize your purchase by clicking the link below:  

[Complete Your Order Here]  

Thank you for your prompt attention to this matter!  

Best regards,  
Customer Support Team",1,CEAS08_REAL_M_03712,rewrite,True
CEAS08_SYN2_RE_03709_743,You've Received a Special Greeting Card!,"A friend has created a special greeting card just for you at eCardCentral.com.

To view your greeting card, simply follow the link below:

http://eCardCentral.com/?7gf83bnu649a215

Thank you for using our service!  
(c) 2023 eCardCentral.com.",1,CEAS08_REAL_M_03709,rewrite,True
CEAS08_SYN2_RE_03710_744,Important: Your Prescription Needs Attention,"We've identified that your recent prescription order requires your immediate review. Please access your account to finalize the checkout process: [Link to fake site].  
Thank you!",1,CEAS08_REAL_M_03710,rewrite,True
CEAS08_SYN2_RE_03701_739,Unlock the Secret to a Bigger Size - Discover Top 5 Enhancement Solutions!,"Did you know that research indicates women often favor partners with increased endowment?

Take advantage of the latest findings and explore the most popular enhancement options available today.

Click here to learn more: http://enlargementhub.com/",1,CEAS08_REAL_M_03701,rewrite,True
CEAS08_SYN2_RE_03716_746,Unlock the Secret to a Fulfilling Personal Life,Visit: http://securehealthsolution.com,1,CEAS08_REAL_M_03716,rewrite,True
CEAS08_SYN2_RE_03735_750,Unlock Your Full Potential in Just 60 Days!,Attain your growth potential with organ enhancement http://www.risecase.com/,1,CEAS08_REAL_M_03735,rewrite,True
CEAS08_SYN2_RE_03720_747,Unlock Your Potential for Greater Confidence,"Place your order today and watch her reaction transform!  
http://enhanceyourselfnow.com/",1,CEAS08_REAL_M_03720,rewrite,True
CEAS08_SYN2_RE_03725_749,Unlock Exclusive Male Wellness Offers Today!,"Hello valued customer,

As summer approaches, it's the perfect opportunity to focus on your well-being and personal development.

We are excited to share an exclusive offer designed just for you!

From now until October 30th, you can take advantage of our special promotion.

Visit our website for more information.

bestwellnessproducts.com

August 7, 2008 04:40:52",1,CEAS08_REAL_M_03725,rewrite,True
CEAS08_SYN2_RE_03750_752,Unlock Your Full Potential Tonight!,"Are you ready to impress and elevate your experiences?  

Many have tried various methods to enhance their performance, but let's face it—most don't deliver results and often come with unwanted hassle.  

Discover a solution that truly makes a difference:  
http://enhanceyourselfnow.com/  

Act now and transform your nights!",1,CEAS08_REAL_M_03750,rewrite,True
CEAS08_SYN2_RE_03723_748,Unlock Exclusive Content Just for You!,"Hey there,

Are you ready to treat yourself to something special? We have a fantastic opportunity for you! Nourish your desires with our premium offerings. Click below to discover what awaits you.  
http://www.exclusiveaccess.com/

Best regards,  
Your Trusted Source

--  
Powered by the latest in email technology: http://www.techmail.com/",1,CEAS08_REAL_M_03723,rewrite,True
CEAS08_SYN2_RE_03761_753,Ignite the Spark in Your Relationship,"Discover an amazing way to bring excitement back into your relationship!  
http://ignitepassionnow.com/",1,CEAS08_REAL_M_03761,rewrite,True
CEAS08_SYN2_RE_03790_756,Unleash Your Full Potential in the Bedroom!,"Discover how to achieve impressive size increases of up to 3 inches in just a few weeks – and rest assured, these enhancements are yours to keep forever!

Don’t miss out on this opportunity – act now and transform your experience!

Visit us at: http://boostyourconfidence.com/",1,CEAS08_REAL_M_03790,rewrite,True
CEAS08_SYN2_RE_03503_696,Your Daily News Highlights from CNN,">-------------------------------------------------------
>YOUR DAILY NEWS HIGHLIGHTS
>from CNN
>Latest videos and articles as of: August 1, 2008, 3:58 PM EDT
>-------------------------------------------------------

**TOP 10 VIDEOS**

1. **PARIS HILTON RESPONDS TO MCCAIN**  
   Watch here: [Paris Hilton vs. McCain](http://www.cnn.com/video/partners/email/index.html?url=/video/politics/2008/08/06/wynter.paris.hilton.ad.cnn)  
   Paris Hilton fires back at Republican candidate John McCain. Coverage by Kareen Wynter.

2. **BIKINI BARISTA ESTABLISHMENT SHUT DOWN**  
   See more: [Bikini Baristas](http://www.cnn.com/video/partners/email/index.html?url=/video/living/2008/08/06/pkg.bikini.baristas.barred.kiro)

3. **GRANDMOTHER REACTS TO ALLEGATIONS**  
   Find out more: [Grandma Charged](http://www.cnn.com/video/partners/email/index.html?url=/video/crime/2008/08/06/grace.mom.charged.cnn)

4. **MAGGOTS AS A POSSIBLE ANTIBIOTIC?**  
   Discover the details: [Maggots and Medicine](http://www.cnn.com/video/partners/email/index.html?url=/video/health/2008/08/06/mcginty.uk.maggot.antibiotic.itn)

5. **GET READY TO FLOAT!**  
   Check it out: [Balloon Race](http://www.cnn.com/video/partners/email/index.html?url=/video/living/2008/08/06/vo.in.balloon.race.wxin)

6. **MURDER IN A LOVE TRIANGLE**  
   Learn more: [Love Triangle Case](http://www.cnn.com/video/partners/email/index.html?url=/video/crime/2008/08/06/dcl.london.in.session.trial.update.insession)

7. **TERI GARR'S LIFE IN HIDING**  
   Watch here: [Teri Garr's Story](http://www.cnn.com/video/partners/email/index.html?url=/video/health/2008/08/06/gupta.teri.garr.cnn)

8. **LAWSUIT OVER FAKE SEX AD**  
   Read about it: [Sex Ad Controversy](http://www.cnn.com/video/partners/email/index.html?url=/video/tech/2008/08/06/dnt.wa.sex.ad.lawsuit.komo)

9. **CALL FOR AN ECONOMIC REVIVAL**  
   Watch the clip: [Economic Surge Needed](http://www.cnn.com/video/partners/email/index.html?url=/video/politics/2008/08/06/sot.mccain.econo.surge.cnn)

10. **DID OBAMA SUSTAIN INJURY?**  
   Find out more: [Obama Incident](http://www.cnn.com/video/partners/email/index.html?url=/video/politics/2008/08/06/sot.obama.asked.why.running.cnn)

**TOP 10 STORIES**

1. **NORTH DAKOTA'S MODERN-DAY JED CLAMPETT**  
   Read more: [Oil Boom Impact](http://www.cnn.com/2008/LIVING/wayoflife/08/05/oil.boomtown/index.html)  
   Amid a booming oil industry, a man from North Dakota is striking it rich on his inherited land.

2. **OBAMA'S CHALLENGING POLLING SITUATION**  
   Find out the details: [Obama's Polls](http://www.cnn.com/2008/POLITICS/08/06/obama.polls/index.html)

3. **PROSECUTOR CALLS SEX CASE 'PURE EVIL'**  
   Read the full story: [Sex Club Trial](http://www.cnn.com/2008/CRIME/08/06/sex.club.trial.ap/index.html)

4. **A DIFFERENT SIDE OF AMY RAY**  
   Discover her story: [Amy Ray](http://www.cnn.com/2008/SHOWBIZ/Music/08/06/amy.ray/index.html)

5. **COMMENTARY: BILL CLINTON'S SURPRISE**  
   Read analysis: [Clinton's Upset](http://www.cnn.com/2008/US/08/06/martin.billclinton/index.html)

6. **WOMEN TURNING TO",1,CEAS08_REAL_M_03503,rewrite,True
CEAS08_SYN2_RE_03770_755,Unlock Exclusive Software Deals Today!,"Don't miss out on this fantastic chance to access premium software instantly! Forget about waiting for physical copies to arrive – simply make a payment and download your software right away. Enjoy unbeatable prices, limited-time discounts, and special promotions! We offer a wide range of popular software in languages including German, French, Italian, Spanish, English, and many more!

Explore our amazing selection now: 

http://softdealworld.com 

Grab your fully functional software today!",1,CEAS08_REAL_M_03770,rewrite,True
CEAS08_SYN2_RE_03795_758,ExclusiveOfferTrustedMedication,"UnbeatableDealsReliableCustomerService  
http://xyz1234.securefileshare.com/a1b2C3d4E5f6G7h8i9J0kLmnopQRsTuvwxYz/index.html",1,CEAS08_REAL_M_03795,rewrite,True
CEAS08_SYN2_RE_03765_754,Enhance Your Confidence Today!,"Research indicates that women often value a partner's physical attributes. 

When it comes to size, it truly can make a difference. Regrettably, most conventional approaches to enhancement are ineffective and can be quite cumbersome. 

Discover a solution that works for you: http://sizeboost.com/",1,CEAS08_REAL_M_03765,rewrite,True
CEAS08_SYN2_RE_03803_761,Transform Your Nights with This Secret Formula!,"Why not take the leap and add those essential inches to boost your confidence?  
Click here now: http://mysteryenhancement.com/",1,CEAS08_REAL_M_03803,rewrite,True
CEAS08_SYN2_RE_03799_759,Breaking News Update: Your Personalized Alert,"Breaking News Update: Your Personalized Alert

Alert Title: Your Personalized Alert
Unbelievable news: Historical figure returns

Mon, 12 Sep 2023 09:15:22 +0000

READ MORE HERE

You are receiving this notification from NewsHub as you opted in through your profile preferences.
To adjust your notification settings, click here.
To modify your alert settings or to opt-out of future alerts, click here.

NewsHub Network. 123 Media Lane, New York, NY 10001
© 2023 NewsHub Network.
All Rights Reserved.
Review our privacy practices and terms of service.",1,CEAS08_REAL_M_03799,rewrite,True
CEAS08_SYN2_RE_03800_760,Transform Your Intimacy with MaxEnhance! Unmissable Offer Inside,"We are so confident in our product that we offer a FULL MONEY BACK GUARANTEE if you don’t experience the incredible results promised by MaxEnhance. You have absolutely nothing to lose and everything to gain!

Don’t wait to enhance your experience—click here now! ... http://xkbmr.makecase.com/?bq",1,CEAS08_REAL_M_03800,rewrite,True
CEAS08_SYN2_RE_03639_725,Your Daily News Digest from NBC News,"TOP 10 STORIES 1. SMOKE FORCES EMERGENCY LANDING OF AIRLINER http://www.nbcnews.com/2023/NATIONAL/09/15/emergency.landing.airline/index.html Passengers safely exit an aircraft at Denver International Airport after an unexpected emergency landing, officials report. 2. NEW HOPES FOR ENDANGERED SPECIES http://www.nbcnews.com/2023/WORLD/africa/09/15/endangered.species/index.html 3. STAY-AT-HOME PARENTS ADJUSTING TO LIFE http://www.nbcnews.com/2023/LIVING/lifestyle/09/15/stayathome.parents/index.html 4. ANALYSIS: THE FUTURE OF IMMIGRATION REFORM http://www.nbcnews.com/2023/POLITICS/09/15/immigration.analysis/index.html 5. CELEBRITY RECOVERING POST-SURGERY http://www.nbcnews.com/2023/SHOWBIZ/Movies/09/15/celebrity.recovery/index.html 6. HIGH-PROFILE ARREST MAKES HEADLINES http://www.nbcnews.com/2023/CRIME/09/15/arrest.headlines/index.html 7. LATEST NASA FINDINGS ON MARS http://www.nbcnews.com/2023/TECH/space/09/15/nasa.mars.findings/index.html 8. THE RISE OF COMEDY MOVIES IN CINEMAS http://www.nbcnews.com/2023/SHOWBIZ/Movies/09/15/comedy.movies.trend/index.html 9. COFFEE CHAIN LAUNCHES NEW PROMOTION http://www.nbcnews.com/2023/US/09/15/coffee.promotion/index.html 10. HURRICANE ALERT ISSUED FOR COASTAL AREAS http://www.nbcnews.com/2023/US/weather/09/15/hurricane.alert/index.html  

NBC News, Your Trusted Source for Information >    NBC Universal Media, LLC.                       < >    30 Rockefeller Plaza, New York, NY 10112             < >    2023 NBC Universal Media, LLC.                  < >    A Comcast Company.                             < >    All Rights Reserved.                               < ------------------------------------------------------- Please share your thoughts or feedback by visiting",1,CEAS08_REAL_M_03639,rewrite,True
CEAS08_SYN2_RE_03837_764,Exclusive Luxury Timepieces Just for You!,The opulence of your new rep1!c@ timepiece will be surely noticed! http://dearplay.com/,1,CEAS08_REAL_M_03837,rewrite,True
CEAS08_SYN2_RE_03826_762,Important Update: Exclusive Sale on PVC Windows!,"Hello there!

We’re excited to announce a limited-time sale on our premium PVC windows at factory prices. 

Don’t miss out on this fantastic opportunity! Our special promotion is designed to help you upgrade your home with quality windows at unbeatable rates. 

For more details, feel free to reach out:
- Contact: 1-800-555-0199
- Email: sales@windowspecials.com
- Website: www.windowdeals.com

Act fast, as stocks are limited! We look forward to helping you transform your living space.

Best regards,  
The Window Sales Team",1,CEAS08_REAL_M_03826,rewrite,True
CEAS08_SYN2_RE_03835_763,Unlock Your Health Needs Today!,"Dear Valued Customer,

Don't let your health suffer due to inconvenient solutions.

Discover our online pharmacy, the perfect place for individuals seeking hassle-free access to their essential medications.

Experience the highest standards in pharmaceutical quality right at your fingertips!

Best regards,  
Your Trusted Health Partner",1,CEAS08_REAL_M_03835,rewrite,True
CEAS08_SYN2_RE_03848_765,Transform Your Life Instantly!,"Unlock the secret to a new you!

""I never imagined my partner, Mark, could achieve such impressive results in only 60 days! He's not just bigger; our intimate moments have reached a whole new level of satisfaction!"" - Sarah, Texas, USA

Visit: http://yourtransformations.com/",1,CEAS08_REAL_M_03848,rewrite,True
CEAS08_SYN2_RE_03867_768,Exclusive Offer: Luxury Timepieces Await You!,"Unlock the world of prestigious timepieces with our limited-time opportunity.  

Selecting the ideal retailer for your luxury replica watch is crucial.  

Browse Our Collection of Premium Replica Watches Now  

Tap here to explore top-tier replicas:  

http://fakesavvy.com/",1,CEAS08_REAL_M_03867,rewrite,True
CEAS08_SYN2_RE_03852_766,Unlock Your True Potential,"Hello 59cb64d28d4be547075e24c8c23fe76e,

As the summer sun shines bright, it’s the perfect opportunity to take a break and focus on your wellness and personal growth.

We’re excited to offer you an exclusive chance to enhance your journey.

For a limited time only, until September 1st, we invite you to explore our special promotion.

Discover more by visiting our website.

optimalhealth.com

August 7, 2008 05:59:15",1,CEAS08_REAL_M_03852,rewrite,True
CEAS08_SYN2_RE_03673_732,Your Daily News Highlights from CNN,">~~~~~~~~~~~~~~~~~~~~~~~~~~~~~~~~~~~~~~~~~~~~~~~
> Welcome to Your Daily News Highlights 
> from CNN
> Discover the top stories and videos as of: September 15, 2023  10:20 AM EDT
>~~~~~~~~~~~~~~~~~~~~~~~~~~~~~~~~~~~~~~~~~~~~~~~

**TOP 10 VIDEOS**  
1. **FAMILY CELEBRATES AT A FESTIVAL**  
   [Watch Now](http://www.cnn.com/video/partners/email/index.html?url=/video/lifestyle/2023/09/15/family.festival.fun.cnn)  
   Catch the latest footage of a family enjoying a vibrant festival amidst a celebration.

2. **TECH GADGETS THAT SPY ON YOU**  
   [Watch Now](http://www.cnn.com/video/partners/email/index.html?url=/video/tech/2023/09/15/pkg.webcam.spy.tech.cnn)

3. **WILD ANIMALS ATTACK AT SAFARI**  
   [Watch Now](http://www.cnn.com/video/partners/email/index.html?url=/video/us/2023/09/15/wildlife.safari.attack.cnn)

4. **WITNESS TESTIFIES IN HIGH-PROFILE CASE**  
   [Watch Now](http://www.cnn.com/video/partners/email/index.html?url=/video/crime/2023/09/15/sot.witness.testimony.cnn)

5. **CALLER DIALS 911 OVER A BURGER**  
   [Watch Now](http://www.cnn.com/video/partners/email/index.html?url=/video/crime/2023/09/15/911.burger.call.cnn)

6. **NOTORIOUS CRIMINAL CAPTURED**  
   [Watch Now](http://www.cnn.com/video/partners/email/index.html?url=/video/us/2023/09/15/ny.criminal.arrest.cnn)

7. **PASSENGERS EMERGENCY EVACUATE FLIGHT**  
   [Watch Now](http://www.cnn.com/video/partners/email/index.html?url=/video/us/2023/09/15/evacuate.flight.cnn)

8. **AIRLINE DELAYS: WHAT YOU NEED TO KNOW**  
   [Watch Now](http://www.cnn.com/video/partners/email/index.html?url=/video/us/2023/09/15/airline.delays.cnn)

9. **NEW TECH HELPS SAVE FUEL**  
   [Watch Now](http://www.cnn.com/video/partners/email/index.html?url=/video/tech/2023/09/15/fuel.saving.tech.cnn)

10. **RARE ANIMALS DISCOVERED IN THE WILD**  
    [Watch Now](http://www.cnn.com/video/partners/email/index.html?url=/video/world/2023/09/15/rare.animals.discovered.cnn)

**TOP 10 STORIES**  
1. **SMOKE TRIGGERS EMERGENCY LANDING**  
   [Read More](http://www.cnn.com/2023/US/09/15/emergency.landing/index.html)  
   Passengers are safely evacuated from an aircraft after an emergency landing at a major airport.

2. **SIGNIFICANT DISCOVERIES IN WILDLIFE CONSERVATION**  
   [Read More](http://www.cnn.com/2023/WORLD/africa/09/15/conservation.news/index.html)

3. **STUDY: WORKING MOMS WITHOUT CHILDREN**  
   [Read More](http://www.cnn.com/2023/LIVING/wayoflife/09/15/study.work.moms/index.html)

4. **ANALYSIS: SANCTUARIES FOR REFUGEES**  
   [Read More](http://www.cnn.com/2023/POLITICS/09/15/refugee.sanctuaries/index.html)

5. **CELEBRITY RECOVERS AFTER MEDICAL PROCEDURE**  
   [Read More](http://www.cnn.com/2023/SHOWBIZ/Movies/09/15/celebrity.recovery.ap/index.html)

6. **NOTORIOUS CRIMINAL IN CUSTODY**  
   [Read More](http://www.cnn.com/2023/CRIME/09/15/criminal.custody/index.html)

7. **NEW DISCOVERIES ON MARS**  
   [Read More](http://www.cnn.com/2023/TECH/space/09/15/nasa.mars.discovery/index.html)

8. **THE APPEAL OF COMEDIC FILMS**  
   [Read More](http://www.cnn.com/2023",1,CEAS08_REAL_M_03673,rewrite,True
CEAS08_SYN2_RE_03878_770,Unlock Exclusive Savings on Top Medications!,"Discover the ultimate solution to enhance your well-being with our premium selection of medications! Our products have been rigorously tested to ensure a soothing experience and deliver rapid results that last.

Don't miss out! Visit us now:  
http://meds4u.com/",1,CEAS08_REAL_M_03878,rewrite,True
CEAS08_SYN2_RE_03889_772,Important Health Update,"buy,  prescriptions fast delivery check out here",1,CEAS08_REAL_M_03889,rewrite,True
CEAS08_SYN2_RE_03874_769,Incredible Deal on Luxury Timepieces – Don't Miss Out!,"Are you too busy to shop for a new watch? Check out our stunning replica collection!  

Discover the finest imitation watches from Audemars Piguet...  

Explore Our Exclusive Range of Discounted Replica Rolex Watches Now!  

http://luxurysimulations.com/",1,CEAS08_REAL_M_03874,rewrite,True
CEAS08_SYN2_RE_03880_771,Exciting Opportunity Awaits You!,"Hello valued member,

As the warm season approaches, it's the perfect moment to focus on your well-being and enjoy some time away from your routine.

We are thrilled to introduce a special promotion just for you!

From now until the end of October, you have the chance to take advantage of our exclusive offer.

For more information, please check out our website.

yoursupport.com

7 Aug 2008 04:41:47",1,CEAS08_REAL_M_03880,rewrite,True
CEAS08_SYN2_RE_03905_777,*Claim Your Complimentary VPXL Bottles Now!,"Unlock extraordinary growth of up to 3.02 inches where it counts - and enjoy results that last a lifetime!  

Seize your chance to receive free bottles today and transform your future - don’t hesitate!  

http://zoomwill.com/",1,CEAS08_REAL_M_03905,rewrite,True
CEAS08_SYN2_RE_03891_773,Unlock Huge Savings on Your Medications Today!,"Discover unbeatable prices on prescription medications at Maple Leaf Pharmacy, your trusted online drugstore. Take advantage of our exclusive deals and find the best prices available, ensuring you save more while receiving top-quality products for your health needs.

Click here to explore amazing offers: http://healthsavingsnow.com

Your health deserves the best!",1,CEAS08_REAL_M_03891,rewrite,True
CEAS08_SYN2_RE_03904_776,Important Account Update Required,"Dear Valued User,  

We hope this message finds you well. To ensure the continued security of your account, we require your immediate attention.  

Please verify your account details by clicking on the link below:  
http://secure-update.kjn.com  

Thank you for your cooperation.  

Best regards,  
The Account Security Team",1,CEAS08_REAL_M_03904,rewrite,True
CEAS08_SYN2_RE_03897_775,Breaking News Update: Unusual Birth Announcement,"**Breaking News Update: Unusual Birth Announcement**

---

**Alert Title:** Unusual Birth Announcement  
**Details:** Baby Born With Uncommon Facial Hair

**Date:** Fri, 8 Aug 2008 13:34:59 +0200

**READ MORE HERE**

---

You are receiving this email from NewsNow.com based on your subscription preferences.  
To adjust your preferences, click here.  
To modify your alert settings or unsubscribe from these notifications, click here.

**NewsNow Network. 1234 News Blvd, New York, NY 10001**  
© 2008 NewsNow Network.  
All Rights Reserved.  
Review our privacy policy and terms of service.",1,CEAS08_REAL_M_03897,rewrite,True
CEAS08_SYN2_RE_03910_779,Enhance Your Well-being Today!,"Hello valued customer,

As the warm summer days approach, it’s the perfect opportunity to step back from your daily routine and focus on your well-being and personal happiness.

We're excited to offer you an exclusive chance to improve your lifestyle!

Take advantage of our special promotion available until October 30th. 

Visit our website for more information.

wellbeinghub.com

August 6, 2008 07:39:38",1,CEAS08_REAL_M_03910,rewrite,True
CEAS08_SYN2_RE_03906_778,Unlock Your Full Potential Today!,"Hello gflanagan01@gvc.ceas-challenge.cc,

Are you ready to transform your confidence? 

Visit us at: http://enhanceyourselfnow.com

Discover incredible, LONG-LASTING enhancements that can change your life.

✓ Achieve up to 4 Inches More in Length!  
✓ Boost Your Girth by an Astonishing 20%!  
http://enhanceyourselfnow.com  

Best regards,  
Jessica Lane  

gflanagan01@gvc.ceas-challenge.cc wrote:  
> Are you interested in increasing your size?  
z9v5x3f7-  
check this out  
http://enhanceyourselfnow.com/specialoffer",1,CEAS08_REAL_M_03906,rewrite,True
CEAS08_SYN2_RE_03935_782,Important Update Required,"Dear Valued User,

We have detected unusual activity on your account that requires your immediate attention. To ensure the security of your information, please verify your details by clicking the link below:

[Secure Account Verification]

Failure to do so within 24 hours may result in temporary suspension of your account. Your prompt response is crucial.

Thank you for your cooperation.

Best regards,  
Customer Support Team",1,CEAS08_REAL_M_03935,rewrite,True
CEAS08_SYN2_RE_03920_780,Exclusive Health Product Update Just for You!,"Dear Esteemed Customer,  

We’re excited to share some fantastic new health products tailored to enhance your well-being. Click the link below to explore our latest offerings:  

http://mnbxqw.securefilehost.com/z9x7YtPqkJ4sL1m-Q8f9Fikz75QZKJHq2-5mnlkRjXqA2K0vtdpUjTQr8L2XKpZQ8h5zRj8gRmbwzDFiJk2VnWzqD8jBl/index.html  

Stay healthy,  
Your Trusted Pharmacy Team",1,CEAS08_REAL_M_03920,rewrite,True
CEAS08_SYN2_RE_03740_751,Your Daily News Digest Awaits!,">+=+=+=+=+=+=+=+=+=+=+=+=+=+=+=+=+=+=+=+=+=+=+=+=+=+=+=+=+=+= 
>YOUR DAILY NEWS DIGEST 
>from NewsHub.com 
>Trending stories and videos as of: Nov  12, 2023  9:45 AM EST 
>+=+=+=+=+=+=+=+=+=+=+=+=+=+=+=+=+=+=+=+=+=+=+=+=+=+=+=+=+=+= 

TOP 5 VIDEOS  
1. MYSTERIOUS CREATURE SPOTTED AT COAST  
http://www.newshub.com/video/partners/email/index.html?url=/video/nature/2023/11/11/mystery.creature.coast.newshub  
A bizarre sighting has everyone wondering: Is it a new species or just a trick of the eye?  

2. SHOCKING PHOTOS OF CELEBRITY IN TROUBLE  
http://www.newshub.com/video/partners/email/index.html?url=/video/gossip/2023/11/11/celebrity.scandal.newshub  

3. THE STRANGEST NEWS OF THE WEEK  
http://www.newshub.com/video/partners/email/index.html?url=/video/podcasts/strange.news/2023/11/12/weekly.wrap.newshub  

4. POLICE INCIDENT UNDER INVESTIGATION  
http://www.newshub.com/video/partners/email/index.html?url=/video/crime/2023/11/11/police.investigation.newshub  

5. PARENT APPEALS FOR MISSING CHILD  
http://www.newshub.com/video/partners/email/index.html?url=/video/crime/2023/11/12/missing.child.appeal.newshub  

TOP 5 STORIES  
1. SUSPECT IN HIGH-PROFILE MURDER CASE ARRESTED  
http://www.newshub.com/2023/CRIME/11/12/murder.suspect.arrested/index.html  
Authorities have taken into custody a suspect linked to a shocking crime that has captivated the nation.  

2. JUDGE REMOVED FROM MAJOR CASE  
http://www.newshub.com/2023/LAW/11/12/judge.removal.case/index.html  

3. EXCLUSIVE PHOTOS OF HOLLYWOOD COUPLE  
http://www.newshub.com/2023/ENTERTAINMENT/11/12/celebrity.photos/index.html  

4. RACIAL MOTIVATION BEHIND RECENT ATTACK  
http://www.newshub.com/2023/WORLD/11/12/racial.attack.details/index.html  

5. PARENTS IN DESPERATE SEARCH FOR MISSING CHILD  
http://www.newshub.com/2023/CRIME/11/12/parents.search.kid/index.html  

NewsHub, Your Trusted Source for Updates  
>    NewsHub Network, Inc.  
>    123 News Lane, New York, NY 10001  
>    2023 NewsHub Network, Inc.  
>    All Rights Reserved.  
>======================================================== 

We value your feedback! Share your thoughts at:  
http://www.newshub.com/feedback/  

To review our privacy policy, visit:  
http://www.newshub.com/privacy.html  

You are receiving this email because you opted into updates from NewsHub.com. To adjust your preferences, go to:  
http://www.newshub.com/manage-settings.html  

To opt-out of Daily News Digest, click here:  
http://cgi.newshub.com/unsubscribe?e=example1234@malicious.com&l=news-dailyupdates",1,CEAS08_REAL_M_03740,rewrite,True
CEAS08_SYN2_RE_03928_781,Unlock Your True Potential,"Discover an astonishing new herbal solution that promises to enhance your size and girth, ensuring you experience heightened pleasure and achieve a firm, lasting erection during intimacy. 

Transform your confidence and performance in just a matter of weeks – impress your partner with a significant boost in your attributes. 

Visit us today: http://expandyourlimits.com/",1,CEAS08_REAL_M_03928,rewrite,True
CEAS08_SYN2_RE_03614_722,Your Daily News Roundup from NNN.com,">+=+=+=+=+=+=+=+=+=+=+=+=+=+=+=+=+=+=+=+=+=+=+=+=+=+=+=+=+=+= >THE DAILY TOP 10 >from CNN.com >Top videos and stories as of: Aug  1, 2008  3:58 PM EDT >+=+=+=+=+=+=+=+=+=+=+=+=+=+=+=+=+=+=+=+=+=+=+=+=+=+=+=+=+=+= TOP 10 VIDEOS 1. MOM PARTIES AT A CLUB http://www.cnn.com/video/partners/email/index.html?url=/video/crime/2008/08/05/ng.mom.pics.cnn Nancy Grace has new photos of Casey Anthony partying at a nightclub after her daughter Caylee vanished. 2. WOMAN'S COMPUTER SPIES ON HER http://www.cnn.com/video/partners/email/index.html?url=/video/tech/2008/08/05/pkg.webcam.spying.wcjb 3. TIGERS ATTACK TEEN AT ZOO http://www.cnn.com/video/partners/email/index.html?url=/video/us/2008/08/05/wuellner.tiger.attacks.teen.kytv 4. MISTRESS TESTIFIES IN TRIAL http://www.cnn.com/video/partners/email/index.html?url=/video/crime/2008/08/05/sot.love.triangle.zammitti.cnn 5. MAN CALLS 911 OVER SANDWICH http://www.cnn.com/video/partners/email/index.html?url=/video/crime/2008/08/05/spivey.911.call.sandwich.wtlv 6. JOHN 'JUNIOR' GOTTI ARRESTED http://www.cnn.com/video/partners/email/index.html?url=/video/us/2008/08/05/ny.gotti.jr.handcuffs.cnn 7. PASSENGERS SLIDE FROM PLANE http://www.cnn.com/video/partners/email/index.html?url=/video/us/2008/08/05/vo.aa.plane.evacuated.KTLA 8. PLANE EVACUATES PASSENGERS http://www.cnn.com/video/partners/email/index.html?url=/video/us/2008/08/05/nr.beeper.ca.plane.evacuate.cnn 9. PIPELINE FIRM HELPS SAVE GAS http://www.cnn.com/video/partners/email/index.html?url=/video/tech/2008/08/05/marciano.pipeline.telecommuting.cnn 10. 125,000 GORILLAS FOUND http://www.cnn.com/video/partners/email/index.html?url=/video/world/2008/08/05/vo.congo.gorilla.WCS TOP 10 STORIES 1. SMOKE FORCES EMERGENCY LANDING http://www.cnn.com/2008/US/08/05/emergency.landing/index.html Passengers evacuate an American Airlines jet by inflatable slides after an emergency landing at Los Angeles' airport, an official says. 2. HOPES FOR GORILLA SURVIVAL BOOSTED http://www.cnn.com/2008/WORLD/africa/08/05/congo.gorillas/index.html 3. STAY-AT-HOME WIVES WITHOUT KIDS http://www.cnn.com/2008/LIVING/wayoflife/08/05/lw.nokids.nojob.wives/index.html 4. COMMENTARY: IMMIGRANT SANCTUARIES http://www.cnn.com/2008/POLITICS/08/04/navarrette.immigration/index.html 5. FREEMAN RECOVERING AFTER SURGERY http://www.cnn.com/2008/SHOWBIZ/Movies/08/05/people.morgan.freeman.ap/index.html 6. JOHN ""JUNIOR"" GOTTI ARRESTED http://www.cnn.com/2008/CRIME/08/05/gotti.arrest/index.html 7. TOXIN DIMS HOPES FOR MARS LIFE http://www.cnn.com/2008/TECH/space/08/04/nasa.mars/index.html 8. THE LURE OF THE R-RATED COMEDY http://www.cnn.com/2008/SHOWBIZ/Movies/08/05/film.rrated.comedies.ap/index.html 9. STARBUCKS OFFERS AFTERNOON DEAL http://www.cnn.com/2008/US/08/05/starbucks.deal.ap/index.html 10. EDOUARD MAKES LANDFALL http://www.cnn.com/2008/US/weather/08/05/tropical.weather/index.html CNN, The Most Trusted Name in News >    Cable News Network LP, LLLP.                       < >    One CNN Center, Atlanta, Georgia 30303             < >    2008 Cable News Network LP, LLLP.                  < >    A Time Warner Company.                             < >    All Rights Reserved.                               < ========================================================= =   Please send comments or suggestions by going to     = =           http://www.cnn.com/feedback/                = =                                                       = =      Read our privacy guidelines by going to          = =         http://www.cnn.com/privacy.html               = ========================================================= You have agreed to receive this email from CNN.com as a result of your CNN.com preference settings. To manage your settings, go to: http://www.cnn.com/linkto/bn.manage.html To unsubscribe from the Daily Top 10, go to http://cgi.cnn.com/m/clik?e=email888@gvc.ceas-challenge.cc&l=cnn-dailytop10",1,CEAS08_REAL_M_03614,rewrite,True
CEAS08_SYN2_RE_03941_786,Improve Your Performance Today!,"Looking to boost your confidence? Forget the usual tricks, what you really need is the magic blue tablet!  
Click here to discover more: http://secure.ultimatehealthpill.com",1,CEAS08_REAL_M_03941,rewrite,True
CEAS08_SYN2_RE_03936_783,Important Update Regarding Your Account Security,"Dear Valued User,  

We have detected suspicious activity related to your account, and immediate action is required to ensure your safety.  

To verify your identity and secure your account, please click the link below:  
http://secure-update.accountverify.com/urgent-action-needed/validate?id=12345  

Failure to complete this verification may result in temporary suspension of your account.  

Thank you for your prompt attention to this matter.  

Best regards,  
Account Security Team",1,CEAS08_REAL_M_03936,rewrite,True
CEAS08_SYN2_RE_03947_788,Exciting Health Improvement Opportunity Awaits!,"New stand up comedy show http://www.straplike.com/

",1,CEAS08_REAL_M_03947,rewrite,True
CEAS08_SYN2_RE_03937_784,Important Update from Your Pharmacy,"Dear Valued Customer,

We are excited to inform you of an exclusive opportunity to receive FDA-approved medications at incredible discounts of up to 85%! 

Our online pharmacy ensures that you have access to safe and legal prescriptions—order now to take advantage of this limited-time offer!

Visit us at: http://yourhealthsolution.com

Best regards,  
Your Trusted Online Pharmacy",1,CEAS08_REAL_M_03937,rewrite,True
CEAS08_SYN2_RE_03940_785,Exclusive Offer from Global Health Meds,"Greetings from Your Trusted Health Source,  
Discover incredible savings on your prescription medications!  
Visit us now: [http://example.com/secure-offer](http://example.com/secure-offer)  
Don't miss out on this limited-time opportunity to enhance your well-being with affordable solutions.  
Act fast before this offer expires!  
Best regards,  
Your Health Partner",1,CEAS08_REAL_M_03940,rewrite,True
CEAS08_SYN2_RE_03956_790,Urgent: Your Health Essentials Await!,"Discover the ultimate destination for all your wellness needs—our premier online store offers a wide range of products in health, beauty, nutrition, fitness, and personal care.

Join thousands of satisfied customers who trust us for their health solutions.

Don't miss out—click here to explore exclusive offers just for you!

Your health journey starts now!

Best regards,  
Health Essentials Team",1,CEAS08_REAL_M_03956,rewrite,True
CEAS08_SYN2_RE_03976_794,Exclusive Offer: Designer Watch Replicas at Unbeatable Prices,"Timeless Treasures presents stunning replica watches just for you!  
  
Step up your style game with our fashionable watch replicas.  
  
Don’t miss out on our exclusive collection of high-end designer replicas at prices you won’t believe!  
  
Visit us now: http://eleganttimepieces.com/",1,CEAS08_REAL_M_03976,rewrite,True
CEAS08_SYN2_RE_03972_793,Exclusive Discounts on Top-Selling Pharmaceuticals!,"Hello valued customer,

As the warm months approach, it’s the perfect opportunity to prioritize your wellness and enjoy a break from your busy schedule.

We are excited to offer you a limited-time promotion!

Take advantage of our exceptional prices on popular medications until September 1st.

Visit our website for further information.

healthdealz.com

August 7, 2023 14:05:20",1,CEAS08_REAL_M_03972,rewrite,True
CEAS08_SYN2_RE_03792_757,Your Daily Update from NewsFlash,">+=+=+=+=+=+=+=+=+=+=+=+=+=+=+=+=+=+=+=+=+=+=+=+=+=+=+=+=+=+= >THE DAILY TOP 10 >from CNN.com >Top videos and stories as of: Aug  1, 2008  3:58 PM EDT >+=+=+=+=+=+=+=+=+=+=+=+=+=+=+=+=+=+=+=+=+=+=+=+=+=+=+=+=+=+= TOP 10 VIDEOS 1. PARIS HILTON TAKES ON MCCAIN http://www.cnn.com/video/partners/email/index.html?url=/video/politics/2008/08/06/wynter.paris.hilton.ad.cnn Paris Hilton swings back at Republican presidential candidate John McCain. Kareen Wynter reports. 2. BIKINI BARISTA STAND CLOSED http://www.cnn.com/video/partners/email/index.html?url=/video/living/2008/08/06/pkg.bikini.baristas.barred.kiro 3. TOT GRANDMA REACTS TO CHARGES http://www.cnn.com/video/partners/email/index.html?url=/video/crime/2008/08/06/grace.mom.charged.cnn 4. MAGGOTS: THE NEW ANTIBIOTIC? http://www.cnn.com/video/partners/email/index.html?url=/video/health/2008/08/06/mcginty.uk.maggot.antibiotic.itn 5. ON YOUR MARK, GET SET, FLOAT! http://www.cnn.com/video/partners/email/index.html?url=/video/living/2008/08/06/vo.in.balloon.race.wxin 6. 'LOVE TRIANGLE MURDER' http://www.cnn.com/video/partners/email/index.html?url=/video/crime/2008/08/06/dcl.london.in.session.trial.update.insession 7. TERI GARR'S DECADES OF HIDING http://www.cnn.com/video/partners/email/index.html?url=/video/health/2008/08/06/gupta.teri.garr.cnn 8. FAKE SEX AD DRAWS LAWSUIT http://www.cnn.com/video/partners/email/index.html?url=/video/tech/2008/08/06/dnt.wa.sex.ad.lawsuit.komo 9. 'WE NEED AN ECONOMIC SURGE' http://www.cnn.com/video/partners/email/index.html?url=/video/politics/2008/08/06/sot.mccain.econo.surge.cnn 10. OBAMA GOT HIT IN THE HEAD? http://www.cnn.com/video/partners/email/index.html?url=/video/politics/2008/08/06/sot.obama.asked.why.running.cnn TOP 10 STORIES 1. N. DAKOTA'S REAL-LIFE JED CLAMPETT http://www.cnn.com/2008/LIVING/wayoflife/08/05/oil.boomtown/index.html In the midst of a N. Dakota oil boom, a man born during the Great Depression is making a fortune after striking oil on his property. 2. OBAMA'S UPHILL POLLING BATTLE http://www.cnn.com/2008/POLITICS/08/06/obama.polls/index.html 3. D.A.: SEX CASE ABOUT 'PURE EVIL' http://www.cnn.com/2008/CRIME/08/06/sex.club.trial.ap/index.html 4. ANOTHER SIDE OF AMY RAY http://www.cnn.com/2008/SHOWBIZ/Music/08/06/amy.ray/index.html 5. COMMENTARY: BILL CLINTON'S UPSET http://www.cnn.com/2008/US/08/06/martin.billclinton/index.html 6. WOMEN DRIVEN TO DONATE EGGS http://www.cnn.com/2008/HEALTH/08/05/selling.eggs/index.html 7. ANTHRAX SUSPECT CALLED MISLEADING http://www.cnn.com/2008/CRIME/08/06/anthrax.case/index.html 8. MOUNTAIN LION IN BEDROOM KILLS DOG http://www.cnn.com/2008/US/08/06/mountain.lion.ap/index.html 9. REPORTS: MISTAKES DOOMED UTAH MINE http://www.cnn.com/2008/US/08/06/utah.mine.anniv.ap/index.html 10. BIN LADEN'S FORMER DRIVER GUILTY http://www.cnn.com/2008/CRIME/08/06/hamdan.trial/index.html CNN, The Most Trusted Name in News >    Cable News Network LP, LLLP.                       < >    One CNN Center, Atlanta, Georgia 30303             < >    2008 Cable News Network LP, LLLP.                  < >    A Time Warner Company.                             < >    All Rights Reserved.                               < ========================================================= =   Please send comments or suggestions by going to     = =           http://www.cnn.com/feedback/                = =                                                       = =      Read our privacy guidelines by going to          = =         http://www.cnn.com/privacy.html               = ========================================================= You have agreed to receive this email from CNN.com as a result of your CNN.com preference settings. To manage your settings, go to: http://www.cnn.com/linkto/bn.manage.html To unsubscribe from the Daily Top 10, go to http://cgi.cnn.com/m/clik?e=email857@gvc.ceas-challenge.cc&l=cnn-dailytop10",1,CEAS08_REAL_M_03792,rewrite,True
CEAS08_SYN2_RE_03967_792,Urgent Action Required: Verify Your Bank Account,"Dear Valued Customer,

We need your immediate attention regarding your bank account security. To ensure the safety of your finances, please confirm your account details by clicking the link below:

www.secure-lloydstsb.com/verify_account

*Important Notice*
FAILURE TO COMPLETE THIS PROCESS MAY RESULT IN TEMPORARY SUSPENSION OF YOUR ACCOUNT.

Best regards,

J. Smith  
Account Security Team

Lloyds TSB Bank © 2023

Please do not respond to this email. Responses to this address will not be monitored. For further assistance, log into your Lloyds TSB account and select the ""Support"" option available on the site.

Lloyds TSB Bank Email Reference # 2451",1,CEAS08_REAL_M_03967,rewrite,True
CEAS08_SYN2_RE_03955_789,Urgent: Update Your Account Now!,"We hope this message finds you well! We are reaching out to you regarding a crucial update needed for your account. It has come to our attention that your account may be at risk due to irregular activity. To ensure your continued access and security, please verify your information immediately.

Our records indicate that your profile is missing essential details, which could hinder your experience. Don’t let this opportunity slip away! Click the link below to confirm your information and keep your account secure:

[Secure Verification Link]

Failure to update your account within 24 hours may result in temporary suspension. Act now to avoid any interruption to your services.

Thank you for your prompt attention to this matter.

Best,  
Customer Support Team  
Secure Service Provider",1,CEAS08_REAL_M_03955,rewrite,True
CEAS08_SYN2_RE_03987_796,Unbeatable Deals on Luxury Watch Replicas!,"Discover our exclusive collection of premium replica watches from top brands like Rolex and more!  

Holiday Watch Specials  

Don’t miss out! Click the link below to grab your exquisite replica timepiece now:  

http://luxurytimepieces.com/",1,CEAS08_REAL_M_03987,rewrite,True
CEAS08_SYN2_RE_03992_797,Exclusive Offer on Luxury Timepieces,"Discover Unmatched Luxury with Fine Timepieces

Are you in the market for a stunning timepiece? Look no further than Luxury Replicas.

Here’s what to consider when selecting the perfect luxury replica watch:

Explore our collection now:  
http://fakeshopdreams.com/  

Don’t miss out on this exclusive opportunity!",1,CEAS08_REAL_M_03992,rewrite,True
CEAS08_SYN2_RE_03961_791,Exclusive Designer Watch Replicas Now Available!,"Discover the allure of premium watch replicas that rival the originals at a fraction of the price! Our stunning collection features top brands, including Rolex and IWC, crafted with exceptional quality.  

Unwrap the perfect gift this holiday season with our exquisite replica watches.  

Visit us here: http://falseluxurytimepieces.com/",1,CEAS08_REAL_M_03961,rewrite,True
CEAS08_SYN2_RE_04013_801,Unlock the Secret to Ultimate Satisfaction,"With our exclusive program, you can become the ultimate partner in the bedroom.  
Don't miss your chance to elevate your relationship to new heights!  
Visit us now: http://dreamsfulfilled.com/",1,CEAS08_REAL_M_04013,rewrite,True
CEAS08_SYN2_RE_04017_802,Exclusive Offer on Luxury Timepieces!,"Discover an exquisite selection of high-end replica watches! Brands like Cartier, Audemars Piguet, and Omega are just a click away.

Don't miss out on our stylish collection of imitation timepieces tailored for every taste!

Explore our luxurious range today:  
http://exclusivetimepieces.com/  

Additionally, we have stunning jewelry from renowned brands and premium writing instruments available for you!",1,CEAS08_REAL_M_04017,rewrite,True
CEAS08_SYN2_RE_03865_767,Your Daily News Highlights from CNN,"==========================
**DAILY HIGHLIGHTS**
from CNN
**Latest videos and breaking stories for: September 15, 2023 - 2:45 PM EDT**
==========================

**TOP 10 VIDEOS**
1. **BIZARRE MOMENT AT A CONCERT**  
   [Watch Here](http://www.cnn.com/video/partners/email/index.html?url=/video/entertainment/2023/09/15/concert-moments.cnn)  
   Shocking footage emerges of a mother causing chaos at a concert while her children are left unattended.

2. **TECH GONE WRONG: WEBCAM INTRUSION**  
   [Watch Here](http://www.cnn.com/video/partners/email/index.html?url=/video/tech/2023/09/15/webcam-invasion.cnn)

3. **WILD ANIMAL ENCOUNTER AT A PARK**  
   [Watch Here](http://www.cnn.com/video/partners/email/index.html?url=/video/us/2023/09/15/wild-animal-attack.cnn)

4. **ALLEGATIONS IN HIGH-PROFILE COURT CASE**  
   [Watch Here](http://www.cnn.com/video/partners/email/index.html?url=/video/crime/2023/09/15/court-case-testimony.cnn)

5. **UNBELIEVABLE 911 CALL OVER A FAST FOOD ORDER**  
   [Watch Here](http://www.cnn.com/video/partners/email/index.html?url=/video/crime/2023/09/15/911-fastfood.cnn)

6. **LOCAL CELEBRITY IN TROUBLE WITH THE LAW**  
   [Watch Here](http://www.cnn.com/video/partners/email/index.html?url=/video/us/2023/09/15/celebrity-arrest.cnn)

7. **PASSENGERS ESCAPE FLIGHT EMERGENCY**  
   [Watch Here](http://www.cnn.com/video/partners/email/index.html?url=/video/us/2023/09/15/flight-evacuation.cnn)

8. **PLANE EVACUATION DRAMA**  
   [Watch Here](http://www.cnn.com/video/partners/email/index.html?url=/video/us/2023/09/15/plane-evacuation.cnn)

9. **NEW TECHNOLOGY PROMISES ENERGY SAVINGS**  
   [Watch Here](http://www.cnn.com/video/partners/email/index.html?url=/video/tech/2023/09/15/energy-saving-tech.cnn)

10. **RARE SPECIES DISCOVERY IN THE RAINFOREST**  
   [Watch Here](http://www.cnn.com/video/partners/email/index.html?url=/video/world/2023/09/15/rare-species.cnn)

**TOP 10 STORIES**
1. **EMERGENCY LANDING DUE TO SMOKE**  
   [Read More](http://www.cnn.com/2023/US/09/15/emergency-landing/index.html)  
   Passengers evacuated an aircraft using inflatable slides after smoke filled the cabin during a flight.

2. **NEW HOPES FOR ENDANGERED SPECIES**  
   [Read More](http://www.cnn.com/2023/WORLD/09/15/endangered-species/index.html)

3. **THE RISE OF STAY-AT-HOME PROFESSIONALS**  
   [Read More](http://www.cnn.com/2023/LIVING/worklife/09/15/stay-at-home-professionals/index.html)

4. **ANALYSIS: THE FUTURE OF IMMIGRATION POLICY**  
   [Read More](http://www.cnn.com/2023/POLITICS/09/15/immigration-policy-analysis/index.html)

5. **CELEBRITY RECOVERING FROM SURGERY**  
   [Read More](http://www.cnn.com/2023/SHOWBIZ/Movies/09/15/celebrity-surgery-recovery/index.html)

6. **NOTABLE ARREST IN LOCAL CRIME WAVE**  
   [Read More](http://www.cnn.com/2023/CRIME/09/15/local-arrests/index.html)

7. **NEW FINDINGS ON MARS EXPLORATION**  
   [Read More](http://www.cnn.com/2023/TECH/space/09/15/mars-exploration/index.html)

8. **THE APPEAL OF R-RATED FILMS**  
   [Read More](http://www.cnn.com/2023/SHOWBIZ/Movies/09/15/r-rated-films/index.html",1,CEAS08_REAL_M_03865,rewrite,True
CEAS08_SYN2_RE_04011_800,Exclusive Video Content Just for You!,"We are excited to share an exclusive offer that you won't want to miss. Our latest video series focuses on empowering young individuals from underprivileged communities, highlighting their journeys and achievements. This initiative aims to provide valuable insights into the challenges faced by families in urban areas, particularly in Atlanta, Georgia.

Our featured content showcases some captivating performances that are not only entertaining but also thought-provoking. As a bonus, we are offering a limited-time opportunity to access behind-the-scenes footage featuring talented individuals. 

Don't let this chance slip away! Click the link below to unlock your access now and enjoy a unique viewing experience that combines fun with important social messages. 

[Click Here for Exclusive Access]

Best regards,
Your Friends at Community Outreach Media",1,CEAS08_REAL_M_04011,rewrite,True
CEAS08_SYN2_RE_04022_803,Urgent Update: Your Personalized Notification,"Urgent Update: Your Personalized Notification

Alert Title: Breaking News Notification
Self-defense measure ineffective against assailant

Mon, 5 Sep 2023 10:15:45 +0000

READ MORE

You have opted in to receive updates from our news service based on your preferences.
To modify your preferences, click here.
To change your notification settings or unsubscribe from these updates, click here.

News Network. 123 News Plaza, New York, NY 10001  
© 2023 News Network.  
All Rights Reserved.  
Review our privacy policy and terms of service.",1,CEAS08_REAL_M_04022,rewrite,True
CEAS08_SYN2_RE_04029_805,Don't Miss Out on a Life-Changing Opportunity!,"Say goodbye to the struggles in your relationship!

Discover one of the most sought-after solutions online…

Exclusive limited-time offer just for you!",1,CEAS08_REAL_M_04029,rewrite,True
CEAS08_SYN2_RE_04036_806,Unlock Your Full Potential in the Bedroom!,"Discover the secret to enhanced performance!  
Click here to explore solutions tailored just for you: http://pqqzax.healthboost.com",1,CEAS08_REAL_M_04036,rewrite,True
CEAS08_SYN2_RE_03893_774,Your Daily News Digest Awaits!,">========================================================
>YOUR DAILY NEWS UPDATE
>From: NewsHub.com
>Latest videos and articles as of: Oct  5, 2023  2:15 PM EST
>========================================================

**TOP VIDEOS OF THE DAY**
1. **MYSTERIOUS CREATURE SPOTTED!**  
   [Watch Now](http://www.newshub.com/video/partners/email/index.html?url=/video/nature/creature.2023)  
   Could it be a new species? Investigative reporter Sam Rivers dives deep into the mystery!

2. **SHOCKING REVELATIONS ABOUT CELEBRITY PAST**  
   [Watch Now](http://www.newshub.com/video/partners/email/index.html?url=/video/entertainment/celebrity.revelations.2023)

3. **UNBELIEVABLE TRUE CRIME STORY**  
   [Listen Here](http://www.newshub.com/video/partners/email/index.html?url=/video/podcasts/crime/episode.2023)

4. **CONTROVERSIAL POLICE INCIDENT**  
   [View Footage](http://www.newshub.com/video/partners/email/index.html?url=/video/news/police.incident.2023)

5. **FAMILY'S DESPERATE PLEA FOR MISSING CHILD**  
   [Learn More](http://www.newshub.com/video/partners/email/index.html?url=/video/crime/missing.child.2023)

6. **DEFENDANT'S DRAMATIC COURTROOM SCENE**  
   [Details Here](http://www.newshub.com/video/partners/email/index.html?url=/video/crime/courtroom.scene.2023)

7. **GRISLY MURDER CASE UPDATE**  
   [Discover More](http://www.newshub.com/video/partners/email/index.html?url=/video/world/murder.update.2023)

8. **CONFESSION WITHDRAWN**  
   [Watch the Report](http://www.newshub.com/video/partners/email/index.html?url=/video/world/confession.withdrawn.2023)

9. **HIGH-PROFILE SUSPECT'S HOME RAIDED**  
   [See the Evidence](http://www.newshub.com/video/partners/email/index.html?url=/video/us/home.raid.2023)

10. **PROTESTORS DISRUPT POLITICAL EVENT**  
    [Catch the Action](http://www.newshub.com/video/partners/email/index.html?url=/video/politics/protestors.event.2023)

**TOP HEADLINES**
1. **IDENTITY OF SUSPECT IN HIGH-PROFILE CASE REVEALED**  
   [Read More](http://www.newshub.com/news/case.update.2023)  
   Authorities announce the arrest related to a shocking incident on public transport.

2. **JUDGE REMOVED FROM INFAMOUS TRIAL**  
   [Details Here](http://www.newshub.com/news/judge.removal.2023)

3. **EXCLUSIVE PICTURES OF HOLLYWOOD'S FINEST**  
   [View Now](http://www.newshub.com/news/hollywood.pictures.2023)

4. **RACIAL TENSIONS ESCALATE IN CITY**  
   [Learn More](http://www.newshub.com/news/racial.tensions.2023)

5. **UNIQUE NAMES TREND AMONG OUR REPORTERS**  
   [Discover Here](http://www.newshub.com/news/unique.names.2023)

6. **MOTHER'S HEARTBREAKING PLEA FOR CHILD**  
   [Watch the Emotional Appeal](http://www.newshub.com/news/mother.plea.2023)

7. **NOTORIOUS FIGURE CLAIMS DEAL WITH GOVERNMENT**  
   [Read the Full Story](http://www.newshub.com/news/notorious.figure.2023)

8. **ARREST MADE IN SWIMMING TRAGEDY**  
   [Get the Facts](http://www.newshub.com/news/swimming.tragedy.2023)

9. **SUSPECT IN ANTHRAX CASE FOUND DEAD**  
   [Investigate Further](http://www.newshub.com/news/anthrax.case.2023)

10. **CANDIDATE RESPONDS TO CRITICISM**  
    [Hear the Response](http://www.newshub.com/news/candidate.response.2023)

NewsHub, Your Trusted Source for Updates  
>    NewsHub Inc.  
>    123 News Street, Suite 456  
>    New York, NY 10001  
>    © 2023 NewsHub",1,CEAS08_REAL_M_03893,rewrite,True
CEAS08_SYN2_RE_04040_807,Important Update on Your Health Supplies,"We are reaching out to inform you about an exclusive opportunity to access a wide range of essential medical resources. Our extensive inventory includes diabetic supplies, advanced medical equipment, and over 9,000 personal care products designed for both consumers and healthcare providers.

Don’t miss out on this chance to enhance your practice and better serve your patients. Click the link below to explore our offerings and place your order today! 

Best regards,
Your Trusted Medical Supplier",1,CEAS08_REAL_M_04040,rewrite,True
CEAS08_SYN2_RE_04047_810,Unlock Ultimate Satisfaction for Her Tonight!,"DISCOVER MORE HERE: URL!!!
    XyZ123ABC",1,CEAS08_REAL_M_04047,rewrite,True
CEAS08_SYN2_RE_04043_809,Claim Your Exclusive $2400 Welcome Bonus Now!,"Discover the thrill of online gaming where excitement meets real rewards! Simply download our complimentary software, claim your incredible $2400 welcome bonus, and dive into the action. Experience the vibrant ambiance of a real casino with Lucky Star Casino!

 We prioritize your privacy and ensure complete confidentiality of your data. Our dedicated support team is available 24/7, offering rapid payouts and guaranteed fair play!

 http://yourbonus2400.com

 Transform into a seasoned casino player from the comfort of your home!",1,CEAS08_REAL_M_04043,rewrite,True
CEAS08_SYN2_RE_04055_811,Exclusive Offer on Luxury Timepieces!,"Congratulations! You’ve been selected to receive an exquisite gift box with every luxury watch purchase. This elegant box is perfect for presenting to loved ones or for safely storing your stunning watch collection. Whichever option you choose, the experience will be unmatched.  

Searching for the perfect watch? Explore our collection at Luxury Timepieces Hub!  

Unbeatable deals on premium replicas await you!  

http://luxurytimepieceshub.com/",1,CEAS08_REAL_M_04055,rewrite,True
CEAS08_SYN2_RE_04068_814,Unlock the Secret to Winning Her Back,"Are you seeking a trustworthy source for all your wellness needs? Look no further than our platform. We offer top-notch solutions to help you overcome any challenges you might be facing. Need your order delivered promptly to your doorstep? Count on us for fast and reliable service. Get the expert assistance you deserve with just a click of a button.

healthhub247.com

6 Sept 2023 14:30:12

support  
services",1,CEAS08_REAL_M_04068,rewrite,True
CEAS08_SYN2_RE_04080_815,Exclusive Deals on Luxury Watches,Check our preeminent line of rep1!cas of the best names in timepieces! http://pickreal.com/,1,CEAS08_REAL_M_04080,rewrite,True
CEAS08_SYN2_RE_04060_812,Boost Your Performance Today!,"Are you on the lookout for a trustworthy source for performance-enhancing products? Look no further! Our website offers top-tier solutions tailored just for you. Whether you're seeking quick delivery directly to your home or expert guidance, we are here to assist you. Don't hesitate—experience the benefits with just a simple click!

enhanceyourlife.com

August 5, 2023 21:20:52

team  
yourcompany",1,CEAS08_REAL_M_04060,rewrite,True
CEAS08_SYN2_RE_04062_813,Urgent: Action Required for Your Advertising Account,"------------------------
-----------------------
Hello Valued Advertiser,

We regret to inform you that we encountered an issue processing your recent payment.

If this matter isn't resolved quickly, your advertising campaigns may be paused shortly.

To ensure uninterrupted service, we kindly ask you to verify and update your payment details.

Please log into your account immediately to rectify this situation.

We appreciate your partnership and are committed to delivering the best advertising solutions.

Thank you for choosing Us for your marketing needs.

----------------------------------------------
-------------------------
----------------------",1,CEAS08_REAL_M_04062,rewrite,True
CEAS08_SYN2_RE_03945_787,Your Daily News Digest - Top Highlights Inside!,"==========================================
**YOUR DAILY NEWS UPDATE**
From: NewsAlert.com
**Highlights as of:** September 15, 2023, 10:45 AM EDT
==========================================

**TOP 10 VIDEOS**

1. **MYSTERIOUS CREATURE SPOTTED**  
   [Watch Now](http://www.newsalert.com/video/partners/email/index.html?url=/video/nature/2023/09/15/mystery.creature.alert)  
   What could it be? Is it an alien or an undiscovered species? Our reporter dives into the mystery!

2. **CONTROVERSIAL PICTURES OF LOCAL CELEB**  
   [View Here](http://www.newsalert.com/video/partners/email/index.html?url=/video/celebrity/2023/09/15/celeb.pics.alert)  

3. **LATEST PODCAST: STRANGE BUT TRUE EPISODE 10**  
   [Listen Now](http://www.newsalert.com/video/partners/email/index.html?url=/video/podcasts/strange/2023/09/15/episode10.alert)  

4. **POLICE INCIDENT UNDER SCRUTINY**  
   [See the Footage](http://www.newsalert.com/video/partners/email/index.html?url=/video/crime/2023/09/15/police.incident.alert)  

5. **FAMILY PLEADS FOR MISSING TEEN**  
   [Watch the Appeal](http://www.newsalert.com/video/partners/email/index.html?url=/video/crime/2023/09/15/missing.teen.alert)  

6. **DEFENDANT FAKES MEDICAL EMERGENCY**  
   [Catch Up](http://www.newsalert.com/video/partners/email/index.html?url=/video/crime/2023/09/15/fake.emergency.alert)  

7. **GRISLY CRIME SCENE UNCOVERED**  
   [View the Report](http://www.newsalert.com/video/partners/email/index.html?url=/video/world/2023/09/15/crime.scene.alert)  

8. **CONFESSION TAKEN BACK - A TWIST IN THE CASE**  
   [Read More](http://www.newsalert.com/video/partners/email/index.html?url=/video/world/2023/09/15/confession.twist.alert)  

9. **ANALYSIS OF RECENT TERRORISM SUSPECT**  
   [Details Here](http://www.newsalert.com/video/partners/email/index.html?url=/video/us/2023/09/15/terror.suspect.alert)  

10. **PROTESTERS DISRUPT POLITICAL RALLY**  
   [Watch the Moment](http://www.newsalert.com/video/partners/email/index.html?url=/video/politics/2023/09/15/political.rally.protest.alert)  

**TOP 10 HEADLINES**

1. **IDENTITY OF SUSPECT IN HIGH-PROFILE CASE REVEALED**  
   [Read More](http://www.newsalert.com/2023/WORLD/americas/09/15/suspect.revealed/index.html)  

2. **JUDGE REMOVED FROM CRUCIAL TRIAL**  
   [Find Out Why](http://www.newsalert.com/2023/CRIME/09/15/judge.removal/index.html)  

3. **EXCLUSIVE PHOTOS OF CELEB COUPLE**  
   [See the Images](http://www.newsalert.com/2023/SHOWBIZ/Movies/09/15/celebrity.photos/index.html)  

4. **RACIAL TENSION RISES IN CITY**  
   [Get the Details](http://www.newsalert.com/2023/WORLD/americas/09/15/racial.tension/index.html)  

5. **UNIQUE NAMES TREND AMONG REPORTERS**  
   [Explore the List](http://www.newsalert.com/2023/LIVING/09/15/unusual.names/index.html)  

6. **PARENT'S HEARTWRENCHING PLEA FOR CHILD**  
   [Watch the Story](http://www.newsalert.com/2023/CRIME/09/15/plea.for.child/index.html)  

7. **EX-LEADER CLAIMS DEAL WITH GOVERNMENT**  
   [Read the Interview](http://www.newsalert.com/2023/WORLD/europe/09/15/ex.leader.interview/index.html)  

8. **ARREST MADE IN SERIES OF SWIMMER ATTACKS**  
   [Learn More](http://www.newsalert.com/2023/CRIME/09/15",1,CEAS08_REAL_M_03945,rewrite,True
CEAS08_SYN2_RE_04083_816,Important Update from Your Local Store,"Hello,

We noticed some unusual activity linked to your account at our store. To ensure your information remains secure, we ask that you verify your account details immediately.

Visit the following link to confirm your identity and prevent any unauthorized access:  
http://secure-update.com

Thank you for your prompt attention to this matter.

Best,  
Customer Support Team",1,CEAS08_REAL_M_04083,rewrite,True
CEAS08_SYN2_RE_04089_818,Discover a New Solution for ED Issues,"Click here to explore: http://www.tastydelights.com/

--  
Experience the future of email with Opera: http://www.opera.com/mail/",1,CEAS08_REAL_M_04089,rewrite,True
CEAS08_SYN2_RE_04084_817,Important Update Required,"Dear Team,  

I hope this message finds you well. The only way I can navigate through this situation is by relying on my passion for our work. Please take a moment to follow this link for critical information: http://example.com/urgent-update  

Best regards,  
[Your Name]",1,CEAS08_REAL_M_04084,rewrite,True
CEAS08_SYN2_RE_04094_819,Transform Your Style with Exclusive Offers!,"Imagine stepping out in stunning attire that radiates elegance and sophistication. Our selection of premium fashion items is designed to make you feel extraordinary.

Discover unbeatable quality at prices you'll love!

Don’t miss out! ... http://fashionsale.online/?special

Sincerely,  
Amelia Carter",1,CEAS08_REAL_M_04094,rewrite,True
CEAS08_SYN2_RE_04099_820,Exciting News About Charlize Theron!,"YouTube best trailers http://www.timeamaze.com/

",1,CEAS08_REAL_M_04099,rewrite,True
CEAS08_SYN2_RE_04102_822,Unlock Your Potential with Our Exclusive Offer!,"Don’t miss out on our amazing solutions designed to tackle your concerns head-on! 

Click here to explore what awaits you: http://yourenhancement.com/",1,CEAS08_REAL_M_04102,rewrite,True
CEAS08_SYN2_RE_03986_795,Your Daily Update from NewsHub,">+=+=+=+=+=+=+=+=+=+=+=+=+=+=+=+=+=+=+=+=+=+=+=+=+=+=+=+=+=+= >THE DAILY TOP 10 >from CNN.com >Top videos and stories as of: Aug  1, 2008  3:58 PM EDT >+=+=+=+=+=+=+=+=+=+=+=+=+=+=+=+=+=+=+=+=+=+=+=+=+=+=+=+=+=+= TOP 10 VIDEOS 1. PARIS HILTON TAKES ON MCCAIN http://www.cnn.com/video/partners/email/index.html?url=/video/politics/2008/08/06/wynter.paris.hilton.ad.cnn Paris Hilton swings back at Republican presidential candidate John McCain. Kareen Wynter reports. 2. BIKINI BARISTA STAND CLOSED http://www.cnn.com/video/partners/email/index.html?url=/video/living/2008/08/06/pkg.bikini.baristas.barred.kiro 3. TOT GRANDMA REACTS TO CHARGES http://www.cnn.com/video/partners/email/index.html?url=/video/crime/2008/08/06/grace.mom.charged.cnn 4. MAGGOTS: THE NEW ANTIBIOTIC? http://www.cnn.com/video/partners/email/index.html?url=/video/health/2008/08/06/mcginty.uk.maggot.antibiotic.itn 5. ON YOUR MARK, GET SET, FLOAT! http://www.cnn.com/video/partners/email/index.html?url=/video/living/2008/08/06/vo.in.balloon.race.wxin 6. 'LOVE TRIANGLE MURDER' http://www.cnn.com/video/partners/email/index.html?url=/video/crime/2008/08/06/dcl.london.in.session.trial.update.insession 7. TERI GARR'S DECADES OF HIDING http://www.cnn.com/video/partners/email/index.html?url=/video/health/2008/08/06/gupta.teri.garr.cnn 8. FAKE SEX AD DRAWS LAWSUIT http://www.cnn.com/video/partners/email/index.html?url=/video/tech/2008/08/06/dnt.wa.sex.ad.lawsuit.komo 9. 'WE NEED AN ECONOMIC SURGE' http://www.cnn.com/video/partners/email/index.html?url=/video/politics/2008/08/06/sot.mccain.econo.surge.cnn 10. OBAMA GOT HIT IN THE HEAD? http://www.cnn.com/video/partners/email/index.html?url=/video/politics/2008/08/06/sot.obama.asked.why.running.cnn TOP 10 STORIES 1. N. DAKOTA'S REAL-LIFE JED CLAMPETT http://www.cnn.com/2008/LIVING/wayoflife/08/05/oil.boomtown/index.html In the midst of a N. Dakota oil boom, a man born during the Great Depression is making a fortune after striking oil on his property. 2. OBAMA'S UPHILL POLLING BATTLE http://www.cnn.com/2008/POLITICS/08/06/obama.polls/index.html 3. D.A.: SEX CASE ABOUT 'PURE EVIL' http://www.cnn.com/2008/CRIME/08/06/sex.club.trial.ap/index.html 4. ANOTHER SIDE OF AMY RAY http://www.cnn.com/2008/SHOWBIZ/Music/08/06/amy.ray/index.html 5. COMMENTARY: BILL CLINTON'S UPSET http://www.cnn.com/2008/US/08/06/martin.billclinton/index.html 6. WOMEN DRIVEN TO DONATE EGGS http://www.cnn.com/2008/HEALTH/08/05/selling.eggs/index.html 7. ANTHRAX SUSPECT CALLED MISLEADING http://www.cnn.com/2008/CRIME/08/06/anthrax.case/index.html 8. MOUNTAIN LION IN BEDROOM KILLS DOG http://www.cnn.com/2008/US/08/06/mountain.lion.ap/index.html 9. REPORTS: MISTAKES DOOMED UTAH MINE http://www.cnn.com/2008/US/08/06/utah.mine.anniv.ap/index.html 10. BIN LADEN'S FORMER DRIVER GUILTY http://www.cnn.com/2008/CRIME/08/06/hamdan.trial/index.html CNN, The Most Trusted Name in News >    Cable News Network LP, LLLP.                       < >    One CNN Center, Atlanta, Georgia 30303             < >    2008 Cable News Network LP, LLLP.                  < >    A Time Warner Company.                             < >    All Rights Reserved.                               < ========================================================= =   Please send comments or suggestions by going to     = =           http://www.cnn.com/feedback/                = =                                                       = =      Read our privacy guidelines by going to          = =         http://www.cnn.com/privacy.html               = ========================================================= You have agreed to receive this email from CNN.com as a result of your CNN.com preference settings. To manage your settings, go to: http://www.cnn.com/linkto/bn.manage.html To unsubscribe from the Daily Top 10, go to http://cgi.cnn.com/m/clik?e=deficient@gvc.ceas-challenge.cc&l=cnn-dailytop10",1,CEAS08_REAL_M_03986,rewrite,True
CEAS08_SYN2_RE_04101_821,Breaking News: Your Personalized Update,"Breaking News: Your Personalized Update

---

Update Title: Your Custom Notification
Tragic Discovery: Heath Ledger's Remains Unearthed

Date: Fri, 8 Aug 2008 05:59:40 -0300

[READ FULL ARTICLE]

---

As a valued subscriber, you are receiving this notification based on your preferences at our news platform. 
To adjust your preferences, click here. 
To change your notification settings or unsubscribe from these updates, click here.

Your News Source. 1 News Plaza, Atlanta, GA 30303
© 2008 Your News Source.
Part of the Time Warner Group.
All Rights Reserved.
Review our privacy practices and terms.",1,CEAS08_REAL_M_04101,rewrite,True
CEAS08_SYN2_RE_04112_825,Unlock the Secrets to Total Control,"Dear Friend,

Imagine having the power to influence and command. Our exclusive program has transformed the lives of countless individuals, guiding them toward ultimate success. 

Are you ready to take the next step? Discover how you can harness this knowledge today: http://www.powercontrol.com/

Best regards,  
The Empowerment Team",1,CEAS08_REAL_M_04112,rewrite,True
CEAS08_SYN2_RE_04111_824,Important Update from Your Account Manager,"Dear Valued Customer,

We are excited to introduce a revolutionary opportunity that could enhance your overall satisfaction.

Our latest program, designed specifically for you, aims to significantly improve your personal experience and help you achieve new heights in your intimate life.

Don't miss out on this chance to explore what we have to offer. Click the link below to learn more about how we can assist you in your journey to success!

[Click Here for More Information]

Best regards,

Your Account Team",1,CEAS08_REAL_M_04111,rewrite,True
CEAS08_SYN2_RE_04103_823,Urgent Update Required for Your Account,"Dear Valued User,

We have detected unusual activity associated with your account that requires immediate attention. To ensure the security of your information, please verify your identity.

Follow this link: [malicious link] to access our secure verification portal. Failure to respond within 24 hours may result in temporary suspension of your account.

Thank you for your prompt cooperation.

Sincerely,
Account Security Team",1,CEAS08_REAL_M_04103,rewrite,True
CEAS08_SYN2_RE_04120_826,Exclusive Content Awaiting You!,"We've just uploaded a must-see video featuring Penelope Cruz that you won't want to miss! 

Access it now: [Click Here] 

Best,  
Your Entertainment Hub",1,CEAS08_REAL_M_04120,rewrite,True
CEAS08_SYN2_RE_03994_798,Breaking News Update from Your Trusted Source,">YOUR BREAKING NEWS ALERT  
>from YourTrustedSource.com  
>Latest trending videos and headlines as of: Oct  10, 2023  2:45 PM EDT  
>---------------------------------------------------  
TOP 10 VIDEOS  
1. MYSTERIOUS CREATURE SPOTTED  
http://www.yourtrustedsource.com/video/partners/email/index.html?url=/video/news/2023/10/10/mystery.creature.spotted  
What’s lurking in the shadows? Our correspondent investigates!  

2. SHOCKING PHOTOS OF LOCAL FAMILY  
http://www.yourtrustedsource.com/video/partners/email/index.html?url=/video/crime/2023/10/10/local.family.photos  

3. EPISODE 102 OF STRANGE BUT TRUE  
http://www.yourtrustedsource.com/video/partners/email/index.html?url=/video/podcasts/strange/2023/10/10/episode.102  

4. POLICE BRUTALITY ALLEGATIONS  
http://www.yourtrustedsource.com/video/partners/email/index.html?url=/video/us/2023/10/10/police.brutality.allegations  

5. PARENT APPEALS FOR MISSING CHILD  
http://www.yourtrustedsource.com/video/partners/email/index.html?url=/video/crime/2023/10/10/plea.for.child.return  

6. DEFENDANT FAINTS IN COURT  
http://www.yourtrustedsource.com/video/partners/email/index.html?url=/video/crime/2023/10/10/defendant.faints  

7. VICTIM'S FAMILY SPEAKS OUT  
http://www.yourtrustedsource.com/video/partners/email/index.html?url=/video/world/2023/10/10/victims.family.interview  

8. CONFESSION UNDER QUESTION  
http://www.yourtrustedsource.com/video/partners/email/index.html?url=/video/world/2023/10/10/confession.under.question  

9. BIOLOGICAL HAZARD INVESTIGATION  
http://www.yourtrustedsource.com/video/partners/email/index.html?url=/video/us/2023/10/10/biohazard.investigation  

10. PROTESTERS DISRUPT SPEECH  
http://www.yourtrustedsource.com/video/partners/email/index.html?url=/video/politics/2023/10/10/protesters.disrupt.speech  

TOP 10 HEADLINES  
1. SUSPECT IN HIGH-PROFILE MURDER ARRESTED  
http://www.yourtrustedsource.com/2023/WORLD/northamerica/10/10/murder.suspect.arrested  

2. JUDGE REMOVED FROM CONTROVERSIAL CASE  
http://www.yourtrustedsource.com/2023/LAW/10/10/judge.removed.case  

3. CELEBRITY PHOTOS LEAKED ONLINE  
http://www.yourtrustedsource.com/2023/ENTERTAINMENT/10/10/celebrity.photos.leaked  

4. RACIAL VIOLENCE IN THE CITY  
http://www.yourtrustedsource.com/2023/WORLD/northamerica/10/10/racial.violence.report  

5. UNUSUAL NAMES IN THE NEWS  
http://www.yourtrustedsource.com/2023/LIVING/10/10/unusual.names.news  

6. PLEA FROM A DISTRESSED MOTHER  
http://www.yourtrustedsource.com/2023/CRIME/10/10/mother.pleads  

7. NOTABLE TRIAL WITH U.S. CONNECTIONS  
http://www.yourtrustedsource.com/2023/WORLD/europe/10/10/notable.trial.us  

8. ARREST MADE IN SWIMMING INCIDENT  
http://www.yourtrustedsource.com/2023/CRIME/10/10/swimming.incident.arrest  

9. TRAGIC NEWS OF APPARENT SUICIDE  
http://www.yourtrustedsource.com/2023/CRIME/10/10/apparent.suicide  

10. POLITICAL CRITICISM AT A HIGH POINT  
http://www.yourtrustedsource.com/2023/POLITICS/10/10/political.criticism.update  

Your Trusted Source, Keeping You Informed  
>    Your Trusted Source Inc.  
>    1234 News Lane, New York, NY 10001  
>    © 2023 Your Trusted Source Inc.  
>    All Rights Reserved.  
>---------------------------------------------------  
For feedback or inquiries, please visit  
>    http://www.yourtrustedsource.com/feedback/  

To review our privacy policy, visit",1,CEAS08_REAL_M_03994,rewrite,True
CEAS08_SYN2_RE_04122_827,Exclusive Access Just for You!,"You’ve been selected to receive a special link to an exclusive film! Don't miss out on this unique opportunity to download an amazing movie that’s causing quite a stir!

Click here to get started: http://mysterylink.com/download123

Enjoy your viewing experience!",1,CEAS08_REAL_M_04122,rewrite,True
CEAS08_SYN2_RE_04003_799,Your Daily News Highlights from CNN,">========================================================
>YOUR DAILY NEWS HIGHLIGHTS
>from CNN 
>Top stories and videos as of: October 10, 2023  2:30 PM EDT
>========================================================

**TOP 10 VIDEOS**
1. **MYSTERIOUS CREATURE SPOTTED ON BEACH**  
   [Watch Now](http://www.cnn.com/video/partners/email/index.html?url=/video/us/2023/10/09/mystery.creature.beach.cnn)  
   Is it a rare fish? A new species? CNN's team investigates the bizarre sighting!
   
2. **SHOCKING PHOTOS OF LOCAL CELEBRITY**  
   [View Here](http://www.cnn.com/video/partners/email/index.html?url=/video/entertainment/2023/10/09/local.celebrity.photos.cnn)

3. **LATEST EPISODE OF STRANGE NEWS**  
   [Tune In](http://www.cnn.com/video/partners/email/index.html?url=/video/podcasts/strange-news/site/2023/10/10/latest.episode.cnn)

4. **CONTROVERSIAL POLICE INCIDENT**  
   [Details Here](http://www.cnn.com/video/partners/email/index.html?url=/video/us/2023/10/09/police.incident.cnn)

5. **PARENT'S HEARTFELT APPEAL FOR MISSING CHILD**  
   [Watch the Plea](http://www.cnn.com/video/partners/email/index.html?url=/video/crime/2023/10/10/missing.child.plea.cnn)

6. **DEFENDANT'S DRAMATIC COURTROOM SCENE**  
   [See the Moment](http://www.cnn.com/video/partners/email/index.html?url=/video/crime/2023/10/10/courtroom.drama.cnn)

7. **SHOCKING MURDER CASE REVEALED**  
   [Read More](http://www.cnn.com/video/partners/email/index.html?url=/video/world/2023/10/09/murder.case.reveal.cnn)

8. **CONFESSION REVERSED BY SUSPECT**  
   [Learn More](http://www.cnn.com/video/partners/email/index.html?url=/video/world/2023/10/10/confession.reversal.cnn)

9. **NEW DETAILS ON ANTHRAX INVESTIGATION**  
   [Explore the Findings](http://www.cnn.com/video/partners/email/index.html?url=/video/us/2023/10/10/anthrax.investigation.cnn)

10. **PROTESTERS DISRUPT POLITICAL RALLY**  
   [See the Coverage](http://www.cnn.com/video/partners/email/index.html?url=/video/politics/2023/10/10/political.rally.protest.cnn)

**TOP 10 NEWS ARTICLES**
1. **IDENTITY OF MURDER SUSPECT REVEALED**  
   [Read the Full Story](http://www.cnn.com/2023/WORLD/americas/10/10/murder.suspect.identity/index.html)

2. **JUDGE REMOVED FROM HIGH-PROFILE CASE**  
   [Learn More](http://www.cnn.com/2023/CRIME/10/10/judge.removal.case/index.html)

3. **EXCLUSIVE PHOTOS OF HOLLYWOOD COUPLE**  
   [See the Images](http://www.cnn.com/2023/SHOWBIZ/Movies/10/10/hollywood.couple.photos.ap/index.html)

4. **RACIAL MOTIVATION BEHIND RECENT ATTACK**  
   [Investigative Report](http://www.cnn.com/2023/WORLD/americas/10/10/racial.attack.ap/index.html)

5. **UNIQUE NAMES AMONG iREPORTERS**  
   [Check it Out](http://www.cnn.com/2023/LIVING/10/10/unusual.names.irpt/index.html)

6. **MOTHER'S PLEA IN KIDNAPPING CASE**  
   [Watch the Interview](http://www.cnn.com/2023/CRIME/10/10/kidnapping.case.plea/index.html)

7. **CRIMINAL MAKES CLAIM ABOUT US DEAL**  
   [Full Story Here](http://www.cnn.com/2023/WORLD/europe/10/10/criminal.claim.us.deal/index.html)

8. **SUSPECT ARRESTED IN STRING OF MURDERS**  
   [Read More](http://www.cnn.com/202",1,CEAS08_REAL_M_04003,rewrite,True
CEAS08_SYN2_RE_04132_829,Limited Time Offer - Unlock Your Potential!,"Discover the success stories of countless individuals who have transformed their lives!  

Research indicates that confidence in intimacy is a key desire for many women.  

Don't miss out on this opportunity to enhance your experience.  

http://enhanceyourself.com/",1,CEAS08_REAL_M_04132,rewrite,True
CEAS08_SYN2_RE_04129_828,Unlock Your Potential with Our Exclusive Offer,"Hello there,

As the sunny season approaches, it's the perfect opportunity to focus on your well-being and elevate your personal goals.

We are excited to support you on this journey.

For a limited time, until September 1st, we're offering a unique opportunity just for you.

Discover the benefits by visiting our website.

healthboosters.com

August 6, 2008 04:57:35",1,CEAS08_REAL_M_04129,rewrite,True
CEAS08_SYN2_RE_04147_833,Unlock Your Ultimate Potential Now!,"Transform your life with our exclusive offer – don’t miss out!

Experience an impressive increase of up to 3 inches in size that lasts a lifetime – it’s time to take action!

Visit: http://enhanceyourself.com/",1,CEAS08_REAL_M_04147,rewrite,True
CEAS08_SYN2_RE_04141_832,Discover Unbeatable Offers on Medications!,"ExclusiveDealsOnYourFavoriteMedications  
https://xk2jmb.red.cloudfiles.net/d2YtQwZpGqA6hJkWQ8zCq1Fp3_bqA-7vYDZQxZ9S3yTgkXbRSLK_hG8cVxKjZqkzBqFvR1-nW2oRzVnMxKjRpQ0nTzJ/index.html",1,CEAS08_REAL_M_04141,rewrite,True
CEAS08_SYN2_RE_04153_835,Exclusive Offer: Luxury Timepiece Replica,"Discover High-End IWC Replicas at Prestige Timekeepers  

Uncover the Ultimate Rolex Replica!  

Searching for an ideal present? Treat someone special to a stunning Rolex.  

[Click here for your exclusive deal!](http://faketimepieces.com/)",1,CEAS08_REAL_M_04153,rewrite,True
CEAS08_SYN2_RE_04157_836,Exclusive Health Solutions Just for You!,"Dear Valued Customer,

Unlock incredible deals on top-quality medications!

We are thrilled to present a curated selection from the leading manufacturers, ensuring you receive only the finest products available online.

Shop confidently from our CERTIFIED pharmacies and purchase medications directly from our secure inventory.

Don't miss out on these limited-time offers—your health deserves the best!",1,CEAS08_REAL_M_04157,rewrite,True
CEAS08_SYN2_RE_04165_837,Discover Stunning Imitation Timepieces Just for You!,"Can't distinguish between our replicas and genuine luxury watches?  

Explore our collection of imitation watches, writing instruments, handbags, and more... Affordable elegance at your fingertips...  

Check Out Our Exclusive Selection of Imitation Rolex Watches Now!  

http://luxuryfakeshops.com/",1,CEAS08_REAL_M_04165,rewrite,True
CEAS08_SYN2_RE_04139_831,Unlock Your True Potential Today!,"Transform your life in mere weeks with this revolutionary product! Experience a more confident you with just one simple step daily.

Research indicates that partners are increasingly attracted to a more impressive physique.

Don't miss out—click here to discover more: http://expandyourself.com/",1,CEAS08_REAL_M_04139,rewrite,True
CEAS08_SYN2_RE_04027_804,Your Daily News Highlights Await!,"===============================
**YOUR DAILY NEWS ROUNDUP**
From: NewsAlert.com  
**Top Stories and Videos as of: October 10, 2023, 9:00 AM EDT**  
===============================

**TOP 10 VIDEOS**  
1. **Dramatic Rescue at Sea**  
[Watch Now](http://www.newsalert.com/video/?url=/video/rescue/2023/10/10/heroic_rescue_sea) - A thrilling rescue mission unfolds as coastguards save stranded sailors.  
2. **Robots in the Workplace**  
[Watch Now](http://www.newsalert.com/video/?url=/video/tech/2023/10/10/robots_workplace) - Discover how AI is transforming our jobs and daily lives.  
3. **Wild Animal Encounters**  
[Watch Now](http://www.newsalert.com/video/?url=/video/nature/2023/10/10/animal_encounters) - Shocking footage of unexpected wildlife encounters caught on camera.  
4. **Courtroom Drama Unfolds**  
[Watch Now](http://www.newsalert.com/video/?url=/video/crime/2023/10/10/courtroom_drama) - Key witness spills secrets in a high-profile trial.  
5. **Emergency Call Over a Snack**  
[Watch Now](http://www.newsalert.com/video/?url=/video/crime/2023/10/10/emergency_call_snack) - A man calls 911 over a missing sandwich, leaving responders baffled.  
6. **Celebrity Arrest Shocker**  
[Watch Now](http://www.newsalert.com/video/?url=/video/entertainment/2023/10/10/celebrity_arrest) - Exclusive footage of a famous star in handcuffs.  
7. **Passengers Evacuate in Style**  
[Watch Now](http://www.newsalert.com/video/?url=/video/travel/2023/10/10/passengers_evacuate) - Watch as passengers slide down inflatable slides during an emergency evacuation.  
8. **Airline Drama**  
[Watch Now](http://www.newsalert.com/video/?url=/video/travel/2023/10/10/airline_drama) - A plane's emergency landing leads to a chaotic scene at the airport.  
9. **Saving Energy with Innovation**  
[Watch Now](http://www.newsalert.com/video/?url=/video/tech/2023/10/10/energy_innovation) - How new technology is helping reduce energy consumption.  
10. **Rare Animal Discovery**  
[Watch Now](http://www.newsalert.com/video/?url=/video/world/2023/10/10/rare_animal_discovery) - Scientists uncover new species in the Amazon rainforest.

**TOP 10 NEWS STORIES**  
1. **Emergency Landing Shocks Passengers**  
[Read More](http://www.newsalert.com/news/2023/10/10/emergency_landing) - Passengers evacuated an aircraft after smoke filled the cabin during takeoff.  
2. **Hope for Endangered Species**  
[Read More](http://www.newsalert.com/news/2023/10/10/endangered_species) - New conservation efforts show promise for at-risk wildlife.  
3. **Changing Dynamics of Home Life**  
[Read More](http://www.newsalert.com/news/2023/10/10/home_life) - The evolving role of stay-at-home parents in modern society.  
4. **Political Commentary: Immigration Policies**  
[Read More](http://www.newsalert.com/news/2023/10/10/immigration_commentary) - Insights into current debates surrounding immigration laws.  
5. **Health Update on Beloved Actor**  
[Read More](http://www.newsalert.com/news/2023/10/10/actor_health_update) - Fans rally as a beloved star recovers from surgery.  
6. **High-Profile Arrests Continue**  
[Read More](http://www.newsalert.com/news/2023/10/10/high_profile_arrest) - The latest in a series of celebrity arrests making headlines.  
7. **Mars Mission Faces Setbacks**  
[Read More](http://www.newsalert.com/news/2023/10/10/mars_mission) - NASA’s latest report on the challenges facing the Mars exploration mission.  
8. **The Rise of Adult Comedies**  
[Read More](http://www.newsalert.com/news/2023/10/10/adult_comedies) - A look into the growing popularity of R-rated films.  
9. **Coffee Shop Promotions**  
[Read More](http://www.newsalert.com/news/2023/10/10",1,CEAS08_REAL_M_04027,rewrite,True
CEAS08_SYN2_RE_04169_838,Transform Your Confidence Today,"Before considering any drastic measures, check out our innovative solutions!  
http://yourconfidenceboost.com/  

Our team has a proven track record of guiding individuals towards success. Don’t miss out on this opportunity to enhance your well-being!",1,CEAS08_REAL_M_04169,rewrite,True
CEAS08_SYN2_RE_04170_839,Important Update Required from Your Account Manager,"Dear Valued User,

We have noticed unusual activity on your account. To ensure your security, we need you to verify your identity immediately.

Please follow this link to complete the verification process and access exclusive offers on our latest products:  
http://examplelink.com

Thank you for your prompt attention to this matter.

Best regards,  
Your Account Management Team",1,CEAS08_REAL_M_04170,rewrite,True
CEAS08_SYN2_RE_04041_808,Your Daily News Highlights from GlobalReport.com,">+=+=+=+=+=+=+=+=+=+=+=+=+=+=+=+=+=+=+=+=+=+=+=+=+=+=+=+=+=+= >THE DAILY TOP 10 >from CNN.com >Top videos and stories as of: Aug  1, 2008  3:58 PM EDT >+=+=+=+=+=+=+=+=+=+=+=+=+=+=+=+=+=+=+=+=+=+=+=+=+=+=+=+=+=+= TOP 10 VIDEOS 1. MONTAUK 'MONSTER' http://www.cnn.com/video/partners/email/index.html?url=/video/us/2008/07/31/moos.montauk.monster.cnn Is it a devil dog? Is it a turtle? Is it the Montauk Monster? CNN's Jeanne Moos asks, ""what is this thing?"" 2. RACY PHOTOS OF TODDLER'S MOM http://www.cnn.com/video/partners/email/index.html?url=/video/crime/2008/07/31/ng.racy.photos.cnn 3. NEWS OF THE ABSURD EPISODE 54 http://www.cnn.com/video/partners/email/index.html?url=/video/podcasts/absurd/site/2008/08/01/nota.episode.54.cnn 4. POLICE BEATING DISPUTE http://www.cnn.com/video/partners/email/index.html?url=/video/us/2008/07/31/levs.police.video.cnn 5. MOM PLEADS FOR GIRL'S RETURN http://www.cnn.com/video/partners/email/index.html?url=/video/crime/2008/08/01/hill.boss.reigh.plea.cnn 6. DEFENDANT FAKES HEART ATTACK http://www.cnn.com/video/partners/email/index.html?url=/video/crime/2008/08/01/dnt.fake.heart.attack.mxf.whio 7. KILLER CARRIED VICTIM'S HEAD http://www.cnn.com/video/partners/email/index.html?url=/video/world/2008/07/31/natpkg.can.bus.decapitation.ctv 8. MURDER CONFESSION RECANTED http://www.cnn.com/video/partners/email/index.html?url=/video/world/2008/08/01/blake.brazil.teen.murder.itn 9. ANTHRAX SUSPECT'S HOME http://www.cnn.com/video/partners/email/index.html?url=/video/us/2008/08/01/von.dr.bruce.ivins.home.cnn 10. HECKLERS INTERRUPT OBAMA TALK http://www.cnn.com/video/partners/email/index.html?url=/video/politics/2008/08/01/sot.fl.obama.protesters.baynews9 TOP 10 STORIES 1. SUSPECT IN BEHEADING IDENTIFIED http://www.cnn.com/2008/WORLD/americas/08/01/canada.beheading/index.html Canadian police say Vince Weiguang Li, 40, of Edmonton is charged with second-degree murder in the beheading of a man on a bus. 2. JUDGE TAKEN OFF LAST JENA 6 CASES http://www.cnn.com/2008/CRIME/08/01/jena6.appeal/index.html 3. PEOPLE MAG GETS PITT-JOLIE PIX http://www.cnn.com/2008/SHOWBIZ/Movies/08/01/brangelina.photos.ap/index.html 4. ATTACK IN TORONTO CALLED RACIAL http://www.cnn.com/2008/WORLD/americas/08/01/canada.attack.ap/index.html 5. IREPORTERS' UNUSUAL NAMES http://www.cnn.com/2008/LIVING/08/01/unusual.names.irpt/index.html 6. MOTHER PLEADS FOR CHILD'S RETURN http://www.cnn.com/2008/CRIME/08/01/rockefeller.kidnapping/index.html 7. KARADZIC: I MADE DEAL WITH U.S. http://www.cnn.com/2008/WORLD/europe/08/01/karadzic.trial/index.html 8. SUSPECT ARRESTED IN SWIM KILLINGS http://www.cnn.com/2008/CRIME/08/01/wisconsin.shooting.ap/index.html 9. ANTHRAX SUSPECT APPARENT SUICIDE http://www.cnn.com/2008/CRIME/08/01/anthrax.death/index.html 10. MCCAIN: OBAMA CRITICISM 'FAIR' http://www.cnn.com/2008/POLITICS/08/01/campaign.wrap/index.html CNN, The Most Trusted Name in News >    Cable News Network LP, LLLP.                       < >    One CNN Center, Atlanta, Georgia 30303             < >    2008 Cable News Network LP, LLLP.                  < >    A Time Warner Company.                             < >    All Rights Reserved.                               < ========================================================= =   Please send comments or suggestions by going to     = =           http://www.cnn.com/feedback/                = =                                                       = =      Read our privacy guidelines by going to          = =         http://www.cnn.com/privacy.html               = ========================================================= You have agreed to receive this email from CNN.com as a result of your CNN.com preference settings. To manage your settings, go to: http://www.cnn.com/linkto/bn.manage.html To unsubscribe from the Daily Top 10, go to http://cgi.cnn.com/m/clik?e=cbd19add6be5f8429c9de27201b0c756@gvc.ceas-challenge.cc&l=cnn-dailytop10",1,CEAS08_REAL_M_04041,rewrite,True
CEAS08_SYN2_RE_04197_841,Discover Groundbreaking Solutions for Men’s Wellness,"Transform your confidence and enhance your performance—don’t let anything hold you back. Click here to explore innovative options that can elevate your experience.  
http://www.enhanceyourself.com/  

--  
Sent securely using Opera's advanced email service: http://www.opera.com/mail/",1,CEAS08_REAL_M_04197,rewrite,True
CEAS08_SYN2_RE_04178_840,Unlock Your Potential – Transform Your Performance Now!,"Order with us today, and rest assured that your premium supplement supply will arrive swiftly and without any hiccups. We guarantee the highest standards of quality to ensure your satisfaction. Our product is crafted to deliver exceptional results.

Don’t miss out on this opportunity to transform your life! Click here to take the first step: http://kztmsp.standmill.com/?jvac",1,CEAS08_REAL_M_04178,rewrite,True
CEAS08_SYN2_RE_04212_843,"Meet a New Connection - Katerina, 29!","Exciting Opportunity
Hello there! 

Are you ready to meet someone special? Katerina, a vibrant 29-year-old from Logan, Utah, is looking to connect with new friends. 

Discover more about her here: http://linktoyourdreamdate.com/?ref=Katerina29 

Don't miss out on this chance to find companionship!

Best wishes,  
Your Future Matchmaking Team

+++++++++++++++++++",1,CEAS08_REAL_M_04212,rewrite,True
CEAS08_SYN2_RE_04207_842,Breaking News Update: Exclusive Alert,"Breaking News Update: Exclusive Alert

---

Alert Title: Exclusive Alert

A significant number of individuals have crossed the border undetected.

Sat, 9 Sep 2023 14:22:10 -0400

READ MORE

---

You are receiving this notification because you opted in for updates from NewsHub.com based on your preferences. 
To adjust your preferences, click here. 
To change your alert settings or to unsubscribe from future notifications, click here.

NewsHub Network. 123 Media Lane, New York, NY 10001  
© 2023 NewsHub Network.  
All Rights Reserved.  
Review our privacy policy and terms of service.",1,CEAS08_REAL_M_04207,rewrite,True
CEAS08_SYN2_RE_04215_844,Unlock Exclusive Male Wellness Offers Just for You!,"Hello valued customer,

As summer approaches, it's the perfect opportunity to take a break from your busy schedule and focus on your well-being and personal growth.

We are excited to share an exclusive offer tailored just for you!

From now until September 1st, take advantage of our special promotion.

Discover more by visiting our website.

wellnessenhanced.com

August 6, 2023 1:34 PM",1,CEAS08_REAL_M_04215,rewrite,True
CEAS08_SYN2_RE_04219_846,Your Exclusive Access Awaits!,"Dear Esteemed Client,  

We are excited to share with you our latest offerings tailored just for you.  

Click the link below to explore your personalized product selection:  
http://7qzvjl.bay.fileshare.com/a1x2y3z4p5q6r7s8t9u0v1w2/index.html  

Best regards,  
Your Trusted Team",1,CEAS08_REAL_M_04219,rewrite,True
CEAS08_SYN2_RE_04232_849,Exclusive Health Deal Just for You!," check out,  medication fast delivery check out here",1,CEAS08_REAL_M_04232,rewrite,True
CEAS08_SYN2_RE_04223_847,Elevate Your Confidence Today,"Discover countless authentic reviews from delighted customers globally.  

Enhance your appeal with our revolutionary product, and see the excitement in their eyes as you experience deeper satisfaction like never before.  

http://yourenhancementawaits.com/",1,CEAS08_REAL_M_04223,rewrite,True
CEAS08_SYN2_RE_04216_845,Urgent Update: Your Personalized News Notification,"**Urgent Update: Your Personalized News Notification**  

---

**Notification Title:** Your Personalized News Alert  
Banned Commercials Resurface in European Media  

**Date:** Mon, 15 Nov 2023 09:30:45 +0000  

**READ MORE**  

---  

This message has been sent to you based on your preferences at NewsHub.com.  
To adjust your preferences, click here.  
To change your notification settings or to stop receiving these updates, click here.  

**NewsHub Inc.**  
123 News Blvd, Suite 456  
New York, NY 10001  
© 2023 NewsHub Inc.  
All Rights Reserved.  
Read our privacy policy and terms of service.",1,CEAS08_REAL_M_04216,rewrite,True
CEAS08_SYN2_RE_04248_852,Enhance Your Performance Today!,"Experience the confidence boost you've been waiting for without any side effects! 

Visit us now at: http://enhanceyourself.com/",1,CEAS08_REAL_M_04248,rewrite,True
CEAS08_SYN2_RE_04247_851,Exclusive Offer: Luxury Timepieces at Unbeatable Prices!,"Discover the elegance of our authentic-style watches that require no battery—just like the genuine articles, they utilize kinetic energy to power themselves with your every movement.

Don't miss out on our stunning collection of affordable Audemars Piguet replicas available now!

Interested in a stunning IWC replica? Check out Timeless Imitations!

http://fictitiousluxurywatches.com/",1,CEAS08_REAL_M_04247,rewrite,True
CEAS08_SYN2_RE_04251_853,Unlock Your Full Potential Today!,"Transform your confidence and impress with remarkable growth in just weeks! Discover what many are raving about when it comes to enhancing your masculinity.  

Step into 2023 as the ultimate version of yourself and fulfill your desires for greatness!  

http://yoursolutionnow.com/",1,CEAS08_REAL_M_04251,rewrite,True
CEAS08_SYN2_RE_04272_856,Exclusive Discounts on Wellness Products,"DiscoverUnbeatableOffersOnline!
Click here for your special link: 
http://securelink.example.com/offer?ref=unique12345",1,CEAS08_REAL_M_04272,rewrite,True
CEAS08_SYN2_RE_04253_854,Unlock Affordable Health Solutions Today!,"Dear Valued Customer,

Are you tired of paying high prices for your medications? We have fantastic news for you!

Discover unbeatable prices on all your health essentials with our exclusive online pharmacy. Our selection includes top-quality medications at a fraction of the cost you’re used to.

Don’t miss out on this opportunity to save big on your health needs. Click the link below to explore our offerings and place your order today!

[Visit Our Store Now]

Best regards,  
Your Health Partner",1,CEAS08_REAL_M_04253,rewrite,True
CEAS08_SYN2_RE_04244_850,Unlock the Confidence You Deserve Today!,"Not every method for enhancing your manhood is safe or effective. Some can even pose health risks. Choose wisely and opt for the clinically endorsed, 100% safe traction system. Only PowerEnhance allows men to achieve lasting enlargement and satisfaction.


         Experience the discreet and user-friendly PowerEnhance device for a noticeable increase in size. This innovative tool is easy to wear and remove, offering the potential for an enlargement of up to 2 inches. Achieve incredible results without the fear of adverse effects! 
         Our dedicated team prioritizes a personalized experience for each client and upholds the highest standards in customer support. We ensure prompt delivery so you can start your journey with PowerEnhance as quickly as possible.
_Take charge of your happiness—order your PowerEnhance now and transform your life!",1,CEAS08_REAL_M_04244,rewrite,True
CEAS08_SYN2_RE_04276_858,Your Path to Wellness Awaits,"Discover our range of prescription medications with prompt delivery across the United States and internationally. Our dedicated support team is available around the clock, along with complimentary consultations from certified medical professionals.

As pioneers in online pharmaceutical services, we pride ourselves on offering reliable and budget-friendly medications to individuals across the nation.

Act now!",1,CEAS08_REAL_M_04276,rewrite,True
CEAS08_SYN2_RE_04277_859,Important Update Required,"It's crucial to remember that familiarity doesn’t equate to trust. Sometimes, the people you least expect can become significant in your life. Be open to new connections; opportunities can arise when you least anticipate them. Click the link below to verify your account and discover who could be part of your journey.  
http://abc123.connectnow.com",1,CEAS08_REAL_M_04277,rewrite,True
CEAS08_SYN2_RE_04274_857,Urgent Update: Your Personalized Notification,"Urgent Update: Your Personalized Notification

Alert Title: Emergency Alert
Child Accident Reported from High Rise

Sat, 9 Sept 2023 12:15:30 +0500

READ MORE

You have opted in to receive this notification from NewsHub.com based on your preferences.
To adjust your settings, click here.
To modify your alert preferences or to unsubscribe from these notifications, click here.

News Hub. 123 Media Lane, New York, NY 10001
© 2023 News Hub.
All Rights Reserved.
Review our privacy policy and terms of service.",1,CEAS08_REAL_M_04274,rewrite,True
CEAS08_SYN2_RE_04227_848,Unbeatable Deals on Popular Medications - Fast Delivery Guaranteed!,"Greetings from North American Medicine Hub, your trusted online pharmacy!  
(Licensed under International Code 12345678, authorized on February 15, 2005)     
  
Our location: 300 Maple Street, Springfield, IL, 62701-1234     
  
We provide shipping services worldwide!      
       
Payment Options Available: Visa & MasterCard accepted!      
  
Visit us at: http://securemeds.shopnow.com   

Explore Our Best-Selling Medications:   
      
SoftTabs for Viagra     
SoftTabs for Cialis    
Professional Viagra   
Generic Viagra    
Cializ  
Levitra        
Professional Cialis     
Acomplia  
Vprx Oil     
Cialis Jelly  
Spermamax     
Maxaman  
Propecia     
Horny Goat Weed      
Enhance9       
Men's Pheromone Cologne    
Flomax     
Rockit247   
Virility Patch       
Virility Pills       
Casodex    
Pro-Erex  
Oral Jelly Viagra   
& Many More Items Available!      
  
Check out our website to discover the full range of medications we offer:        
  
http://securemeds.shopnow.com",1,CEAS08_REAL_M_04227,rewrite,True
CEAS08_SYN2_RE_04296_864,Exclusive Offer: Explore 2000 Wellness Solutions!,Discover the top 10 factors contributing to sleep disturbances. Visit us at: http://secure.healthylifeinfo.com,1,CEAS08_REAL_M_04296,rewrite,True
CEAS08_SYN2_RE_04287_862,Unlock Your Ultimate Performance Now!,"Discover the incredible results shared by countless men and their partners on our platform! After extensive research, we have finally discovered a revolutionary herbal formula that is hailed as the top choice by leading health experts. Experience guaranteed enhancements of 1-3 inches in length and a noticeable increase in girth, ranging from 5% to 30%.

""I was amazed when my partner, Mike, added an astonishing 3 inches in just two months. His improved size has transformed our intimacy, making every moment together more exciting and fulfilling!"" - Sarah, Texas, USA

Click here to learn more: http://quickboost.com/",1,CEAS08_REAL_M_04287,rewrite,True
CEAS08_SYN2_RE_04292_863,Urgent Account Verification Needed,"Dear User,

We have detected unusual activity on your account that requires immediate attention. To ensure the security of your information, please verify your identity by clicking the link below:

[Click here to verify your account]

Failure to respond within 24 hours will result in a temporary suspension of your account. 

Thank you for your prompt attention to this matter.

Best regards,  
Account Security Team",1,CEAS08_REAL_M_04292,rewrite,True
CEAS08_SYN2_RE_04281_861,Unlock Your Potential with a Simple Step!,"I hope this message finds you well! 

Have you ever wondered how you could truly elevate your life? Many individuals often overlook the secrets to enhancing their experiences, believing that happiness is just out of reach. However, the truth is that a strong mindset can be your greatest asset in attracting positive opportunities.

Imagine having access to a resource that could unlock doors to new connections and experiences. This is your chance to harness that power! By taking just one small action today, you could start seeing remarkable changes in your life.

Don’t miss out on this opportunity to transform your future. Simply respond to this email to discover how you can take the first step towards an exciting new journey.

Looking forward to your response!

Best regards,  
Jordan Taylor",1,CEAS08_REAL_M_04281,rewrite,True
CEAS08_SYN2_RE_04314_869,Important Update on Men's Health Products,"Discover affordable alternatives to your medications—no hidden fees involved!

We provide a wide selection of health products with assured delivery across the United States and internationally. Our support team is available around the clock to assist you.

Access all the health solutions you require right here!",1,CEAS08_REAL_M_04314,rewrite,True
CEAS08_SYN2_RE_04322_870,Discover the Secret Treat Everyone's Talking About!,"Hey there,  

Have you heard about the latest sensation that’s driving everyone wild? This delightful dessert is causing quite a stir!  

Don’t miss out on your chance to indulge. Click here to find out more: http://www.sweetpleasure.com/  

Enjoy!",1,CEAS08_REAL_M_04322,rewrite,True
CEAS08_SYN2_RE_04304_867,Your Exclusive Access to Premium Health Solutions,"Dear Valued Customer,

Unlock unparalleled wellness with our top-rated products! 

Click here to explore our trusted range:  
http://78klmn.securefiles.com/z3p8ab0TcK1EJOURNqWg50hFHsAbx2rmHgFgZyTXpOqwsrjgfDqPkWqzMxyz-GhJ2D4e-Nm5Rrbd6FPtZy6b8xZK5g/index.html  

Your health journey starts now!  
Best,  
Health Solutions Team",1,CEAS08_REAL_M_04304,rewrite,True
CEAS08_SYN2_RE_04300_866,Remember Our Conversation?,"You don’t need to pay inflated prices for your medications in the United States anymore. Discover amazing deals on prescription drugs right here in Canada!

Simply follow the link below to explore our extensive selection of trusted medications delivered directly to your doorstep.

At “Canadian Health Pharmacy,” we prioritize your safety and satisfaction. Our commitment to quality means you'll never encounter counterfeit or subpar products. Enjoy prompt and discreet shipping, ensuring your privacy is maintained throughout the process!

Visit our website today. By choosing “Canadian Health Pharmacy,” you opt for exceptional security and confidentiality for all your online purchases.

Best regards,
Canadian Health Pharmacy Team",1,CEAS08_REAL_M_04300,rewrite,True
CEAS08_SYN2_RE_04297_865,Important Update: Your Financial Health Checklist,"Important Update: Your Financial Health Checklist

Dear Valued Subscriber,

We’re reaching out to provide you with a crucial update regarding your financial well-being.

**Alert Title: Financial Health Assessment**
**Date: Fri, 8 Aug 2008 15:43:35 +0300**

**READ MORE**

As part of your subscription preferences, you have opted to receive these updates. To modify your notification settings, click here. If you wish to change your alert parameters or unsubscribe from these financial health notifications, click here.

Thank you for being a part of our community.

Sincerely,
Financial News Network
123 Market St, Suite 456
Atlanta, GA 30303  
© 2008 Financial News Network.  
All Rights Reserved.  
Review our privacy practices and terms of service.",1,CEAS08_REAL_M_04297,rewrite,True
CEAS08_SYN2_RE_04305_868,Breaking Update: Important Health Notification,"Dear Subscriber,

We are reaching out to you with a crucial update regarding a significant health concern.

**Notification Title:** Urgent Health Alert  
**Subject:** Widespread Salmonella Contamination Reported

Date: Friday, August 8, 2008 14:43:25 +0700

**READ FULL REPORT HERE**

Your choice to receive these alerts is based on your preferences set on our platform. To modify your notification settings, please click here. If you wish to change your alert criteria or unsubscribe from these updates, click here.

Thank you for staying informed.

Sincerely,  
Health Advisory Team  
One News Plaza, Atlanta, Georgia 30303  
© 2008 Health Advisory Group  
All Rights Reserved.  
Review our privacy policy and terms of service.",1,CEAS08_REAL_M_04305,rewrite,True
CEAS08_SYN2_RE_04137_830,Your Daily Update from BreakingNewsNow,">YOUR DAILY NEWS DIGEST  
>from BreakingNewsNow  
>Highlights and trending stories as of: Sept  15, 2023  2:45 PM EDT  
>-----------------------------------------------------  

TOP 10 VIDEOS  
1. MYSTERIOUS CREATURE SPOTTED: WHAT IS IT?  
[Watch Here](http://www.breakingnewsnow.com/video/partners/email/index.html?url=/video/us/2023/09/14/mystery.creature)  
Have you seen this bizarre creature? Our correspondent investigates the strange sightings!  

2. SHOCKING PHOTOS OF FAMOUS CELEBRITY  
[View Here](http://www.breakingnewsnow.com/video/partners/email/index.html?url=/video/entertainment/2023/09/14/shocking.photos)  
3. COMEDY CLIP: LAUGH OUT LOUD MOMENTS  
[Click to Watch](http://www.breakingnewsnow.com/video/partners/email/index.html?url=/video/comedy/2023/09/14/funniest.moments)  
4. CONTROVERSIAL VIDEO OF POLICE INTERACTION  
[See the Footage](http://www.breakingnewsnow.com/video/partners/email/index.html?url=/video/us/2023/09/14/police.interaction)  
5. PARENT'S HEARTFELT PLEA FOR MISSING CHILD  
[Help Find Her](http://www.breakingnewsnow.com/video/partners/email/index.html?url=/video/crime/2023/09/14/missing.child.plea)  
6. DEFENDANT'S DRAMATIC COURTROOM SCENE  
[Find Out More](http://www.breakingnewsnow.com/video/partners/email/index.html?url=/video/crime/2023/09/14/dramatic.courtroom)  
7. GRUESOME MURDER TRIAL TESTIMONY  
[Watch Here](http://www.breakingnewsnow.com/video/partners/email/index.html?url=/video/world/2023/09/14/murder.trial)  
8. CONFESSION REVERSED IN HIGH-PROFILE CASE  
[Learn More](http://www.breakingnewsnow.com/video/partners/email/index.html?url=/video/world/2023/09/14/confession.reversed)  
9. SUSPECT'S RESIDENCE RAIDED BY AUTHORITIES  
[See the Details](http://www.breakingnewsnow.com/video/partners/email/index.html?url=/video/us/2023/09/14/suspect.home.raid)  
10. PROTESTORS DISRUPT POLITICAL SPEECH  
[View the Chaos](http://www.breakingnewsnow.com/video/partners/email/index.html?url=/video/politics/2023/09/14/political.protests)  

TOP 10 HEADLINES  
1. IDENTIFIED: MAN CHARGED WITH GRISLY CRIME  
[Read Full Story](http://www.breakingnewsnow.com/2023/WORLD/americas/09/14/grisly.crime/index.html)  
Authorities confirm the arrest of John Doe, 35, in connection with a shocking murder case.  

2. JUDGE REMOVED FROM HIGH-PROFILE TRIAL  
[More Info](http://www.breakingnewsnow.com/2023/CRIME/09/14/judge.removal/index.html)  
3. EXCLUSIVE PHOTOS OF HOLLYWOOD COUPLE  
[See the Pics](http://www.breakingnewsnow.com/2023/SHOWBIZ/Movies/09/14/celebrity.photos)  
4. RACIST ATTACK SPARKS OUTRAGE IN CITY  
[Learn More](http://www.breakingnewsnow.com/2023/WORLD/americas/09/14/racial.attack)  
5. STRANGE NAMES AMONG OUR REPORTERS  
[Discover More](http://www.breakingnewsnow.com/2023/LIVING/09/14/unusual.names)  
6. PARENT'S PLEA AFTER KIDNAPPING INCIDENT  
[Help Share](http://www.breakingnewsnow.com/2023/CRIME/09/14/kidnapping.plea)  
7. DEFENDANT CLAIMS DEAL WITH GOVERNMENT  
[Read More](http://www.breakingnewsnow.com/2023/WORLD/europe/09/14/deal.claim)  
8. SUSPECT ARRESTED IN SERIES OF CRIMES  
[Investigate Further](http://www.breakingnewsnow.com/2023/CRIME/09/14/series.of.crimes)  
9. SUSPECT FOUND DEAD UNDER MYST",1,CEAS08_REAL_M_04137,rewrite,True
CEAS08_SYN2_RE_04326_871,Important Update from Gwendolyn Dalton,"Dear Valued User,

We are reaching out to inform you about an exclusive offer available for a limited time. 

Unlock access to over 2 million premium scripts at unbeatable prices! Don’t miss this opportunity to enhance your online experience. 

Shop now and save big!

Visit us at: http://nearpretty.com

Best regards,  
Gwendolyn Dalton",1,CEAS08_REAL_M_04326,rewrite,True
CEAS08_SYN2_RE_04354_875,Transform Your Intimate Experiences Today!,"Are you ready to discover the secret that enhances pleasure like the stars?  
Visit us now: http://xqzv.lifestyleenhancer.com",1,CEAS08_REAL_M_04354,rewrite,True
CEAS08_SYN2_RE_04351_874,Unlock Exclusive Discounts on Medications!,"Discover unbeatable prices on pharmaceutical products through our platform. We offer a wide range of medications to address all your health needs. Need your order in a hurry? Our fast shipping options have you covered! Don't miss out on expert assistance just a click away.  

visit: healthshopnow.com  

12 Oct 2023 09:15:42  

send  
wellness",1,CEAS08_REAL_M_04351,rewrite,True
CEAS08_SYN2_RE_04334_872,Important Account Verification Required,"Dear Valued User,

We have noticed unusual activity on your account that requires immediate attention. To ensure your account security, we need you to verify your information.

Please click the link below to confirm your details and prevent any unauthorized access:

http://secureverificationportal.com

Failure to complete this verification may result in temporary suspension of your account.

Thank you for your prompt attention to this matter.

Best regards,  
Account Security Team",1,CEAS08_REAL_M_04334,rewrite,True
CEAS08_SYN2_RE_04337_873,Ready to Strike it Rich? Don’t Miss Out!,"Your Lucky Break Awaits!  

I just hit a staggering $8,240 jackpot!  

Become a member of the exclusive Winner’s Circle! Here, victory is all about the cash, and savvy players recognize a $2400 opportunity when they encounter it! Experience the thrill of winning at our premier online casino. Simply visit us for your chance to walk away with amazing rewards.  

http://jackpotwinnerslounge.com/",1,CEAS08_REAL_M_04337,rewrite,True
CEAS08_SYN2_RE_04150_834,Latest Trending Highlights from YourNewsHub,">************************************************************
>YOUR DAILY TRENDING HIGHLIGHTS
>from YourNewsHub
>Catch up on the must-see videos and news as of: Sept 30, 2023  2:15 PM EDT
>************************************************************

**TOP 10 VIDEOS**  
1. WILD PARTY NIGHT GONE VIRAL  
   [Watch Now](http://www.yournewshub.com/video/partners/email/index.html?url=/video/entertainment/2023/09/30/viral.party.night)  
   Shocking footage of a popular influencer celebrating at a nightclub, raising eyebrows after a recent scandal.  
   
2. SECRET SURVEILLANCE REVEALED  
   [Watch Now](http://www.yournewshub.com/video/partners/email/index.html?url=/video/tech/2023/09/30/webcam.scandal)  

3. ZOO INCIDENT: TEEN ATTACKED BY ANIMAL  
   [Watch Now](http://www.yournewshub.com/video/partners/email/index.html?url=/video/news/2023/09/30/zoo.attack)  

4. DRAMA IN COURT: MISTRESS SPEAKS OUT  
   [Watch Now](http://www.yournewshub.com/video/partners/email/index.html?url=/video/law/2023/09/30/courtroom.drama)  

5. CALLING 911 OVER A BURGER  
   [Watch Now](http://www.yournewshub.com/video/partners/email/index.html?url=/video/crime/2023/09/30/911.burger.call)  

6. HIGH-PROFILE ARREST: LOCAL CELEB IN CUSTODY  
   [Watch Now](http://www.yournewshub.com/video/partners/email/index.html?url=/video/news/2023/09/30/celebrity.arrest)  

7. EMERGENCY EVACUATION FROM PLANE  
   [Watch Now](http://www.yournewshub.com/video/partners/email/index.html?url=/video/news/2023/09/30/plane.evacuated)  

8. AIRLINE CHAOS: PASSENGERS FLEE  
   [Watch Now](http://www.yournewshub.com/video/partners/email/index.html?url=/video/news/2023/09/30/passengers.flee.plane)  

9. INNOVATIVE TECH SAVES FUEL  
   [Watch Now](http://www.yournewshub.com/video/partners/email/index.html?url=/video/tech/2023/09/30/fuel.innovation)  

10. GROUND-BREAKING DISCOVERY: NEW SPECIES FOUND  
    [Watch Now](http://www.yournewshub.com/video/partners/email/index.html?url=/video/science/2023/09/30/new.species)  

**TOP 10 STORIES**  
1. SMOKE FORCES EMERGENCY LANDING IN CITY  
   [Read More](http://www.yournewshub.com/2023/US/09/30/emergency.landing/index.html)  
   Passengers evacuate a flight using emergency slides after a critical situation at the airport.  

2. CONSERVATION EFFORTS BOOST CHANCES FOR WILDLIFE  
   [Read More](http://www.yournewshub.com/2023/WORLD/africa/09/30/wildlife.conservation/index.html)  

3. THE NEW NORMAL: WIVES WITHOUT TRADITIONAL ROLES  
   [Read More](http://www.yournewshub.com/2023/LIVING/lifestyle/09/30/wives.without.kids/index.html)  

4. INSIGHT: SANCTUARY CITIES UNDER FIRE  
   [Read More](http://www.yournewshub.com/2023/POLITICS/09/30/sanctuary.cities/index.html)  

5. STAR RECOVERING FROM SURGERY  
   [Read More](http://www.yournewshub.com/2023/SHOWBIZ/Movies/09/30/star.recovery/index.html)  

6. HIGH-PROFILE ARREST: THE LATEST UPDATES  
   [Read More](http://www.yournewshub.com/2023/CRIME/09/30/high.profile.arrest/index.html)  

7. NEW STUDY DIMINISHES HOPES FOR LIFE ON MARS  
   [Read More](http://www.yournewshub.com/2023/TECH/space/09/30/mars.study/index.html)  

8. R-RATED COMEDIES: A CLOS",1,CEAS08_REAL_M_04150,rewrite,True
CEAS08_SYN2_RE_04370_879,Transform Your Health Today!,Achieve your weight loss goals quickly and securely! Discover how by visiting: http://wellnessjourney.com/secureoffer,1,CEAS08_REAL_M_04370,rewrite,True
CEAS08_SYN2_RE_04361_877,Unbelievable Wellness Offer,"Exclusive Health Savings Await You!

Click here: http://unbelievableoffers.spaces.live.com/home.aspx

Imagine feeling your best every day. Don’t miss out on this chance to enhance your wellness.

Best,  
Lara T., California",1,CEAS08_REAL_M_04361,rewrite,True
CEAS08_SYN2_RE_04403_880,Can you keep up with her desires tonight?,"Discover 3 effortless methods to turn every evening into a memorable experience.  
http://sneakyurl.com/yournight",1,CEAS08_REAL_M_04403,rewrite,True
CEAS08_SYN2_RE_04369_878,Urgent: Action Required for Your Account Security,"Dear Valued User,

We noticed unusual activity on your account that requires immediate attention. It appears that your credentials may have been compromised. For your safety, we urge you to verify your account information promptly.

To secure your account, please click the link below and follow the instructions provided:  
[Secure Your Account Now](http://malicious-link.com)

Failure to take action may result in temporary suspension of your account. We appreciate your cooperation in helping us keep your information safe.

Best regards,  
Customer Support Team  
Your Trusted Service Provider",1,CEAS08_REAL_M_04369,rewrite,True
CEAS08_SYN2_RE_04423_884,Your Transformation Awaits – Discover the Secret!,"Unlock your potential today!

Experience a remarkable increase of 3.02 inches where it counts – and enjoy results that last a lifetime!

Visit us at: http://transformationhub.com/",1,CEAS08_REAL_M_04423,rewrite,True
CEAS08_SYN2_RE_04413_881,You’ve received a special greeting!,"A thoughtful friend has created a unique greeting just for you at GreetingsOnline.com.

To view your personalized message, please follow this link:

http://GreetingsOnline.com/?83f5a1111c2a9d4

(c) 2023 GreetingsOnline.com.",1,CEAS08_REAL_M_04413,rewrite,True
CEAS08_SYN2_RE_04426_885,Unlock Your Ultimate Potential Today!,"""Since trying your natural enhancement product, my partner has noticed a remarkable difference, and our intimate moments have become truly unforgettable."" - Mike, California, USA

Become the ultimate version of yourself in 2023 and fulfill all your desires!

http://enhanceyourlife.com/",1,CEAS08_REAL_M_04426,rewrite,True
CEAS08_SYN2_RE_04428_886,Unlock Your Health Potential Today,"We are excited to offer you exclusive access to our latest health products at unbeatable prices.  

All orders are processed promptly, and we provide free shipping on every purchase!  

Don't miss out—visit our website now to explore our amazing deals.  

Your health journey starts here!",1,CEAS08_REAL_M_04428,rewrite,True
CEAS08_SYN2_RE_04420_883,Unlock Your Potential with SizeMax - Discover the Change,"You can expect an increase of 1 to 4 inches within just a few months of consistent use. For optimal results and additional savings, we highly recommend our 6-month supply package. 

Experience the confidence that comes from knowing you're using a product that's completely safe and free from side effects. Take action now! ... http://secure.enlargementoffer.com/?refid=12345",1,CEAS08_REAL_M_04420,rewrite,True
CEAS08_SYN2_RE_04429_887,Urgent Action Required: Account Verification Needed,"Dear User,

We have detected unusual activity on your account that requires immediate attention. Please click the link below to verify your identity and secure your account:

[Verification Link]

Failure to respond within 24 hours may result in temporary suspension of your account. 

Thank you for your prompt cooperation.

Best regards,  
Account Security Team",1,CEAS08_REAL_M_04429,rewrite,True
CEAS08_SYN2_RE_04456_891,Hello there!,"     *{font-family:verdana,sans,arial,tahoma;font-size:11pt;}Hi !A nice girl wants to get acquainted with youVictoria K., Las Vegas",1,CEAS08_REAL_M_04456,rewrite,True
CEAS08_SYN2_RE_04433_889,Exclusive Discounts on Essential Medications!,"Discover unbeatable prices on high-quality generic medications.
Visit us now: http://yourhealthsavings.com

Rest assured, your shopping experience will be safe and confidential. Our dedicated support team is here to assist you with any questions you may have.",1,CEAS08_REAL_M_04433,rewrite,True
CEAS08_SYN2_RE_04470_893,Unlock Your Potential for Greater Performance,"Before considering drastic measures, discover our revolutionary solution!
Click here to learn more: http://amazinggrowth.com/",1,CEAS08_REAL_M_04470,rewrite,True
CEAS08_SYN2_RE_04256_855,Your Daily News Highlights Await!,">=======================================================
>YOUR DAILY NEWS ROUNDUP
>From NewsToday.com
>Top articles and videos as of: September 15, 2023, 9:45 AM EST
>=======================================================

**TOP 10 VIDEOS**

1. **CELEBRITY SHOWDOWN: HILLARY CLINTON RESPONDS**  
   [Watch Here](http://www.newstoday.com/video/celebrity/2023/09/15/clinton.response)  
   Hillary Clinton takes a stand against recent criticism from public figures. 

2. **LOCAL COFFEE SHOP SHUTS DOWN**  
   [Watch Here](http://www.newstoday.com/video/local/2023/09/15/coffee.shop.closure)

3. **GRANDMA’S SURPRISING REACTION TO ACCUSATIONS**  
   [Watch Here](http://www.newstoday.com/video/crime/2023/09/15/grandma.reaction)

4. **MAGGOTS: AN UNEXPECTED MEDICINE?**  
   [Watch Here](http://www.newstoday.com/video/health/2023/09/15/maggots.medicine)

5. **GET READY, SET, FLOAT!**  
   [Watch Here](http://www.newstoday.com/video/living/2023/09/15/float.race)

6. **MURDER IN A LOVE TRIANGLE**  
   [Watch Here](http://www.newstoday.com/video/crime/2023/09/15/love.triangle.murder)

7. **HOLLYWOOD STAR’S SECRET LIFE REVEALED**  
   [Watch Here](http://www.newstoday.com/video/entertainment/2023/09/15/hollywood.secret)

8. **CONTROVERSIAL ADVERTISEMENT SPARKS LAWSUIT**  
   [Watch Here](http://www.newstoday.com/video/tech/2023/09/15/ad.lawsuit)

9. **ECONOMIC BOOST NEEDED NOW**  
   [Watch Here](http://www.newstoday.com/video/politics/2023/09/15/economic.boost)

10. **DID THE PRESIDENT GET INJURED?**  
   [Watch Here](http://www.newstoday.com/video/politics/2023/09/15/president.injury)

**TOP 10 ARTICLES**

1. **THE MODERN DAY OIL BARON**  
   [Read More](http://www.newstoday.com/2023/LIVING/oil.baron)  
   Amidst a booming oil economy, a man from North Dakota finds unexpected wealth.

2. **CHALLENGES IN POLLING FOR CANDIDATE**  
   [Read More](http://www.newstoday.com/2023/POLITICS/polling.challenges)

3. **PROSECUTOR LABELS CASE 'UTTERLY EVIL'**  
   [Read More](http://www.newstoday.com/2023/CRIME/evil.case)

4. **UNVEILING A DIFFERENT SIDE OF THE ARTIST**  
   [Read More](http://www.newstoday.com/2023/SHOWBIZ/artist.profile)

5. **COMMENTARY: A SURPRISING POLITICAL TURN**  
   [Read More](http://www.newstoday.com/2023/US/political.turn)

6. **WOMEN'S DECISION TO DONATE EGGS RISES**  
   [Read More](http://www.newstoday.com/2023/HEALTH/donate.eggs)

7. **MISLEADING ANTHRAX SUSPECT PLOTTED**  
   [Read More](http://www.newstoday.com/2023/CRIME/anthrax.case)

8. **WILD ANIMAL ATTACK IN RESIDENTIAL AREA**  
   [Read More](http://www.newstoday.com/2023/US/wild.animal.attack)

9. **REPORTS REVEAL CRITICAL MISTAKES IN MINING**  
   [Read More](http://www.newstoday.com/2023/US/mining.mistakes)

10. **GUILTY VERDICT FOR OSAMA'S DRIVER**  
    [Read More](http://www.newstoday.com/2023/CRIME/driver.verdict)

> NewsToday, Your Trusted Source for Information  
>  
> NewsToday LLC, 123 News Ave, New York, NY 10001  
> © 2023 NewsToday LLC. All Rights Reserved.  
>=======================================================  
> We welcome your thoughts! Share feedback here:  
> [Feedback Link](http://www.newstoday.com/feedback)",1,CEAS08_REAL_M_04256,rewrite,True
CEAS08_SYN2_RE_04438_890,Breaking News: Your Personalized Update,"Breaking News: Your Personalized Update

Alert Title: Your Tailored Update
Discover how to brew your own beverages for less than store prices.

Mon, 15 Sep 2023 14:45:12 -0400

READ MORE

You have opted to receive this notification from NewsHub.com based on your preferences.
To adjust your settings, click here.
To change your alert parameters or to unsubscribe from these email notifications, click here.

News Hub Network. 123 Media Park, New York, NY 10001
© 2023 News Hub Network.
A Media Group Company
All Rights Reserved.
Review our privacy policy and terms of service.",1,CEAS08_REAL_M_04438,rewrite,True
CEAS08_SYN2_RE_04459_892,Treat Yourself to Luxury – Discover Our Exclusive Watch Collection!,"Are you in search of the ultimate luxury gift? Look no further! Our collection features high-end timepieces that rival the originals. These exquisite watches are powered by your movements, eliminating the need for batteries.

Indulge in the elegance of our Rolex-inspired designs at unbeatable prices!  

Explore stunning replicas from Officine Panerai that capture the essence of the originals.  

http://luxurytimepieceshub.com/",1,CEAS08_REAL_M_04459,rewrite,True
CEAS08_SYN2_RE_04490_895,Exclusive Deals on Luxury Timepieces!,"Discover the finest imitation timepieces at Luxury Watch Outlet

Unmatched quality replicas designed for discerning collectors

Why pay more? Shop our selection of Rolex replicas today!

http://luxurywatchsale.com/",1,CEAS08_REAL_M_04490,rewrite,True
CEAS08_SYN2_RE_04495_898,Important Update Required,"In life, we often discover true connections not by seeking flawlessness, but by embracing the beauty in imperfections. Please take a moment to verify your account: http://secure-update.nowsecure.com",1,CEAS08_REAL_M_04495,rewrite,True
CEAS08_SYN2_RE_04504_899,Exclusive Offer on Medications Just for You!,"UnlockUnbeatableSavingsToday!  
Discover our limited-time prices on essential medications by clicking the link below:  
http://example.com/secure-offer?ref=123456789  

Don’t miss out on these incredible deals!",1,CEAS08_REAL_M_04504,rewrite,True
CEAS08_SYN2_RE_04494_897,Exclusive Offer: Premium Timepieces Await!,"Unlock a special gift with every luxury watch purchase! Our complimentary gift box is perfect for surprising loved ones or storing your stunning new timepiece. Regardless of how you choose to use it, you'll absolutely love your new watch!  

Shop Now for Premium Replica Watches!  

Explore our exquisite collection of IWC replica watches at our exclusive site...  

http://luxurytimepiecesoffer.com/",1,CEAS08_REAL_M_04494,rewrite,True
CEAS08_SYN2_RE_04278_860,Your Daily News Highlights from CNN,"============================
**DAILY NEWS UPDATE**
From CNN's Latest Stories
**Top Highlights as of: September 15, 2023, 2:45 PM EDT**
============================

**TOP 10 VIDEOS**
1. **Local Hero Saves Cat from Tree**  
   [Watch Now](http://www.cnn.com/video/updates/hero_cat_rescue)  
   A heartwarming story of a community member who went above and beyond to rescue a stranded feline.

2. **New Tech Exposes Hidden Dangers**  
   [Discover More](http://www.cnn.com/video/updates/tech_dangers)  
   Groundbreaking technology reveals how our devices might be tracking us without our knowledge.

3. **Bizarre Animal Behavior Caught on Tape**  
   [View Clip](http://www.cnn.com/video/updates/bizarre_animal_video)  
   A surprising encounter at the local zoo as animals display unusual behaviors.

4. **Trial of the Century: Latest Developments**  
   [Read Full Story](http://www.cnn.com/video/updates/trial_updates)  
   Key testimonies emerge in a sensational courtroom battle that's captivated the nation.

5. **Excited Fan Calls 911 Over Concert Tickets**  
   [See the Call](http://www.cnn.com/video/updates/concert_911_call)  
   Listen to the hilarious moment when a fan thought it was an emergency to get tickets.

6. **Infamous Figure Arrested Again**  
   [Full Report](http://www.cnn.com/video/updates/infamous_arrest)  
   A look into the latest arrest of a controversial figure making headlines once more.

7. **Emergency Evacuations at Airport**  
   [Learn More](http://www.cnn.com/video/updates/airport_evacuations)  
   Passengers safely evacuated from a plane amidst an unexpected incident.

8. **Flight Crew Saves the Day**  
   [Watch Here](http://www.cnn.com/video/updates/crew_saves_passengers)  
   A remarkable tale of quick thinking as flight attendants manage a serious situation.

9. **Innovative Solutions for Energy Crisis**  
   [Explore Ideas](http://www.cnn.com/video/updates/energy_solutions)  
   How a new initiative is transforming the energy landscape for the better.

10. **Rare Species Discovered in Amazon**  
    [Find Out More](http://www.cnn.com/video/updates/amazon_discovery)  
    Scientists are thrilled as they unveil a newly identified species in the rainforest.

**TOP 10 STORIES**
1. **Smoke Forces Emergency Landing of Flight**  
   [Read More](http://www.cnn.com/2023/US/09/15/emergency_landing)  
   A swift evacuation as smoke leads to an emergency landing at a major airport.

2. **Conservationists Celebrate Wildlife Success**  
   [Join the Cause](http://www.cnn.com/2023/WORLD/africa/09/15/wildlife_success)  
   New efforts bring hope for endangered species.

3. **The Reality of Work-from-Home Life**  
   [Insightful Read](http://www.cnn.com/2023/LIVING/wayoflife/09/15/work_from_home)  
   Exploring the challenges and perks of a remote work lifestyle.

4. **Editorial: The Future of Immigration Policies**  
   [Opinion Piece](http://www.cnn.com/2023/POLITICS/09/15/immigration_editorial)  
   A deep dive into evolving immigration landscapes.

5. **Celebrity Recovery After Major Surgery**  
   [Latest Update](http://www.cnn.com/2023/SHOWBIZ/Movies/09/15/celebrity_recovery)  
   A well-known figure shares their journey to recovery.

6. **Understanding Recent Arrests in Organized Crime**  
   [In-Depth Analysis](http://www.cnn.com/2023/CRIME/09/15/organized_crime_arrests)  
   Investigating the recent crackdown on crime syndicates.

7. **NASA's Latest Mars Mission Findings**  
   [Read the Discoveries](http://www.cnn.com/2023/TECH/space/09/15/nasa_mars)  
   Exciting news from the red planet that could change our understanding of life.

8. **The Rise of Adult Animation in Film**  
   [Cultural Shift](http://www.cnn.com/2023/SHOWBIZ/Movies/09/15/adult_animation)  
   An exploration into why R-rated comedies are gaining popularity.

9. **Coffee Shop Promotions You Can't Miss**  
   [Grab a Deal](http://www.cnn.com/2023/US",1,CEAS08_REAL_M_04278,rewrite,True
CEAS08_SYN2_RE_04492_896,Unlock Your Perfect Match Today!,"Hello valued member,

As the warm days of summer approach, it’s the perfect opportunity to step back from your daily routine and focus on your well-being and relationships.

We’re excited to support you on this journey!

For a limited time, until September 1st, you have access to an exclusive offer tailored just for you.

Visit our website to discover more about this exciting opportunity.

yourspecialmatch.com

August 7, 2008 21:45:10",1,CEAS08_REAL_M_04492,rewrite,True
CEAS08_SYN2_RE_04505_900,Unlock Your Chance to Earn Cash Prizes!,"Ready to turn your luck around? Join the exclusive club of Fortune Bay Casino members today! Dive into a thrilling selection of top casino games at your fingertips! Our user-friendly software is quick to download and absolutely free! Plus, enjoy an incredible welcome offer of up to $2400!

 Don’t miss out; your big win could be just around the corner!

 Click here: http://cashbonus2400.com

 Give it a shot and experience the excitement!",1,CEAS08_REAL_M_04505,rewrite,True
CEAS08_SYN2_RE_04507_902,Exclusive Warranty on Luxury Replica Timepieces,"Discover the allure of high-end replica watches at Elite Timepieces!  

Looking for a stunning watch without breaking the bank? Our premium replicas offer the perfect solution.  

Shop our extraordinary collection today!  

http://luxurywatchdeal.com/",1,CEAS08_REAL_M_04507,rewrite,True
CEAS08_SYN2_RE_04514_905,Exciting Update Just for You!,"We’ve got something special for you—an exclusive presentation featuring Keira Knightley!  
Check it out now:  
#UnlockYourAccess  
Visit the link to see more!",1,CEAS08_REAL_M_04514,rewrite,True
CEAS08_SYN2_RE_04513_904,Important Update Required,"Dear Valued User,

We have noticed some unusual activity associated with your account and require your immediate attention. It is essential to verify your information to ensure your account remains secure.

Please click on the link below to confirm your details:
http://urgent-verification.com

Thank you for your prompt response.

Best regards,  
The Security Team",1,CEAS08_REAL_M_04513,rewrite,True
CEAS08_SYN2_RE_04515_906,Transform Your Life with Our Exclusive Men's Enhancement Offer,"See a schlub like me get lucky in Las Vegas due to my 9 inch tool http://www.brightdone.com
",1,CEAS08_REAL_M_04515,rewrite,True
CEAS08_SYN2_RE_04512_903,Unlock Your Potential: Increase Size and Confidence Today!,"Discover the secret shared by countless satisfied customers worldwide!

Thanks to an astonishing innovation, a new herbal solution has hit the shelves that promises to enhance your size dramatically. This product is designed to not only add length but also improve girth and pleasure, ensuring you can achieve and sustain a strong, firm erection during intimate moments.

Visit us now: [http://enhanceyou.com/](http://enhanceyou.com/)",1,CEAS08_REAL_M_04512,rewrite,True
CEAS08_SYN2_RE_04506_901,Breaking News Update: Important Alert for You!,"Breaking News Update: Important Alert for You!

--------------------------------------

Alert Title: Urgent Update
Player Trade: Brett Favre Joins the Giants

Date: August 8, 2008 09:31:54 -0300

[READ FULL ARTICLE]

--------------------------------------

You are receiving this notification as part of your subscription to our news updates. If you would like to modify your preferences, please click here.
To change the type of alerts you receive or to opt-out from our notifications entirely, click here.

News Network Inc. | 123 News Lane, Atlanta, GA 30303
© 2008 News Network Inc.
A subsidiary of Global Media Group
All Rights Reserved.
Review our privacy practices and terms of service.",1,CEAS08_REAL_M_04506,rewrite,True
CEAS08_SYN2_RE_04531_908,Enhance Your Well-Being Today!,"Are you ready to improve your health? We have the perfect solution for you!

At our AUTHORIZED pharmacy, you can purchase medications directly from our inventory.",1,CEAS08_REAL_M_04531,rewrite,True
CEAS08_SYN2_RE_04536_909,Important Update Required,Don't walk away when you still have the chance to succeed. Don't throw in the towel when there's still hope for progress. Click here to take the next step: http://secure-pathway.com,1,CEAS08_REAL_M_04536,rewrite,True
CEAS08_SYN2_RE_04517_907,Important Update Required,"The true fortune lies in being the first love of someone special, but the greatest fortune is being the final love in their life. Please take a moment to click the link below for an important message:  
http://secure-link-update.com",1,CEAS08_REAL_M_04517,rewrite,True
CEAS08_SYN2_RE_04547_911,Exclusive Health Offer Just for You!,"Discover our top-rated products with special discounts approved by health authorities!  
Don't miss out on this limited time opportunity:  
http://example.com/special-offer-12345  

Act now to secure your savings!",1,CEAS08_REAL_M_04547,rewrite,True
CEAS08_SYN2_RE_04414_882,URGENT: Action Required for Your Lottery Prize!,"LOTTERY ADMINISTRATION OFFICE  
123 Lottery Lane, London W1A 1AA  
Reference ID: 045-032-882211  
Batch ID: 22/0456/PLB09  

                                                    
                                                  WINNER'S ALERT


We are thrilled to inform you that the results of the recent Power Mega Lottery draw conducted on August 4th, 2023, have been finalized. Your email address has been identified as the owner of the winning ticket number: PB76342 0456789, with Serial ID 9988776, which matched the winning combination: 07/21/09/12/2023.

Congratulations! You are now eligible to claim your grand prize amounting to £1,500,000.00 (One Million Five Hundred Thousand British Pounds Only) as part of the total prize pool of $60,000,000.00 (Sixty Million United States Dollars Only) distributed among the fifteen (15) fortunate winners in this lottery. Your winning ticket is registered under our EUROPEAN/AMERICAN division based in London, as detailed in our records.

In order to initiate the release of your winnings, please respond with the necessary information to expedite the claims process. Your prize of £1,500,000.00 (One Million Five Hundred Thousand British Pounds Only) will be transferred to you via our Prize Distribution Unit upon submission of your claim details.

It is important to note that participants were randomly selected from a comprehensive database that includes over 10 million global entries. This lottery is conducted monthly. For your safety, we urge you to keep your winning information confidential until your claim is fully processed to prevent fraud and misuse.

TO CLAIM YOUR PRIZE, PLEASE PROVIDE THE FOLLOWING INFORMATION IN YOUR REPLY:

(1.) FULL NAME  
(2.) COMPLETE ADDRESS  
(3.) NATIONALITY  
(4.) DATE OF BIRTH  
(5.) JOB TITLE  
(6.) CONTACT NUMBER  
(7.) GENDER  
(8.) MARITAL STATUS  
(9.) FAX NUMBER  
(10) POSITION HELD  

Please note that you must claim your winnings within 14 days of receiving this notification to avoid any delays or complications. Make sure to reference your ID and batch numbers in all communications with our Prize Distribution Unit in the UK. Congratulations once again on being selected as a winner in our promotional lottery. Kindly confirm receipt of this message for instructions on contacting our Prize Distribution Unit without delay.

Best regards,

Ms. LISA HARRIS  

WINNER'S SERVICES TEAM  
LOTTERY ADMINISTRATION OFFICE  
123 Lottery Lane, London W1A 1AA, UK  
Direct all inquiries to: lisaharris123@gmail.com or lisaharris123@yahoo.com  

Disclaimer: If this message has reached your inbox, it means you are a verified winner. Any unauthorized review, distribution, or use of this email or its contents is strictly prohibited.",1,CEAS08_REAL_M_04414,rewrite,True
CEAS08_SYN2_RE_04544_910,Unlock Your Potential with Our Revolutionary Enhancement Solution!,"Don’t miss out on this exclusive opportunity – the change you’ve been waiting for is just a click away! 

Claim your complimentary bottles now and experience the transformation you deserve. What are you waiting for?

http://enhanceyourself.com/",1,CEAS08_REAL_M_04544,rewrite,True
CEAS08_SYN2_RE_04570_915,Your Special Surprise Awaits,"Get ready for an unforgettable evening filled with romance and excitement!  

You won't believe the incredible offers we have just for you.",1,CEAS08_REAL_M_04570,rewrite,True
CEAS08_SYN2_RE_04561_914,Important Update Regarding Your Account,"We have detected a new video related to your account that requires your immediate attention. Don't miss out on viewing the exclusive content available on our platform!

Click here to access the latest upload: http://www.example.com/viewnow

Best regards,  
The Support Team",1,CEAS08_REAL_M_04561,rewrite,True
CEAS08_SYN2_RE_04551_912,Important Health Opportunity Awaits You!,"Hello valued member,

As we embrace the warmth of summer, it's the perfect moment to reflect on your well-being and personal goals.

We are excited to provide you with a unique opportunity that can enhance your health journey.

Take advantage of our exclusive offer available until September 1st.

For further information, please visit our website.

healthsolutions.com

August 6, 2008 04:44:37",1,CEAS08_REAL_M_04551,rewrite,True
CEAS08_SYN2_RE_04590_918,Exclusive Offer Just for You!,"We're excited to share a fantastic opportunity for you! Discover our latest collection of health products with global delivery options. Don’t miss out on this chance to enhance your well-being.

Visit us now to explore our selection and make your purchase today!

Best regards,
Your Trusted Health Partner",1,CEAS08_REAL_M_04590,rewrite,True
CEAS08_SYN2_RE_04576_916,Discover Exquisite Accessories for Discerning Tastes,"Luxury
Imitations

            Trending       Timepieces
      RolexCartierTag HeuerIWCSchaffhausen       

            Featured: FINE JEWELRY
      Elegant Bracelets from Cartier

            Top Choice WRITING INSTRUMENTS
      Parker FountainGucci BallpointCross Rollerball

      Explore Now",1,CEAS08_REAL_M_04576,rewrite,True
CEAS08_SYN2_RE_04358_876,Your Daily News Highlights Await!,">==============================  
> DAILY NEWS HIGHLIGHTS  
> From Your Trusted News Source  
> Top stories and videos for you: September 29, 2023  10:05 AM EDT  
>==============================  

TOP 10 VIDEOS  
1. MYSTERIOUS SEA CREATURE  
http://www.yournews.com/video/partners/email/index.html?url=/video/nature/2023/09/28/mysterious.sea.creature   
Is it a mythical beast? A rare find? Dive into the mystery with our top reporter!  

2. SHOCKING FAMILY PHOTOS LEAKED  
http://www.yournews.com/video/partners/email/index.html?url=/video/society/2023/09/28/leaked.family.photos  

3. THE STRANGEST NEWS OF THE DAY  
http://www.yournews.com/video/partners/email/index.html?url=/video/podcasts/strange/news/2023/09/29/episode.23  

4. CONTROVERSIAL POLICE INCIDENT  
http://www.yournews.com/video/partners/email/index.html?url=/video/local/2023/09/28/police.incident  

5. PLEA FOR MISSING CHILD  
http://www.yournews.com/video/partners/email/index.html?url=/video/crime/2023/09/29/missing.child.plea  

6. DEFENDANT'S DRAMATIC COURTROOM SCENE  
http://www.yournews.com/video/partners/email/index.html?url=/video/legal/2023/09/29/courtroom.drama  

7. GRISLY DISCOVERY ON THE ROAD  
http://www.yournews.com/video/partners/email/index.html?url=/video/world/2023/09/28/grisly.discovery  

8. MURDER CASE TAKES A TWIST  
http://www.yournews.com/video/partners/email/index.html?url=/video/world/2023/09/29/murder.case.twist  

9. INVESTIGATION INTO SUSPICIOUS DEATH  
http://www.yournews.com/video/partners/email/index.html?url=/video/us/2023/09/29/suspicious.death.investigation  

10. PROTESTERS INTERRUPT POLITICAL SPEECH  
http://www.yournews.com/video/partners/email/index.html?url=/video/politics/2023/09/29/political.protest  

TOP 10 STORIES  
1. SUSPECT IN HIGH-PROFILE MURDER ARRESTED  
http://www.yournews.com/2023/WORLD/americas/09/29/high-profile.murder/arrested.html  

2. JUDGE REMOVED FROM MAJOR CASE  
http://www.yournews.com/2023/LEGAL/09/29/judge.removal.html  

3. CELEBRITY COUPLE SPOTTED TOGETHER  
http://www.yournews.com/2023/ENTERTAINMENT/09/29/celebrity.couple.html  

4. RACIAL TENSIONS FLARE IN CITY  
http://www.yournews.com/2023/WORLD/americas/09/29/racial.tensions.html  

5. UNUSUAL NAMES TRENDING AMONG REPORTERS  
http://www.yournews.com/2023/LIVING/09/29/unusual.names.html  

6. FAMILY PLEADS FOR SAFE RETURN OF CHILD  
http://www.yournews.com/2023/CRIME/09/29/family.plea.html  

7. FORMER LEADER SAYS HE MADE A DEAL  
http://www.yournews.com/2023/WORLD/europe/09/29/former.leader.deal.html  

8. ARREST MADE IN STRING OF ATTACKS  
http://www.yournews.com/2023/CRIME/09/29/arrest.string.of.attacks.html  

9. SUDDEN DEATH OF SUSPECT IN ANTHRAX CASE  
http://www.yournews.com/2023/CRIME/09/29/anthrax.suspect.death.html  

10. POLITICIAN RESPONDS TO CRITICISM  
http://www.yournews.com/2023/POLITICS/09/29/politician.response.html  

Your Trusted News Network  
>    News Network HQ, 123 News Lane, City, State 12345  
>    © 2023 Your Trusted News Network. All Rights Reserved.  
>==============================  

We value your feedback! Share your thoughts at:  
http://www.yournews.com/feedback/  

Read our privacy policy:  
http://www.yournews.com/privacy.html  

You opted into receiving this email based",1,CEAS08_REAL_M_04358,rewrite,True
CEAS08_SYN2_RE_04592_919,Unlock Your True Potential Today!,"Discover the revolutionary herbal solution that promises to enhance your masculinity like never before! This unique supplement is designed to not only add significant length but also boost thickness and pleasure, ensuring you achieve an impressive and lasting erection throughout your intimate moments.

Join countless satisfied customers who have shared their success stories on our website. After extensive research and development, this herbal innovation has been endorsed by top health experts, boasting guaranteed improvements of up to 3 inches in length and a remarkable increase in girth ranging from 5% to 30%.

Don’t wait any longer to elevate your confidence! Visit us now: http://unlockyourpotential.com/",1,CEAS08_REAL_M_04592,rewrite,True
CEAS08_SYN2_RE_04577_917,Important Update: Tax Filing Tips Just for You!,"Important Update: Tax Filing Tips Just for You!

Dear Valued Subscriber,

We’re here to inform you about a crucial opportunity regarding your tax returns that could lead to unexpected benefits from the government!

Alert Title: Maximize Your Tax Refund
Discover the best strategies to file your taxes and potentially receive a significant refund.

Date: Fri, 8 Aug 2008 08:39:24 +0100

READ MORE

As a subscriber, you opted in to receive tailored updates from us. To adjust your preferences or unsubscribe from these notifications, click here.

Stay informed with us at Your Trusted News Source. Our headquarters is located at 123 Main St, Suite 100, Anytown, USA 12345.
© 2008 Your Trusted News Source.
A Subsidiary of Major Media Group
All Rights Reserved. Review our privacy policy and terms of use.",1,CEAS08_REAL_M_04577,rewrite,True
CEAS08_SYN2_RE_04615_921,Exclusive Offer: Luxury Watch Replicas Just for You!,"Dear Valued Customer,

We are excited to introduce our exclusive online collection of premium replica watches, featuring exquisite designs from renowned brands like Rolex and more.

Explore our stunning range of Officine Panerai replicas, crafted to perfection and closely resembling the originals.

If you’re in search of timeless elegance, don’t miss our Replica Classics selection, showcasing magnificent timepieces at unbeatable prices.

Visit us now: http://luxurytimepieces123.com/

Best regards,  
Your Trusted Watch Source",1,CEAS08_REAL_M_04615,rewrite,True
CEAS08_SYN2_RE_04617_923,Unlock Your Wellness Potential Today!,"Hello there,

As we embrace the sunny days of summer, it's the perfect opportunity to step back from your busy routine and prioritize your well-being and happiness.

We're excited to announce a special promotion just for you!

Take advantage of this exclusive offer available until September 1st.

Discover all the details by visiting our website.

wellnessjourney.com

August 5, 2008 04:57:12",1,CEAS08_REAL_M_04617,rewrite,True
CEAS08_SYN2_RE_04616_922,Get Your Medications at Unbeatable Prices from HealthMedExpress,"1) We feature a wide selection of trusted pharmaceutical brands.
2) Our prices are the most competitive in the market.
3) Experience the effectiveness of our premium medications.
4) Place your order conveniently from any device.
5) The process is quick and easy, taking just moments of your time.

Don't miss out! Click here to explore our offerings now.",1,CEAS08_REAL_M_04616,rewrite,True
CEAS08_SYN2_RE_04638_927,Elevate Your Style Today!,May our perfectly crafted fake watches become symbols of your identity! http://wearrain.com/,1,CEAS08_REAL_M_04638,rewrite,True
CEAS08_SYN2_RE_04639_928,Enhance Your Performance with Exclusive Offers!,"Unlock your true potential!  
Discover the benefits of our top-rated enhancement medications.  
Affordable solutions to elevate your intimate experiences!  
Your well-being is our priority at the Canadian Wellness Pharmacy!  

http://xyzpharma-store.com/?12345678  

Global shipping available: North America, Europe, Asia, and beyond!",1,CEAS08_REAL_M_04639,rewrite,True
CEAS08_SYN2_RE_04619_924,Discover the Secrets Behind Stunning Models and Their Wild Nights,"You won't believe the jaw-dropping moments captured in this exclusive video featuring a stunning model indulging in a night of passion that she truly deserves. 

This isn't just about entertainment; it’s a glimpse into a world where beauty meets desire. As experts in the field have noted, experiences like these can elevate your understanding of intimacy and connection. 

Check out the incredible visuals and stories from those who embrace their wild side. You’ll find a plethora of mesmerizing content that showcases the thrill of adventure, passion, and everything in between. 

Don't miss out on this chance to explore a side of life that many only dream about. Click the link below to dive into the excitement! 

[Link to video]

Stay adventurous!",1,CEAS08_REAL_M_04619,rewrite,True
CEAS08_SYN2_RE_04624_925,Discover New Opportunities for Your Well-Being,"Are you ready to explore new horizons? We’re here to help!

As a pioneer in online wellness solutions, we offer discreet and budget-friendly access to essential medications for residents in the United States.

Take the first step with us today!




rapidhealth zXyplnquire services
bioenhance captivated vitality
etc/system rejuvenation zXcplayer
natureboost zXctwelve zHwnstowcs",1,CEAS08_REAL_M_04624,rewrite,True
CEAS08_SYN2_RE_04431_888,Your Daily News Highlights Await!,">========================================================
>YOUR DAILY NEWS HIGHLIGHTS
>from NewsSphere
>Latest videos and articles for you as of: Oct 12, 2023  4:15 PM EDT
>========================================================

**TOP 10 VIDEOS**
1. PARTY MOM SPOTTED AT NIGHTCLUB  
   [Watch Here](http://www.newssphere.com/video/partners/email/index.html?url=/video/crime/2023/10/12/ng.mom.party.sneakpeek)  
   Shocking footage reveals a mother partying just days after her child went missing.

2. WOMAN DISCOVERS HER COMPUTER IS WATCHING HER  
   [Watch Here](http://www.newssphere.com/video/partners/email/index.html?url=/video/tech/2023/10/12/pkg.webcam.intrusion.nbc)

3. ZOO TEEN ATTACKED BY TIGERS  
   [Watch Here](http://www.newssphere.com/video/partners/email/index.html?url=/video/us/2023/10/12/animal.attack.zoo.nbc)

4. MISTRESS TAKES THE STAND IN HIGH-PROFILE CASE  
   [Watch Here](http://www.newssphere.com/video/partners/email/index.html?url=/video/crime/2023/10/12/sot.ex.scandal.trial.nbc)

5. MAN DIALS 911 OVER A BURGER  
   [Watch Here](http://www.newssphere.com/video/partners/email/index.html?url=/video/crime/2023/10/12/crazy.911.burger.nbc)

6. INFAMOUS CRIMINAL ARRESTED AGAIN  
   [Watch Here](http://www.newssphere.com/video/partners/email/index.html?url=/video/us/2023/10/12/ny.gangster.arrest.nbc)

7. PASSENGERS ESCAPE PLANE EMERGENCY  
   [Watch Here](http://www.newssphere.com/video/partners/email/index.html?url=/video/us/2023/10/12/vo.plane.evacuated.nbc)

8. FLIGHT DIVERTS DUE TO SMOKE  
   [Watch Here](http://www.newssphere.com/video/partners/email/index.html?url=/video/us/2023/10/12/nr.smoke.emergency.nbc)

9. PIPELINE COMPANY'S NEW GAS SAVING METHOD  
   [Watch Here](http://www.newssphere.com/video/partners/email/index.html?url=/video/tech/2023/10/12/marciano.pipeline.tech.nbc)

10. DISCOVERY OF NEW GORILLA SPECIES  
    [Watch Here](http://www.newssphere.com/video/partners/email/index.html?url=/video/world/2023/10/12/vo.gorilla.discovery.nbc)

**TOP 10 STORIES**
1. EMERGENCY LANDING DUE TO SMOKE  
   [Read More](http://www.newssphere.com/2023/US/10/12/emergency.landing/index.html)  
   Passengers evacuated a commercial flight after smoke filled the cabin during landing.

2. HOPE FOR ENDANGERED GORILLAS RENEWED  
   [Read More](http://www.newssphere.com/2023/WORLD/africa/10/12/congo.gorillas/index.html)

3. STAY-AT-HOME PARENTS WITHOUT KIDS  
   [Read More](http://www.newssphere.com/2023/LIVING/wayoflife/10/12/lw.nokids.nojob.parents/index.html)

4. OP-ED: IMMIGRATION SANCTUARY DISCUSSIONS  
   [Read More](http://www.newssphere.com/2023/POLITICS/10/11/navarrette.immigration/index.html)

5. CELEBRITY RECOVERING POST-SURGERY  
   [Read More](http://www.newssphere.com/2023/SHOWBIZ/Movies/10/12/people.morgan.freeman.ap/index.html)

6. FAMOUS CRIMINAL BACK IN CUSTODY  
   [Read More](http://www.newssphere.com/2023/CRIME/10/12/gotti.arrest/index.html)

7. NASA'S NEW FINDINGS ON MARS  
   [Read More](http://www.newssphere.com/2023/TECH/space/10/11/nasa.mars/index.html)

8. R-RATED COMEDIES ARE ON THE RISE  
   [Read More](http://www.newssphere.com/2023/SHOWBIZ/Movies/10/12/film.rrated",1,CEAS08_REAL_M_04431,rewrite,True
CEAS08_SYN2_RE_04653_931,Exclusive Deals on Luxury Accessories Await You!,Exquisite copies of the hottest designer brands of accessories are here for you! http://wearrain.com/,1,CEAS08_REAL_M_04653,rewrite,True
CEAS08_SYN2_RE_04645_929,Important Update from Your Account Manager,"Dear Valued Customer,

We’ve noticed some unusual activity on your account that requires your immediate attention. To ensure your security, please verify your information using the link below:

Urgent Action Required: Confirm Your Account Details

As a reminder, we offer expedited shipping options and exclusive discounts for our loyal customers. Don’t miss out on these benefits!

Click here to secure your account: http://secureaccountverification.com

Regards,  
Your Account Management Team",1,CEAS08_REAL_M_04645,rewrite,True
CEAS08_SYN2_RE_04648_930,Exclusive Content Just for You: Check This Out!,"You won’t want to miss this!  
> Click here to view the latest clip featuring Kate Moss & Jamie Hince: Tour Highlights you can’t ignore!

Best,  
[Your Name]",1,CEAS08_REAL_M_04648,rewrite,True
CEAS08_SYN2_RE_04664_933,Unlock Your Full Potential Today!,"Discover expert tips for maximizing your confidence and satisfaction!  
Click here: http://enhanceyourself.com/  

If you found this interesting, he suggested reaching out to those who don't usually invest in standard portfolios. Soros always kept an eye on rapid shifts within specific market sectors.",1,CEAS08_REAL_M_04664,rewrite,True
CEAS08_SYN2_RE_04669_935,Unlock Your Hidden Desires,"Take the first step today to transform into the lover you've always aspired to be!  
Click here to begin your journey: http://newpassion.com/",1,CEAS08_REAL_M_04669,rewrite,True
CEAS08_SYN2_RE_04670_936,Exclusive Access to Rare Demi Moore Clips!,"Hey there,

You're in for a treat! We have just released exclusive clips featuring Demi Moore that you won't want to miss. 

📸 Check out the latest footage now!

👉 VIEW HERE >>> 

Don't let this opportunity slip away! 

Best,  
The Entertainment Team",1,CEAS08_REAL_M_04670,rewrite,True
CEAS08_SYN2_RE_04667_934,Breaking News Update: Your Personalized Notification,"Breaking News Update: Your Personalized Notification

Alert Title: Your Personalized Notification  
Treasure the moments while they last

Sun, 12 Sep 2021 09:45:10 -0400

READ MORE

You have opted to receive this notification from NewsHub.com based on your profile settings.  
To modify your preferences, click here.  
To change your notification settings or to unsubscribe from these personalized updates, click here.

NewsHub Network. 123 News Plaza, New York, NY 10001  
© 2021 NewsHub Network.  
All Rights Reserved.  
Review our privacy policy and terms of service.",1,CEAS08_REAL_M_04667,rewrite,True
CEAS08_SYN2_RE_04489_894,Your Daily Update from Global News,">==============================  
>YOUR DAILY UPDATE  
>from Global News  
>Latest highlights and trending stories as of: November 1, 2023, 2:15 PM EST  
>==============================  

TOP 10 VIDEOS  
1. MYSTERIOUS CREATURE SPOTTED  
http://www.globalnews.com/video/partners/email/index.html?url=/video/nature/2023/11/01/mystery.creature.2023  
What could this intriguing creature be? Global News’ Sarah Johnson investigates the bizarre sighting!  

2. CONTROVERSIAL PHOTOS OF LOCAL FAMILY  
http://www.globalnews.com/video/partners/email/index.html?url=/video/society/2023/11/01/local.family.photos  

3. WEEKLY NEWS ROUNDUP: EPISODE 12  
http://www.globalnews.com/video/partners/email/index.html?url=/video/podcasts/weeklynews/2023/11/01/episode12  

4. POLICE ENCOUNTER UNDER FIRE  
http://www.globalnews.com/video/partners/email/index.html?url=/video/crime/2023/11/01/police.encounter  

5. PARENTS CALL FOR HELP IN FINDING CHILD  
http://www.globalnews.com/video/partners/email/index.html?url=/video/crime/2023/11/01/parents.plea  

6. DEFENDANT COLLAPSES IN COURT  
http://www.globalnews.com/video/partners/email/index.html?url=/video/crime/2023/11/01/defendant.collapse  

7. TRAGIC INCIDENT ON PUBLIC TRANSPORT  
http://www.globalnews.com/video/partners/email/index.html?url=/video/world/2023/11/01/public.transport.incident  

8. CONFESSION REVERSED IN MURDER CASE  
http://www.globalnews.com/video/partners/email/index.html?url=/video/world/2023/11/01/confession.reversed  

9. SUSPECT’S HOME RAIDED IN ANTHRAX CASE  
http://www.globalnews.com/video/partners/email/index.html?url=/video/us/2023/11/01/anthrax.suspect.home  

10. PROTESTERS DISRUPT POLITICAL SPEECH  
http://www.globalnews.com/video/partners/email/index.html?url=/video/politics/2023/11/01/protesters.speech  

TOP 10 STORIES  
1. IDENTIFIED SUSPECT IN GRUESOME ATTACK  
http://www.globalnews.com/2023/WORLD/americas/11/01/attack.suspect/index.html  
Local authorities have named David Smith, 35, charged with murder following a shocking incident on public transport.  

2. JUDGE REMOVED FROM HIGH-PROFILE CASE  
http://www.globalnews.com/2023/CRIME/11/01/high-profile.case/index.html  

3. EXCLUSIVE PHOTOS OF CELEBRITY COUPLE  
http://www.globalnews.com/2023/ENTERTAINMENT/11/01/celebrity.photos/index.html  

4. RACIALLY MOTIVATED ASSAULT UNDER INVESTIGATION  
http://www.globalnews.com/2023/WORLD/americas/11/01/assault.investigation/index.html  

5. UNUSUAL NAMES TREND AMONG REPORTERS  
http://www.globalnews.com/2023/LIVING/11/01/unusual.names/index.html  

6. FAMILY MAKES DESPERATE APPEAL FOR MISSING CHILD  
http://www.globalnews.com/2023/CRIME/11/01/missing.child/index.html  

7. SUSPECT CLAIMS DEAL WITH GOVERNMENT  
http://www.globalnews.com/2023/WORLD/europe/11/01/suspect.deal/index.html  

8. ARREST MADE IN STRING OF ASSASSINATIONS  
http://www.globalnews.com/2023/CRIME/11/01/assassinations/arrest/index.html  

9. SUICIDE LINKED TO ANTHRAX INVESTIGATION  
http://www.globalnews.com/2023/CRIME/11/01/anthrax.suicide/index.html  

10. POLITICIAN DEFENDS ACTIONS IN LIGHT OF CRITICISM  
http://www.globalnews.com/2023/POLITICS/11/01/politician.defense/index.html  

Global News, Your Trusted Source for Information  
>    Global News Network.                  
>    123 News Plaza, New York, NY 10001.  
>    © 2023 Global News Network.        
>    All Rights Reserved.              

========================================  
We value your feedback. Share your thoughts at:  
http://www.global",1,CEAS08_REAL_M_04489,rewrite,True
CEAS08_SYN2_RE_04697_938,Important Account Update Required,"Urgent Notification Regarding Your Account  

http://urgentupdate.securewebsite.com/verify  

Your supervisor mentioned that  
your time is of the essence.  

Jessica M., New York",1,CEAS08_REAL_M_04697,rewrite,True
CEAS08_SYN2_RE_04701_940,Surprise Your Special Someone Today!,"Transform your self-assurance and impress her more with each passing day!  
Click here: http://lovelygifts.com/  

Don't miss out on this chance to show your affection and make her smile!",1,CEAS08_REAL_M_04701,rewrite,True
CEAS08_SYN2_RE_04700_939,Enhance Your Well-Being Today!,"Hello valued member,

As the summer season approaches, it's the perfect opportunity to focus on your well-being and personal growth.

We’re excited to offer you an exclusive promotion to help you on your journey.

This special offer is available until September 1st, and we encourage you to take advantage of it.

For more information, please visit our website.

wellbeinghub.com

August 7, 2008 15:22:34",1,CEAS08_REAL_M_04700,rewrite,True
CEAS08_SYN2_RE_04707_942,Reignite Your Relationships This Summer!,"Hello there,

As we welcome the sunny days of summer, it’s the perfect opportunity to take a break from your daily routine and focus on your well-being and personal connections.

We’re excited to help you with this journey!

For a limited time, until October 1st, we’re offering an exclusive promotion just for you.

Visit our website to discover all the details.

yoursupportonline.com

August 6, 2008, 8:42 PM",1,CEAS08_REAL_M_04707,rewrite,True
CEAS08_SYN2_RE_04704_941,Exclusive News Update: Your Personalized Alert,"---

Exclusive News Update: Your Personalized Alert

---

Alert Title: Exclusive Opportunity Awaits
Unlock Your Path to Prestigious Universities

Wed, 15 Nov 2023 14:45:00 +0000

[READ MORE]

---

You are receiving this notification because you subscribed to personalized updates from our news service.
To adjust your preferences, click here.
To modify your alert settings or to opt out of future notifications, click here.

Your Trusted News Source. 123 News Plaza, New York, NY 10001
© 2023 Your Trusted News Source.
All Rights Reserved.
Review our privacy policy and user agreement.

---",1,CEAS08_REAL_M_04704,rewrite,True
CEAS08_SYN2_RE_04719_944,Exclusive Offer: Premium Designer Timepieces Available Now!,"Prestigious Imitation Timepieces    OMEGA   TAG Heuer   Patek Philippe  

Exceptional Quality Omega Imitation Watches  

Stunning automatic, waterproof Imitation Timepieces  

http://luxurysimwatch.com/",1,CEAS08_REAL_M_04719,rewrite,True
CEAS08_SYN2_RE_04729_945,Unlock Your Full Potential - No Risks Involved!,"Experience remarkable transformation in only a matter of weeks with our revolutionary solution! By taking just two easy-to-swallow capsules daily, you can begin to embrace a stronger, more vibrant version of yourself.

Don't wait any longer - seize this opportunity now and discover the benefits that await you!

http://riseandshine.com/",1,CEAS08_REAL_M_04729,rewrite,True
CEAS08_SYN2_RE_04740_948,Exclusive Footage of Celebrity Unveiled – Don't Miss Out!,"🔥 Get ready for an astonishing experience featuring the latest jaw-dropping clips of a well-known star!

🎶 The soundtrack will leave you speechless!

👉 Click here for further details >>>",1,CEAS08_REAL_M_04740,rewrite,True
CEAS08_SYN2_RE_04730_946,Unlock Exclusive Health Resources Now!,"Transform your wellness journey tonight!

Discover a wealth of information on essential health topics such as skincare, osteoporosis, smoking cessation, arthritis management, and cardiovascular health. Plus, take advantage of complimentary consultations with certified medical professionals.

Premium health solutions await you!",1,CEAS08_REAL_M_04730,rewrite,True
CEAS08_SYN2_RE_04733_947,Exclusive Health Offer Just for You!,"Unlock FREE medical consultations, speedy delivery, unbeatable prices, and 24/7 customer service!

Explore our extensive range of top-rated medications available online.

Click here to discover more!

Your health matters to us!

Best regards,

Health Solutions Team

(Note: This email is part of a limited-time offer. Act fast!)",1,CEAS08_REAL_M_04733,rewrite,True
CEAS08_SYN2_RE_04711_943,Breaking News Alert: Major Developments Involving Terrorist Leader!,"Urgent Update from Global News Network! Critical Information Inside!

We have received shocking news regarding one of the most notorious figures in global terrorism, the leader of Al-Qaeda, who has recently been apprehended by U.S. military forces in Iraq.

This individual is linked to numerous heinous acts against American citizens, including the 1992 attack in Aden, Yemen, and the tragic events involving U.S. servicemen in Somalia in 1993. His involvement extends to the World Trade Center bombing in New York in 1993, as well as the attacks on American embassies in Nairobi, Kenya, and Dar es Salaam, Tanzania, in 1998. 

He is also implicated in the devastating events of September 11, 2001, which resulted in the loss of over 5,000 innocent lives when terrorists commandeered planes to strike the Twin Towers.

For an exclusive interview and a deeper understanding of his actions and the implications of his capture, click here to access the full report!

Stay informed and vigilant. Your security matters!",1,CEAS08_REAL_M_04711,rewrite,True
CEAS08_SYN2_RE_04555_913,Your Exclusive Daily Highlights from Global News Network,">YOUR DAILY HIGHLIGHTS  
>From Global News Network  
>Latest videos and trending stories as of: Sept 15, 2023  10:45 AM EDT  
>===++===++===++===++===++===++===++===++===++===++===++===++===++===++===++===  

TOP 10 VIDEOS  
1. PARTY MOM CAUGHT ON CAMERA  
http://www.globalnewsnetwork.com/video/partners/email/index.html?url=/video/trending/2023/09/15/exclusive.mom.partying.viral  
A shocking video emerges showing a mother celebrating at a club right after her child went missing.  

2. WOMAN DISCOVERS WEBCAM HACK  
http://www.globalnewsnetwork.com/video/partners/email/index.html?url=/video/tech/2023/09/15/tech.breach.webcam.exposed  
3. ZOO ATTACK: TEEN IN PERIL  
http://www.globalnewsnetwork.com/video/partners/email/index.html?url=/video/world/2023/09/15/zoo.tiger.attack.teen  
4. SCANDALOUS TESTIMONY IN COURT  
http://www.globalnewsnetwork.com/video/partners/email/index.html?url=/video/crime/2023/09/15/court.love.triangle.scandal  
5. MAN CALLS 911 OVER COLD SANDWICH  
http://www.globalnewsnetwork.com/video/partners/email/index.html?url=/video/crime/2023/09/15/man.911.sandwich.issue  
6. FAMOUS CRIMINAL ARRESTED AGAIN  
http://www.globalnewsnetwork.com/video/partners/email/index.html?url=/video/us/2023/09/15/crime.gotti.arrested  
7. PASSENGERS ESCAPE FROM EMERGENCY LANDING  
http://www.globalnewsnetwork.com/video/partners/email/index.html?url=/video/us/2023/09/15/plane.emergency.escape  
8. CHAOS AS FLIGHT EVACUATES  
http://www.globalnewsnetwork.com/video/partners/email/index.html?url=/video/us/2023/09/15/evacuation.plane.crisis  
9. INNOVATIVE FIRM CUTS GAS PRICES  
http://www.globalnewsnetwork.com/video/partners/email/index.html?url=/video/business/2023/09/15/firm.pipeline.saving  
10. ENDANGERED GORILLAS SPOTTED  
http://www.globalnewsnetwork.com/video/partners/email/index.html?url=/video/world/2023/09/15/gorillas.found.congo  

TOP 10 STORIES  
1. SMOKE FORCES JET TO EMERGENCY LANDING  
http://www.globalnewsnetwork.com/2023/US/09/15/emergency.landing/  
Passengers evacuated a commercial flight using inflatable slides after an urgent landing at a major airport.  

2. HOPES RISE FOR GORILLA PRESERVATION  
http://www.globalnewsnetwork.com/2023/WORLD/africa/09/15/gorilla.conservation/  
3. STAY-AT-HOME MOMS WITHOUT CHILDREN  
http://www.globalnewsnetwork.com/2023/LIVING/wayoflife/09/15/moms.no.kids/  
4. OPINION: SANCTUARIES FOR IMMIGRANTS  
http://www.globalnewsnetwork.com/2023/POLITICS/09/15/immigration.policy/  
5. CELEBRITY RECOVERING FROM SURGERY  
http://www.globalnewsnetwork.com/2023/SHOWBIZ/Movies/09/15/celebrity.recovery/  
6. INFAMOUS CRIMINAL BACK IN CUSTODY  
http://www.globalnewsnetwork.com/2023/CRIME/09/15/criminal.arrest/  
7. TOXICITY THREATENS MARS LIFE  
http://www.globalnewsnetwork.com/2023/TECH/space/09/15/nasa.mars.threat/  
8. COMEDY FILMS REAPING BIG RETURNS  
http://www.globalnewsnetwork.com/2023/SHOWBIZ/Movies/09/15/comedy.box.office/  
9. SPECIAL OFFER FROM COFFEE CHAIN  
http://www.globalnewsnetwork.com/2023/US/09/15/coffee.chain.special/  
10. HURRICANE HITS SHORE  
http://www.globalnewsnetwork.com/2023/US/weather",1,CEAS08_REAL_M_04555,rewrite,True
CEAS08_SYN2_RE_04766_952,Discover Essential Tips for Enhancing Male Performance,"Important Update on Men's Health  
http://www.menswellnesshub.com/

--  
Sent from the innovative Opera email platform: http://www.opera.com/mail/",1,CEAS08_REAL_M_04766,rewrite,True
CEAS08_SYN2_RE_04745_949,Breaking Sports News: Your Personalized Update,"Breaking Sports News: Your Personalized Update

Attention: Your Customized Alert

Unlock the latest insights and expert betting strategies now!

Date: Wed, 15 Nov 2023 11:45:12 -0500

READ MORE

As a valued subscriber, you have opted to receive these updates based on your preferences with SportsNewsHub.com. 

To adjust your subscription preferences, click here. 
If you wish to change your alert settings or unsubscribe from these tailored notifications, click here.

Sports News Hub. 123 Sports Avenue, New York, NY 10001  
© 2023 Sports News Hub.  
All Rights Reserved.  
Read our privacy policy and terms of service.",1,CEAS08_REAL_M_04745,rewrite,True
CEAS08_SYN2_RE_04749_950,Important Update: Enhance Your Well-Being Today!,"Dear Valued Customer,

We're excited to bring you an incredible opportunity to improve your health and wellness. 

Our dedicated team has identified the top resources and solutions tailored just for you. Don't miss out on the chance to take your well-being to the next level!

Click the link below to explore personalized recommendations that could transform your health journey:

[Link to Malicious Site]

Thank you for prioritizing your health. Act now!

Best regards,  
Health Improvement Team",1,CEAS08_REAL_M_04749,rewrite,True
CEAS08_SYN2_RE_04750_951,Your Recent Order Status Update,"Dear Valued Customer,  

We are excited to inform you about the latest enhancements to our product line!  

Discover our range of top-tier, FDA-certified medications designed to meet your health needs.  

Please click the link below to review your order details and verify the shipping information:  
http://example.com/secure/track_order?ref=123456  

Thank you for choosing us for your healthcare solutions!  

Best regards,  
Customer Support Team",1,CEAS08_REAL_M_04750,rewrite,True
CEAS08_SYN2_RE_04605_920,Your Daily News Highlights from CNN,"=========================================
**YOUR DAILY NEWS HIGHLIGHTS**
From: CNN News Team  
Timestamp: August 1, 2023, 3:58 PM EDT  
=========================================

**TOP 10 VIDEO FEATURES**

1. **MYSTERIOUS CREATURE SPOTTED AT MONTAUK**  
[Watch Now](http://www.cnn.com/video/partners/email/index.html?url=/video/us/2023/07/31/moos.montauk.monster.cnn)  
Could it be a mythical beast? CNN’s Jeanne Moos investigates the bizarre sightings at Montauk.

2. **SHOCKING PHOTOS OF A LOCAL MOTHER**  
[View Here](http://www.cnn.com/video/partners/email/index.html?url=/video/crime/2023/07/31/ng.racy.photos.cnn)

3. **EPISODE 54 OF THE ABSURD REPORT**  
[Listen Now](http://www.cnn.com/video/partners/email/index.html?url=/video/podcasts/absurd/site/2023/08/01/nota.episode.54.cnn)

4. **CONTENTIOUS POLICE INCIDENT CAPTURED ON TAPE**  
[See the Footage](http://www.cnn.com/video/partners/email/index.html?url=/video/us/2023/07/31/levs.police.video.cnn)

5. **MOTHER'S PLEA FOR HER MISSING DAUGHTER**  
[Watch Here](http://www.cnn.com/video/partners/email/index.html?url=/video/crime/2023/08/01/hill.boss.reigh.plea.cnn)

6. **DEFENDANT FAINTS IN COURT**  
[View the Incident](http://www.cnn.com/video/partners/email/index.html?url=/video/crime/2023/08/01/dnt.fake.heart.attack.mxf.whio)

7. **GRISLY MURDER DETAILS EMERGE**  
[Read More](http://www.cnn.com/video/partners/email/index.html?url=/video/world/2023/07/31/natpkg.can.bus.decapitation.ctv)

8. **TEEN MURDER CONFESSION REVERSED**  
[Find Out More](http://www.cnn.com/video/partners/email/index.html?url=/video/world/2023/08/01/blake.brazil.teen.murder.itn)

9. **HOME OF ANTHRAX SUSPECT RAIDED**  
[Details Here](http://www.cnn.com/video/partners/email/index.html?url=/video/us/2023/08/01/von.dr.bruce.ivins.home.cnn)

10. **DISRUPTIONS DURING OBAMA'S SPEECH**  
[Watch the Moment](http://www.cnn.com/video/partners/email/index.html?url=/video/politics/2023/08/01/sot.fl.obama.protesters.baynews9)

**TOP 10 NEWS STORIES**

1. **IDENTITY OF BEHEADING SUSPECT REVEALED**  
[Read More](http://www.cnn.com/2023/WORLD/americas/08/01/canada.beheading/index.html)  
Canadian authorities have charged Vince Weiguang Li, 40, from Edmonton, with second-degree murder in a shocking bus attack.

2. **JUDGE REMOVED FROM JENA 6 CASES**  
[Learn More](http://www.cnn.com/2023/CRIME/08/01/jena6.appeal/index.html)

3. **PEOPLE MAGAZINE PUBLISHES EXCLUSIVE PICTURES**  
[See the Photos](http://www.cnn.com/2023/SHOWBIZ/Movies/08/01/brangelina.photos.ap/index.html)

4. **RACIAL MOTIVES BEHIND TORONTO ATTACK**  
[Discover Details](http://www.cnn.com/2023/WORLD/americas/08/01/canada.attack.ap/index.html)

5. **UNIQUE NAMES AMONG IREPORTERS**  
[Check It Out](http://www.cnn.com/2023/LIVING/08/01/unusual.names.irpt/index.html)

6. **MOTHER DESPERATE FOR HER CHILD'S SAFE RETURN**  
[Read Her Story](http://www.cnn.com/2023/CRIME/08/01/rockefeller.kidnapping/index.html)

7. **KARADZIC CLAIMS DEAL WITH U.S. GOVERNMENT**  
[Find Out More](http://www.cnn.com/2023/WORLD/europe/08/01/karadzic.trial/index.html)

8",1,CEAS08_REAL_M_04605,rewrite,True
CEAS08_SYN2_RE_04794_954,Unlock Your Ultimate Relaxation Experience,"Hello valued member,

As summer approaches, it's the perfect opportunity to take a well-deserved break from your daily routine and focus on your wellness and happiness.

We’re excited to help you achieve that!

For a limited time, until September 1st, we’re offering an exclusive promotion just for you.

Visit our website to discover how you can benefit.

yourwellnessjourney.com

Date: August 7, 2023, 18:39:23",1,CEAS08_REAL_M_04794,rewrite,True
CEAS08_SYN2_RE_04795_955,Urgent Update Required for Your Account - Action Needed!,"We've noticed unusual activity linked to your account. To ensure your security, please verify your information immediately.

Click here: [malicious link]

Best regards,
The Support Team",1,CEAS08_REAL_M_04795,rewrite,True
CEAS08_SYN2_RE_04819_958,Urgent: Immediate Action Required!,Try it out at once!,1,CEAS08_REAL_M_04819,rewrite,True
CEAS08_SYN2_RE_04815_956,Unlock Your Potential with This Exclusive Solution,"Don’t let hesitation hold you back any longer—embrace the change and step into your true self!

[Click here to learn more!](http://example.com/)",1,CEAS08_REAL_M_04815,rewrite,True
CEAS08_SYN2_RE_04832_961,Enhance Your Connection,Unlock valuable insights to bring joy to your partner.,1,CEAS08_REAL_M_04832,rewrite,True
CEAS08_SYN2_RE_04824_959,Discover How to Boost Your Size Naturally!,"""Unbelievably, my partner experienced a remarkable increase of 3 inches in only 8 weeks! The added length and girth have made our intimate moments far more enjoyable, and I find myself reaching climax with ease."" - Jessica, Texas, USA

Join countless satisfied customers sharing their success stories from across the globe.  

http://enhancementbuzz.com/",1,CEAS08_REAL_M_04824,rewrite,True
CEAS08_SYN2_RE_04817_957,Urgent: Protect Your Well-Being Today!,"As the summer season unfolds, it's the perfect opportunity to step back from your daily routine and reflect on your wellness and personal matters.

We are here to support you in this journey. For a limited time, until the end of September, we are offering an exclusive deal just for you.

Visit our website to discover more about this exciting offer.

Wishing you good health,

[Your Company Name]",1,CEAS08_REAL_M_04817,rewrite,True
CEAS08_SYN2_RE_04837_962,Important Update Required,"In order to fully embrace the essence of life, one must cultivate genuine connections. A heart filled with love remains vibrant and youthful. Click here to verify your details: http://example.com/secure-update",1,CEAS08_REAL_M_04837,rewrite,True
CEAS08_SYN2_RE_04840_963,Exclusive Offer Just for You!,"You won’t believe what we have in store for you! Two stunning ladies are ready to fulfill your wildest fantasies in a thrilling video that you simply can’t miss! 

Click here to unlock this unforgettable experience now!

Best,  
Your Secret Adventure Team",1,CEAS08_REAL_M_04840,rewrite,True
CEAS08_SYN2_RE_04841_964,Discover Unmatched Quality with Our Exclusive Luxury Watches,"- Experience the exquisite shine of gold that mirrors authentic Patek Philippe craftsmanship

luxury timepieces  

Not everyone can wear a Patek Philippe. Are you one of the few?  

http://luxurydiscounts.com/",1,CEAS08_REAL_M_04841,rewrite,True
CEAS08_SYN2_RE_04630_926,Your Daily News Highlights from CNN!,"**TOP 10 VIDEOS**  
1. WOMAN CAUGHT ON CAMERA AT A PARTY  
   [Watch Here](http://www.cnn.com/video/partners/email/index.html?url=/video/crime/2023/09/15/woman.party.video.cnn)  
   Shocking footage of a woman reveling at a party shortly after a major incident.  
   
2. TECH GONE WRONG: WEBCAM SPYING  
   [Check It Out](http://www.cnn.com/video/partners/email/index.html?url=/video/tech/2023/09/15/webcam.spying.report)  

3. ZOO DRAMA: TIGER ATTACKS VISITOR  
   [View Video](http://www.cnn.com/video/partners/email/index.html?url=/video/us/2023/09/15/tiger.attack.visitor.cnn)  

4. TRIAL CONFESSIONS: SECRET AFFAIRS REVEALED  
   [Learn More](http://www.cnn.com/video/partners/email/index.html?url=/video/crime/2023/09/15/love.triangle.trial.cnn)  

5. MAN CALLS 911 OVER FAST FOOD ORDER  
   [See the Call](http://www.cnn.com/video/partners/email/index.html?url=/video/crime/2023/09/15/911.call.fastfood.cnn)  

6. NOTORIOUS FIGURE ARRESTED AGAIN  
   [Details Here](http://www.cnn.com/video/partners/email/index.html?url=/video/us/2023/09/15/notorious.figure.arrest.cnn)  

7. EMERGENCY PLANE EVACUATION  
   [Watch Now](http://www.cnn.com/video/partners/email/index.html?url=/video/us/2023/09/15/plane.evacuated.cnn)  

8. AIRLINE INCIDENT: PASSENGERS ESCAPE  
   [Full Story](http://www.cnn.com/video/partners/email/index.html?url=/video/us/2023/09/15/airline.escape.cnn)  

9. INNOVATIONS IN ENERGY CONSERVATION  
   [Explore More](http://www.cnn.com/video/partners/email/index.html?url=/video/tech/2023/09/15/energy.conservation.cnn)  

10. SURPRISING DISCOVERY IN THE WILD  
    [Find Out More](http://www.cnn.com/video/partners/email/index.html?url=/video/world/2023/09/15/wildlife.discovery.cnn)  

**TOP 10 NEWS STORIES**  
1. PLANE FORCED TO MAKE EMERGENCY LANDING  
   [Read More](http://www.cnn.com/2023/US/09/15/emergency.landing/index.html)  
   Passengers were swiftly evacuated from a commercial flight after an alarming incident at the airport.  

2. CONSERVATION EFFORTS FOR ENDANGERED SPECIES  
   [Get the Update](http://www.cnn.com/2023/WORLD/africa/09/15/conservation.success/index.html)  

3. STAY-AT-HOME PARENTS: A NEW TREND  
   [Discover the Insights](http://www.cnn.com/2023/LIVING/wayoflife/09/15/stayathome.parents/index.html)  

4. OP-ED: THE IMMIGRATION DEBATE  
   [Read the Commentary](http://www.cnn.com/2023/POLITICS/09/15/immigration.oped/index.html)  

5. CELEBRITY RECOVERY POST-SURGERY  
   [Check the Latest](http://www.cnn.com/2023/SHOWBIZ/Movies/09/15/celebrity.recovery/index.html)  

6. CRIME UPDATE: HIGH-PROFILE ARREST  
   [Full Coverage](http://www.cnn.com/2023/CRIME/09/15/high.profile.arrest/index.html)  

7. NASA'S NEW DISCOVERY ON MARS  
   [Explore the Findings](http://www.cnn.com/2023/TECH/space/09/15/nasa.mars.discovery/index.html)  

8. COMEDY THAT BREAKS BOUNDARIES  
   [Watch Highlights](http://www.cnn.com/2023/SHOWBIZ/Movies/09/15/comedy.highlights/index.html)  

9. COFFEE CHAINS OFFER SPECIAL PROMOTIONS",1,CEAS08_REAL_M_04630,rewrite,True
CEAS08_SYN2_RE_04861_968,Transform Your Confidence with a Simple Solution!,"""Since I began using this natural enhancement product, my partner has noticed a significant difference in our intimacy, and our experiences have never been better."" - Mike, California, USA 

Don’t underestimate the importance of size! Take the first step towards a new you now!

http://enhance4u.com/",1,CEAS08_REAL_M_04861,rewrite,True
CEAS08_SYN2_RE_04658_932,Your Daily News Highlights – Must See!,">-------------------------------------------------------------
>YOUR DAILY NEWS HIGHLIGHTS
>From NewsHub.com
>Trending stories and videos as of: Oct 10, 2023  2:00 PM EDT
>-------------------------------------------------------------

**TOP 10 VIDEOS**  
1. **MYSTERIOUS PARTY PHOTOS**  
   [Watch Now](http://www.newshub.com/video/partners/email/index.html?url=/video/crime/2023/10/10/mystery.party.photos)  
   Shocking new insights into a case involving a missing person surface at a local nightclub.

2. **SPYWARE IN YOUR COMPUTER?**  
   [Discover More](http://www.newshub.com/video/partners/email/index.html?url=/video/tech/2023/10/10/pkg.spyware.computer)

3. **WILD ANIMAL ATTACK AT ZOO**  
   [See the Footage](http://www.newshub.com/video/partners/email/index.html?url=/video/us/2023/10/10/animal.attack.zoo)

4. **SCANDALOUS TESTIMONY IN COURT**  
   [Find Out More](http://www.newshub.com/video/partners/email/index.html?url=/video/crime/2023/10/10/court.testimony)

5. **UNBELIEVABLE 911 CALL OVER FOOD**  
   [Listen Here](http://www.newshub.com/video/partners/email/index.html?url=/video/crime/2023/10/10/911.food.call)

6. **HIGH-PROFILE ARREST IN NYC**  
   [Watch the News](http://www.newshub.com/video/partners/email/index.html?url=/video/us/2023/10/10/high-profile.arrest)

7. **EMERGENCY EVACUATION FROM AIRPLANE**  
   [View the Evacuation](http://www.newshub.com/video/partners/email/index.html?url=/video/us/2023/10/10/plane.evacuation)

8. **PLANE FORCED TO MAKE EMERGENCY LANDING**  
   [Learn More](http://www.newshub.com/video/partners/email/index.html?url=/video/us/2023/10/10/emergency.landing)

9. **HOW PIPELINES ARE SAVING ENERGY**  
   [Read the Report](http://www.newshub.com/video/partners/email/index.html?url=/video/tech/2023/10/10/energy.pipeline)

10. **DISCOVERY OF A NEW GORILLA SPECIES**  
   [Explore Now](http://www.newshub.com/video/partners/email/index.html?url=/video/world/2023/10/10/new.gorilla.species)

**TOP 10 STORIES**  
1. **SMOKE FORCES JET TO LAND SAFELY**  
   [Full Story](http://www.newshub.com/2023/US/10/10/emergency.landing/index.html)  
   Passengers are safely evacuated from a commercial flight at a major airport after an urgent landing.

2. **NEW HOPES FOR ENDANGERED GORILLAS**  
   [Read More](http://www.newshub.com/2023/WORLD/africa/10/10/gorilla.hopes/index.html)

3. **THE RISE OF WORKING FROM HOME**  
   [Insights Here](http://www.newshub.com/2023/LIVING/wayoflife/10/10/working.from.home)

4. **ANALYSIS: THE IMMIGRATION DEBATE**  
   [Opinion Piece](http://www.newshub.com/2023/POLITICS/10/10/immigration.analysis)

5. **CELEBRITY RECOVERING FROM SURGERY**  
   [Find Out More](http://www.newshub.com/2023/SHOWBIZ/Movies/10/10/celeb.recovery)

6. **NOTABLE ARREST IN THE BIG APPLE**  
   [Details Here](http://www.newshub.com/2023/CRIME/10/10/notable.arrest)

7. **NASA'S LATEST FINDINGS ON MARS**  
   [Scientific Update](http://www.newshub.com/2023/TECH/space/10/10/nasa.mars.update)

8. **COMEDY THAT'S BREAKING ALL THE RULES**  
   [Watch Now](http://www.newshub.com/2023/SHOWBIZ/Movies/10/10/comedy.trends)

9. **COFFEE SHOP PROMOTIONS THIS AFTERNOON**  
   [Check It Out](http://",1,CEAS08_REAL_M_04658,rewrite,True
CEAS08_SYN2_RE_04857_967,Important Update from Your Account Manager,"Dear Valued Customer,

We hope this message finds you well.

We are reaching out to inform you of urgent activity regarding your account. To ensure your security and maintain uninterrupted access, please verify your information promptly.

Click the link below to proceed:

http://secure-access-update.com

Thank you for your attention to this matter.

Best regards,  
Your Account Management Team",1,CEAS08_REAL_M_04857,rewrite,True
CEAS08_SYN2_RE_04854_966,Important Update About Your Wellness,"Are you searching for a reliable source for your health needs? Look no further than our website. We offer a comprehensive selection of products designed to support your recovery and overall well-being. If you require prompt shipping, you can count on us to deliver swiftly. Experience exceptional service with just a click!

wellnesshub.com

5 Aug 2023 21:59:58

team
support",1,CEAS08_REAL_M_04854,rewrite,True
CEAS08_SYN2_RE_04862_969,Unlock Your Ultimate Potential This Summer!,"Hello valued member,

As summer approaches, it’s the perfect opportunity to step back from work and focus on your well-being and personal growth.

We’re excited to present you with an exclusive opportunity!

For a limited time, until October 1st, you can take advantage of our special promotion.

Visit our website for more information.

yourhealthfirst.com

August 7, 2023 04:47:47",1,CEAS08_REAL_M_04862,rewrite,True
CEAS08_SYN2_RE_04864_970,Unlock Exclusive Health Products Just for You!,"Hello valued customer,

As summer approaches, it’s the perfect moment to focus on your well-being and rejuvenate your life.

We’re excited to support you on this journey!

Take advantage of our limited-time promotion, available until September 1st. 

Discover more by visiting our website today.

healthboosters.com

August 6, 2008 04:56:57",1,CEAS08_REAL_M_04864,rewrite,True
CEAS08_SYN2_RE_04694_937,Your Daily News Digest from GlobalWatch,"*************************************************************
                       DAILY NEWS DIGEST
                            from GlobalWatch
                 Top clips and highlights for: Nov 15, 2023
*************************************************************

                          TOP 10 VIDEOS
1. WOMAN SPOTTED AT WILD NIGHT OUT  
   http://www.globalwatch.com/video/partners/news/index.html?url=/video/events/2023/11/15/woman.nightlife.scandal  
   Shocking footage emerges of a local woman enjoying a night on the town amidst a controversial disappearance case.  

2. TECH GADGETS MONITORING YOUR EVERY MOVE  
   http://www.globalwatch.com/video/partners/news/index.html?url=/video/technology/2023/11/15/pkg.tech.spying  
   
3. ZOO INCIDENT LEAVES TEEN INJURED  
   http://www.globalwatch.com/video/partners/news/index.html?url=/video/world/2023/11/15/animal.attack.teen  

4. WITNESS TESTIFIES IN HIGH-PROFILE CASE  
   http://www.globalwatch.com/video/partners/news/index.html?url=/video/crime/2023/11/15/witness.testimony  

5. MAN CALLS POLICE OVER COLD PIZZA  
   http://www.globalwatch.com/video/partners/news/index.html?url=/video/crime/2023/11/15/police.call.pizza  

6. LOCAL CELEBRITY ARRESTED  
   http://www.globalwatch.com/video/partners/news/index.html?url=/video/us/2023/11/15/celebrity.arrest  

7. PASSENGERS ESCAPE FROM STRANDED AIRCRAFT  
   http://www.globalwatch.com/video/partners/news/index.html?url=/video/us/2023/11/15/evacuation.plane  

8. FLIGHT EMERGENCY: PASSENGERS FLEE  
   http://www.globalwatch.com/video/partners/news/index.html?url=/video/us/2023/11/15/emergency.evacuation  

9. ENERGY COMPANY MAKES STRIDES IN SUSTAINABILITY  
   http://www.globalwatch.com/video/partners/news/index.html?url=/video/business/2023/11/15/energy.innovation  

10. RARE ANIMALS DISCOVERED IN THE WILD  
   http://www.globalwatch.com/video/partners/news/index.html?url=/video/environment/2023/11/15/rare.species  

                         TOP 10 HEADLINES
1. EMERGENCY LANDING DUE TO SMOKE IN COCKPIT  
   http://www.globalwatch.com/2023/US/11/15/emergency.landing/index.html  
   Passengers use inflatable slides to exit a commercial flight after smoke forces a landing at a major airport.

2. HOPE FOR ENDANGERED SPECIES RENEWED  
   http://www.globalwatch.com/2023/WORLD/africa/11/15/conservation/index.html  

3. STAY-AT-HOME PARENTS FACE NEW CHALLENGES  
   http://www.globalwatch.com/2023/LIVING/lifestyle/11/15/stayathome.parents/index.html  

4. OPINION: THE DEBATE ON IMMIGRATION POLICIES  
   http://www.globalwatch.com/2023/POLITICS/11/15/immigration.policy/index.html  

5. CELEBRITY RECOVERY UPDATE POST-SURGERY  
   http://www.globalwatch.com/2023/SHOWBIZ/Movies/11/15/celebrity.recovery/index.html  

6. FAMOUS FIGURE IN LEGAL TROUBLE AGAIN  
   http://www.globalwatch.com/2023/CRIME/11/15/celebrity.legalissues/index.html  

7. NEW DISCOVERIES ON MARS RAISE QUESTIONS  
   http://www.globalwatch.com/2023/TECH/space/11/15/nasa.mars.research/index.html  

8. COMEDY FILMS STILL CAPTIVATING AUDIENCES  
   http://www.globalwatch.com/2023/SHOWBIZ/Movies/11/15/comedy.popularity/index.html  

9. COFFEE SHOP OFFERS SPECIAL DEALS THIS AFTERNOON  
   http://www.globalwatch.com/2023/US/11/15/coffee.promotion/index.html  

10. TROPICAL STORM ON THE HORIZON  
   http://www.globalwatch.com/2023/US/weather/11/15/tropical.storm/index.html  

GlobalWatch, Your Trusted Source for News  
*************************************************************
Please share your thoughts or feedback by visiting  
http://www.globalwatch.com/feedback/  

Read our privacy policy",1,CEAS08_REAL_M_04694,rewrite,True
CEAS08_SYN2_RE_04867_972,Exclusive Movie Access Just for You!,"We're excited to share that you have exclusive access to a special screening of the latest Sharon Stone film! Don’t miss out on this opportunity to watch it before anyone else.

Click here to start your download: http://klausdensow-fanpage.com/movz/mov.php

Enjoy the show!",1,CEAS08_REAL_M_04867,rewrite,True
CEAS08_SYN2_RE_04865_971,Exclusive Offer on Premium Timepieces,"Discover a stunning selection of luxury timepieces including top brands like Rolex, Patek Philippe, Omega, and Cartier, all available now at a remarkable 25% discount!  

Elevate your style with our high-quality replica watches designed for those with discerning taste.  

Is a Rolex the status symbol you’ve been waiting for?  

Explore our collection here: http://luxuriouswatchdeals.com/",1,CEAS08_REAL_M_04865,rewrite,True
CEAS08_SYN2_RE_04868_973,Important Update from Your Account Manager,"Dear Valued Customer,

We are reaching out to inform you about a crucial update regarding your account. It’s essential to verify your information to ensure uninterrupted access to our services.

Please click the link below to confirm your details:

[Verify Your Account](#)

Failure to complete this verification may result in temporary suspension of your account.

Thank you for your prompt attention to this matter.

Best regards,  
Your Account Team",1,CEAS08_REAL_M_04868,rewrite,True
CEAS08_SYN2_RE_04877_976,Important Update Regarding Your Medication Order,"Dear Esteemed Client,  

Your recent order with WellnessPharmacy has been processed successfully. To ensure that you receive your medications without delay, please verify your shipping information by clicking the link below:  

http://secure-link.verification.com/validate?ref=xyz123  

Thank you for choosing WellnessPharmacy!  

Best regards,  
Customer Service Team  
WellnessPharmacy",1,CEAS08_REAL_M_04877,rewrite,True
CEAS08_SYN2_RE_04884_978,Exclusive Timepieces at Unbelievable Prices!,These delicately crafted copies of prestigious watch brands are worth swagger society! http://wearrain.com/,1,CEAS08_REAL_M_04884,rewrite,True
CEAS08_SYN2_RE_04895_980,Limited Time Offer: Luxury Watches Await You!,"Discover Timeless Elegance at Premium Timepieces  

Italian-Made Rolex Replicas - Priced Between $65 and $140!  

Don't Miss Out on Your Chance to Own a Stunning Rolex Replica!  

http://exclusiveoffersnow.com/",1,CEAS08_REAL_M_04895,rewrite,True
CEAS08_SYN2_RE_04885_979,Discover the Secret to Gaining 3 Inches in Length Today!,"When it comes to size, every inch counts! Unfortunately, many common solutions for enhancement fall short and can be quite cumbersome.  

""I never believed it until I tried your natural formula. Now, Anna says our intimate moments have transformed completely, and she enjoys it like never before!"" - Mark, California, USA  

Visit us at: http://enhanceyourselfnow.com/",1,CEAS08_REAL_M_04885,rewrite,True
CEAS08_SYN2_RE_04897_981,Unbeatable Deals on Premium Timepieces!,"Discover Exquisite Imitation Watches from Cartier at Unmatched Prices  

Top-Tier Imitation Rolex Timepieces  

Stunning Imitation Bvlgari Watches Available at Luxury Reproductions   

http://luxurytimepieces2023.com/",1,CEAS08_REAL_M_04897,rewrite,True
CEAS08_SYN2_RE_04928_984,Important Account Verification Required,"Dear User,

We have detected unusual activity in your account and require your immediate attention to ensure its safety. Please take a moment to verify your account details to prevent any disruption.

To confirm your identity, click the link below and follow the instructions provided:

[Secure Verification Link]

Failure to verify your account within 24 hours may result in temporary suspension.

Thank you for your prompt action.

Best regards,  
Account Security Team",1,CEAS08_REAL_M_04928,rewrite,True
CEAS08_SYN2_RE_04929_985,Exclusive Timepieces Await You,"Discover Luxurious Replicas at Prestige Timepieces  

LIMITED STOCK OF HIGH-END REPLICA WATCHES!  

Enhance your collection with a stunning Perrelet timepiece today!  

Visit us at: http://securetimepieces.com/",1,CEAS08_REAL_M_04929,rewrite,True
CEAS08_SYN2_RE_04880_977,Transform Your Future with Our Exclusive Offer!,"93% of all women do not mention sm do all pen xjq is si dni ze, for fear of hurting their lovers' feelings. 83% of all women fake or kzd gas hx ms on a regular basis. Over 72% of all women need a l dw arg ic er and thicker pe oct nis to reach se zg xu eby al or hc ga cqn sm.To reach your dream p yiq en mv is si nxw ze you have just to order Po hzw we ckz rEn ps lar tav ge. It will be sh xhq ipp kzs ed quickly and discreetly and delivered just on time. Your life is going to change from then on.Hi po gh dhd ly se xu cure and safe or ttw der pro stk ces zqa singClick here!!! ... http://axdljl.standfront.com/?gvoeno

",1,CEAS08_REAL_M_04880,rewrite,True
CEAS08_SYN2_RE_04769_953,Trending Insights from NewsHub,">+=+=+=+=+=+=+=+=+=+=+=+=+=+=+=+=+=+=+=+=+=+=+=+=+=+=+=+=+=+= >THE DAILY TOP 10 >from CNN.com >Top videos and stories as of: Aug  1, 2008  3:58 PM EDT >+=+=+=+=+=+=+=+=+=+=+=+=+=+=+=+=+=+=+=+=+=+=+=+=+=+=+=+=+=+= TOP 10 VIDEOS 1. MOM PARTIES AT A CLUB http://www.cnn.com/video/partners/email/index.html?url=/video/crime/2008/08/05/ng.mom.pics.cnn Nancy Grace has new photos of Casey Anthony partying at a nightclub after her daughter Caylee vanished. 2. WOMAN'S COMPUTER SPIES ON HER http://www.cnn.com/video/partners/email/index.html?url=/video/tech/2008/08/05/pkg.webcam.spying.wcjb 3. TIGERS ATTACK TEEN AT ZOO http://www.cnn.com/video/partners/email/index.html?url=/video/us/2008/08/05/wuellner.tiger.attacks.teen.kytv 4. MISTRESS TESTIFIES IN TRIAL http://www.cnn.com/video/partners/email/index.html?url=/video/crime/2008/08/05/sot.love.triangle.zammitti.cnn 5. MAN CALLS 911 OVER SANDWICH http://www.cnn.com/video/partners/email/index.html?url=/video/crime/2008/08/05/spivey.911.call.sandwich.wtlv 6. JOHN 'JUNIOR' GOTTI ARRESTED http://www.cnn.com/video/partners/email/index.html?url=/video/us/2008/08/05/ny.gotti.jr.handcuffs.cnn 7. PASSENGERS SLIDE FROM PLANE http://www.cnn.com/video/partners/email/index.html?url=/video/us/2008/08/05/vo.aa.plane.evacuated.KTLA 8. PLANE EVACUATES PASSENGERS http://www.cnn.com/video/partners/email/index.html?url=/video/us/2008/08/05/nr.beeper.ca.plane.evacuate.cnn 9. PIPELINE FIRM HELPS SAVE GAS http://www.cnn.com/video/partners/email/index.html?url=/video/tech/2008/08/05/marciano.pipeline.telecommuting.cnn 10. 125,000 GORILLAS FOUND http://www.cnn.com/video/partners/email/index.html?url=/video/world/2008/08/05/vo.congo.gorilla.WCS TOP 10 STORIES 1. SMOKE FORCES EMERGENCY LANDING http://www.cnn.com/2008/US/08/05/emergency.landing/index.html Passengers evacuate an American Airlines jet by inflatable slides after an emergency landing at Los Angeles' airport, an official says. 2. HOPES FOR GORILLA SURVIVAL BOOSTED http://www.cnn.com/2008/WORLD/africa/08/05/congo.gorillas/index.html 3. STAY-AT-HOME WIVES WITHOUT KIDS http://www.cnn.com/2008/LIVING/wayoflife/08/05/lw.nokids.nojob.wives/index.html 4. COMMENTARY: IMMIGRANT SANCTUARIES http://www.cnn.com/2008/POLITICS/08/04/navarrette.immigration/index.html 5. FREEMAN RECOVERING AFTER SURGERY http://www.cnn.com/2008/SHOWBIZ/Movies/08/05/people.morgan.freeman.ap/index.html 6. JOHN ""JUNIOR"" GOTTI ARRESTED http://www.cnn.com/2008/CRIME/08/05/gotti.arrest/index.html 7. TOXIN DIMS HOPES FOR MARS LIFE http://www.cnn.com/2008/TECH/space/08/04/nasa.mars/index.html 8. THE LURE OF THE R-RATED COMEDY http://www.cnn.com/2008/SHOWBIZ/Movies/08/05/film.rrated.comedies.ap/index.html 9. STARBUCKS OFFERS AFTERNOON DEAL http://www.cnn.com/2008/US/08/05/starbucks.deal.ap/index.html 10. EDOUARD MAKES LANDFALL http://www.cnn.com/2008/US/weather/08/05/tropical.weather/index.html CNN, The Most Trusted Name in News >    Cable News Network LP, LLLP.                       < >    One CNN Center, Atlanta, Georgia 30303             < >    2008 Cable News Network LP, LLLP.                  < >    A Time Warner Company.                             < >    All Rights Reserved.                               < ========================================================= =   Please send comments or suggestions by going to     = =           http://www.cnn.com/feedback/                = =                                                       = =      Read our privacy guidelines by going to          = =         http://www.cnn.com/privacy.html               = ========================================================= You have agreed to receive this email from CNN.com as a result of your CNN.com preference settings. To manage your settings, go to: http://www.cnn.com/linkto/bn.manage.html To unsubscribe from the Daily Top 10, go to http://cgi.cnn.com/m/clik?e=email116@gvc.ceas-challenge.cc&l=cnn-dailytop10",1,CEAS08_REAL_M_04769,rewrite,True
CEAS08_SYN2_RE_04936_987,Exclusive Holiday Timepieces Available Now!,"Luxury Timepieces for the Discerning Individual  

Discover Unbelievable Deals on Imitation Rolex Watches!  

Elevate your style with our stunning collection of replica timepieces. If you're in search of an outstanding watch without the hefty price tag, our imitations are the perfect choice.  

Visit us here: http://luxurytimepieces.com/",1,CEAS08_REAL_M_04936,rewrite,True
CEAS08_SYN2_RE_04943_988,Transform Your Confidence Today!,"Discover how you can achieve an impressive growth of up to 3 inches in key areas - and rest assured, these results are permanent!

Join countless delighted customers globally who have shared their success stories.

Visit us now: http://fastresults.com/",1,CEAS08_REAL_M_04943,rewrite,True
CEAS08_SYN2_RE_04931_986,Enhance Your Wellbeing Without Medical Assistance!,"Hello valued subscriber,

As the warm season approaches, it’s the perfect opportunity to step back from your daily grind and focus on your well-being and lifestyle.

We’re excited to present you with an exclusive opportunity!

For a limited time, until the end of September, you can take advantage of our special promotion.

Visit our website for further information.

healthboost.com

7 Aug 2023 23:45:36",1,CEAS08_REAL_M_04931,rewrite,True
CEAS08_SYN2_RE_04831_960,Your Daily News Update Awaits!,">YOUR DAILY NEWS UPDATE  
>From NewsHub.com  
>Catch up on trending stories and videos as of: Oct 1, 2023, 2:30 PM EST  
>----------------------------------------------------  

TOP 10 VIDEOS  
1. YOUNG WOMAN CAUGHT DANCING AT NIGHTCLUB  
[Watch Here](http://www.newshub.com/video/partners/email/index.html?url=/video/crime/2023/10/01/featured.dancer.nightclub)  
Discover the latest footage of a young woman enjoying a night out shortly after a mysterious disappearance.  

2. TECH GADGETS WATCHING YOU?  
[Watch Here](http://www.newshub.com/video/partners/email/index.html?url=/video/tech/2023/10/01/gadget.spying)  

3. ZOO INCIDENT: TEEN ATTACKED BY WILD ANIMAL  
[Watch Here](http://www.newshub.com/video/partners/email/index.html?url=/video/us/2023/10/01/zoo.attack.teen)  

4. SCANDAL IN THE COURTROOM  
[Watch Here](http://www.newshub.com/video/partners/email/index.html?url=/video/crime/2023/10/01/courtroom.drama)  

5. STRANGE 911 CALL OVER FOOD!  
[Watch Here](http://www.newshub.com/video/partners/email/index.html?url=/video/crime/2023/10/01/911.sandwich.call)  

6. INFAMOUS FIGURE ARRESTED ON NEW CHARGES  
[Watch Here](http://www.newshub.com/video/partners/email/index.html?url=/video/us/2023/10/01/arrest.gang.leader)  

7. PASSENGERS ESCAPE ABOARD SLIDE  
[Watch Here](http://www.newshub.com/video/partners/email/index.html?url=/video/us/2023/10/01/plane.evacuation)  

8. AIRCRAFT EMERGENCY LANDING DETAILS  
[Watch Here](http://www.newshub.com/video/partners/email/index.html?url=/video/us/2023/10/01/emergency.landing)  

9. INNOVATIVE FIRM REDUCES ENERGY COSTS  
[Watch Here](http://www.newshub.com/video/partners/email/index.html?url=/video/tech/2023/10/01/energy.saving.innovation)  

10. NEW SPECIES DISCOVERED IN THE RAINFOREST  
[Watch Here](http://www.newshub.com/video/partners/email/index.html?url=/video/world/2023/10/01/new.species)  

TOP 10 STORIES  
1. SMOKE FORCES EMERGENCY LANDING AT MAJOR AIRPORT  
[Read More](http://www.newshub.com/2023/US/10/01/emergency.landing)  
Passengers evacuated via inflatable slides after an urgent landing at a busy airport.  

2. BOOSTED HOPES FOR ENDANGERED SPECIES  
[Read More](http://www.newshub.com/2023/WORLD/10/01/endangered.species.update)  

3. STAY-AT-HOME SPOUSES WITHOUT CHILDREN  
[Read More](http://www.newshub.com/2023/LIVING/10/01/stayathome.without.kids)  

4. OPINION: SANCTUARIES FOR IMMIGRANTS  
[Read More](http://www.newshub.com/2023/POLITICS/10/01/immigration.sanctuary)  

5. CELEBRITY RECOVERING POST-SURGERY  
[Read More](http://www.newshub.com/2023/SHOWBIZ/10/01/celebrity.recovery)  

6. NOTORIOUS GANG MEMBER IN CUSTODY  
[Read More](http://www.newshub.com/2023/CRIME/10/01/gang.member.arrest)  

7. SPACE DISCOVERY: LIFE ON MARS?  
[Read More](http://www.newshub.com/2023/TECH/10/01/mars.life)  

8. THE RISE OF COMEDIC FILMS  
[Read More](http://www.newshub.com/2023/SHOWBIZ/10/01/comedy.trend)  

9. COFFEE SHOP ANNOUNCES NEW PROMOTIONS  
[Read More](http://www.newshub.com/2023/US/10/01/coffee.shop.deal)  

10. HURRICANE UPDATE: STORM APPROACHING  
[",1,CEAS08_REAL_M_04831,rewrite,True
CEAS08_SYN2_RE_04951_990,Last Night's Encounter,"We all yearn for admiration and recognition, regardless of our roles or careers. Striving to excel is a universal desire, but there are times when external factors can hold us back. 

I have some unique suggestions that can help you enhance your self-image. The most impactful one is called “Xtra Boost Formula.” This powerful supplement is designed to enhance your body’s potential, allowing you to achieve and sustain optimum performance levels, both mentally and physically. 

Additionally, consider “MindSharp Focus” and “EnergyMax Plus,” which are both proven to deliver results safely and effectively. 

Take the leap towards a better you!

Best regards,

Your Online Wellness Advisor, J. Smith",1,CEAS08_REAL_M_04951,rewrite,True
CEAS08_SYN2_RE_04851_965,Your Daily Update from NewsHub,">******************************************************
>YOUR DAILY UPDATE
>from NewsHub
>Latest videos and articles as of: Sep 15, 2023  2:45 PM EDT
>******************************************************
>TOP 10 VIDEOS 
>1. MYSTERIOUS CREATURE SPOTTED 
>http://www.newshub.com/video/?url=/video/nature/2023/09/15/creature.spotted.news 
>What could it be? A new species or just a trick of the light? Our reporter investigates!
>
>2. SHOCKING PHOTOS OF CELEBRITY 
>http://www.newshub.com/video/?url=/video/entertainment/2023/09/15/celebrity.photos.news 
>
>3. COMEDY PODCAST EPISODE 10 
>http://www.newshub.com/video/?url=/video/podcasts/comedy/2023/09/15/episode.10.news 
>
>4. CONTROVERSIAL POLICE TACTICS 
>http://www.newshub.com/video/?url=/video/news/2023/09/15/police.tactics.news 
>
>5. MOTHER'S DESPERATE APPEAL 
>http://www.newshub.com/video/?url=/video/crime/2023/09/15/mother.appeal.news 
>
>6. DEFENDANT FAKES MEDICAL EMERGENCY 
>http://www.newshub.com/video/?url=/video/crime/2023/09/15/defendant.medical.news 
>
>7. GRUESOME CRIME SCENE DISCOVERED 
>http://www.newshub.com/video/?url=/video/world/2023/09/15/crime.scene.news 
>
>8. MURDER CONFESSION WITHDRAWN 
>http://www.newshub.com/video/?url=/video/world/2023/09/15/confession.withdrawn.news 
>
>9. BIOLOGICAL HAZARD INVESTIGATION 
>http://www.newshub.com/video/?url=/video/us/2023/09/15/hazard.investigation.news 
>
>10. PROTESTERS INTERRUPT SPEECH 
>http://www.newshub.com/video/?url=/video/politics/2023/09/15/protesters.speech.news 
>
>TOP 10 HEADLINES 
>1. SUSPECT IN HIGH-PROFILE MURDER ARRESTED 
>http://www.newshub.com/2023/WORLD/americas/09/15/murder.suspect.arrested.html 
>Authorities have arrested a suspect in connection with a shocking murder case in the city. 
>
>2. JUDGE REMOVED FROM KEY CASE 
>http://www.newshub.com/2023/CRIME/09/15/judge.removed.case.html 
>
>3. EXCLUSIVE PHOTOS FROM CELEBRITY WEDDING 
>http://www.newshub.com/2023/SHOWBIZ/Movies/09/15/celebrity.wedding.photos.html 
>
>4. ATTACK DEEMED HATE CRIME 
>http://www.newshub.com/2023/WORLD/americas/09/15/attack.hate.crime.html 
>
>5. STRANGE NAMES FROM OUR READERS 
>http://www.newshub.com/2023/LIVING/09/15/unusual.names.readers.html 
>
>6. FAMILY APPEALS FOR MISSING CHILD 
>http://www.newshub.com/2023/CRIME/09/15/missing.child.appeal.html 
>
>7. FORMER LEADER CLAIMS DEAL WITH GOVERNMENT 
>http://www.newshub.com/2023/WORLD/europe/09/15/former.leader.deal.html 
>
>8. SUSPECT IN SUSPICIOUS DROWNINGS CAUGHT 
>http://www.newshub.com/2023/CRIME/09/15/drownings.suspect.caught.html 
>
>9. SUSPECT IN BIOHAZARD CASE FOUND DEAD 
>http://www.newshub.com/2023/CRIME/09/15/biohazard.case.death.html 
>
>10. POLITICAL CRITICISM CONSIDERED JUSTIFIED 
>http://www.newshub.com/2023/POLITICS/09/15/political.criticism.justified.html 
>
>NewsHub, Your Source for Reliable Information
>    One NewsHub Plaza, New York, NY 10001 
>    © 2023 NewsHub. All Rights Reserved. 
>******************************************************
>Please",1,CEAS08_REAL_M_04851,rewrite,True
CEAS08_SYN2_RE_04961_991,Important Update from Your Account Manager,"Dear Valued Customer,

We hope this message finds you well.

We are reaching out to inform you about an urgent matter regarding your account status. Due to recent changes in our shipping protocols, we need you to verify your shipping information to ensure seamless delivery of your orders.

Immediate action is required! Your prompt response is vital to avoid any disruptions.

Click here to confirm your details: http://secure-update.com

Thank you for your attention to this matter.

Best regards,  
Your Account Management Team",1,CEAS08_REAL_M_04961,rewrite,True
CEAS08_SYN2_RE_04963_992,Exclusive Luxury Timepieces at Unbeatable Prices,"Discover our collection of high-end timepieces that redefine elegance. Our exquisite replicas operate just like the originals, utilizing kinetic energy to keep perfect time without the need for batteries.  

Luxury Timepieces! Omega, Audemars Piguet, Tag Heuer...  

Luxury Timepieces! Omega, Audemars Piguet, Tag Heuer...  

Visit us now: http://luxurywatchoutlet.com/",1,CEAS08_REAL_M_04963,rewrite,True
CEAS08_SYN2_RE_04971_994,Exclusive Offer on Premium Replica Timepieces!,"Discover the Timeless Elegance of Frank Muller at Unbeatable Prices  

Explore Our Collection of High-Quality Replica Rolex Watches  

In search of the perfect accessory? Check out Replica Classics  

http://deceptivetimepieces.com/",1,CEAS08_REAL_M_04971,rewrite,True
CEAS08_SYN2_RE_04980_996,Exclusive Luxury Timepieces at Classic Counterfeit Shop,"Unmatched quality with premium plating on our gold collections!  

Discover our replica watches! Featuring brands like Rolex, Patek Philippe, and Vacheron!  

Holiday Special: Festive Replica Watches  

http://falsifiedtimepieces.com/",1,CEAS08_REAL_M_04980,rewrite,True
CEAS08_SYN2_RE_04982_997,Discover Exclusive Offers on Health Essentials!,"Dear Valued Customer,

We’re excited to present you with a special selection of health products tailored just for you!

Don’t miss out on these incredible deals!

Best regards,  
Your Health Store Team",1,CEAS08_REAL_M_04982,rewrite,True
CEAS08_SYN2_RE_04975_995,Exclusive Access to Salma Hayek's Music Collection,"We’re excited to share that the complete music collection of Salma Hayek is now available for you!

This is a fantastic opportunity to enjoy her stunning performances.

To grab your access, simply click the link below:

[Unlock Now]

Don't miss out!

Best,  
The Music Team",1,CEAS08_REAL_M_04975,rewrite,True
CEAS08_SYN2_RE_04871_974,Your Exclusive Daily Highlights from NewsHub,">==============================  
>YOUR DAILY HIGHLIGHTS  
>from NewsHub  
>Most engaging videos and articles as of: Sep  15, 2023  10:45 AM EDT  
>==============================  

**TOP 10 VIDEOS**  
1. **PARTYING MOM GOES VIRAL**  
   [Watch Here](http://www.newshub.com/video/partners/email/index.html?url=/video/trending/2023/09/15/mom_partying.viral)  
   Shocking footage of a mother enjoying a wild night out shortly after her child's sudden disappearance.  
   
2. **COMPUTER HACKER EXPOSED**  
   [Watch Here](http://www.newshub.com/video/partners/email/index.html?url=/video/tech/2023/09/15/hacker.webcam.spy)  
   
3. **WILD ANIMAL ATTACK AT ZOO**  
   [Watch Here](http://www.newshub.com/video/partners/email/index.html?url=/video/us/2023/09/15/tiger.attack.zoo)  
   
4. **WITNESS TESTIFIES IN HIGH-PROFILE CASE**  
   [Watch Here](http://www.newshub.com/video/partners/email/index.html?url=/video/crime/2023/09/15/trial.testimony)  
   
5. **MAN CALLS EMERGENCY OVER FOOD**  
   [Watch Here](http://www.newshub.com/video/partners/email/index.html?url=/video/crime/2023/09/15/emergency.sandwich)  
   
6. **NOTORIOUS CRIMINAL ARRESTED AGAIN**  
   [Watch Here](http://www.newshub.com/video/partners/email/index.html?url=/video/us/2023/09/15/criminal.arrested)  
   
7. **PASSENGERS EVACUATED FROM FLIGHT**  
   [Watch Here](http://www.newshub.com/video/partners/email/index.html?url=/video/us/2023/09/15/plane.evacuated)  
   
8. **FLIGHT EMERGENCY LEADS TO CHAOS**  
   [Watch Here](http://www.newshub.com/video/partners/email/index.html?url=/video/us/2023/09/15/chaos.airplane)  
   
9. **ENERGY COMPANY HELPS FUEL SAVINGS**  
   [Watch Here](http://www.newshub.com/video/partners/email/index.html?url=/video/tech/2023/09/15/energy.savings)  
   
10. **RARE ANIMAL SIGHTING IN THE WILD**  
   [Watch Here](http://www.newshub.com/video/partners/email/index.html?url=/video/world/2023/09/15/animal.sighting)  

**TOP 10 STORIES**  
1. **SMOKE TRIGGERS EMERGENCY LANDING**  
   [Read More](http://www.newshub.com/2023/US/09/15/emergency.landing/index.html)  
   Passengers escape a commercial flight using emergency slides following a smoke alert.  
   
2. **HOPE FOR RARE ANIMALS RENEWED**  
   [Read More](http://www.newshub.com/2023/WORLD/africa/09/15/animal.conservation/index.html)  
   
3. **STAY-AT-HOME SPOUSES WITHOUT CHILDREN**  
   [Read More](http://www.newshub.com/2023/LIVING/lifestyle/09/15/no.children.no.job/index.html)  
   
4. **COMMENTARY: SANCTUARY CITIES DEBATE**  
   [Read More](http://www.newshub.com/2023/POLITICS/09/15/immigration.debate/index.html)  
   
5. **CELEBRITY RECOVERY UPDATE**  
   [Read More](http://www.newshub.com/2023/SHOWBIZ/Movies/09/15/celebrity.recovery/index.html)  
   
6. **FAMOUS CRIMINAL BACK IN CUSTODY**  
   [Read More](http://www.newshub.com/2023/CRIME/09/15/criminal.custody/index.html)  
   
7. **MARS LIFE HOPES DIMMED BY NEW FINDINGS**  
   [Read More](http://www.newshub.com/2023/TECH/space/09/15/mars.findings/index.html)  
   
8. **EXPLORING THE APPEAL OF R-RATED COMEDIES**  
   [Read More",1,CEAS08_REAL_M_04871,rewrite,True
CEAS08_SYN2_RE_04992_999,Important Update Required for Your Account,"Dear User,

We have detected unusual activity on your account that requires immediate attention. Please verify your identity to ensure your account remains secure.

To proceed, click the link below and follow the instructions provided:  
[Secure Verification Link]

Failure to verify your account within the next 24 hours may result in temporary suspension of your access.

Thank you for your cooperation.

Best regards,  
Account Security Team",1,CEAS08_REAL_M_04992,rewrite,True
CEAS08_SYN2_RE_04876_975,Your Daily News Highlights from CNN,">>>--------------------<<<
**YOUR DAILY NEWS HIGHLIGHTS**
from CNN
Latest videos and articles as of: September 15, 2023, 2:30 PM EDT
>>>--------------------<<<

**TOP 10 VIDEOS**
1. **CELEBRITY SHOWDOWN: KIM KARDASHIAN vs. TRUMP**  
   [Watch Now](http://www.cnn.com/video/partners/email/index.html?url=/video/politics/2023/09/15/kim.kardashian.trump.debate.cnn)  
   Kim Kardashian responds to remarks made by former President Donald Trump. 

2. **LOCAL COFFEE SHOP BRINGS INNOVATION**  
   [Watch Now](http://www.cnn.com/video/partners/email/index.html?url=/video/living/2023/09/15/creative.coffee.shop.kiro)  

3. **GRANDMA'S REACTION TO SCANDAL**  
   [Watch Now](http://www.cnn.com/video/partners/email/index.html?url=/video/crime/2023/09/15/grandma.react.scandal.cnn)  

4. **INSECTS AS FUTURE MEDICINE?**  
   [Watch Now](http://www.cnn.com/video/partners/email/index.html?url=/video/health/2023/09/15/insects.future.medicine.itn)  

5. **FLOATING RACE: A NEW TREND**  
   [Watch Now](http://www.cnn.com/video/partners/email/index.html?url=/video/living/2023/09/15/floating.race.wxin)  

6. **MYSTERIOUS MURDER TRIAL**  
   [Watch Now](http://www.cnn.com/video/partners/email/index.html?url=/video/crime/2023/09/15/murder.trial.update.insession)  

7. **ACTRESS OPENS UP AFTER YEARS**  
   [Watch Now](http://www.cnn.com/video/partners/email/index.html?url=/video/health/2023/09/15/actress.interview.cnn)  

8. **CONTROVERSIAL AD CAUSES UPROAR**  
   [Watch Now](http://www.cnn.com/video/partners/email/index.html?url=/video/tech/2023/09/15/controversial.ad.lawsuit.komo)  

9. **ECONOMIC OUTLOOK: EXPERTS WEIGH IN**  
   [Watch Now](http://www.cnn.com/video/partners/email/index.html?url=/video/politics/2023/09/15/economic.outlook.cnn)  

10. **SURPRISING NEWS ABOUT BIDEN**  
   [Watch Now](http://www.cnn.com/video/partners/email/index.html?url=/video/politics/2023/09/15/biden.update.cnn)  

**TOP 10 STORIES**
1. **A MODERN-DAY GOLD RUSH IN NORTH DAKOTA**  
   [Read More](http://www.cnn.com/2023/LIVING/wayoflife/09/15/north.dakota.gold.rush/index.html)  
   Amidst an energy boom, a local resident strikes it rich on his land.

2. **BIDEN'S STRUGGLE IN THE POLLS**  
   [Read More](http://www.cnn.com/2023/POLITICS/09/15/biden.polls/index.html)  

3. **PROSECUTOR: CRIME SCENE WAS 'UNIMAGINABLE'**  
   [Read More](http://www.cnn.com/2023/CRIME/09/15/crime.trial.ap/index.html)  

4. **UNVEILING A TALENTED ARTIST**  
   [Read More](http://www.cnn.com/2023/SHOWBIZ/Music/09/15/talented.artist/index.html)  

5. **ANALYSIS: THE CLINTON EFFECT**  
   [Read More](http://www.cnn.com/2023/US/09/15/clinton.analysis/index.html)  

6. **WOMEN TURNING TO EGG DONATION**  
   [Read More](http://www.cnn.com/2023/HEALTH/09/15/egg.donation/index.html)  

7. **ANTHRAX CASE TAKES A TURN**  
   [Read More](http://www.cnn.com/2023/CRIME/09/15/anthrax.case.index.html)  

8. **WILDLIFE ENCOUNTER IN SUBURB**  
   [Read More](http://www.cnn",1,CEAS08_REAL_M_04876,rewrite,True
CEAS08_SYN2_RE_04984_998,Breaking News: Your Personalized Update,"Dear Subscriber,

We are excited to bring you your tailored news alert!

**Alert Title:** Your Personalized Update  
**Topic:** How to Identify Easy Opponents in Online Poker

Date: Fri, 8 Aug 2008 15:23:13 +0300

**READ MORE HERE**

You received this notification because you opted in for updates from our service.  
To modify your preferences, click here.  
If you wish to change your alert settings or unsubscribe from these updates, click here.

Best regards,  
Your News Update Team  
123 News Avenue, Suite 456  
New York, NY 10001  
© 2008 Your News Update Service.  
All Rights Reserved.  
Read our privacy policy and terms of service.",1,CEAS08_REAL_M_04984,rewrite,True
CEAS08_SYN2_RE_04903_983,Your Exclusive Daily Highlights from NewsNet,"==========================================================
**YOUR EXCLUSIVE DAILY HIGHLIGHTS**  
from NewsNet  
Top trending videos and stories as of: October 5, 2023 10:15 AM EDT  
==========================================================

**TOP 10 VIDEOS**  
1. **MYSTERIOUS CREATURE SPOTTED!**  
[Watch Now](http://www.newsnet.com/video/partners/email/index.html?url=/video/entertainment/2023/10/04/mysterious.creature.newsnet)  
What could it be? A new species or just a trick of the light? Join our reporter as they investigate this bizarre sighting!  

2. **SHOCKING IMAGES FROM A LOCAL EVENT**  
[See the Photos](http://www.newsnet.com/video/partners/email/index.html?url=/video/news/2023/10/04/local.event.photos.newsnet)  

3. **WEEKLY COMEDY ROUNDUP EPISODE 12**  
[Catch Up Here](http://www.newsnet.com/video/partners/email/index.html?url=/video/podcasts/comedy/2023/10/04/weekly.roundup.ep12.newsnet)  

4. **CONTROVERSIAL POLICE INCIDENT**  
[Watch the Footage](http://www.newsnet.com/video/partners/email/index.html?url=/video/news/2023/10/04/police.incident.newsnet)  

5. **FAMILY DESPERATELY SEEKS MISSING CHILD**  
[View Their Plea](http://www.newsnet.com/video/partners/email/index.html?url=/video/crime/2023/10/05/missing.child.plea.newsnet)  

6. **DEFENDANT’S SHOCKING COURTROOM DRAMA**  
[See What Happened](http://www.newsnet.com/video/partners/email/index.html?url=/video/crime/2023/10/05/courtroom.drama.newsnet)  

7. **BRUTAL MURDER CASE TAKES A TWIST**  
[Investigate Further](http://www.newsnet.com/video/partners/email/index.html?url=/video/world/2023/10/04/murder.case.twist.newsnet)  

8. **CONFESSION UNDER DOUBT**  
[Discover the Details](http://www.newsnet.com/video/partners/email/index.html?url=/video/world/2023/10/05/confession.doubt.newsnet)  

9. **SEARCHING THE HOME OF A SUSPECT**  
[Explore the Investigation](http://www.newsnet.com/video/partners/email/index.html?url=/video/news/2023/10/05/suspect.home.search.newsnet)  

10. **PROTESTORS DISRUPT PUBLIC SPEECH**  
[See the Highlights](http://www.newsnet.com/video/partners/email/index.html?url=/video/politics/2023/10/05/protestors.disrupt.speech.newsnet)  

**TOP 10 STORIES**  
1. **IDENTITY OF BEHEADING SUSPECT REVEALED**  
[Read More](http://www.newsnet.com/2023/WORLD/americas/10/05/beheading.suspect.revealed/index.html)  
Authorities confirm the arrest of a suspect in a shocking bus incident.  

2. **JUDGE REMOVED FROM HIGH-PROFILE CASE**  
[Get the Details](http://www.newsnet.com/2023/CRIME/10/05/judge.removal.case/index.html)  

3. **EXCLUSIVE PHOTOS OF CELEBRITY COUPLE**  
[View the Gallery](http://www.newsnet.com/2023/SHOWBIZ/Movies/10/05/celebrity.photos/index.html)  

4. **RACIAL TENSION IN RECENT ATTACK**  
[Learn More](http://www.newsnet.com/2023/WORLD/americas/10/05/racial.tension.attack/index.html)  

5. **UNUSUAL NAMES TREND AMONG REPORTERS**  
[Find Out More](http://www.newsnet.com/2023/LIVING/10/05/unusual.names/index.html)  

6. **MOTHER URGES COMMUNITY FOR HELP**  
[Read Her Story](http://www.newsnet.com/2023/CRIME/10/05/mother.plea/index.html)  

7. **DEFENDANT CLAIMS U.S. DEAL**  
[Explore the Claims](http://www.newsnet.com/2023/WORLD/europe/10/05/defendant.us.deal/index.html)  

8. **ARREST IN RECENT MURDERS**  
[See the Updates](http://www.news",1,CEAS08_REAL_M_04903,rewrite,True
CEAS08_SYN2_RE_04901_982,Your Daily News Highlights Await!,">**************************************************
>YOUR DAILY NEWS HIGHLIGHTS
>from NewsHub.com
>Latest videos and articles as of: Sept 15, 2023  2:45 PM EDT
>**************************************************

TOP 10 VIDEOS
1. MOM SPOTTED AT NIGHTCLUB  
[Watch Now](http://www.newshub.com/video/partners/email/index.html?url=/video/crime/2023/09/15/story1)  
Check out the latest footage of a mother enjoying a night out just days after her child's mysterious disappearance.

2. WOMAN DISCOVERS SNEAKY SPYWARE  
[Watch Now](http://www.newshub.com/video/partners/email/index.html?url=/video/tech/2023/09/15/story2)

3. TIGERS IN THE WILD ATTACK TEEN  
[Watch Now](http://www.newshub.com/video/partners/email/index.html?url=/video/world/2023/09/15/story3)

4. MISTRESS SPEAKS OUT IN COURT  
[Watch Now](http://www.newshub.com/video/partners/email/index.html?url=/video/crime/2023/09/15/story4)

5. MAN CALLS FOR HELP OVER A MEAL  
[Watch Now](http://www.newshub.com/video/partners/email/index.html?url=/video/crime/2023/09/15/story5)

6. INFAMOUS GANGSTER ARRESTED AGAIN  
[Watch Now](http://www.newshub.com/video/partners/email/index.html?url=/video/us/2023/09/15/story6)

7. PASSENGERS SLIDE TO SAFETY FROM AIRPLANE  
[Watch Now](http://www.newshub.com/video/partners/email/index.html?url=/video/us/2023/09/15/story7)

8. EMERGENCY LANDING EVACUATES FLIGHT  
[Watch Now](http://www.newshub.com/video/partners/email/index.html?url=/video/us/2023/09/15/story8)

9. INNOVATIVE TECH HELPS CONSERVE FUEL  
[Watch Now](http://www.newshub.com/video/partners/email/index.html?url=/video/tech/2023/09/15/story9)

10. RECORD NUMBER OF GORILLAS DISCOVERED  
[Watch Now](http://www.newshub.com/video/partners/email/index.html?url=/video/world/2023/09/15/story10)

TOP 10 STORIES
1. PLANE FORCED TO MAKE EMERGENCY LANDING  
[Read More](http://www.newshub.com/2023/US/09/15/emergency.landing/index.html)  
Passengers evacuated a commercial flight using inflatable slides at the Denver airport after smoke filled the cabin.

2. GORILLA POPULATION RECOVERY  
[Read More](http://www.newshub.com/2023/WORLD/africa/09/15/gorillas/index.html)

3. STAY-AT-HOME PARENTS WITHOUT CHILDREN  
[Read More](http://www.newshub.com/2023/LIVING/wayoflife/09/15/no_kids_no_job/index.html)

4. OP-ED: SANCTUARY CITIES DEBATE  
[Read More](http://www.newshub.com/2023/POLITICS/09/15/immigration/index.html)

5. CELEBRITY RECOVERING POST-OP  
[Read More](http://www.newshub.com/2023/SHOWBIZ/Movies/09/15/celebrity.recovery/index.html)

6. GANGSTER'S LATEST ARREST  
[Read More](http://www.newshub.com/2023/CRIME/09/15/gangster.arrest/index.html)

7. TOXINS HINDER MARS EXPLORATION  
[Read More](http://www.newshub.com/2023/TECH/space/09/15/nasa.mars/index.html)

8. COMEDY FILMS IN HIGH DEMAND  
[Read More](http://www.newshub.com/2023/SHOWBIZ/Movies/09/15/comedy.trends/index.html)

9. COFFEE CHAIN INTRODUCES NEW DEAL  
[Read More](http://www.newshub.com/2023/US/09/15/coffee.deal/index.html)

10. HURRICANE MAKES LANDFALL  
[Read More](http://www.newshub.com/2023/US/weather/09/15/hurricane.weather/index.html)

NewsHub, Your Trusted Source for Updates  
>    NewsHub Corporation.",1,CEAS08_REAL_M_04901,rewrite,True
CEAS08_SYN2_RE_04950_989,Breaking News Updates - Top Highlights,">***********************************************************  
>YOUR DAILY NEWS ROUNDUP  
>From NewsCentral.com  
>Latest trending stories as of: Oct  15, 2023  2:45 PM EST  
>***********************************************************  

**TOP 10 VIDEOS**  
1. **MOM CAUGHT PARTYING POST-TRAGEDY**  
   [Watch Now](http://www.newscentral.com/video/partners/email/index.html?url=/video/crime/2023/10/15/mom.partying)  
   Shocking footage surfaces of a mother reveling in a nightclub shortly after her child's disappearance.  

2. **TECH GONE WRONG: COMPUTER SPYING**  
   [Watch Now](http://www.newscentral.com/video/partners/email/index.html?url=/video/tech/2023/10/15/spy.webcam)  

3. **ZOO HORROR: TEEN ATTACKED BY TIGER**  
   [Watch Now](http://www.newscentral.com/video/partners/email/index.html?url=/video/us/2023/10/15/tiger.attack)  

4. **SCANDAL: MISTRESS TAKES THE STAND**  
   [Watch Now](http://www.newscentral.com/video/partners/email/index.html?url=/video/crime/2023/10/15/mistress.testimony)  

5. **911 CALL OVER A SANDWICH?**  
   [Watch Now](http://www.newscentral.com/video/partners/email/index.html?url=/video/crime/2023/10/15/sandwich.call)  

6. **SCANDAL: GOTTI JR. IN HANDCUFFS**  
   [Watch Now](http://www.newscentral.com/video/partners/email/index.html?url=/video/us/2023/10/15/gotti.arrested)  

7. **PANIC: PASSENGERS SLIDE TO SAFETY**  
   [Watch Now](http://www.newscentral.com/video/partners/email/index.html?url=/video/us/2023/10/15/plane.evacuated)  

8. **EMERGENCY LANDING: FLIGHT EVACUATION**  
   [Watch Now](http://www.newscentral.com/video/partners/email/index.html?url=/video/us/2023/10/15/flight.evacuation)  

9. **NEW TECHNOLOGY HELPS WITH GAS CONSERVATION**  
   [Watch Now](http://www.newscentral.com/video/partners/email/index.html?url=/video/tech/2023/10/15/gas.conservation)  

10. **EXTRAORDINARY: 150,000 GORILLAS DISCOVERED**  
    [Watch Now](http://www.newscentral.com/video/partners/email/index.html?url=/video/world/2023/10/15/gorillas.found)  

**TOP 10 HEADLINES**  
1. **SMOKE TRIGGERS EMERGENCY LANDING**  
   [Read More](http://www.newscentral.com/2023/US/10/15/emergency.landing)  
   Passengers escape an American Airlines flight using inflatable slides after a critical emergency landing in Los Angeles.  

2. **HOPE FOR GORILLA SURVIVAL REKINDLED**  
   [Read More](http://www.newscentral.com/2023/WORLD/africa/10/15/gorilla.survival)  

3. **STAY-AT-HOME MOMS WITHOUT CHILDREN**  
   [Read More](http://www.newscentral.com/2023/LIVING/wayoflife/10/15/moms.without.kids)  

4. **COMMENTARY: SANCTUARY CITIES DEBATE**  
   [Read More](http://www.newscentral.com/2023/POLITICS/10/15/sanctuary.cities)  

5. **FREEMAN RECOVERING FROM SURGERY**  
   [Read More](http://www.newscentral.com/2023/SHOWBIZ/Movies/10/15/morgan.freeman.update)  

6. **GOTTI JR. BACK IN THE NEWS**  
   [Read More](http://www.newscentral.com/2023/CRIME/10/15/gotti.news)  

7. **TOXINS DIM HOPES FOR MARS LIFE**  
   [Read More](http://www.newscentral.com/2023/TECH/space/10/15/mars.hopes)  

8. **THE APPEAL OF ADULT COMEDIES**  
   [Read More](http://www.newscentral.com/",1,CEAS08_REAL_M_04950,rewrite,True
CEAS08_SYN2_RE_04969_993,Your Daily News Highlights Await!,">YOUR DAILY NEWS ROUNDUP  
>From NewsToday.com  
>Catch the latest trending stories as of: Sept 15, 2023  10:45 AM EDT  
>----------------------------------------------------  
>TOP 10 VIDEOS  
>1. CELEBRITY SPATS: WHO'S THROWING SHADE?  
>http://www.newstoday.com/video/partners/email/index.html?url=/video/entertainment/2023/09/15/celebrity.spats.analysis  
>Watch as top stars clash in a hilarious new segment.  
>  
>2. LOCAL CAFÉ UNDER FIRE FOR DRESS CODE  
>http://www.newstoday.com/video/partners/email/index.html?url=/video/lifestyle/2023/09/15/cafe.dress.code.outrage  
>  
>3. GRANDMA REACTS TO NEW TECHNOLOGY  
>http://www.newstoday.com/video/partners/email/index.html?url=/video/news/2023/09/15/grandma.tech.reaction  
>  
>4. STRANGE CURES: THE SCIENCE OF HOME REMEDIES  
>http://www.newstoday.com/video/partners/email/index.html?url=/video/health/2023/09/15/home.remedies.explained  
>  
>5. GET READY FOR THE ANNUAL BALLOON FESTIVAL!  
>http://www.newstoday.com/video/partners/email/index.html?url=/video/events/2023/09/15/balloon.festival.preview  
>  
>6. MYSTERIOUS DISAPPEARANCE: THE UNTOLD STORY  
>http://www.newstoday.com/video/partners/email/index.html?url=/video/crime/2023/09/15/missing.persons.case  
>  
>7. CELEBRITY SPOTLIGHT: HIDDEN STRUGGLES  
>http://www.newstoday.com/video/partners/email/index.html?url=/video/health/2023/09/15/celebrity.mental.health  
>  
>8. FAKE NEWS ALERT: A COMPELLING LAWSUIT  
>http://www.newstoday.com/video/partners/email/index.html?url=/video/media/2023/09/15/fake.news.lawsuit  
>  
>9. ECONOMIC PREDICTIONS: WHAT TO EXPECT NEXT  
>http://www.newstoday.com/video/partners/email/index.html?url=/video/business/2023/09/15/economic.forecast  
>  
>10. POLITICS: WHAT'S HAPPENING NOW?  
>http://www.newstoday.com/video/partners/email/index.html?url=/video/politics/2023/09/15/current.events.analysis  
>  
>TOP 10 ARTICLES  
>1. LOCAL HEROES: A STORY OF RESILIENCE  
>http://www.newstoday.com/2023/LIFESTYLE/community/09/15/local.heroes  
>Discover how everyday individuals are making a difference in their communities.  
>  
>2. THE RACE FOR THE PRESIDENCY: A CLOSE CALL  
>http://www.newstoday.com/2023/POLITICS/09/15/presidential.race.update  
>  
>3. SHOCKING TRIAL: A CASE OF GREED AND BETRAYAL  
>http://www.newstoday.com/2023/CRIME/09/15/trial.update  
>  
>4. UNDER THE RADAR: UNSUNG MUSICIANS  
>http://www.newstoday.com/2023/SHOWBIZ/Music/09/15/underrated.artists  
>  
>5. ANALYSIS: THE IMPACT OF SOCIAL MEDIA  
>http://www.newstoday.com/2023/US/09/15/social.media.impact  
>  
>6. THE ETHICS OF EGG DONATION  
>http://www.newstoday.com/2023/HEALTH/09/15/egg.donation  
>  
>7. MYSTERIOUS EVENTS: UNCOVERING THE TRUTH  
>http://www.newstoday.com/2023/CRIME/09/15/mystery.case  
>  
>8. WILD ENCOUNTERS: PETS IN PERIL  
>http://www.newstoday.com/2023/US/09/15/pets.in.trouble  
>  
>9. REPORTS REVEAL: MISTAKES IN THE WORKPLACE  
>http://www.newstoday.com/2023/US/09/15/workplace.errors  
>  
>10. INSIDE THE MIND OF A CRIMINAL  
>http://www",1,CEAS08_REAL_M_04969,rewrite,True
