2025-06-05 16:14:57,537 - cyberdata.scripts.parallel_generator_v2 - INFO - C:\Users\Tianyu Wang\Documents\Notebooks\cyberdata\src\cyberdata\utils\logger_config.py:62 - setup_logger() - Logger initialized. Logs will be saved to C:\Users\Tianyu Wang\Documents\Notebooks\cyberdata\logs\cyberdata.scripts.parallel_generator_v2_20250605_161457.log
2025-06-05 16:14:57,540 - cyberdata.scripts.parallel_generator_v2 - INFO - C:\Users\Tianyu Wang\Documents\Notebooks\cyberdata\src\cyberdata\process\parallel_generator.py:678 - main() - Starting configurable parallel generation: count=100, ratio=0.5, environment=production
2025-06-05 16:14:57,541 - cyberdata.scripts.parallel_generator_v2 - INFO - C:\Users\Tianyu Wang\Documents\Notebooks\cyberdata\src\cyberdata\process\parallel_generator.py:690 - main() - Target distribution: 50 malicious, 50 benign
2025-06-05 16:14:57,560 - cyberdata.scripts.parallel_generator_v2 - INFO - C:\Users\Tianyu Wang\Documents\Notebooks\cyberdata\src\cyberdata\process\parallel_generator.py:116 - _load_configuration() - Applying production environment overrides
2025-06-05 16:14:57,561 - cyberdata.scripts.parallel_generator_v2 - INFO - C:\Users\Tianyu Wang\Documents\Notebooks\cyberdata\src\cyberdata\process\parallel_generator.py:121 - _load_configuration() - Applying runtime configuration overrides
2025-06-05 16:14:57,561 - cyberdata.scripts.parallel_generator_v2 - INFO - C:\Users\Tianyu Wang\Documents\Notebooks\cyberdata\src\cyberdata\process\parallel_generator.py:95 - __init__() - Initialized parallel generator: 4 workers, batch size 2, environment: production
2025-06-05 16:14:57,569 - cyberdata.scripts.parallel_generator_v2 - INFO - C:\Users\Tianyu Wang\Documents\Notebooks\cyberdata\src\cyberdata\process\parallel_generator.py:708 - main() - Processing 5 problems
2025-06-05 16:14:57,570 - cyberdata.scripts.parallel_generator_v2 - INFO - C:\Users\Tianyu Wang\Documents\Notebooks\cyberdata\src\cyberdata\process\parallel_generator.py:724 - main() - 
============================================================
2025-06-05 16:14:57,570 - cyberdata.scripts.parallel_generator_v2 - INFO - C:\Users\Tianyu Wang\Documents\Notebooks\cyberdata\src\cyberdata\process\parallel_generator.py:725 - main() - Processing problem 1/5: Social Engineering/credential_harvesting
2025-06-05 16:14:57,571 - cyberdata.scripts.parallel_generator_v2 - INFO - C:\Users\Tianyu Wang\Documents\Notebooks\cyberdata\src\cyberdata\process\parallel_generator.py:726 - main() - ============================================================
2025-06-05 16:14:57,571 - cyberdata.scripts.parallel_generator_v2 - INFO - C:\Users\Tianyu Wang\Documents\Notebooks\cyberdata\src\cyberdata\process\parallel_generator.py:482 - generate_parallel() - Starting parallel generation for credential_harvesting: 50 malicious, 50 benign
2025-06-05 16:14:57,587 - cyberdata.scripts.parallel_generator_v2 - INFO - C:\Users\Tianyu Wang\Documents\Notebooks\cyberdata\src\cyberdata\process\parallel_generator.py:324 - create_generation_tasks() - Created 34 generation tasks for credential_harvesting (batch size: 3)
2025-06-05 16:14:57,588 - cyberdata.scripts.parallel_generator_v2 - INFO - C:\Users\Tianyu Wang\Documents\Notebooks\cyberdata\src\cyberdata\process\parallel_generator.py:334 - execute_generation_task() - Executing task credential_harvesting_mal_0 (attempt 1): 3 malicious samples
2025-06-05 16:14:57,589 - cyberdata.scripts.parallel_generator_v2 - INFO - C:\Users\Tianyu Wang\Documents\Notebooks\cyberdata\src\cyberdata\process\parallel_generator.py:334 - execute_generation_task() - Executing task credential_harvesting_mal_1 (attempt 1): 3 malicious samples
2025-06-05 16:14:57,589 - cyberdata.scripts.parallel_generator_v2 - INFO - C:\Users\Tianyu Wang\Documents\Notebooks\cyberdata\src\cyberdata\process\parallel_generator.py:334 - execute_generation_task() - Executing task credential_harvesting_mal_2 (attempt 1): 3 malicious samples
2025-06-05 16:14:57,590 - cyberdata.scripts.parallel_generator_v2 - INFO - C:\Users\Tianyu Wang\Documents\Notebooks\cyberdata\src\cyberdata\process\parallel_generator.py:334 - execute_generation_task() - Executing task credential_harvesting_mal_3 (attempt 1): 3 malicious samples
2025-06-05 16:15:47,156 - cyberdata.scripts.parallel_generator_v2 - INFO - C:\Users\Tianyu Wang\Documents\Notebooks\cyberdata\src\cyberdata\process\parallel_generator.py:366 - execute_generation_task() - Task credential_harvesting_mal_3 completed: 3 unique samples (0 duplicates filtered) in 49.57s
2025-06-05 16:15:47,157 - cyberdata.scripts.parallel_generator_v2 - INFO - C:\Users\Tianyu Wang\Documents\Notebooks\cyberdata\src\cyberdata\process\parallel_generator.py:334 - execute_generation_task() - Executing task credential_harvesting_mal_4 (attempt 1): 3 malicious samples
2025-06-05 16:15:47,157 - cyberdata.scripts.parallel_generator_v2 - INFO - C:\Users\Tianyu Wang\Documents\Notebooks\cyberdata\src\cyberdata\process\parallel_generator.py:518 - generate_parallel() - Task credential_harvesting_mal_3 contributed 3 samples
2025-06-05 16:15:53,131 - cyberdata.scripts.parallel_generator_v2 - INFO - C:\Users\Tianyu Wang\Documents\Notebooks\cyberdata\src\cyberdata\process\parallel_generator.py:366 - execute_generation_task() - Task credential_harvesting_mal_1 completed: 3 unique samples (0 duplicates filtered) in 55.54s
2025-06-05 16:15:53,131 - cyberdata.scripts.parallel_generator_v2 - INFO - C:\Users\Tianyu Wang\Documents\Notebooks\cyberdata\src\cyberdata\process\parallel_generator.py:334 - execute_generation_task() - Executing task credential_harvesting_mal_5 (attempt 1): 3 malicious samples
2025-06-05 16:15:53,131 - cyberdata.scripts.parallel_generator_v2 - INFO - C:\Users\Tianyu Wang\Documents\Notebooks\cyberdata\src\cyberdata\process\parallel_generator.py:518 - generate_parallel() - Task credential_harvesting_mal_1 contributed 3 samples
2025-06-05 16:15:57,900 - cyberdata.scripts.parallel_generator_v2 - INFO - C:\Users\Tianyu Wang\Documents\Notebooks\cyberdata\src\cyberdata\process\parallel_generator.py:366 - execute_generation_task() - Task credential_harvesting_mal_0 completed: 3 unique samples (0 duplicates filtered) in 60.31s
2025-06-05 16:15:57,900 - cyberdata.scripts.parallel_generator_v2 - INFO - C:\Users\Tianyu Wang\Documents\Notebooks\cyberdata\src\cyberdata\process\parallel_generator.py:334 - execute_generation_task() - Executing task credential_harvesting_mal_6 (attempt 1): 3 malicious samples
2025-06-05 16:15:57,900 - cyberdata.scripts.parallel_generator_v2 - INFO - C:\Users\Tianyu Wang\Documents\Notebooks\cyberdata\src\cyberdata\process\parallel_generator.py:518 - generate_parallel() - Task credential_harvesting_mal_0 contributed 3 samples
2025-06-05 16:16:03,951 - cyberdata.scripts.parallel_generator_v2 - INFO - C:\Users\Tianyu Wang\Documents\Notebooks\cyberdata\src\cyberdata\process\parallel_generator.py:366 - execute_generation_task() - Task credential_harvesting_mal_2 completed: 3 unique samples (0 duplicates filtered) in 66.36s
2025-06-05 16:16:03,952 - cyberdata.scripts.parallel_generator_v2 - INFO - C:\Users\Tianyu Wang\Documents\Notebooks\cyberdata\src\cyberdata\process\parallel_generator.py:334 - execute_generation_task() - Executing task credential_harvesting_mal_7 (attempt 1): 3 malicious samples
2025-06-05 16:16:03,952 - cyberdata.scripts.parallel_generator_v2 - INFO - C:\Users\Tianyu Wang\Documents\Notebooks\cyberdata\src\cyberdata\process\parallel_generator.py:518 - generate_parallel() - Task credential_harvesting_mal_2 contributed 3 samples
2025-06-05 16:16:47,722 - cyberdata.scripts.parallel_generator_v2 - INFO - C:\Users\Tianyu Wang\Documents\Notebooks\cyberdata\src\cyberdata\process\parallel_generator.py:366 - execute_generation_task() - Task credential_harvesting_mal_4 completed: 3 unique samples (0 duplicates filtered) in 60.57s
2025-06-05 16:16:47,722 - cyberdata.scripts.parallel_generator_v2 - INFO - C:\Users\Tianyu Wang\Documents\Notebooks\cyberdata\src\cyberdata\process\parallel_generator.py:334 - execute_generation_task() - Executing task credential_harvesting_mal_8 (attempt 1): 3 malicious samples
2025-06-05 16:16:47,722 - cyberdata.scripts.parallel_generator_v2 - INFO - C:\Users\Tianyu Wang\Documents\Notebooks\cyberdata\src\cyberdata\process\parallel_generator.py:518 - generate_parallel() - Task credential_harvesting_mal_4 contributed 3 samples
2025-06-05 16:16:51,101 - cyberdata.scripts.parallel_generator_v2 - INFO - C:\Users\Tianyu Wang\Documents\Notebooks\cyberdata\src\cyberdata\process\parallel_generator.py:366 - execute_generation_task() - Task credential_harvesting_mal_6 completed: 3 unique samples (0 duplicates filtered) in 53.20s
2025-06-05 16:16:51,101 - cyberdata.scripts.parallel_generator_v2 - INFO - C:\Users\Tianyu Wang\Documents\Notebooks\cyberdata\src\cyberdata\process\parallel_generator.py:334 - execute_generation_task() - Executing task credential_harvesting_mal_9 (attempt 1): 3 malicious samples
2025-06-05 16:16:51,101 - cyberdata.scripts.parallel_generator_v2 - INFO - C:\Users\Tianyu Wang\Documents\Notebooks\cyberdata\src\cyberdata\process\parallel_generator.py:518 - generate_parallel() - Task credential_harvesting_mal_6 contributed 3 samples
2025-06-05 16:16:51,576 - cyberdata.scripts.parallel_generator_v2 - INFO - C:\Users\Tianyu Wang\Documents\Notebooks\cyberdata\src\cyberdata\process\parallel_generator.py:366 - execute_generation_task() - Task credential_harvesting_mal_5 completed: 3 unique samples (0 duplicates filtered) in 58.44s
2025-06-05 16:16:51,577 - cyberdata.scripts.parallel_generator_v2 - INFO - C:\Users\Tianyu Wang\Documents\Notebooks\cyberdata\src\cyberdata\process\parallel_generator.py:334 - execute_generation_task() - Executing task credential_harvesting_mal_10 (attempt 1): 3 malicious samples
2025-06-05 16:16:51,577 - cyberdata.scripts.parallel_generator_v2 - INFO - C:\Users\Tianyu Wang\Documents\Notebooks\cyberdata\src\cyberdata\process\parallel_generator.py:518 - generate_parallel() - Task credential_harvesting_mal_5 contributed 3 samples
2025-06-05 16:16:56,548 - cyberdata.scripts.parallel_generator_v2 - INFO - C:\Users\Tianyu Wang\Documents\Notebooks\cyberdata\src\cyberdata\process\parallel_generator.py:366 - execute_generation_task() - Task credential_harvesting_mal_7 completed: 3 unique samples (0 duplicates filtered) in 52.60s
2025-06-05 16:16:56,550 - cyberdata.scripts.parallel_generator_v2 - INFO - C:\Users\Tianyu Wang\Documents\Notebooks\cyberdata\src\cyberdata\process\parallel_generator.py:334 - execute_generation_task() - Executing task credential_harvesting_mal_11 (attempt 1): 3 malicious samples
2025-06-05 16:16:56,550 - cyberdata.scripts.parallel_generator_v2 - INFO - C:\Users\Tianyu Wang\Documents\Notebooks\cyberdata\src\cyberdata\process\parallel_generator.py:518 - generate_parallel() - Task credential_harvesting_mal_7 contributed 3 samples
2025-06-05 16:17:55,396 - cyberdata.scripts.parallel_generator_v2 - INFO - C:\Users\Tianyu Wang\Documents\Notebooks\cyberdata\src\cyberdata\process\parallel_generator.py:366 - execute_generation_task() - Task credential_harvesting_mal_8 completed: 3 unique samples (0 duplicates filtered) in 67.67s
2025-06-05 16:17:55,397 - cyberdata.scripts.parallel_generator_v2 - INFO - C:\Users\Tianyu Wang\Documents\Notebooks\cyberdata\src\cyberdata\process\parallel_generator.py:334 - execute_generation_task() - Executing task credential_harvesting_mal_12 (attempt 1): 3 malicious samples
2025-06-05 16:17:55,397 - cyberdata.scripts.parallel_generator_v2 - INFO - C:\Users\Tianyu Wang\Documents\Notebooks\cyberdata\src\cyberdata\process\parallel_generator.py:518 - generate_parallel() - Task credential_harvesting_mal_8 contributed 3 samples
2025-06-05 16:17:58,947 - cyberdata.scripts.parallel_generator_v2 - INFO - C:\Users\Tianyu Wang\Documents\Notebooks\cyberdata\src\cyberdata\process\parallel_generator.py:366 - execute_generation_task() - Task credential_harvesting_mal_10 completed: 3 unique samples (0 duplicates filtered) in 67.37s
2025-06-05 16:17:58,948 - cyberdata.scripts.parallel_generator_v2 - INFO - C:\Users\Tianyu Wang\Documents\Notebooks\cyberdata\src\cyberdata\process\parallel_generator.py:334 - execute_generation_task() - Executing task credential_harvesting_mal_13 (attempt 1): 3 malicious samples
2025-06-05 16:17:58,948 - cyberdata.scripts.parallel_generator_v2 - INFO - C:\Users\Tianyu Wang\Documents\Notebooks\cyberdata\src\cyberdata\process\parallel_generator.py:518 - generate_parallel() - Task credential_harvesting_mal_10 contributed 3 samples
2025-06-05 16:18:06,449 - cyberdata.scripts.parallel_generator_v2 - INFO - C:\Users\Tianyu Wang\Documents\Notebooks\cyberdata\src\cyberdata\process\parallel_generator.py:366 - execute_generation_task() - Task credential_harvesting_mal_11 completed: 3 unique samples (0 duplicates filtered) in 69.90s
2025-06-05 16:18:06,450 - cyberdata.scripts.parallel_generator_v2 - INFO - C:\Users\Tianyu Wang\Documents\Notebooks\cyberdata\src\cyberdata\process\parallel_generator.py:334 - execute_generation_task() - Executing task credential_harvesting_mal_14 (attempt 1): 3 malicious samples
2025-06-05 16:18:06,450 - cyberdata.scripts.parallel_generator_v2 - INFO - C:\Users\Tianyu Wang\Documents\Notebooks\cyberdata\src\cyberdata\process\parallel_generator.py:518 - generate_parallel() - Task credential_harvesting_mal_11 contributed 3 samples
2025-06-05 16:18:16,591 - cyberdata.scripts.parallel_generator_v2 - INFO - C:\Users\Tianyu Wang\Documents\Notebooks\cyberdata\src\cyberdata\process\parallel_generator.py:366 - execute_generation_task() - Task credential_harvesting_mal_9 completed: 3 unique samples (0 duplicates filtered) in 85.49s
2025-06-05 16:18:16,591 - cyberdata.scripts.parallel_generator_v2 - INFO - C:\Users\Tianyu Wang\Documents\Notebooks\cyberdata\src\cyberdata\process\parallel_generator.py:334 - execute_generation_task() - Executing task credential_harvesting_mal_15 (attempt 1): 3 malicious samples
2025-06-05 16:18:16,592 - cyberdata.scripts.parallel_generator_v2 - INFO - C:\Users\Tianyu Wang\Documents\Notebooks\cyberdata\src\cyberdata\process\parallel_generator.py:518 - generate_parallel() - Task credential_harvesting_mal_9 contributed 3 samples
2025-06-05 16:18:58,833 - cyberdata.scripts.parallel_generator_v2 - INFO - C:\Users\Tianyu Wang\Documents\Notebooks\cyberdata\src\cyberdata\process\parallel_generator.py:366 - execute_generation_task() - Task credential_harvesting_mal_13 completed: 3 unique samples (0 duplicates filtered) in 59.88s
2025-06-05 16:18:58,833 - cyberdata.scripts.parallel_generator_v2 - INFO - C:\Users\Tianyu Wang\Documents\Notebooks\cyberdata\src\cyberdata\process\parallel_generator.py:334 - execute_generation_task() - Executing task credential_harvesting_mal_16 (attempt 1): 2 malicious samples
2025-06-05 16:18:58,833 - cyberdata.scripts.parallel_generator_v2 - INFO - C:\Users\Tianyu Wang\Documents\Notebooks\cyberdata\src\cyberdata\process\parallel_generator.py:518 - generate_parallel() - Task credential_harvesting_mal_13 contributed 3 samples
2025-06-05 16:18:59,438 - cyberdata.scripts.parallel_generator_v2 - INFO - C:\Users\Tianyu Wang\Documents\Notebooks\cyberdata\src\cyberdata\process\parallel_generator.py:366 - execute_generation_task() - Task credential_harvesting_mal_12 completed: 3 unique samples (0 duplicates filtered) in 64.04s
2025-06-05 16:18:59,438 - cyberdata.scripts.parallel_generator_v2 - INFO - C:\Users\Tianyu Wang\Documents\Notebooks\cyberdata\src\cyberdata\process\parallel_generator.py:334 - execute_generation_task() - Executing task credential_harvesting_ben_17 (attempt 1): 3 benign samples
2025-06-05 16:18:59,439 - cyberdata.scripts.parallel_generator_v2 - INFO - C:\Users\Tianyu Wang\Documents\Notebooks\cyberdata\src\cyberdata\process\parallel_generator.py:518 - generate_parallel() - Task credential_harvesting_mal_12 contributed 3 samples
2025-06-05 16:19:07,761 - cyberdata.scripts.parallel_generator_v2 - INFO - C:\Users\Tianyu Wang\Documents\Notebooks\cyberdata\src\cyberdata\process\parallel_generator.py:366 - execute_generation_task() - Task credential_harvesting_mal_14 completed: 3 unique samples (0 duplicates filtered) in 61.31s
2025-06-05 16:19:07,762 - cyberdata.scripts.parallel_generator_v2 - INFO - C:\Users\Tianyu Wang\Documents\Notebooks\cyberdata\src\cyberdata\process\parallel_generator.py:334 - execute_generation_task() - Executing task credential_harvesting_ben_18 (attempt 1): 3 benign samples
2025-06-05 16:19:07,762 - cyberdata.scripts.parallel_generator_v2 - INFO - C:\Users\Tianyu Wang\Documents\Notebooks\cyberdata\src\cyberdata\process\parallel_generator.py:518 - generate_parallel() - Task credential_harvesting_mal_14 contributed 3 samples
2025-06-05 16:19:16,215 - cyberdata.scripts.parallel_generator_v2 - INFO - C:\Users\Tianyu Wang\Documents\Notebooks\cyberdata\src\cyberdata\process\parallel_generator.py:366 - execute_generation_task() - Task credential_harvesting_mal_15 completed: 3 unique samples (0 duplicates filtered) in 59.62s
2025-06-05 16:19:16,216 - cyberdata.scripts.parallel_generator_v2 - INFO - C:\Users\Tianyu Wang\Documents\Notebooks\cyberdata\src\cyberdata\process\parallel_generator.py:334 - execute_generation_task() - Executing task credential_harvesting_ben_19 (attempt 1): 3 benign samples
2025-06-05 16:19:16,216 - cyberdata.scripts.parallel_generator_v2 - INFO - C:\Users\Tianyu Wang\Documents\Notebooks\cyberdata\src\cyberdata\process\parallel_generator.py:518 - generate_parallel() - Task credential_harvesting_mal_15 contributed 3 samples
2025-06-05 16:19:20,432 - cyberdata.scripts.parallel_generator_v2 - INFO - C:\Users\Tianyu Wang\Documents\Notebooks\cyberdata\src\cyberdata\process\parallel_generator.py:366 - execute_generation_task() - Task credential_harvesting_ben_17 completed: 3 unique samples (0 duplicates filtered) in 20.99s
2025-06-05 16:19:20,434 - cyberdata.scripts.parallel_generator_v2 - INFO - C:\Users\Tianyu Wang\Documents\Notebooks\cyberdata\src\cyberdata\process\parallel_generator.py:334 - execute_generation_task() - Executing task credential_harvesting_ben_20 (attempt 1): 3 benign samples
2025-06-05 16:19:20,435 - cyberdata.scripts.parallel_generator_v2 - INFO - C:\Users\Tianyu Wang\Documents\Notebooks\cyberdata\src\cyberdata\process\parallel_generator.py:518 - generate_parallel() - Task credential_harvesting_ben_17 contributed 3 samples
2025-06-05 16:19:34,888 - cyberdata.scripts.parallel_generator_v2 - INFO - C:\Users\Tianyu Wang\Documents\Notebooks\cyberdata\src\cyberdata\process\parallel_generator.py:366 - execute_generation_task() - Task credential_harvesting_ben_18 completed: 3 unique samples (0 duplicates filtered) in 27.13s
2025-06-05 16:19:34,888 - cyberdata.scripts.parallel_generator_v2 - INFO - C:\Users\Tianyu Wang\Documents\Notebooks\cyberdata\src\cyberdata\process\parallel_generator.py:334 - execute_generation_task() - Executing task credential_harvesting_ben_21 (attempt 1): 3 benign samples
2025-06-05 16:19:34,888 - cyberdata.scripts.parallel_generator_v2 - INFO - C:\Users\Tianyu Wang\Documents\Notebooks\cyberdata\src\cyberdata\process\parallel_generator.py:518 - generate_parallel() - Task credential_harvesting_ben_18 contributed 3 samples
2025-06-05 16:19:35,852 - cyberdata.scripts.parallel_generator_v2 - INFO - C:\Users\Tianyu Wang\Documents\Notebooks\cyberdata\src\cyberdata\process\parallel_generator.py:366 - execute_generation_task() - Task credential_harvesting_ben_19 completed: 3 unique samples (0 duplicates filtered) in 19.64s
2025-06-05 16:19:35,853 - cyberdata.scripts.parallel_generator_v2 - INFO - C:\Users\Tianyu Wang\Documents\Notebooks\cyberdata\src\cyberdata\process\parallel_generator.py:334 - execute_generation_task() - Executing task credential_harvesting_ben_22 (attempt 1): 3 benign samples
2025-06-05 16:19:35,853 - cyberdata.scripts.parallel_generator_v2 - INFO - C:\Users\Tianyu Wang\Documents\Notebooks\cyberdata\src\cyberdata\process\parallel_generator.py:518 - generate_parallel() - Task credential_harvesting_ben_19 contributed 3 samples
2025-06-05 16:19:42,122 - cyberdata.scripts.parallel_generator_v2 - INFO - C:\Users\Tianyu Wang\Documents\Notebooks\cyberdata\src\cyberdata\process\parallel_generator.py:366 - execute_generation_task() - Task credential_harvesting_ben_20 completed: 3 unique samples (0 duplicates filtered) in 21.69s
2025-06-05 16:19:42,122 - cyberdata.scripts.parallel_generator_v2 - INFO - C:\Users\Tianyu Wang\Documents\Notebooks\cyberdata\src\cyberdata\process\parallel_generator.py:334 - execute_generation_task() - Executing task credential_harvesting_ben_23 (attempt 1): 3 benign samples
2025-06-05 16:19:42,122 - cyberdata.scripts.parallel_generator_v2 - INFO - C:\Users\Tianyu Wang\Documents\Notebooks\cyberdata\src\cyberdata\process\parallel_generator.py:518 - generate_parallel() - Task credential_harvesting_ben_20 contributed 3 samples
2025-06-05 16:19:47,106 - cyberdata.scripts.parallel_generator_v2 - INFO - C:\Users\Tianyu Wang\Documents\Notebooks\cyberdata\src\cyberdata\process\parallel_generator.py:366 - execute_generation_task() - Task credential_harvesting_mal_16 completed: 2 unique samples (0 duplicates filtered) in 48.27s
2025-06-05 16:19:47,107 - cyberdata.scripts.parallel_generator_v2 - INFO - C:\Users\Tianyu Wang\Documents\Notebooks\cyberdata\src\cyberdata\process\parallel_generator.py:334 - execute_generation_task() - Executing task credential_harvesting_ben_24 (attempt 1): 3 benign samples
2025-06-05 16:19:47,107 - cyberdata.scripts.parallel_generator_v2 - INFO - C:\Users\Tianyu Wang\Documents\Notebooks\cyberdata\src\cyberdata\process\parallel_generator.py:518 - generate_parallel() - Task credential_harvesting_mal_16 contributed 2 samples
2025-06-05 16:19:56,772 - cyberdata.scripts.parallel_generator_v2 - INFO - C:\Users\Tianyu Wang\Documents\Notebooks\cyberdata\src\cyberdata\process\parallel_generator.py:366 - execute_generation_task() - Task credential_harvesting_ben_21 completed: 3 unique samples (0 duplicates filtered) in 21.88s
2025-06-05 16:19:56,773 - cyberdata.scripts.parallel_generator_v2 - INFO - C:\Users\Tianyu Wang\Documents\Notebooks\cyberdata\src\cyberdata\process\parallel_generator.py:334 - execute_generation_task() - Executing task credential_harvesting_ben_25 (attempt 1): 3 benign samples
2025-06-05 16:19:56,773 - cyberdata.scripts.parallel_generator_v2 - INFO - C:\Users\Tianyu Wang\Documents\Notebooks\cyberdata\src\cyberdata\process\parallel_generator.py:518 - generate_parallel() - Task credential_harvesting_ben_21 contributed 3 samples
2025-06-05 16:19:59,439 - cyberdata.scripts.parallel_generator_v2 - INFO - C:\Users\Tianyu Wang\Documents\Notebooks\cyberdata\src\cyberdata\process\parallel_generator.py:366 - execute_generation_task() - Task credential_harvesting_ben_22 completed: 3 unique samples (0 duplicates filtered) in 23.59s
2025-06-05 16:19:59,439 - cyberdata.scripts.parallel_generator_v2 - INFO - C:\Users\Tianyu Wang\Documents\Notebooks\cyberdata\src\cyberdata\process\parallel_generator.py:334 - execute_generation_task() - Executing task credential_harvesting_ben_26 (attempt 1): 3 benign samples
2025-06-05 16:19:59,439 - cyberdata.scripts.parallel_generator_v2 - INFO - C:\Users\Tianyu Wang\Documents\Notebooks\cyberdata\src\cyberdata\process\parallel_generator.py:518 - generate_parallel() - Task credential_harvesting_ben_22 contributed 3 samples
2025-06-05 16:20:00,301 - cyberdata.scripts.parallel_generator_v2 - INFO - C:\Users\Tianyu Wang\Documents\Notebooks\cyberdata\src\cyberdata\process\parallel_generator.py:366 - execute_generation_task() - Task credential_harvesting_ben_23 completed: 3 unique samples (0 duplicates filtered) in 18.18s
2025-06-05 16:20:00,302 - cyberdata.scripts.parallel_generator_v2 - INFO - C:\Users\Tianyu Wang\Documents\Notebooks\cyberdata\src\cyberdata\process\parallel_generator.py:334 - execute_generation_task() - Executing task credential_harvesting_ben_27 (attempt 1): 3 benign samples
2025-06-05 16:20:00,302 - cyberdata.scripts.parallel_generator_v2 - INFO - C:\Users\Tianyu Wang\Documents\Notebooks\cyberdata\src\cyberdata\process\parallel_generator.py:518 - generate_parallel() - Task credential_harvesting_ben_23 contributed 3 samples
2025-06-05 16:20:07,781 - cyberdata.scripts.parallel_generator_v2 - INFO - C:\Users\Tianyu Wang\Documents\Notebooks\cyberdata\src\cyberdata\process\parallel_generator.py:366 - execute_generation_task() - Task credential_harvesting_ben_24 completed: 3 unique samples (0 duplicates filtered) in 20.67s
2025-06-05 16:20:07,782 - cyberdata.scripts.parallel_generator_v2 - INFO - C:\Users\Tianyu Wang\Documents\Notebooks\cyberdata\src\cyberdata\process\parallel_generator.py:334 - execute_generation_task() - Executing task credential_harvesting_ben_28 (attempt 1): 3 benign samples
2025-06-05 16:20:07,782 - cyberdata.scripts.parallel_generator_v2 - INFO - C:\Users\Tianyu Wang\Documents\Notebooks\cyberdata\src\cyberdata\process\parallel_generator.py:518 - generate_parallel() - Task credential_harvesting_ben_24 contributed 3 samples
2025-06-05 16:20:15,146 - cyberdata.scripts.parallel_generator_v2 - INFO - C:\Users\Tianyu Wang\Documents\Notebooks\cyberdata\src\cyberdata\process\parallel_generator.py:366 - execute_generation_task() - Task credential_harvesting_ben_25 completed: 3 unique samples (0 duplicates filtered) in 18.37s
2025-06-05 16:20:15,146 - cyberdata.scripts.parallel_generator_v2 - INFO - C:\Users\Tianyu Wang\Documents\Notebooks\cyberdata\src\cyberdata\process\parallel_generator.py:334 - execute_generation_task() - Executing task credential_harvesting_ben_29 (attempt 1): 3 benign samples
2025-06-05 16:20:15,146 - cyberdata.scripts.parallel_generator_v2 - INFO - C:\Users\Tianyu Wang\Documents\Notebooks\cyberdata\src\cyberdata\process\parallel_generator.py:518 - generate_parallel() - Task credential_harvesting_ben_25 contributed 3 samples
2025-06-05 16:20:22,742 - cyberdata.scripts.parallel_generator_v2 - INFO - C:\Users\Tianyu Wang\Documents\Notebooks\cyberdata\src\cyberdata\process\parallel_generator.py:366 - execute_generation_task() - Task credential_harvesting_ben_27 completed: 3 unique samples (0 duplicates filtered) in 22.44s
2025-06-05 16:20:22,742 - cyberdata.scripts.parallel_generator_v2 - INFO - C:\Users\Tianyu Wang\Documents\Notebooks\cyberdata\src\cyberdata\process\parallel_generator.py:334 - execute_generation_task() - Executing task credential_harvesting_ben_30 (attempt 1): 3 benign samples
2025-06-05 16:20:22,742 - cyberdata.scripts.parallel_generator_v2 - INFO - C:\Users\Tianyu Wang\Documents\Notebooks\cyberdata\src\cyberdata\process\parallel_generator.py:518 - generate_parallel() - Task credential_harvesting_ben_27 contributed 3 samples
2025-06-05 16:20:23,391 - cyberdata.scripts.parallel_generator_v2 - INFO - C:\Users\Tianyu Wang\Documents\Notebooks\cyberdata\src\cyberdata\process\parallel_generator.py:366 - execute_generation_task() - Task credential_harvesting_ben_26 completed: 3 unique samples (0 duplicates filtered) in 23.95s
2025-06-05 16:20:23,391 - cyberdata.scripts.parallel_generator_v2 - INFO - C:\Users\Tianyu Wang\Documents\Notebooks\cyberdata\src\cyberdata\process\parallel_generator.py:334 - execute_generation_task() - Executing task credential_harvesting_ben_31 (attempt 1): 3 benign samples
2025-06-05 16:20:23,391 - cyberdata.scripts.parallel_generator_v2 - INFO - C:\Users\Tianyu Wang\Documents\Notebooks\cyberdata\src\cyberdata\process\parallel_generator.py:518 - generate_parallel() - Task credential_harvesting_ben_26 contributed 3 samples
2025-06-05 16:20:31,099 - cyberdata.scripts.parallel_generator_v2 - INFO - C:\Users\Tianyu Wang\Documents\Notebooks\cyberdata\src\cyberdata\process\parallel_generator.py:366 - execute_generation_task() - Task credential_harvesting_ben_28 completed: 3 unique samples (0 duplicates filtered) in 23.32s
2025-06-05 16:20:31,099 - cyberdata.scripts.parallel_generator_v2 - INFO - C:\Users\Tianyu Wang\Documents\Notebooks\cyberdata\src\cyberdata\process\parallel_generator.py:334 - execute_generation_task() - Executing task credential_harvesting_ben_32 (attempt 1): 3 benign samples
2025-06-05 16:20:31,099 - cyberdata.scripts.parallel_generator_v2 - INFO - C:\Users\Tianyu Wang\Documents\Notebooks\cyberdata\src\cyberdata\process\parallel_generator.py:518 - generate_parallel() - Task credential_harvesting_ben_28 contributed 3 samples
2025-06-05 16:20:45,394 - cyberdata.scripts.parallel_generator_v2 - INFO - C:\Users\Tianyu Wang\Documents\Notebooks\cyberdata\src\cyberdata\process\parallel_generator.py:366 - execute_generation_task() - Task credential_harvesting_ben_31 completed: 3 unique samples (0 duplicates filtered) in 22.00s
2025-06-05 16:20:45,395 - cyberdata.scripts.parallel_generator_v2 - INFO - C:\Users\Tianyu Wang\Documents\Notebooks\cyberdata\src\cyberdata\process\parallel_generator.py:334 - execute_generation_task() - Executing task credential_harvesting_ben_33 (attempt 1): 2 benign samples
2025-06-05 16:20:45,395 - cyberdata.scripts.parallel_generator_v2 - INFO - C:\Users\Tianyu Wang\Documents\Notebooks\cyberdata\src\cyberdata\process\parallel_generator.py:518 - generate_parallel() - Task credential_harvesting_ben_31 contributed 3 samples
2025-06-05 16:20:46,984 - cyberdata.scripts.parallel_generator_v2 - INFO - C:\Users\Tianyu Wang\Documents\Notebooks\cyberdata\src\cyberdata\process\parallel_generator.py:366 - execute_generation_task() - Task credential_harvesting_ben_29 completed: 3 unique samples (0 duplicates filtered) in 31.84s
2025-06-05 16:20:46,984 - cyberdata.scripts.parallel_generator_v2 - INFO - C:\Users\Tianyu Wang\Documents\Notebooks\cyberdata\src\cyberdata\process\parallel_generator.py:518 - generate_parallel() - Task credential_harvesting_ben_29 contributed 3 samples
2025-06-05 16:20:49,962 - cyberdata.scripts.parallel_generator_v2 - INFO - C:\Users\Tianyu Wang\Documents\Notebooks\cyberdata\src\cyberdata\process\parallel_generator.py:366 - execute_generation_task() - Task credential_harvesting_ben_30 completed: 3 unique samples (0 duplicates filtered) in 27.22s
2025-06-05 16:20:49,962 - cyberdata.scripts.parallel_generator_v2 - INFO - C:\Users\Tianyu Wang\Documents\Notebooks\cyberdata\src\cyberdata\process\parallel_generator.py:518 - generate_parallel() - Task credential_harvesting_ben_30 contributed 3 samples
2025-06-05 16:20:59,783 - cyberdata.scripts.parallel_generator_v2 - INFO - C:\Users\Tianyu Wang\Documents\Notebooks\cyberdata\src\cyberdata\process\parallel_generator.py:366 - execute_generation_task() - Task credential_harvesting_ben_32 completed: 3 unique samples (0 duplicates filtered) in 28.68s
2025-06-05 16:20:59,783 - cyberdata.scripts.parallel_generator_v2 - INFO - C:\Users\Tianyu Wang\Documents\Notebooks\cyberdata\src\cyberdata\process\parallel_generator.py:518 - generate_parallel() - Task credential_harvesting_ben_32 contributed 3 samples
2025-06-05 16:21:04,955 - cyberdata.scripts.parallel_generator_v2 - INFO - C:\Users\Tianyu Wang\Documents\Notebooks\cyberdata\src\cyberdata\process\parallel_generator.py:366 - execute_generation_task() - Task credential_harvesting_ben_33 completed: 2 unique samples (0 duplicates filtered) in 19.56s
2025-06-05 16:21:04,956 - cyberdata.scripts.parallel_generator_v2 - INFO - C:\Users\Tianyu Wang\Documents\Notebooks\cyberdata\src\cyberdata\process\parallel_generator.py:518 - generate_parallel() - Task credential_harvesting_ben_33 contributed 2 samples
2025-06-05 16:21:04,957 - cyberdata.scripts.parallel_generator_v2 - INFO - C:\Users\Tianyu Wang\Documents\Notebooks\cyberdata\src\cyberdata\process\parallel_generator.py:530 - generate_parallel() - Parallel generation completed for credential_harvesting: 100 total samples generated in 367.39 seconds
2025-06-05 16:21:04,966 - cyberdata.scripts.parallel_generator_v2 - INFO - C:\Users\Tianyu Wang\Documents\Notebooks\cyberdata\src\cyberdata\process\parallel_generator.py:581 - save_samples() - Saved 100 new samples to C:\Users\Tianyu Wang\Documents\Notebooks\cyberdata\data\large_samples\Social_Engineering\credential_harvesting_large.json
2025-06-05 16:21:04,966 - cyberdata.scripts.parallel_generator_v2 - INFO - C:\Users\Tianyu Wang\Documents\Notebooks\cyberdata\src\cyberdata\process\parallel_generator.py:582 - save_samples() - Total samples in file: 100
2025-06-05 16:21:04,967 - cyberdata.scripts.parallel_generator_v2 - INFO - C:\Users\Tianyu Wang\Documents\Notebooks\cyberdata\src\cyberdata\process\parallel_generator.py:583 - save_samples() - Generation rate: 16.3 samples/minute
2025-06-05 16:21:04,967 - cyberdata.scripts.parallel_generator_v2 - INFO - C:\Users\Tianyu Wang\Documents\Notebooks\cyberdata\src\cyberdata\process\parallel_generator.py:755 - main() - Successfully generated 100 samples for credential_harvesting
2025-06-05 16:21:04,967 - cyberdata.scripts.parallel_generator_v2 - INFO - C:\Users\Tianyu Wang\Documents\Notebooks\cyberdata\src\cyberdata\process\parallel_generator.py:724 - main() - 
============================================================
2025-06-05 16:21:04,968 - cyberdata.scripts.parallel_generator_v2 - INFO - C:\Users\Tianyu Wang\Documents\Notebooks\cyberdata\src\cyberdata\process\parallel_generator.py:725 - main() - Processing problem 2/5: Social Engineering/spear_phishing
2025-06-05 16:21:04,968 - cyberdata.scripts.parallel_generator_v2 - INFO - C:\Users\Tianyu Wang\Documents\Notebooks\cyberdata\src\cyberdata\process\parallel_generator.py:726 - main() - ============================================================
2025-06-05 16:21:04,968 - cyberdata.scripts.parallel_generator_v2 - INFO - C:\Users\Tianyu Wang\Documents\Notebooks\cyberdata\src\cyberdata\process\parallel_generator.py:482 - generate_parallel() - Starting parallel generation for spear_phishing: 50 malicious, 50 benign
2025-06-05 16:21:04,989 - cyberdata.scripts.parallel_generator_v2 - INFO - C:\Users\Tianyu Wang\Documents\Notebooks\cyberdata\src\cyberdata\process\parallel_generator.py:324 - create_generation_tasks() - Created 50 generation tasks for spear_phishing (batch size: 2)
2025-06-05 16:21:04,989 - cyberdata.scripts.parallel_generator_v2 - INFO - C:\Users\Tianyu Wang\Documents\Notebooks\cyberdata\src\cyberdata\process\parallel_generator.py:334 - execute_generation_task() - Executing task spear_phishing_mal_0 (attempt 1): 2 malicious samples
2025-06-05 16:21:04,990 - cyberdata.scripts.parallel_generator_v2 - INFO - C:\Users\Tianyu Wang\Documents\Notebooks\cyberdata\src\cyberdata\process\parallel_generator.py:334 - execute_generation_task() - Executing task spear_phishing_mal_1 (attempt 1): 2 malicious samples
2025-06-05 16:21:04,990 - cyberdata.scripts.parallel_generator_v2 - INFO - C:\Users\Tianyu Wang\Documents\Notebooks\cyberdata\src\cyberdata\process\parallel_generator.py:334 - execute_generation_task() - Executing task spear_phishing_mal_2 (attempt 1): 2 malicious samples
2025-06-05 16:21:04,991 - cyberdata.scripts.parallel_generator_v2 - INFO - C:\Users\Tianyu Wang\Documents\Notebooks\cyberdata\src\cyberdata\process\parallel_generator.py:334 - execute_generation_task() - Executing task spear_phishing_mal_3 (attempt 1): 2 malicious samples
2025-06-05 16:21:04,991 - cyberdata.scripts.parallel_generator_v2 - INFO - C:\Users\Tianyu Wang\Documents\Notebooks\cyberdata\src\cyberdata\process\parallel_generator.py:334 - execute_generation_task() - Executing task spear_phishing_mal_4 (attempt 1): 2 malicious samples
2025-06-05 16:21:04,992 - cyberdata.scripts.parallel_generator_v2 - INFO - C:\Users\Tianyu Wang\Documents\Notebooks\cyberdata\src\cyberdata\process\parallel_generator.py:334 - execute_generation_task() - Executing task spear_phishing_mal_5 (attempt 1): 2 malicious samples
2025-06-05 16:21:37,900 - cyberdata.scripts.parallel_generator_v2 - INFO - C:\Users\Tianyu Wang\Documents\Notebooks\cyberdata\src\cyberdata\process\parallel_generator.py:366 - execute_generation_task() - Task spear_phishing_mal_1 completed: 2 unique samples (0 duplicates filtered) in 32.91s
2025-06-05 16:21:37,900 - cyberdata.scripts.parallel_generator_v2 - INFO - C:\Users\Tianyu Wang\Documents\Notebooks\cyberdata\src\cyberdata\process\parallel_generator.py:334 - execute_generation_task() - Executing task spear_phishing_mal_6 (attempt 1): 2 malicious samples
2025-06-05 16:21:37,900 - cyberdata.scripts.parallel_generator_v2 - INFO - C:\Users\Tianyu Wang\Documents\Notebooks\cyberdata\src\cyberdata\process\parallel_generator.py:518 - generate_parallel() - Task spear_phishing_mal_1 contributed 2 samples
2025-06-05 16:21:43,338 - cyberdata.scripts.parallel_generator_v2 - INFO - C:\Users\Tianyu Wang\Documents\Notebooks\cyberdata\src\cyberdata\process\parallel_generator.py:366 - execute_generation_task() - Task spear_phishing_mal_3 completed: 2 unique samples (0 duplicates filtered) in 38.35s
2025-06-05 16:21:43,339 - cyberdata.scripts.parallel_generator_v2 - INFO - C:\Users\Tianyu Wang\Documents\Notebooks\cyberdata\src\cyberdata\process\parallel_generator.py:334 - execute_generation_task() - Executing task spear_phishing_mal_7 (attempt 1): 2 malicious samples
2025-06-05 16:21:43,339 - cyberdata.scripts.parallel_generator_v2 - INFO - C:\Users\Tianyu Wang\Documents\Notebooks\cyberdata\src\cyberdata\process\parallel_generator.py:518 - generate_parallel() - Task spear_phishing_mal_3 contributed 2 samples
2025-06-05 16:21:49,503 - cyberdata.scripts.parallel_generator_v2 - INFO - C:\Users\Tianyu Wang\Documents\Notebooks\cyberdata\src\cyberdata\process\parallel_generator.py:366 - execute_generation_task() - Task spear_phishing_mal_0 completed: 2 unique samples (0 duplicates filtered) in 44.51s
2025-06-05 16:21:49,503 - cyberdata.scripts.parallel_generator_v2 - INFO - C:\Users\Tianyu Wang\Documents\Notebooks\cyberdata\src\cyberdata\process\parallel_generator.py:334 - execute_generation_task() - Executing task spear_phishing_mal_8 (attempt 1): 2 malicious samples
2025-06-05 16:21:49,503 - cyberdata.scripts.parallel_generator_v2 - INFO - C:\Users\Tianyu Wang\Documents\Notebooks\cyberdata\src\cyberdata\process\parallel_generator.py:518 - generate_parallel() - Task spear_phishing_mal_0 contributed 2 samples
2025-06-05 16:21:49,781 - cyberdata.scripts.parallel_generator_v2 - INFO - C:\Users\Tianyu Wang\Documents\Notebooks\cyberdata\src\cyberdata\process\parallel_generator.py:366 - execute_generation_task() - Task spear_phishing_mal_4 completed: 2 unique samples (0 duplicates filtered) in 44.79s
2025-06-05 16:21:49,781 - cyberdata.scripts.parallel_generator_v2 - INFO - C:\Users\Tianyu Wang\Documents\Notebooks\cyberdata\src\cyberdata\process\parallel_generator.py:334 - execute_generation_task() - Executing task spear_phishing_mal_9 (attempt 1): 2 malicious samples
2025-06-05 16:21:49,782 - cyberdata.scripts.parallel_generator_v2 - INFO - C:\Users\Tianyu Wang\Documents\Notebooks\cyberdata\src\cyberdata\process\parallel_generator.py:518 - generate_parallel() - Task spear_phishing_mal_4 contributed 2 samples
2025-06-05 16:21:50,690 - cyberdata.scripts.parallel_generator_v2 - INFO - C:\Users\Tianyu Wang\Documents\Notebooks\cyberdata\src\cyberdata\process\parallel_generator.py:366 - execute_generation_task() - Task spear_phishing_mal_5 completed: 2 unique samples (0 duplicates filtered) in 45.70s
2025-06-05 16:21:50,690 - cyberdata.scripts.parallel_generator_v2 - INFO - C:\Users\Tianyu Wang\Documents\Notebooks\cyberdata\src\cyberdata\process\parallel_generator.py:334 - execute_generation_task() - Executing task spear_phishing_mal_10 (attempt 1): 2 malicious samples
2025-06-05 16:21:50,690 - cyberdata.scripts.parallel_generator_v2 - INFO - C:\Users\Tianyu Wang\Documents\Notebooks\cyberdata\src\cyberdata\process\parallel_generator.py:518 - generate_parallel() - Task spear_phishing_mal_5 contributed 2 samples
2025-06-05 16:21:51,305 - cyberdata.scripts.parallel_generator_v2 - INFO - C:\Users\Tianyu Wang\Documents\Notebooks\cyberdata\src\cyberdata\process\parallel_generator.py:366 - execute_generation_task() - Task spear_phishing_mal_2 completed: 2 unique samples (0 duplicates filtered) in 46.32s
2025-06-05 16:21:51,306 - cyberdata.scripts.parallel_generator_v2 - INFO - C:\Users\Tianyu Wang\Documents\Notebooks\cyberdata\src\cyberdata\process\parallel_generator.py:334 - execute_generation_task() - Executing task spear_phishing_mal_11 (attempt 1): 2 malicious samples
2025-06-05 16:21:51,306 - cyberdata.scripts.parallel_generator_v2 - INFO - C:\Users\Tianyu Wang\Documents\Notebooks\cyberdata\src\cyberdata\process\parallel_generator.py:518 - generate_parallel() - Task spear_phishing_mal_2 contributed 2 samples
2025-06-05 16:22:19,085 - cyberdata.scripts.parallel_generator_v2 - INFO - C:\Users\Tianyu Wang\Documents\Notebooks\cyberdata\src\cyberdata\process\parallel_generator.py:366 - execute_generation_task() - Task spear_phishing_mal_6 completed: 2 unique samples (0 duplicates filtered) in 41.18s
2025-06-05 16:22:19,085 - cyberdata.scripts.parallel_generator_v2 - INFO - C:\Users\Tianyu Wang\Documents\Notebooks\cyberdata\src\cyberdata\process\parallel_generator.py:334 - execute_generation_task() - Executing task spear_phishing_mal_12 (attempt 1): 2 malicious samples
2025-06-05 16:22:19,085 - cyberdata.scripts.parallel_generator_v2 - INFO - C:\Users\Tianyu Wang\Documents\Notebooks\cyberdata\src\cyberdata\process\parallel_generator.py:518 - generate_parallel() - Task spear_phishing_mal_6 contributed 2 samples
2025-06-05 16:22:25,850 - cyberdata.scripts.parallel_generator_v2 - INFO - C:\Users\Tianyu Wang\Documents\Notebooks\cyberdata\src\cyberdata\process\parallel_generator.py:366 - execute_generation_task() - Task spear_phishing_mal_7 completed: 2 unique samples (0 duplicates filtered) in 42.51s
2025-06-05 16:22:25,851 - cyberdata.scripts.parallel_generator_v2 - INFO - C:\Users\Tianyu Wang\Documents\Notebooks\cyberdata\src\cyberdata\process\parallel_generator.py:334 - execute_generation_task() - Executing task spear_phishing_mal_13 (attempt 1): 2 malicious samples
2025-06-05 16:22:25,851 - cyberdata.scripts.parallel_generator_v2 - INFO - C:\Users\Tianyu Wang\Documents\Notebooks\cyberdata\src\cyberdata\process\parallel_generator.py:518 - generate_parallel() - Task spear_phishing_mal_7 contributed 2 samples
2025-06-05 16:22:31,900 - cyberdata.scripts.parallel_generator_v2 - INFO - C:\Users\Tianyu Wang\Documents\Notebooks\cyberdata\src\cyberdata\process\parallel_generator.py:366 - execute_generation_task() - Task spear_phishing_mal_8 completed: 2 unique samples (0 duplicates filtered) in 42.40s
2025-06-05 16:22:31,900 - cyberdata.scripts.parallel_generator_v2 - INFO - C:\Users\Tianyu Wang\Documents\Notebooks\cyberdata\src\cyberdata\process\parallel_generator.py:334 - execute_generation_task() - Executing task spear_phishing_mal_14 (attempt 1): 2 malicious samples
2025-06-05 16:22:31,901 - cyberdata.scripts.parallel_generator_v2 - INFO - C:\Users\Tianyu Wang\Documents\Notebooks\cyberdata\src\cyberdata\process\parallel_generator.py:518 - generate_parallel() - Task spear_phishing_mal_8 contributed 2 samples
2025-06-05 16:22:33,465 - cyberdata.scripts.parallel_generator_v2 - INFO - C:\Users\Tianyu Wang\Documents\Notebooks\cyberdata\src\cyberdata\process\parallel_generator.py:366 - execute_generation_task() - Task spear_phishing_mal_10 completed: 2 unique samples (0 duplicates filtered) in 42.77s
2025-06-05 16:22:33,466 - cyberdata.scripts.parallel_generator_v2 - INFO - C:\Users\Tianyu Wang\Documents\Notebooks\cyberdata\src\cyberdata\process\parallel_generator.py:334 - execute_generation_task() - Executing task spear_phishing_mal_15 (attempt 1): 2 malicious samples
2025-06-05 16:22:33,466 - cyberdata.scripts.parallel_generator_v2 - INFO - C:\Users\Tianyu Wang\Documents\Notebooks\cyberdata\src\cyberdata\process\parallel_generator.py:518 - generate_parallel() - Task spear_phishing_mal_10 contributed 2 samples
2025-06-05 16:22:33,773 - cyberdata.scripts.parallel_generator_v2 - INFO - C:\Users\Tianyu Wang\Documents\Notebooks\cyberdata\src\cyberdata\process\parallel_generator.py:366 - execute_generation_task() - Task spear_phishing_mal_11 completed: 2 unique samples (0 duplicates filtered) in 42.47s
2025-06-05 16:22:33,774 - cyberdata.scripts.parallel_generator_v2 - INFO - C:\Users\Tianyu Wang\Documents\Notebooks\cyberdata\src\cyberdata\process\parallel_generator.py:334 - execute_generation_task() - Executing task spear_phishing_mal_16 (attempt 1): 2 malicious samples
2025-06-05 16:22:33,774 - cyberdata.scripts.parallel_generator_v2 - INFO - C:\Users\Tianyu Wang\Documents\Notebooks\cyberdata\src\cyberdata\process\parallel_generator.py:518 - generate_parallel() - Task spear_phishing_mal_11 contributed 2 samples
2025-06-05 16:22:39,438 - cyberdata.scripts.parallel_generator_v2 - INFO - C:\Users\Tianyu Wang\Documents\Notebooks\cyberdata\src\cyberdata\process\parallel_generator.py:366 - execute_generation_task() - Task spear_phishing_mal_9 completed: 2 unique samples (0 duplicates filtered) in 49.66s
2025-06-05 16:22:39,438 - cyberdata.scripts.parallel_generator_v2 - INFO - C:\Users\Tianyu Wang\Documents\Notebooks\cyberdata\src\cyberdata\process\parallel_generator.py:334 - execute_generation_task() - Executing task spear_phishing_mal_17 (attempt 1): 2 malicious samples
2025-06-05 16:22:39,438 - cyberdata.scripts.parallel_generator_v2 - INFO - C:\Users\Tianyu Wang\Documents\Notebooks\cyberdata\src\cyberdata\process\parallel_generator.py:518 - generate_parallel() - Task spear_phishing_mal_9 contributed 2 samples
2025-06-05 16:23:06,842 - cyberdata.scripts.parallel_generator_v2 - INFO - C:\Users\Tianyu Wang\Documents\Notebooks\cyberdata\src\cyberdata\process\parallel_generator.py:366 - execute_generation_task() - Task spear_phishing_mal_12 completed: 2 unique samples (0 duplicates filtered) in 47.76s
2025-06-05 16:23:06,842 - cyberdata.scripts.parallel_generator_v2 - INFO - C:\Users\Tianyu Wang\Documents\Notebooks\cyberdata\src\cyberdata\process\parallel_generator.py:334 - execute_generation_task() - Executing task spear_phishing_mal_18 (attempt 1): 2 malicious samples
2025-06-05 16:23:06,842 - cyberdata.scripts.parallel_generator_v2 - INFO - C:\Users\Tianyu Wang\Documents\Notebooks\cyberdata\src\cyberdata\process\parallel_generator.py:518 - generate_parallel() - Task spear_phishing_mal_12 contributed 2 samples
2025-06-05 16:23:11,051 - cyberdata.scripts.parallel_generator_v2 - INFO - C:\Users\Tianyu Wang\Documents\Notebooks\cyberdata\src\cyberdata\process\parallel_generator.py:366 - execute_generation_task() - Task spear_phishing_mal_13 completed: 2 unique samples (0 duplicates filtered) in 45.20s
2025-06-05 16:23:11,051 - cyberdata.scripts.parallel_generator_v2 - INFO - C:\Users\Tianyu Wang\Documents\Notebooks\cyberdata\src\cyberdata\process\parallel_generator.py:334 - execute_generation_task() - Executing task spear_phishing_mal_19 (attempt 1): 2 malicious samples
2025-06-05 16:23:11,051 - cyberdata.scripts.parallel_generator_v2 - INFO - C:\Users\Tianyu Wang\Documents\Notebooks\cyberdata\src\cyberdata\process\parallel_generator.py:518 - generate_parallel() - Task spear_phishing_mal_13 contributed 2 samples
2025-06-05 16:23:15,466 - cyberdata.scripts.parallel_generator_v2 - INFO - C:\Users\Tianyu Wang\Documents\Notebooks\cyberdata\src\cyberdata\process\parallel_generator.py:366 - execute_generation_task() - Task spear_phishing_mal_14 completed: 2 unique samples (0 duplicates filtered) in 43.57s
2025-06-05 16:23:15,466 - cyberdata.scripts.parallel_generator_v2 - INFO - C:\Users\Tianyu Wang\Documents\Notebooks\cyberdata\src\cyberdata\process\parallel_generator.py:334 - execute_generation_task() - Executing task spear_phishing_mal_20 (attempt 1): 2 malicious samples
2025-06-05 16:23:15,466 - cyberdata.scripts.parallel_generator_v2 - INFO - C:\Users\Tianyu Wang\Documents\Notebooks\cyberdata\src\cyberdata\process\parallel_generator.py:518 - generate_parallel() - Task spear_phishing_mal_14 contributed 2 samples
2025-06-05 16:23:16,142 - cyberdata.scripts.parallel_generator_v2 - INFO - C:\Users\Tianyu Wang\Documents\Notebooks\cyberdata\src\cyberdata\process\parallel_generator.py:366 - execute_generation_task() - Task spear_phishing_mal_16 completed: 2 unique samples (0 duplicates filtered) in 42.37s
2025-06-05 16:23:16,143 - cyberdata.scripts.parallel_generator_v2 - INFO - C:\Users\Tianyu Wang\Documents\Notebooks\cyberdata\src\cyberdata\process\parallel_generator.py:334 - execute_generation_task() - Executing task spear_phishing_mal_21 (attempt 1): 2 malicious samples
2025-06-05 16:23:16,143 - cyberdata.scripts.parallel_generator_v2 - INFO - C:\Users\Tianyu Wang\Documents\Notebooks\cyberdata\src\cyberdata\process\parallel_generator.py:518 - generate_parallel() - Task spear_phishing_mal_16 contributed 2 samples
2025-06-05 16:23:16,653 - cyberdata.scripts.parallel_generator_v2 - INFO - C:\Users\Tianyu Wang\Documents\Notebooks\cyberdata\src\cyberdata\process\parallel_generator.py:366 - execute_generation_task() - Task spear_phishing_mal_15 completed: 2 unique samples (0 duplicates filtered) in 43.19s
2025-06-05 16:23:16,654 - cyberdata.scripts.parallel_generator_v2 - INFO - C:\Users\Tianyu Wang\Documents\Notebooks\cyberdata\src\cyberdata\process\parallel_generator.py:334 - execute_generation_task() - Executing task spear_phishing_mal_22 (attempt 1): 2 malicious samples
2025-06-05 16:23:16,654 - cyberdata.scripts.parallel_generator_v2 - INFO - C:\Users\Tianyu Wang\Documents\Notebooks\cyberdata\src\cyberdata\process\parallel_generator.py:518 - generate_parallel() - Task spear_phishing_mal_15 contributed 2 samples
2025-06-05 16:23:19,675 - cyberdata.scripts.parallel_generator_v2 - INFO - C:\Users\Tianyu Wang\Documents\Notebooks\cyberdata\src\cyberdata\process\parallel_generator.py:366 - execute_generation_task() - Task spear_phishing_mal_17 completed: 2 unique samples (0 duplicates filtered) in 40.24s
2025-06-05 16:23:19,675 - cyberdata.scripts.parallel_generator_v2 - INFO - C:\Users\Tianyu Wang\Documents\Notebooks\cyberdata\src\cyberdata\process\parallel_generator.py:334 - execute_generation_task() - Executing task spear_phishing_mal_23 (attempt 1): 2 malicious samples
2025-06-05 16:23:19,676 - cyberdata.scripts.parallel_generator_v2 - INFO - C:\Users\Tianyu Wang\Documents\Notebooks\cyberdata\src\cyberdata\process\parallel_generator.py:518 - generate_parallel() - Task spear_phishing_mal_17 contributed 2 samples
2025-06-05 16:23:51,722 - cyberdata.scripts.parallel_generator_v2 - INFO - C:\Users\Tianyu Wang\Documents\Notebooks\cyberdata\src\cyberdata\process\parallel_generator.py:366 - execute_generation_task() - Task spear_phishing_mal_18 completed: 2 unique samples (0 duplicates filtered) in 44.88s
2025-06-05 16:23:51,722 - cyberdata.scripts.parallel_generator_v2 - INFO - C:\Users\Tianyu Wang\Documents\Notebooks\cyberdata\src\cyberdata\process\parallel_generator.py:334 - execute_generation_task() - Executing task spear_phishing_mal_24 (attempt 1): 2 malicious samples
2025-06-05 16:23:51,722 - cyberdata.scripts.parallel_generator_v2 - INFO - C:\Users\Tianyu Wang\Documents\Notebooks\cyberdata\src\cyberdata\process\parallel_generator.py:518 - generate_parallel() - Task spear_phishing_mal_18 contributed 2 samples
2025-06-05 16:23:55,761 - cyberdata.scripts.parallel_generator_v2 - INFO - C:\Users\Tianyu Wang\Documents\Notebooks\cyberdata\src\cyberdata\process\parallel_generator.py:366 - execute_generation_task() - Task spear_phishing_mal_19 completed: 2 unique samples (0 duplicates filtered) in 44.71s
2025-06-05 16:23:55,761 - cyberdata.scripts.parallel_generator_v2 - INFO - C:\Users\Tianyu Wang\Documents\Notebooks\cyberdata\src\cyberdata\process\parallel_generator.py:334 - execute_generation_task() - Executing task spear_phishing_ben_25 (attempt 1): 2 benign samples
2025-06-05 16:23:55,762 - cyberdata.scripts.parallel_generator_v2 - INFO - C:\Users\Tianyu Wang\Documents\Notebooks\cyberdata\src\cyberdata\process\parallel_generator.py:518 - generate_parallel() - Task spear_phishing_mal_19 contributed 2 samples
2025-06-05 16:24:00,111 - cyberdata.scripts.parallel_generator_v2 - INFO - C:\Users\Tianyu Wang\Documents\Notebooks\cyberdata\src\cyberdata\process\parallel_generator.py:366 - execute_generation_task() - Task spear_phishing_mal_21 completed: 2 unique samples (0 duplicates filtered) in 43.97s
2025-06-05 16:24:00,112 - cyberdata.scripts.parallel_generator_v2 - INFO - C:\Users\Tianyu Wang\Documents\Notebooks\cyberdata\src\cyberdata\process\parallel_generator.py:334 - execute_generation_task() - Executing task spear_phishing_ben_26 (attempt 1): 2 benign samples
2025-06-05 16:24:00,112 - cyberdata.scripts.parallel_generator_v2 - INFO - C:\Users\Tianyu Wang\Documents\Notebooks\cyberdata\src\cyberdata\process\parallel_generator.py:518 - generate_parallel() - Task spear_phishing_mal_21 contributed 2 samples
2025-06-05 16:24:00,867 - cyberdata.scripts.parallel_generator_v2 - INFO - C:\Users\Tianyu Wang\Documents\Notebooks\cyberdata\src\cyberdata\process\parallel_generator.py:366 - execute_generation_task() - Task spear_phishing_mal_20 completed: 2 unique samples (0 duplicates filtered) in 45.40s
2025-06-05 16:24:00,867 - cyberdata.scripts.parallel_generator_v2 - INFO - C:\Users\Tianyu Wang\Documents\Notebooks\cyberdata\src\cyberdata\process\parallel_generator.py:334 - execute_generation_task() - Executing task spear_phishing_ben_27 (attempt 1): 2 benign samples
2025-06-05 16:24:00,867 - cyberdata.scripts.parallel_generator_v2 - INFO - C:\Users\Tianyu Wang\Documents\Notebooks\cyberdata\src\cyberdata\process\parallel_generator.py:518 - generate_parallel() - Task spear_phishing_mal_20 contributed 2 samples
2025-06-05 16:24:01,930 - cyberdata.scripts.parallel_generator_v2 - INFO - C:\Users\Tianyu Wang\Documents\Notebooks\cyberdata\src\cyberdata\process\parallel_generator.py:366 - execute_generation_task() - Task spear_phishing_mal_23 completed: 2 unique samples (0 duplicates filtered) in 42.26s
2025-06-05 16:24:01,930 - cyberdata.scripts.parallel_generator_v2 - INFO - C:\Users\Tianyu Wang\Documents\Notebooks\cyberdata\src\cyberdata\process\parallel_generator.py:334 - execute_generation_task() - Executing task spear_phishing_ben_28 (attempt 1): 2 benign samples
2025-06-05 16:24:01,930 - cyberdata.scripts.parallel_generator_v2 - INFO - C:\Users\Tianyu Wang\Documents\Notebooks\cyberdata\src\cyberdata\process\parallel_generator.py:518 - generate_parallel() - Task spear_phishing_mal_23 contributed 2 samples
2025-06-05 16:24:09,739 - cyberdata.scripts.parallel_generator_v2 - INFO - C:\Users\Tianyu Wang\Documents\Notebooks\cyberdata\src\cyberdata\process\parallel_generator.py:366 - execute_generation_task() - Task spear_phishing_mal_22 completed: 2 unique samples (0 duplicates filtered) in 53.09s
2025-06-05 16:24:09,739 - cyberdata.scripts.parallel_generator_v2 - INFO - C:\Users\Tianyu Wang\Documents\Notebooks\cyberdata\src\cyberdata\process\parallel_generator.py:334 - execute_generation_task() - Executing task spear_phishing_ben_29 (attempt 1): 2 benign samples
2025-06-05 16:24:09,739 - cyberdata.scripts.parallel_generator_v2 - INFO - C:\Users\Tianyu Wang\Documents\Notebooks\cyberdata\src\cyberdata\process\parallel_generator.py:518 - generate_parallel() - Task spear_phishing_mal_22 contributed 2 samples
2025-06-05 16:24:09,761 - cyberdata.scripts.parallel_generator_v2 - INFO - C:\Users\Tianyu Wang\Documents\Notebooks\cyberdata\src\cyberdata\process\parallel_generator.py:366 - execute_generation_task() - Task spear_phishing_ben_25 completed: 2 unique samples (0 duplicates filtered) in 14.00s
2025-06-05 16:24:09,761 - cyberdata.scripts.parallel_generator_v2 - INFO - C:\Users\Tianyu Wang\Documents\Notebooks\cyberdata\src\cyberdata\process\parallel_generator.py:334 - execute_generation_task() - Executing task spear_phishing_ben_30 (attempt 1): 2 benign samples
2025-06-05 16:24:09,761 - cyberdata.scripts.parallel_generator_v2 - INFO - C:\Users\Tianyu Wang\Documents\Notebooks\cyberdata\src\cyberdata\process\parallel_generator.py:518 - generate_parallel() - Task spear_phishing_ben_25 contributed 2 samples
2025-06-05 16:24:12,680 - cyberdata.scripts.parallel_generator_v2 - INFO - C:\Users\Tianyu Wang\Documents\Notebooks\cyberdata\src\cyberdata\process\parallel_generator.py:366 - execute_generation_task() - Task spear_phishing_ben_27 completed: 2 unique samples (0 duplicates filtered) in 11.81s
2025-06-05 16:24:12,680 - cyberdata.scripts.parallel_generator_v2 - INFO - C:\Users\Tianyu Wang\Documents\Notebooks\cyberdata\src\cyberdata\process\parallel_generator.py:334 - execute_generation_task() - Executing task spear_phishing_ben_31 (attempt 1): 2 benign samples
2025-06-05 16:24:12,680 - cyberdata.scripts.parallel_generator_v2 - INFO - C:\Users\Tianyu Wang\Documents\Notebooks\cyberdata\src\cyberdata\process\parallel_generator.py:518 - generate_parallel() - Task spear_phishing_ben_27 contributed 2 samples
2025-06-05 16:24:13,431 - cyberdata.scripts.parallel_generator_v2 - INFO - C:\Users\Tianyu Wang\Documents\Notebooks\cyberdata\src\cyberdata\process\parallel_generator.py:366 - execute_generation_task() - Task spear_phishing_ben_26 completed: 2 unique samples (0 duplicates filtered) in 13.32s
2025-06-05 16:24:13,431 - cyberdata.scripts.parallel_generator_v2 - INFO - C:\Users\Tianyu Wang\Documents\Notebooks\cyberdata\src\cyberdata\process\parallel_generator.py:334 - execute_generation_task() - Executing task spear_phishing_ben_32 (attempt 1): 2 benign samples
2025-06-05 16:24:13,431 - cyberdata.scripts.parallel_generator_v2 - INFO - C:\Users\Tianyu Wang\Documents\Notebooks\cyberdata\src\cyberdata\process\parallel_generator.py:518 - generate_parallel() - Task spear_phishing_ben_26 contributed 2 samples
2025-06-05 16:24:26,336 - cyberdata.scripts.parallel_generator_v2 - INFO - C:\Users\Tianyu Wang\Documents\Notebooks\cyberdata\src\cyberdata\process\parallel_generator.py:366 - execute_generation_task() - Task spear_phishing_ben_29 completed: 2 unique samples (0 duplicates filtered) in 16.60s
2025-06-05 16:24:26,336 - cyberdata.scripts.parallel_generator_v2 - INFO - C:\Users\Tianyu Wang\Documents\Notebooks\cyberdata\src\cyberdata\process\parallel_generator.py:334 - execute_generation_task() - Executing task spear_phishing_ben_33 (attempt 1): 2 benign samples
2025-06-05 16:24:26,336 - cyberdata.scripts.parallel_generator_v2 - INFO - C:\Users\Tianyu Wang\Documents\Notebooks\cyberdata\src\cyberdata\process\parallel_generator.py:518 - generate_parallel() - Task spear_phishing_ben_29 contributed 2 samples
2025-06-05 16:24:27,769 - cyberdata.scripts.parallel_generator_v2 - INFO - C:\Users\Tianyu Wang\Documents\Notebooks\cyberdata\src\cyberdata\process\parallel_generator.py:366 - execute_generation_task() - Task spear_phishing_ben_30 completed: 2 unique samples (0 duplicates filtered) in 18.01s
2025-06-05 16:24:27,770 - cyberdata.scripts.parallel_generator_v2 - INFO - C:\Users\Tianyu Wang\Documents\Notebooks\cyberdata\src\cyberdata\process\parallel_generator.py:334 - execute_generation_task() - Executing task spear_phishing_ben_34 (attempt 1): 2 benign samples
2025-06-05 16:24:27,770 - cyberdata.scripts.parallel_generator_v2 - INFO - C:\Users\Tianyu Wang\Documents\Notebooks\cyberdata\src\cyberdata\process\parallel_generator.py:518 - generate_parallel() - Task spear_phishing_ben_30 contributed 2 samples
2025-06-05 16:24:32,526 - cyberdata.scripts.parallel_generator_v2 - INFO - C:\Users\Tianyu Wang\Documents\Notebooks\cyberdata\src\cyberdata\process\parallel_generator.py:366 - execute_generation_task() - Task spear_phishing_ben_32 completed: 2 unique samples (0 duplicates filtered) in 19.10s
2025-06-05 16:24:32,528 - cyberdata.scripts.parallel_generator_v2 - INFO - C:\Users\Tianyu Wang\Documents\Notebooks\cyberdata\src\cyberdata\process\parallel_generator.py:334 - execute_generation_task() - Executing task spear_phishing_ben_35 (attempt 1): 2 benign samples
2025-06-05 16:24:32,529 - cyberdata.scripts.parallel_generator_v2 - INFO - C:\Users\Tianyu Wang\Documents\Notebooks\cyberdata\src\cyberdata\process\parallel_generator.py:518 - generate_parallel() - Task spear_phishing_ben_32 contributed 2 samples
2025-06-05 16:24:33,897 - cyberdata.scripts.parallel_generator_v2 - INFO - C:\Users\Tianyu Wang\Documents\Notebooks\cyberdata\src\cyberdata\process\parallel_generator.py:366 - execute_generation_task() - Task spear_phishing_mal_24 completed: 2 unique samples (0 duplicates filtered) in 42.17s
2025-06-05 16:24:33,897 - cyberdata.scripts.parallel_generator_v2 - INFO - C:\Users\Tianyu Wang\Documents\Notebooks\cyberdata\src\cyberdata\process\parallel_generator.py:334 - execute_generation_task() - Executing task spear_phishing_ben_36 (attempt 1): 2 benign samples
2025-06-05 16:24:33,898 - cyberdata.scripts.parallel_generator_v2 - INFO - C:\Users\Tianyu Wang\Documents\Notebooks\cyberdata\src\cyberdata\process\parallel_generator.py:518 - generate_parallel() - Task spear_phishing_mal_24 contributed 2 samples
2025-06-05 16:24:33,993 - cyberdata.scripts.parallel_generator_v2 - INFO - C:\Users\Tianyu Wang\Documents\Notebooks\cyberdata\src\cyberdata\process\parallel_generator.py:366 - execute_generation_task() - Task spear_phishing_ben_31 completed: 2 unique samples (0 duplicates filtered) in 21.31s
2025-06-05 16:24:33,994 - cyberdata.scripts.parallel_generator_v2 - INFO - C:\Users\Tianyu Wang\Documents\Notebooks\cyberdata\src\cyberdata\process\parallel_generator.py:334 - execute_generation_task() - Executing task spear_phishing_ben_37 (attempt 1): 2 benign samples
2025-06-05 16:24:33,994 - cyberdata.scripts.parallel_generator_v2 - INFO - C:\Users\Tianyu Wang\Documents\Notebooks\cyberdata\src\cyberdata\process\parallel_generator.py:518 - generate_parallel() - Task spear_phishing_ben_31 contributed 2 samples
2025-06-05 16:24:39,843 - cyberdata.scripts.parallel_generator_v2 - INFO - C:\Users\Tianyu Wang\Documents\Notebooks\cyberdata\src\cyberdata\process\parallel_generator.py:366 - execute_generation_task() - Task spear_phishing_ben_33 completed: 2 unique samples (0 duplicates filtered) in 13.51s
2025-06-05 16:24:39,845 - cyberdata.scripts.parallel_generator_v2 - INFO - C:\Users\Tianyu Wang\Documents\Notebooks\cyberdata\src\cyberdata\process\parallel_generator.py:334 - execute_generation_task() - Executing task spear_phishing_ben_38 (attempt 1): 2 benign samples
2025-06-05 16:24:39,846 - cyberdata.scripts.parallel_generator_v2 - INFO - C:\Users\Tianyu Wang\Documents\Notebooks\cyberdata\src\cyberdata\process\parallel_generator.py:518 - generate_parallel() - Task spear_phishing_ben_33 contributed 2 samples
2025-06-05 16:24:45,017 - cyberdata.scripts.parallel_generator_v2 - INFO - C:\Users\Tianyu Wang\Documents\Notebooks\cyberdata\src\cyberdata\process\parallel_generator.py:366 - execute_generation_task() - Task spear_phishing_ben_28 completed: 2 unique samples (0 duplicates filtered) in 43.09s
2025-06-05 16:24:45,017 - cyberdata.scripts.parallel_generator_v2 - INFO - C:\Users\Tianyu Wang\Documents\Notebooks\cyberdata\src\cyberdata\process\parallel_generator.py:334 - execute_generation_task() - Executing task spear_phishing_ben_39 (attempt 1): 2 benign samples
2025-06-05 16:24:45,017 - cyberdata.scripts.parallel_generator_v2 - INFO - C:\Users\Tianyu Wang\Documents\Notebooks\cyberdata\src\cyberdata\process\parallel_generator.py:518 - generate_parallel() - Task spear_phishing_ben_28 contributed 2 samples
2025-06-05 16:24:46,086 - cyberdata.scripts.parallel_generator_v2 - INFO - C:\Users\Tianyu Wang\Documents\Notebooks\cyberdata\src\cyberdata\process\parallel_generator.py:366 - execute_generation_task() - Task spear_phishing_ben_35 completed: 2 unique samples (0 duplicates filtered) in 13.56s
2025-06-05 16:24:46,086 - cyberdata.scripts.parallel_generator_v2 - INFO - C:\Users\Tianyu Wang\Documents\Notebooks\cyberdata\src\cyberdata\process\parallel_generator.py:334 - execute_generation_task() - Executing task spear_phishing_ben_40 (attempt 1): 2 benign samples
2025-06-05 16:24:46,086 - cyberdata.scripts.parallel_generator_v2 - INFO - C:\Users\Tianyu Wang\Documents\Notebooks\cyberdata\src\cyberdata\process\parallel_generator.py:518 - generate_parallel() - Task spear_phishing_ben_35 contributed 2 samples
2025-06-05 16:24:46,838 - cyberdata.scripts.parallel_generator_v2 - INFO - C:\Users\Tianyu Wang\Documents\Notebooks\cyberdata\src\cyberdata\process\parallel_generator.py:366 - execute_generation_task() - Task spear_phishing_ben_34 completed: 2 unique samples (0 duplicates filtered) in 19.07s
2025-06-05 16:24:46,838 - cyberdata.scripts.parallel_generator_v2 - INFO - C:\Users\Tianyu Wang\Documents\Notebooks\cyberdata\src\cyberdata\process\parallel_generator.py:334 - execute_generation_task() - Executing task spear_phishing_ben_41 (attempt 1): 2 benign samples
2025-06-05 16:24:46,838 - cyberdata.scripts.parallel_generator_v2 - INFO - C:\Users\Tianyu Wang\Documents\Notebooks\cyberdata\src\cyberdata\process\parallel_generator.py:518 - generate_parallel() - Task spear_phishing_ben_34 contributed 2 samples
2025-06-05 16:24:50,594 - cyberdata.scripts.parallel_generator_v2 - INFO - C:\Users\Tianyu Wang\Documents\Notebooks\cyberdata\src\cyberdata\process\parallel_generator.py:366 - execute_generation_task() - Task spear_phishing_ben_37 completed: 2 unique samples (0 duplicates filtered) in 16.60s
2025-06-05 16:24:50,594 - cyberdata.scripts.parallel_generator_v2 - INFO - C:\Users\Tianyu Wang\Documents\Notebooks\cyberdata\src\cyberdata\process\parallel_generator.py:334 - execute_generation_task() - Executing task spear_phishing_ben_42 (attempt 1): 2 benign samples
2025-06-05 16:24:50,594 - cyberdata.scripts.parallel_generator_v2 - INFO - C:\Users\Tianyu Wang\Documents\Notebooks\cyberdata\src\cyberdata\process\parallel_generator.py:518 - generate_parallel() - Task spear_phishing_ben_37 contributed 2 samples
2025-06-05 16:24:52,127 - cyberdata.scripts.parallel_generator_v2 - INFO - C:\Users\Tianyu Wang\Documents\Notebooks\cyberdata\src\cyberdata\process\parallel_generator.py:366 - execute_generation_task() - Task spear_phishing_ben_36 completed: 2 unique samples (0 duplicates filtered) in 18.23s
2025-06-05 16:24:52,127 - cyberdata.scripts.parallel_generator_v2 - INFO - C:\Users\Tianyu Wang\Documents\Notebooks\cyberdata\src\cyberdata\process\parallel_generator.py:334 - execute_generation_task() - Executing task spear_phishing_ben_43 (attempt 1): 2 benign samples
2025-06-05 16:24:52,128 - cyberdata.scripts.parallel_generator_v2 - INFO - C:\Users\Tianyu Wang\Documents\Notebooks\cyberdata\src\cyberdata\process\parallel_generator.py:518 - generate_parallel() - Task spear_phishing_ben_36 contributed 2 samples
2025-06-05 16:24:57,965 - cyberdata.scripts.parallel_generator_v2 - INFO - C:\Users\Tianyu Wang\Documents\Notebooks\cyberdata\src\cyberdata\process\parallel_generator.py:366 - execute_generation_task() - Task spear_phishing_ben_38 completed: 2 unique samples (0 duplicates filtered) in 18.12s
2025-06-05 16:24:57,965 - cyberdata.scripts.parallel_generator_v2 - INFO - C:\Users\Tianyu Wang\Documents\Notebooks\cyberdata\src\cyberdata\process\parallel_generator.py:334 - execute_generation_task() - Executing task spear_phishing_ben_44 (attempt 1): 2 benign samples
2025-06-05 16:24:57,965 - cyberdata.scripts.parallel_generator_v2 - INFO - C:\Users\Tianyu Wang\Documents\Notebooks\cyberdata\src\cyberdata\process\parallel_generator.py:518 - generate_parallel() - Task spear_phishing_ben_38 contributed 2 samples
2025-06-05 16:25:00,201 - cyberdata.scripts.parallel_generator_v2 - INFO - C:\Users\Tianyu Wang\Documents\Notebooks\cyberdata\src\cyberdata\process\parallel_generator.py:366 - execute_generation_task() - Task spear_phishing_ben_40 completed: 2 unique samples (0 duplicates filtered) in 14.12s
2025-06-05 16:25:00,203 - cyberdata.scripts.parallel_generator_v2 - INFO - C:\Users\Tianyu Wang\Documents\Notebooks\cyberdata\src\cyberdata\process\parallel_generator.py:334 - execute_generation_task() - Executing task spear_phishing_ben_45 (attempt 1): 2 benign samples
2025-06-05 16:25:00,203 - cyberdata.scripts.parallel_generator_v2 - INFO - C:\Users\Tianyu Wang\Documents\Notebooks\cyberdata\src\cyberdata\process\parallel_generator.py:518 - generate_parallel() - Task spear_phishing_ben_40 contributed 2 samples
2025-06-05 16:25:00,917 - cyberdata.scripts.parallel_generator_v2 - INFO - C:\Users\Tianyu Wang\Documents\Notebooks\cyberdata\src\cyberdata\process\parallel_generator.py:366 - execute_generation_task() - Task spear_phishing_ben_39 completed: 2 unique samples (0 duplicates filtered) in 15.90s
2025-06-05 16:25:00,919 - cyberdata.scripts.parallel_generator_v2 - INFO - C:\Users\Tianyu Wang\Documents\Notebooks\cyberdata\src\cyberdata\process\parallel_generator.py:334 - execute_generation_task() - Executing task spear_phishing_ben_46 (attempt 1): 2 benign samples
2025-06-05 16:25:00,920 - cyberdata.scripts.parallel_generator_v2 - INFO - C:\Users\Tianyu Wang\Documents\Notebooks\cyberdata\src\cyberdata\process\parallel_generator.py:518 - generate_parallel() - Task spear_phishing_ben_39 contributed 2 samples
2025-06-05 16:25:01,401 - cyberdata.scripts.parallel_generator_v2 - INFO - C:\Users\Tianyu Wang\Documents\Notebooks\cyberdata\src\cyberdata\process\parallel_generator.py:366 - execute_generation_task() - Task spear_phishing_ben_41 completed: 2 unique samples (0 duplicates filtered) in 14.56s
2025-06-05 16:25:01,402 - cyberdata.scripts.parallel_generator_v2 - INFO - C:\Users\Tianyu Wang\Documents\Notebooks\cyberdata\src\cyberdata\process\parallel_generator.py:334 - execute_generation_task() - Executing task spear_phishing_ben_47 (attempt 1): 2 benign samples
2025-06-05 16:25:01,403 - cyberdata.scripts.parallel_generator_v2 - INFO - C:\Users\Tianyu Wang\Documents\Notebooks\cyberdata\src\cyberdata\process\parallel_generator.py:518 - generate_parallel() - Task spear_phishing_ben_41 contributed 2 samples
2025-06-05 16:25:03,000 - cyberdata.scripts.parallel_generator_v2 - INFO - C:\Users\Tianyu Wang\Documents\Notebooks\cyberdata\src\cyberdata\process\parallel_generator.py:366 - execute_generation_task() - Task spear_phishing_ben_43 completed: 2 unique samples (0 duplicates filtered) in 10.87s
2025-06-05 16:25:03,001 - cyberdata.scripts.parallel_generator_v2 - INFO - C:\Users\Tianyu Wang\Documents\Notebooks\cyberdata\src\cyberdata\process\parallel_generator.py:334 - execute_generation_task() - Executing task spear_phishing_ben_48 (attempt 1): 2 benign samples
2025-06-05 16:25:03,002 - cyberdata.scripts.parallel_generator_v2 - INFO - C:\Users\Tianyu Wang\Documents\Notebooks\cyberdata\src\cyberdata\process\parallel_generator.py:518 - generate_parallel() - Task spear_phishing_ben_43 contributed 2 samples
2025-06-05 16:25:06,181 - cyberdata.scripts.parallel_generator_v2 - INFO - C:\Users\Tianyu Wang\Documents\Notebooks\cyberdata\src\cyberdata\process\parallel_generator.py:366 - execute_generation_task() - Task spear_phishing_ben_42 completed: 2 unique samples (0 duplicates filtered) in 15.59s
2025-06-05 16:25:06,183 - cyberdata.scripts.parallel_generator_v2 - INFO - C:\Users\Tianyu Wang\Documents\Notebooks\cyberdata\src\cyberdata\process\parallel_generator.py:334 - execute_generation_task() - Executing task spear_phishing_ben_49 (attempt 1): 2 benign samples
2025-06-05 16:25:06,183 - cyberdata.scripts.parallel_generator_v2 - INFO - C:\Users\Tianyu Wang\Documents\Notebooks\cyberdata\src\cyberdata\process\parallel_generator.py:518 - generate_parallel() - Task spear_phishing_ben_42 contributed 2 samples
2025-06-05 16:25:11,818 - cyberdata.scripts.parallel_generator_v2 - INFO - C:\Users\Tianyu Wang\Documents\Notebooks\cyberdata\src\cyberdata\process\parallel_generator.py:366 - execute_generation_task() - Task spear_phishing_ben_45 completed: 2 unique samples (0 duplicates filtered) in 11.62s
2025-06-05 16:25:11,821 - cyberdata.scripts.parallel_generator_v2 - INFO - C:\Users\Tianyu Wang\Documents\Notebooks\cyberdata\src\cyberdata\process\parallel_generator.py:518 - generate_parallel() - Task spear_phishing_ben_45 contributed 2 samples
2025-06-05 16:25:14,188 - cyberdata.scripts.parallel_generator_v2 - INFO - C:\Users\Tianyu Wang\Documents\Notebooks\cyberdata\src\cyberdata\process\parallel_generator.py:366 - execute_generation_task() - Task spear_phishing_ben_46 completed: 2 unique samples (0 duplicates filtered) in 13.27s
2025-06-05 16:25:14,190 - cyberdata.scripts.parallel_generator_v2 - INFO - C:\Users\Tianyu Wang\Documents\Notebooks\cyberdata\src\cyberdata\process\parallel_generator.py:518 - generate_parallel() - Task spear_phishing_ben_46 contributed 2 samples
2025-06-05 16:25:14,615 - cyberdata.scripts.parallel_generator_v2 - INFO - C:\Users\Tianyu Wang\Documents\Notebooks\cyberdata\src\cyberdata\process\parallel_generator.py:366 - execute_generation_task() - Task spear_phishing_ben_47 completed: 2 unique samples (0 duplicates filtered) in 13.21s
2025-06-05 16:25:14,616 - cyberdata.scripts.parallel_generator_v2 - INFO - C:\Users\Tianyu Wang\Documents\Notebooks\cyberdata\src\cyberdata\process\parallel_generator.py:518 - generate_parallel() - Task spear_phishing_ben_47 contributed 2 samples
2025-06-05 16:25:19,160 - cyberdata.scripts.parallel_generator_v2 - INFO - C:\Users\Tianyu Wang\Documents\Notebooks\cyberdata\src\cyberdata\process\parallel_generator.py:366 - execute_generation_task() - Task spear_phishing_ben_44 completed: 2 unique samples (0 duplicates filtered) in 21.19s
2025-06-05 16:25:19,161 - cyberdata.scripts.parallel_generator_v2 - INFO - C:\Users\Tianyu Wang\Documents\Notebooks\cyberdata\src\cyberdata\process\parallel_generator.py:518 - generate_parallel() - Task spear_phishing_ben_44 contributed 2 samples
2025-06-05 16:25:20,241 - cyberdata.scripts.parallel_generator_v2 - INFO - C:\Users\Tianyu Wang\Documents\Notebooks\cyberdata\src\cyberdata\process\parallel_generator.py:366 - execute_generation_task() - Task spear_phishing_ben_49 completed: 2 unique samples (0 duplicates filtered) in 14.06s
2025-06-05 16:25:20,243 - cyberdata.scripts.parallel_generator_v2 - INFO - C:\Users\Tianyu Wang\Documents\Notebooks\cyberdata\src\cyberdata\process\parallel_generator.py:518 - generate_parallel() - Task spear_phishing_ben_49 contributed 2 samples
2025-06-05 16:25:20,935 - cyberdata.scripts.parallel_generator_v2 - INFO - C:\Users\Tianyu Wang\Documents\Notebooks\cyberdata\src\cyberdata\process\parallel_generator.py:366 - execute_generation_task() - Task spear_phishing_ben_48 completed: 2 unique samples (0 duplicates filtered) in 17.93s
2025-06-05 16:25:20,937 - cyberdata.scripts.parallel_generator_v2 - INFO - C:\Users\Tianyu Wang\Documents\Notebooks\cyberdata\src\cyberdata\process\parallel_generator.py:518 - generate_parallel() - Task spear_phishing_ben_48 contributed 2 samples
2025-06-05 16:25:20,940 - cyberdata.scripts.parallel_generator_v2 - INFO - C:\Users\Tianyu Wang\Documents\Notebooks\cyberdata\src\cyberdata\process\parallel_generator.py:530 - generate_parallel() - Parallel generation completed for spear_phishing: 100 total samples generated in 255.97 seconds
2025-06-05 16:25:20,965 - cyberdata.scripts.parallel_generator_v2 - INFO - C:\Users\Tianyu Wang\Documents\Notebooks\cyberdata\src\cyberdata\process\parallel_generator.py:581 - save_samples() - Saved 100 new samples to C:\Users\Tianyu Wang\Documents\Notebooks\cyberdata\data\large_samples\Social_Engineering\spear_phishing_large.json
2025-06-05 16:25:20,966 - cyberdata.scripts.parallel_generator_v2 - INFO - C:\Users\Tianyu Wang\Documents\Notebooks\cyberdata\src\cyberdata\process\parallel_generator.py:582 - save_samples() - Total samples in file: 100
2025-06-05 16:25:20,966 - cyberdata.scripts.parallel_generator_v2 - INFO - C:\Users\Tianyu Wang\Documents\Notebooks\cyberdata\src\cyberdata\process\parallel_generator.py:583 - save_samples() - Generation rate: 23.4 samples/minute
2025-06-05 16:25:20,966 - cyberdata.scripts.parallel_generator_v2 - INFO - C:\Users\Tianyu Wang\Documents\Notebooks\cyberdata\src\cyberdata\process\parallel_generator.py:755 - main() - Successfully generated 100 samples for spear_phishing
2025-06-05 16:25:20,967 - cyberdata.scripts.parallel_generator_v2 - INFO - C:\Users\Tianyu Wang\Documents\Notebooks\cyberdata\src\cyberdata\process\parallel_generator.py:724 - main() - 
============================================================
2025-06-05 16:25:20,967 - cyberdata.scripts.parallel_generator_v2 - INFO - C:\Users\Tianyu Wang\Documents\Notebooks\cyberdata\src\cyberdata\process\parallel_generator.py:725 - main() - Processing problem 3/5: Social Engineering/business_email_compromise
2025-06-05 16:25:20,967 - cyberdata.scripts.parallel_generator_v2 - INFO - C:\Users\Tianyu Wang\Documents\Notebooks\cyberdata\src\cyberdata\process\parallel_generator.py:726 - main() - ============================================================
2025-06-05 16:25:20,968 - cyberdata.scripts.parallel_generator_v2 - INFO - C:\Users\Tianyu Wang\Documents\Notebooks\cyberdata\src\cyberdata\process\parallel_generator.py:482 - generate_parallel() - Starting parallel generation for business_email_compromise: 50 malicious, 50 benign
2025-06-05 16:25:20,980 - cyberdata.scripts.parallel_generator_v2 - INFO - C:\Users\Tianyu Wang\Documents\Notebooks\cyberdata\src\cyberdata\process\parallel_generator.py:324 - create_generation_tasks() - Created 50 generation tasks for business_email_compromise (batch size: 2)
2025-06-05 16:25:20,981 - cyberdata.scripts.parallel_generator_v2 - INFO - C:\Users\Tianyu Wang\Documents\Notebooks\cyberdata\src\cyberdata\process\parallel_generator.py:334 - execute_generation_task() - Executing task business_email_compromise_mal_0 (attempt 1): 2 malicious samples
2025-06-05 16:25:20,981 - cyberdata.scripts.parallel_generator_v2 - INFO - C:\Users\Tianyu Wang\Documents\Notebooks\cyberdata\src\cyberdata\process\parallel_generator.py:334 - execute_generation_task() - Executing task business_email_compromise_mal_1 (attempt 1): 2 malicious samples
2025-06-05 16:25:20,981 - cyberdata.scripts.parallel_generator_v2 - INFO - C:\Users\Tianyu Wang\Documents\Notebooks\cyberdata\src\cyberdata\process\parallel_generator.py:334 - execute_generation_task() - Executing task business_email_compromise_mal_2 (attempt 1): 2 malicious samples
2025-06-05 16:25:20,982 - cyberdata.scripts.parallel_generator_v2 - INFO - C:\Users\Tianyu Wang\Documents\Notebooks\cyberdata\src\cyberdata\process\parallel_generator.py:334 - execute_generation_task() - Executing task business_email_compromise_mal_3 (attempt 1): 2 malicious samples
2025-06-05 16:26:09,793 - cyberdata.scripts.parallel_generator_v2 - INFO - C:\Users\Tianyu Wang\Documents\Notebooks\cyberdata\src\cyberdata\process\parallel_generator.py:366 - execute_generation_task() - Task business_email_compromise_mal_0 completed: 2 unique samples (0 duplicates filtered) in 48.81s
2025-06-05 16:26:09,794 - cyberdata.scripts.parallel_generator_v2 - INFO - C:\Users\Tianyu Wang\Documents\Notebooks\cyberdata\src\cyberdata\process\parallel_generator.py:334 - execute_generation_task() - Executing task business_email_compromise_mal_4 (attempt 1): 2 malicious samples
2025-06-05 16:26:09,794 - cyberdata.scripts.parallel_generator_v2 - INFO - C:\Users\Tianyu Wang\Documents\Notebooks\cyberdata\src\cyberdata\process\parallel_generator.py:518 - generate_parallel() - Task business_email_compromise_mal_0 contributed 2 samples
2025-06-05 16:26:09,968 - cyberdata.scripts.parallel_generator_v2 - INFO - C:\Users\Tianyu Wang\Documents\Notebooks\cyberdata\src\cyberdata\process\parallel_generator.py:366 - execute_generation_task() - Task business_email_compromise_mal_3 completed: 2 unique samples (0 duplicates filtered) in 48.99s
2025-06-05 16:26:09,969 - cyberdata.scripts.parallel_generator_v2 - INFO - C:\Users\Tianyu Wang\Documents\Notebooks\cyberdata\src\cyberdata\process\parallel_generator.py:334 - execute_generation_task() - Executing task business_email_compromise_mal_5 (attempt 1): 2 malicious samples
2025-06-05 16:26:09,969 - cyberdata.scripts.parallel_generator_v2 - INFO - C:\Users\Tianyu Wang\Documents\Notebooks\cyberdata\src\cyberdata\process\parallel_generator.py:518 - generate_parallel() - Task business_email_compromise_mal_3 contributed 2 samples
2025-06-05 16:26:11,045 - cyberdata.scripts.parallel_generator_v2 - INFO - C:\Users\Tianyu Wang\Documents\Notebooks\cyberdata\src\cyberdata\process\parallel_generator.py:366 - execute_generation_task() - Task business_email_compromise_mal_1 completed: 2 unique samples (0 duplicates filtered) in 50.06s
2025-06-05 16:26:11,045 - cyberdata.scripts.parallel_generator_v2 - INFO - C:\Users\Tianyu Wang\Documents\Notebooks\cyberdata\src\cyberdata\process\parallel_generator.py:334 - execute_generation_task() - Executing task business_email_compromise_mal_6 (attempt 1): 2 malicious samples
2025-06-05 16:26:11,045 - cyberdata.scripts.parallel_generator_v2 - INFO - C:\Users\Tianyu Wang\Documents\Notebooks\cyberdata\src\cyberdata\process\parallel_generator.py:518 - generate_parallel() - Task business_email_compromise_mal_1 contributed 2 samples
2025-06-05 16:26:12,090 - cyberdata.scripts.parallel_generator_v2 - INFO - C:\Users\Tianyu Wang\Documents\Notebooks\cyberdata\src\cyberdata\process\parallel_generator.py:366 - execute_generation_task() - Task business_email_compromise_mal_2 completed: 2 unique samples (0 duplicates filtered) in 51.11s
2025-06-05 16:26:12,091 - cyberdata.scripts.parallel_generator_v2 - INFO - C:\Users\Tianyu Wang\Documents\Notebooks\cyberdata\src\cyberdata\process\parallel_generator.py:334 - execute_generation_task() - Executing task business_email_compromise_mal_7 (attempt 1): 2 malicious samples
2025-06-05 16:26:12,091 - cyberdata.scripts.parallel_generator_v2 - INFO - C:\Users\Tianyu Wang\Documents\Notebooks\cyberdata\src\cyberdata\process\parallel_generator.py:518 - generate_parallel() - Task business_email_compromise_mal_2 contributed 2 samples
2025-06-05 16:26:47,466 - cyberdata.scripts.parallel_generator_v2 - INFO - C:\Users\Tianyu Wang\Documents\Notebooks\cyberdata\src\cyberdata\process\parallel_generator.py:366 - execute_generation_task() - Task business_email_compromise_mal_5 completed: 2 unique samples (0 duplicates filtered) in 37.50s
2025-06-05 16:26:47,466 - cyberdata.scripts.parallel_generator_v2 - INFO - C:\Users\Tianyu Wang\Documents\Notebooks\cyberdata\src\cyberdata\process\parallel_generator.py:334 - execute_generation_task() - Executing task business_email_compromise_mal_8 (attempt 1): 2 malicious samples
2025-06-05 16:26:47,466 - cyberdata.scripts.parallel_generator_v2 - INFO - C:\Users\Tianyu Wang\Documents\Notebooks\cyberdata\src\cyberdata\process\parallel_generator.py:518 - generate_parallel() - Task business_email_compromise_mal_5 contributed 2 samples
2025-06-05 16:26:52,226 - cyberdata.scripts.parallel_generator_v2 - INFO - C:\Users\Tianyu Wang\Documents\Notebooks\cyberdata\src\cyberdata\process\parallel_generator.py:366 - execute_generation_task() - Task business_email_compromise_mal_7 completed: 2 unique samples (0 duplicates filtered) in 40.13s
2025-06-05 16:26:52,227 - cyberdata.scripts.parallel_generator_v2 - INFO - C:\Users\Tianyu Wang\Documents\Notebooks\cyberdata\src\cyberdata\process\parallel_generator.py:334 - execute_generation_task() - Executing task business_email_compromise_mal_9 (attempt 1): 2 malicious samples
2025-06-05 16:26:52,227 - cyberdata.scripts.parallel_generator_v2 - INFO - C:\Users\Tianyu Wang\Documents\Notebooks\cyberdata\src\cyberdata\process\parallel_generator.py:518 - generate_parallel() - Task business_email_compromise_mal_7 contributed 2 samples
2025-06-05 16:27:03,885 - cyberdata.scripts.parallel_generator_v2 - INFO - C:\Users\Tianyu Wang\Documents\Notebooks\cyberdata\src\cyberdata\process\parallel_generator.py:366 - execute_generation_task() - Task business_email_compromise_mal_6 completed: 2 unique samples (0 duplicates filtered) in 52.84s
2025-06-05 16:27:03,887 - cyberdata.scripts.parallel_generator_v2 - INFO - C:\Users\Tianyu Wang\Documents\Notebooks\cyberdata\src\cyberdata\process\parallel_generator.py:334 - execute_generation_task() - Executing task business_email_compromise_mal_10 (attempt 1): 2 malicious samples
2025-06-05 16:27:03,887 - cyberdata.scripts.parallel_generator_v2 - INFO - C:\Users\Tianyu Wang\Documents\Notebooks\cyberdata\src\cyberdata\process\parallel_generator.py:518 - generate_parallel() - Task business_email_compromise_mal_6 contributed 2 samples
2025-06-05 16:27:04,831 - cyberdata.scripts.parallel_generator_v2 - INFO - C:\Users\Tianyu Wang\Documents\Notebooks\cyberdata\src\cyberdata\process\parallel_generator.py:366 - execute_generation_task() - Task business_email_compromise_mal_4 completed: 2 unique samples (0 duplicates filtered) in 55.04s
2025-06-05 16:27:04,831 - cyberdata.scripts.parallel_generator_v2 - INFO - C:\Users\Tianyu Wang\Documents\Notebooks\cyberdata\src\cyberdata\process\parallel_generator.py:334 - execute_generation_task() - Executing task business_email_compromise_mal_11 (attempt 1): 2 malicious samples
2025-06-05 16:27:04,831 - cyberdata.scripts.parallel_generator_v2 - INFO - C:\Users\Tianyu Wang\Documents\Notebooks\cyberdata\src\cyberdata\process\parallel_generator.py:518 - generate_parallel() - Task business_email_compromise_mal_4 contributed 2 samples
2025-06-05 16:27:20,163 - cyberdata.scripts.parallel_generator_v2 - INFO - C:\Users\Tianyu Wang\Documents\Notebooks\cyberdata\src\cyberdata\process\parallel_generator.py:366 - execute_generation_task() - Task business_email_compromise_mal_8 completed: 2 unique samples (0 duplicates filtered) in 32.70s
2025-06-05 16:27:20,164 - cyberdata.scripts.parallel_generator_v2 - INFO - C:\Users\Tianyu Wang\Documents\Notebooks\cyberdata\src\cyberdata\process\parallel_generator.py:334 - execute_generation_task() - Executing task business_email_compromise_mal_12 (attempt 1): 2 malicious samples
2025-06-05 16:27:20,164 - cyberdata.scripts.parallel_generator_v2 - INFO - C:\Users\Tianyu Wang\Documents\Notebooks\cyberdata\src\cyberdata\process\parallel_generator.py:518 - generate_parallel() - Task business_email_compromise_mal_8 contributed 2 samples
2025-06-05 16:27:26,138 - cyberdata.scripts.parallel_generator_v2 - WARNING - C:\Users\Tianyu Wang\Documents\Notebooks\cyberdata\src\cyberdata\process\parallel_generator.py:477 - _extract_json_from_response() - Failed to parse JSON response
2025-06-05 16:27:26,140 - cyberdata.scripts.parallel_generator_v2 - INFO - C:\Users\Tianyu Wang\Documents\Notebooks\cyberdata\src\cyberdata\process\parallel_generator.py:366 - execute_generation_task() - Task business_email_compromise_mal_9 completed: 0 unique samples (0 duplicates filtered) in 33.91s
2025-06-05 16:27:26,142 - cyberdata.scripts.parallel_generator_v2 - INFO - C:\Users\Tianyu Wang\Documents\Notebooks\cyberdata\src\cyberdata\process\parallel_generator.py:334 - execute_generation_task() - Executing task business_email_compromise_mal_13 (attempt 1): 2 malicious samples
2025-06-05 16:27:26,142 - cyberdata.scripts.parallel_generator_v2 - INFO - C:\Users\Tianyu Wang\Documents\Notebooks\cyberdata\src\cyberdata\process\parallel_generator.py:518 - generate_parallel() - Task business_email_compromise_mal_9 contributed 0 samples
2025-06-05 16:27:36,092 - cyberdata.scripts.parallel_generator_v2 - INFO - C:\Users\Tianyu Wang\Documents\Notebooks\cyberdata\src\cyberdata\process\parallel_generator.py:366 - execute_generation_task() - Task business_email_compromise_mal_10 completed: 2 unique samples (0 duplicates filtered) in 32.20s
2025-06-05 16:27:36,093 - cyberdata.scripts.parallel_generator_v2 - INFO - C:\Users\Tianyu Wang\Documents\Notebooks\cyberdata\src\cyberdata\process\parallel_generator.py:334 - execute_generation_task() - Executing task business_email_compromise_mal_14 (attempt 1): 2 malicious samples
2025-06-05 16:27:36,093 - cyberdata.scripts.parallel_generator_v2 - INFO - C:\Users\Tianyu Wang\Documents\Notebooks\cyberdata\src\cyberdata\process\parallel_generator.py:518 - generate_parallel() - Task business_email_compromise_mal_10 contributed 2 samples
2025-06-05 16:27:39,437 - cyberdata.scripts.parallel_generator_v2 - INFO - C:\Users\Tianyu Wang\Documents\Notebooks\cyberdata\src\cyberdata\process\parallel_generator.py:366 - execute_generation_task() - Task business_email_compromise_mal_11 completed: 2 unique samples (0 duplicates filtered) in 34.61s
2025-06-05 16:27:39,437 - cyberdata.scripts.parallel_generator_v2 - INFO - C:\Users\Tianyu Wang\Documents\Notebooks\cyberdata\src\cyberdata\process\parallel_generator.py:334 - execute_generation_task() - Executing task business_email_compromise_mal_15 (attempt 1): 2 malicious samples
2025-06-05 16:27:39,438 - cyberdata.scripts.parallel_generator_v2 - INFO - C:\Users\Tianyu Wang\Documents\Notebooks\cyberdata\src\cyberdata\process\parallel_generator.py:518 - generate_parallel() - Task business_email_compromise_mal_11 contributed 2 samples
2025-06-05 16:28:03,476 - cyberdata.scripts.parallel_generator_v2 - INFO - C:\Users\Tianyu Wang\Documents\Notebooks\cyberdata\src\cyberdata\process\parallel_generator.py:366 - execute_generation_task() - Task business_email_compromise_mal_12 completed: 2 unique samples (0 duplicates filtered) in 43.31s
2025-06-05 16:28:03,477 - cyberdata.scripts.parallel_generator_v2 - INFO - C:\Users\Tianyu Wang\Documents\Notebooks\cyberdata\src\cyberdata\process\parallel_generator.py:334 - execute_generation_task() - Executing task business_email_compromise_mal_16 (attempt 1): 2 malicious samples
2025-06-05 16:28:03,477 - cyberdata.scripts.parallel_generator_v2 - INFO - C:\Users\Tianyu Wang\Documents\Notebooks\cyberdata\src\cyberdata\process\parallel_generator.py:518 - generate_parallel() - Task business_email_compromise_mal_12 contributed 2 samples
2025-06-05 16:28:18,831 - cyberdata.scripts.parallel_generator_v2 - INFO - C:\Users\Tianyu Wang\Documents\Notebooks\cyberdata\src\cyberdata\process\parallel_generator.py:366 - execute_generation_task() - Task business_email_compromise_mal_13 completed: 2 unique samples (0 duplicates filtered) in 52.69s
2025-06-05 16:28:18,832 - cyberdata.scripts.parallel_generator_v2 - INFO - C:\Users\Tianyu Wang\Documents\Notebooks\cyberdata\src\cyberdata\process\parallel_generator.py:334 - execute_generation_task() - Executing task business_email_compromise_mal_17 (attempt 1): 2 malicious samples
2025-06-05 16:28:18,832 - cyberdata.scripts.parallel_generator_v2 - INFO - C:\Users\Tianyu Wang\Documents\Notebooks\cyberdata\src\cyberdata\process\parallel_generator.py:518 - generate_parallel() - Task business_email_compromise_mal_13 contributed 2 samples
2025-06-05 16:28:32,800 - cyberdata.scripts.parallel_generator_v2 - INFO - C:\Users\Tianyu Wang\Documents\Notebooks\cyberdata\src\cyberdata\process\parallel_generator.py:366 - execute_generation_task() - Task business_email_compromise_mal_14 completed: 2 unique samples (0 duplicates filtered) in 56.71s
2025-06-05 16:28:32,801 - cyberdata.scripts.parallel_generator_v2 - INFO - C:\Users\Tianyu Wang\Documents\Notebooks\cyberdata\src\cyberdata\process\parallel_generator.py:334 - execute_generation_task() - Executing task business_email_compromise_mal_18 (attempt 1): 2 malicious samples
2025-06-05 16:28:32,801 - cyberdata.scripts.parallel_generator_v2 - INFO - C:\Users\Tianyu Wang\Documents\Notebooks\cyberdata\src\cyberdata\process\parallel_generator.py:518 - generate_parallel() - Task business_email_compromise_mal_14 contributed 2 samples
2025-06-05 16:28:38,256 - cyberdata.scripts.parallel_generator_v2 - INFO - C:\Users\Tianyu Wang\Documents\Notebooks\cyberdata\src\cyberdata\process\parallel_generator.py:366 - execute_generation_task() - Task business_email_compromise_mal_15 completed: 2 unique samples (0 duplicates filtered) in 58.82s
2025-06-05 16:28:38,256 - cyberdata.scripts.parallel_generator_v2 - INFO - C:\Users\Tianyu Wang\Documents\Notebooks\cyberdata\src\cyberdata\process\parallel_generator.py:334 - execute_generation_task() - Executing task business_email_compromise_mal_19 (attempt 1): 2 malicious samples
2025-06-05 16:28:38,256 - cyberdata.scripts.parallel_generator_v2 - INFO - C:\Users\Tianyu Wang\Documents\Notebooks\cyberdata\src\cyberdata\process\parallel_generator.py:518 - generate_parallel() - Task business_email_compromise_mal_15 contributed 2 samples
2025-06-05 16:28:55,266 - cyberdata.scripts.parallel_generator_v2 - INFO - C:\Users\Tianyu Wang\Documents\Notebooks\cyberdata\src\cyberdata\process\parallel_generator.py:366 - execute_generation_task() - Task business_email_compromise_mal_16 completed: 2 unique samples (0 duplicates filtered) in 51.79s
2025-06-05 16:28:55,266 - cyberdata.scripts.parallel_generator_v2 - INFO - C:\Users\Tianyu Wang\Documents\Notebooks\cyberdata\src\cyberdata\process\parallel_generator.py:334 - execute_generation_task() - Executing task business_email_compromise_mal_20 (attempt 1): 2 malicious samples
2025-06-05 16:28:55,266 - cyberdata.scripts.parallel_generator_v2 - INFO - C:\Users\Tianyu Wang\Documents\Notebooks\cyberdata\src\cyberdata\process\parallel_generator.py:518 - generate_parallel() - Task business_email_compromise_mal_16 contributed 2 samples
2025-06-05 16:29:00,073 - cyberdata.scripts.parallel_generator_v2 - INFO - C:\Users\Tianyu Wang\Documents\Notebooks\cyberdata\src\cyberdata\process\parallel_generator.py:366 - execute_generation_task() - Task business_email_compromise_mal_17 completed: 2 unique samples (0 duplicates filtered) in 41.24s
2025-06-05 16:29:00,074 - cyberdata.scripts.parallel_generator_v2 - INFO - C:\Users\Tianyu Wang\Documents\Notebooks\cyberdata\src\cyberdata\process\parallel_generator.py:334 - execute_generation_task() - Executing task business_email_compromise_mal_21 (attempt 1): 2 malicious samples
2025-06-05 16:29:00,074 - cyberdata.scripts.parallel_generator_v2 - INFO - C:\Users\Tianyu Wang\Documents\Notebooks\cyberdata\src\cyberdata\process\parallel_generator.py:518 - generate_parallel() - Task business_email_compromise_mal_17 contributed 2 samples
2025-06-05 16:29:24,463 - cyberdata.scripts.parallel_generator_v2 - INFO - C:\Users\Tianyu Wang\Documents\Notebooks\cyberdata\src\cyberdata\process\parallel_generator.py:366 - execute_generation_task() - Task business_email_compromise_mal_19 completed: 2 unique samples (0 duplicates filtered) in 46.21s
2025-06-05 16:29:24,464 - cyberdata.scripts.parallel_generator_v2 - INFO - C:\Users\Tianyu Wang\Documents\Notebooks\cyberdata\src\cyberdata\process\parallel_generator.py:334 - execute_generation_task() - Executing task business_email_compromise_mal_22 (attempt 1): 2 malicious samples
2025-06-05 16:29:24,464 - cyberdata.scripts.parallel_generator_v2 - INFO - C:\Users\Tianyu Wang\Documents\Notebooks\cyberdata\src\cyberdata\process\parallel_generator.py:518 - generate_parallel() - Task business_email_compromise_mal_19 contributed 2 samples
2025-06-05 16:29:31,745 - cyberdata.scripts.parallel_generator_v2 - INFO - C:\Users\Tianyu Wang\Documents\Notebooks\cyberdata\src\cyberdata\process\parallel_generator.py:366 - execute_generation_task() - Task business_email_compromise_mal_18 completed: 2 unique samples (0 duplicates filtered) in 58.94s
2025-06-05 16:29:31,746 - cyberdata.scripts.parallel_generator_v2 - INFO - C:\Users\Tianyu Wang\Documents\Notebooks\cyberdata\src\cyberdata\process\parallel_generator.py:334 - execute_generation_task() - Executing task business_email_compromise_mal_23 (attempt 1): 2 malicious samples
2025-06-05 16:29:31,746 - cyberdata.scripts.parallel_generator_v2 - INFO - C:\Users\Tianyu Wang\Documents\Notebooks\cyberdata\src\cyberdata\process\parallel_generator.py:518 - generate_parallel() - Task business_email_compromise_mal_18 contributed 2 samples
2025-06-05 16:29:51,396 - cyberdata.scripts.parallel_generator_v2 - INFO - C:\Users\Tianyu Wang\Documents\Notebooks\cyberdata\src\cyberdata\process\parallel_generator.py:366 - execute_generation_task() - Task business_email_compromise_mal_20 completed: 2 unique samples (0 duplicates filtered) in 56.13s
2025-06-05 16:29:51,396 - cyberdata.scripts.parallel_generator_v2 - INFO - C:\Users\Tianyu Wang\Documents\Notebooks\cyberdata\src\cyberdata\process\parallel_generator.py:334 - execute_generation_task() - Executing task business_email_compromise_mal_24 (attempt 1): 2 malicious samples
2025-06-05 16:29:51,396 - cyberdata.scripts.parallel_generator_v2 - INFO - C:\Users\Tianyu Wang\Documents\Notebooks\cyberdata\src\cyberdata\process\parallel_generator.py:518 - generate_parallel() - Task business_email_compromise_mal_20 contributed 2 samples
2025-06-05 16:29:59,378 - cyberdata.scripts.parallel_generator_v2 - INFO - C:\Users\Tianyu Wang\Documents\Notebooks\cyberdata\src\cyberdata\process\parallel_generator.py:366 - execute_generation_task() - Task business_email_compromise_mal_21 completed: 2 unique samples (0 duplicates filtered) in 59.30s
2025-06-05 16:29:59,378 - cyberdata.scripts.parallel_generator_v2 - INFO - C:\Users\Tianyu Wang\Documents\Notebooks\cyberdata\src\cyberdata\process\parallel_generator.py:334 - execute_generation_task() - Executing task business_email_compromise_ben_25 (attempt 1): 2 benign samples
2025-06-05 16:29:59,378 - cyberdata.scripts.parallel_generator_v2 - INFO - C:\Users\Tianyu Wang\Documents\Notebooks\cyberdata\src\cyberdata\process\parallel_generator.py:518 - generate_parallel() - Task business_email_compromise_mal_21 contributed 2 samples
2025-06-05 16:30:06,734 - cyberdata.scripts.parallel_generator_v2 - INFO - C:\Users\Tianyu Wang\Documents\Notebooks\cyberdata\src\cyberdata\process\parallel_generator.py:366 - execute_generation_task() - Task business_email_compromise_mal_23 completed: 2 unique samples (0 duplicates filtered) in 34.99s
2025-06-05 16:30:06,736 - cyberdata.scripts.parallel_generator_v2 - INFO - C:\Users\Tianyu Wang\Documents\Notebooks\cyberdata\src\cyberdata\process\parallel_generator.py:334 - execute_generation_task() - Executing task business_email_compromise_ben_26 (attempt 1): 2 benign samples
2025-06-05 16:30:06,736 - cyberdata.scripts.parallel_generator_v2 - INFO - C:\Users\Tianyu Wang\Documents\Notebooks\cyberdata\src\cyberdata\process\parallel_generator.py:518 - generate_parallel() - Task business_email_compromise_mal_23 contributed 2 samples
2025-06-05 16:30:13,226 - cyberdata.scripts.parallel_generator_v2 - INFO - C:\Users\Tianyu Wang\Documents\Notebooks\cyberdata\src\cyberdata\process\parallel_generator.py:366 - execute_generation_task() - Task business_email_compromise_ben_25 completed: 2 unique samples (0 duplicates filtered) in 13.85s
2025-06-05 16:30:13,228 - cyberdata.scripts.parallel_generator_v2 - INFO - C:\Users\Tianyu Wang\Documents\Notebooks\cyberdata\src\cyberdata\process\parallel_generator.py:334 - execute_generation_task() - Executing task business_email_compromise_ben_27 (attempt 1): 2 benign samples
2025-06-05 16:30:13,229 - cyberdata.scripts.parallel_generator_v2 - INFO - C:\Users\Tianyu Wang\Documents\Notebooks\cyberdata\src\cyberdata\process\parallel_generator.py:518 - generate_parallel() - Task business_email_compromise_ben_25 contributed 2 samples
2025-06-05 16:30:22,569 - cyberdata.scripts.parallel_generator_v2 - INFO - C:\Users\Tianyu Wang\Documents\Notebooks\cyberdata\src\cyberdata\process\parallel_generator.py:366 - execute_generation_task() - Task business_email_compromise_ben_26 completed: 2 unique samples (0 duplicates filtered) in 15.83s
2025-06-05 16:30:22,571 - cyberdata.scripts.parallel_generator_v2 - INFO - C:\Users\Tianyu Wang\Documents\Notebooks\cyberdata\src\cyberdata\process\parallel_generator.py:334 - execute_generation_task() - Executing task business_email_compromise_ben_28 (attempt 1): 2 benign samples
2025-06-05 16:30:22,572 - cyberdata.scripts.parallel_generator_v2 - INFO - C:\Users\Tianyu Wang\Documents\Notebooks\cyberdata\src\cyberdata\process\parallel_generator.py:518 - generate_parallel() - Task business_email_compromise_ben_26 contributed 2 samples
2025-06-05 16:30:27,592 - cyberdata.scripts.parallel_generator_v2 - INFO - C:\Users\Tianyu Wang\Documents\Notebooks\cyberdata\src\cyberdata\process\parallel_generator.py:366 - execute_generation_task() - Task business_email_compromise_mal_22 completed: 2 unique samples (0 duplicates filtered) in 63.13s
2025-06-05 16:30:27,592 - cyberdata.scripts.parallel_generator_v2 - INFO - C:\Users\Tianyu Wang\Documents\Notebooks\cyberdata\src\cyberdata\process\parallel_generator.py:334 - execute_generation_task() - Executing task business_email_compromise_ben_29 (attempt 1): 2 benign samples
2025-06-05 16:30:27,592 - cyberdata.scripts.parallel_generator_v2 - INFO - C:\Users\Tianyu Wang\Documents\Notebooks\cyberdata\src\cyberdata\process\parallel_generator.py:518 - generate_parallel() - Task business_email_compromise_mal_22 contributed 2 samples
2025-06-05 16:30:31,000 - cyberdata.scripts.parallel_generator_v2 - INFO - C:\Users\Tianyu Wang\Documents\Notebooks\cyberdata\src\cyberdata\process\parallel_generator.py:366 - execute_generation_task() - Task business_email_compromise_ben_27 completed: 2 unique samples (0 duplicates filtered) in 17.77s
2025-06-05 16:30:31,002 - cyberdata.scripts.parallel_generator_v2 - INFO - C:\Users\Tianyu Wang\Documents\Notebooks\cyberdata\src\cyberdata\process\parallel_generator.py:334 - execute_generation_task() - Executing task business_email_compromise_ben_30 (attempt 1): 2 benign samples
2025-06-05 16:30:31,002 - cyberdata.scripts.parallel_generator_v2 - INFO - C:\Users\Tianyu Wang\Documents\Notebooks\cyberdata\src\cyberdata\process\parallel_generator.py:518 - generate_parallel() - Task business_email_compromise_ben_27 contributed 2 samples
2025-06-05 16:30:37,660 - cyberdata.scripts.parallel_generator_v2 - INFO - C:\Users\Tianyu Wang\Documents\Notebooks\cyberdata\src\cyberdata\process\parallel_generator.py:366 - execute_generation_task() - Task business_email_compromise_ben_28 completed: 2 unique samples (0 duplicates filtered) in 15.09s
2025-06-05 16:30:37,662 - cyberdata.scripts.parallel_generator_v2 - INFO - C:\Users\Tianyu Wang\Documents\Notebooks\cyberdata\src\cyberdata\process\parallel_generator.py:334 - execute_generation_task() - Executing task business_email_compromise_ben_31 (attempt 1): 2 benign samples
2025-06-05 16:30:37,663 - cyberdata.scripts.parallel_generator_v2 - INFO - C:\Users\Tianyu Wang\Documents\Notebooks\cyberdata\src\cyberdata\process\parallel_generator.py:518 - generate_parallel() - Task business_email_compromise_ben_28 contributed 2 samples
2025-06-05 16:30:41,208 - cyberdata.scripts.parallel_generator_v2 - INFO - C:\Users\Tianyu Wang\Documents\Notebooks\cyberdata\src\cyberdata\process\parallel_generator.py:366 - execute_generation_task() - Task business_email_compromise_ben_29 completed: 2 unique samples (0 duplicates filtered) in 13.62s
2025-06-05 16:30:41,210 - cyberdata.scripts.parallel_generator_v2 - INFO - C:\Users\Tianyu Wang\Documents\Notebooks\cyberdata\src\cyberdata\process\parallel_generator.py:334 - execute_generation_task() - Executing task business_email_compromise_ben_32 (attempt 1): 2 benign samples
2025-06-05 16:30:41,210 - cyberdata.scripts.parallel_generator_v2 - INFO - C:\Users\Tianyu Wang\Documents\Notebooks\cyberdata\src\cyberdata\process\parallel_generator.py:518 - generate_parallel() - Task business_email_compromise_ben_29 contributed 2 samples
2025-06-05 16:30:44,208 - cyberdata.scripts.parallel_generator_v2 - INFO - C:\Users\Tianyu Wang\Documents\Notebooks\cyberdata\src\cyberdata\process\parallel_generator.py:366 - execute_generation_task() - Task business_email_compromise_ben_30 completed: 2 unique samples (0 duplicates filtered) in 13.21s
2025-06-05 16:30:44,210 - cyberdata.scripts.parallel_generator_v2 - INFO - C:\Users\Tianyu Wang\Documents\Notebooks\cyberdata\src\cyberdata\process\parallel_generator.py:334 - execute_generation_task() - Executing task business_email_compromise_ben_33 (attempt 1): 2 benign samples
2025-06-05 16:30:44,211 - cyberdata.scripts.parallel_generator_v2 - INFO - C:\Users\Tianyu Wang\Documents\Notebooks\cyberdata\src\cyberdata\process\parallel_generator.py:518 - generate_parallel() - Task business_email_compromise_ben_30 contributed 2 samples
2025-06-05 16:30:45,260 - cyberdata.scripts.parallel_generator_v2 - INFO - C:\Users\Tianyu Wang\Documents\Notebooks\cyberdata\src\cyberdata\process\parallel_generator.py:366 - execute_generation_task() - Task business_email_compromise_mal_24 completed: 2 unique samples (0 duplicates filtered) in 53.86s
2025-06-05 16:30:45,260 - cyberdata.scripts.parallel_generator_v2 - INFO - C:\Users\Tianyu Wang\Documents\Notebooks\cyberdata\src\cyberdata\process\parallel_generator.py:334 - execute_generation_task() - Executing task business_email_compromise_ben_34 (attempt 1): 2 benign samples
2025-06-05 16:30:45,260 - cyberdata.scripts.parallel_generator_v2 - INFO - C:\Users\Tianyu Wang\Documents\Notebooks\cyberdata\src\cyberdata\process\parallel_generator.py:518 - generate_parallel() - Task business_email_compromise_mal_24 contributed 2 samples
2025-06-05 16:31:01,815 - cyberdata.scripts.parallel_generator_v2 - INFO - C:\Users\Tianyu Wang\Documents\Notebooks\cyberdata\src\cyberdata\process\parallel_generator.py:366 - execute_generation_task() - Task business_email_compromise_ben_32 completed: 2 unique samples (0 duplicates filtered) in 20.61s
2025-06-05 16:31:01,817 - cyberdata.scripts.parallel_generator_v2 - INFO - C:\Users\Tianyu Wang\Documents\Notebooks\cyberdata\src\cyberdata\process\parallel_generator.py:334 - execute_generation_task() - Executing task business_email_compromise_ben_35 (attempt 1): 2 benign samples
2025-06-05 16:31:01,817 - cyberdata.scripts.parallel_generator_v2 - INFO - C:\Users\Tianyu Wang\Documents\Notebooks\cyberdata\src\cyberdata\process\parallel_generator.py:518 - generate_parallel() - Task business_email_compromise_ben_32 contributed 2 samples
2025-06-05 16:31:01,909 - cyberdata.scripts.parallel_generator_v2 - INFO - C:\Users\Tianyu Wang\Documents\Notebooks\cyberdata\src\cyberdata\process\parallel_generator.py:366 - execute_generation_task() - Task business_email_compromise_ben_31 completed: 2 unique samples (0 duplicates filtered) in 24.25s
2025-06-05 16:31:01,909 - cyberdata.scripts.parallel_generator_v2 - INFO - C:\Users\Tianyu Wang\Documents\Notebooks\cyberdata\src\cyberdata\process\parallel_generator.py:334 - execute_generation_task() - Executing task business_email_compromise_ben_36 (attempt 1): 2 benign samples
2025-06-05 16:31:01,909 - cyberdata.scripts.parallel_generator_v2 - INFO - C:\Users\Tianyu Wang\Documents\Notebooks\cyberdata\src\cyberdata\process\parallel_generator.py:518 - generate_parallel() - Task business_email_compromise_ben_31 contributed 2 samples
2025-06-05 16:31:06,267 - cyberdata.scripts.parallel_generator_v2 - INFO - C:\Users\Tianyu Wang\Documents\Notebooks\cyberdata\src\cyberdata\process\parallel_generator.py:366 - execute_generation_task() - Task business_email_compromise_ben_33 completed: 2 unique samples (0 duplicates filtered) in 22.06s
2025-06-05 16:31:06,269 - cyberdata.scripts.parallel_generator_v2 - INFO - C:\Users\Tianyu Wang\Documents\Notebooks\cyberdata\src\cyberdata\process\parallel_generator.py:334 - execute_generation_task() - Executing task business_email_compromise_ben_37 (attempt 1): 2 benign samples
2025-06-05 16:31:06,269 - cyberdata.scripts.parallel_generator_v2 - INFO - C:\Users\Tianyu Wang\Documents\Notebooks\cyberdata\src\cyberdata\process\parallel_generator.py:518 - generate_parallel() - Task business_email_compromise_ben_33 contributed 2 samples
2025-06-05 16:31:06,669 - cyberdata.scripts.parallel_generator_v2 - INFO - C:\Users\Tianyu Wang\Documents\Notebooks\cyberdata\src\cyberdata\process\parallel_generator.py:366 - execute_generation_task() - Task business_email_compromise_ben_34 completed: 2 unique samples (0 duplicates filtered) in 21.41s
2025-06-05 16:31:06,671 - cyberdata.scripts.parallel_generator_v2 - INFO - C:\Users\Tianyu Wang\Documents\Notebooks\cyberdata\src\cyberdata\process\parallel_generator.py:334 - execute_generation_task() - Executing task business_email_compromise_ben_38 (attempt 1): 2 benign samples
2025-06-05 16:31:06,671 - cyberdata.scripts.parallel_generator_v2 - INFO - C:\Users\Tianyu Wang\Documents\Notebooks\cyberdata\src\cyberdata\process\parallel_generator.py:518 - generate_parallel() - Task business_email_compromise_ben_34 contributed 2 samples
2025-06-05 16:31:18,851 - cyberdata.scripts.parallel_generator_v2 - INFO - C:\Users\Tianyu Wang\Documents\Notebooks\cyberdata\src\cyberdata\process\parallel_generator.py:366 - execute_generation_task() - Task business_email_compromise_ben_35 completed: 2 unique samples (0 duplicates filtered) in 17.03s
2025-06-05 16:31:18,851 - cyberdata.scripts.parallel_generator_v2 - INFO - C:\Users\Tianyu Wang\Documents\Notebooks\cyberdata\src\cyberdata\process\parallel_generator.py:334 - execute_generation_task() - Executing task business_email_compromise_ben_39 (attempt 1): 2 benign samples
2025-06-05 16:31:18,852 - cyberdata.scripts.parallel_generator_v2 - INFO - C:\Users\Tianyu Wang\Documents\Notebooks\cyberdata\src\cyberdata\process\parallel_generator.py:518 - generate_parallel() - Task business_email_compromise_ben_35 contributed 2 samples
2025-06-05 16:31:20,419 - cyberdata.scripts.parallel_generator_v2 - INFO - C:\Users\Tianyu Wang\Documents\Notebooks\cyberdata\src\cyberdata\process\parallel_generator.py:366 - execute_generation_task() - Task business_email_compromise_ben_36 completed: 2 unique samples (0 duplicates filtered) in 18.51s
2025-06-05 16:31:20,419 - cyberdata.scripts.parallel_generator_v2 - INFO - C:\Users\Tianyu Wang\Documents\Notebooks\cyberdata\src\cyberdata\process\parallel_generator.py:334 - execute_generation_task() - Executing task business_email_compromise_ben_40 (attempt 1): 2 benign samples
2025-06-05 16:31:20,420 - cyberdata.scripts.parallel_generator_v2 - INFO - C:\Users\Tianyu Wang\Documents\Notebooks\cyberdata\src\cyberdata\process\parallel_generator.py:518 - generate_parallel() - Task business_email_compromise_ben_36 contributed 2 samples
2025-06-05 16:31:21,511 - cyberdata.scripts.parallel_generator_v2 - INFO - C:\Users\Tianyu Wang\Documents\Notebooks\cyberdata\src\cyberdata\process\parallel_generator.py:366 - execute_generation_task() - Task business_email_compromise_ben_37 completed: 2 unique samples (0 duplicates filtered) in 15.24s
2025-06-05 16:31:21,513 - cyberdata.scripts.parallel_generator_v2 - INFO - C:\Users\Tianyu Wang\Documents\Notebooks\cyberdata\src\cyberdata\process\parallel_generator.py:334 - execute_generation_task() - Executing task business_email_compromise_ben_41 (attempt 1): 2 benign samples
2025-06-05 16:31:21,513 - cyberdata.scripts.parallel_generator_v2 - INFO - C:\Users\Tianyu Wang\Documents\Notebooks\cyberdata\src\cyberdata\process\parallel_generator.py:518 - generate_parallel() - Task business_email_compromise_ben_37 contributed 2 samples
2025-06-05 16:31:25,919 - cyberdata.scripts.parallel_generator_v2 - INFO - C:\Users\Tianyu Wang\Documents\Notebooks\cyberdata\src\cyberdata\process\parallel_generator.py:366 - execute_generation_task() - Task business_email_compromise_ben_38 completed: 2 unique samples (0 duplicates filtered) in 19.25s
2025-06-05 16:31:25,921 - cyberdata.scripts.parallel_generator_v2 - INFO - C:\Users\Tianyu Wang\Documents\Notebooks\cyberdata\src\cyberdata\process\parallel_generator.py:334 - execute_generation_task() - Executing task business_email_compromise_ben_42 (attempt 1): 2 benign samples
2025-06-05 16:31:25,921 - cyberdata.scripts.parallel_generator_v2 - INFO - C:\Users\Tianyu Wang\Documents\Notebooks\cyberdata\src\cyberdata\process\parallel_generator.py:518 - generate_parallel() - Task business_email_compromise_ben_38 contributed 2 samples
2025-06-05 16:31:36,272 - cyberdata.scripts.parallel_generator_v2 - INFO - C:\Users\Tianyu Wang\Documents\Notebooks\cyberdata\src\cyberdata\process\parallel_generator.py:366 - execute_generation_task() - Task business_email_compromise_ben_40 completed: 2 unique samples (0 duplicates filtered) in 15.85s
2025-06-05 16:31:36,274 - cyberdata.scripts.parallel_generator_v2 - INFO - C:\Users\Tianyu Wang\Documents\Notebooks\cyberdata\src\cyberdata\process\parallel_generator.py:334 - execute_generation_task() - Executing task business_email_compromise_ben_43 (attempt 1): 2 benign samples
2025-06-05 16:31:36,274 - cyberdata.scripts.parallel_generator_v2 - INFO - C:\Users\Tianyu Wang\Documents\Notebooks\cyberdata\src\cyberdata\process\parallel_generator.py:518 - generate_parallel() - Task business_email_compromise_ben_40 contributed 2 samples
2025-06-05 16:31:38,370 - cyberdata.scripts.parallel_generator_v2 - INFO - C:\Users\Tianyu Wang\Documents\Notebooks\cyberdata\src\cyberdata\process\parallel_generator.py:366 - execute_generation_task() - Task business_email_compromise_ben_41 completed: 2 unique samples (0 duplicates filtered) in 16.86s
2025-06-05 16:31:38,372 - cyberdata.scripts.parallel_generator_v2 - INFO - C:\Users\Tianyu Wang\Documents\Notebooks\cyberdata\src\cyberdata\process\parallel_generator.py:334 - execute_generation_task() - Executing task business_email_compromise_ben_44 (attempt 1): 2 benign samples
2025-06-05 16:31:38,372 - cyberdata.scripts.parallel_generator_v2 - INFO - C:\Users\Tianyu Wang\Documents\Notebooks\cyberdata\src\cyberdata\process\parallel_generator.py:518 - generate_parallel() - Task business_email_compromise_ben_41 contributed 2 samples
2025-06-05 16:31:39,283 - cyberdata.scripts.parallel_generator_v2 - INFO - C:\Users\Tianyu Wang\Documents\Notebooks\cyberdata\src\cyberdata\process\parallel_generator.py:366 - execute_generation_task() - Task business_email_compromise_ben_39 completed: 2 unique samples (0 duplicates filtered) in 20.43s
2025-06-05 16:31:39,285 - cyberdata.scripts.parallel_generator_v2 - INFO - C:\Users\Tianyu Wang\Documents\Notebooks\cyberdata\src\cyberdata\process\parallel_generator.py:334 - execute_generation_task() - Executing task business_email_compromise_ben_45 (attempt 1): 2 benign samples
2025-06-05 16:31:39,286 - cyberdata.scripts.parallel_generator_v2 - INFO - C:\Users\Tianyu Wang\Documents\Notebooks\cyberdata\src\cyberdata\process\parallel_generator.py:518 - generate_parallel() - Task business_email_compromise_ben_39 contributed 2 samples
2025-06-05 16:31:42,262 - cyberdata.scripts.parallel_generator_v2 - INFO - C:\Users\Tianyu Wang\Documents\Notebooks\cyberdata\src\cyberdata\process\parallel_generator.py:366 - execute_generation_task() - Task business_email_compromise_ben_42 completed: 2 unique samples (0 duplicates filtered) in 16.34s
2025-06-05 16:31:42,264 - cyberdata.scripts.parallel_generator_v2 - INFO - C:\Users\Tianyu Wang\Documents\Notebooks\cyberdata\src\cyberdata\process\parallel_generator.py:334 - execute_generation_task() - Executing task business_email_compromise_ben_46 (attempt 1): 2 benign samples
2025-06-05 16:31:42,264 - cyberdata.scripts.parallel_generator_v2 - INFO - C:\Users\Tianyu Wang\Documents\Notebooks\cyberdata\src\cyberdata\process\parallel_generator.py:518 - generate_parallel() - Task business_email_compromise_ben_42 contributed 2 samples
2025-06-05 16:31:50,572 - cyberdata.scripts.parallel_generator_v2 - INFO - C:\Users\Tianyu Wang\Documents\Notebooks\cyberdata\src\cyberdata\process\parallel_generator.py:366 - execute_generation_task() - Task business_email_compromise_ben_43 completed: 2 unique samples (0 duplicates filtered) in 14.30s
2025-06-05 16:31:50,573 - cyberdata.scripts.parallel_generator_v2 - INFO - C:\Users\Tianyu Wang\Documents\Notebooks\cyberdata\src\cyberdata\process\parallel_generator.py:334 - execute_generation_task() - Executing task business_email_compromise_ben_47 (attempt 1): 2 benign samples
2025-06-05 16:31:50,573 - cyberdata.scripts.parallel_generator_v2 - INFO - C:\Users\Tianyu Wang\Documents\Notebooks\cyberdata\src\cyberdata\process\parallel_generator.py:518 - generate_parallel() - Task business_email_compromise_ben_43 contributed 2 samples
2025-06-05 16:31:53,123 - cyberdata.scripts.parallel_generator_v2 - INFO - C:\Users\Tianyu Wang\Documents\Notebooks\cyberdata\src\cyberdata\process\parallel_generator.py:366 - execute_generation_task() - Task business_email_compromise_ben_45 completed: 2 unique samples (0 duplicates filtered) in 13.84s
2025-06-05 16:31:53,125 - cyberdata.scripts.parallel_generator_v2 - INFO - C:\Users\Tianyu Wang\Documents\Notebooks\cyberdata\src\cyberdata\process\parallel_generator.py:334 - execute_generation_task() - Executing task business_email_compromise_ben_48 (attempt 1): 2 benign samples
2025-06-05 16:31:53,125 - cyberdata.scripts.parallel_generator_v2 - INFO - C:\Users\Tianyu Wang\Documents\Notebooks\cyberdata\src\cyberdata\process\parallel_generator.py:518 - generate_parallel() - Task business_email_compromise_ben_45 contributed 2 samples
2025-06-05 16:31:59,301 - cyberdata.scripts.parallel_generator_v2 - INFO - C:\Users\Tianyu Wang\Documents\Notebooks\cyberdata\src\cyberdata\process\parallel_generator.py:366 - execute_generation_task() - Task business_email_compromise_ben_46 completed: 2 unique samples (0 duplicates filtered) in 17.04s
2025-06-05 16:31:59,303 - cyberdata.scripts.parallel_generator_v2 - INFO - C:\Users\Tianyu Wang\Documents\Notebooks\cyberdata\src\cyberdata\process\parallel_generator.py:334 - execute_generation_task() - Executing task business_email_compromise_ben_49 (attempt 1): 2 benign samples
2025-06-05 16:31:59,303 - cyberdata.scripts.parallel_generator_v2 - INFO - C:\Users\Tianyu Wang\Documents\Notebooks\cyberdata\src\cyberdata\process\parallel_generator.py:518 - generate_parallel() - Task business_email_compromise_ben_46 contributed 2 samples
2025-06-05 16:32:06,644 - cyberdata.scripts.parallel_generator_v2 - INFO - C:\Users\Tianyu Wang\Documents\Notebooks\cyberdata\src\cyberdata\process\parallel_generator.py:366 - execute_generation_task() - Task business_email_compromise_ben_44 completed: 2 unique samples (0 duplicates filtered) in 28.27s
2025-06-05 16:32:06,645 - cyberdata.scripts.parallel_generator_v2 - INFO - C:\Users\Tianyu Wang\Documents\Notebooks\cyberdata\src\cyberdata\process\parallel_generator.py:518 - generate_parallel() - Task business_email_compromise_ben_44 contributed 2 samples
2025-06-05 16:32:08,483 - cyberdata.scripts.parallel_generator_v2 - INFO - C:\Users\Tianyu Wang\Documents\Notebooks\cyberdata\src\cyberdata\process\parallel_generator.py:366 - execute_generation_task() - Task business_email_compromise_ben_47 completed: 2 unique samples (0 duplicates filtered) in 17.91s
2025-06-05 16:32:08,485 - cyberdata.scripts.parallel_generator_v2 - INFO - C:\Users\Tianyu Wang\Documents\Notebooks\cyberdata\src\cyberdata\process\parallel_generator.py:518 - generate_parallel() - Task business_email_compromise_ben_47 contributed 2 samples
2025-06-05 16:32:13,657 - cyberdata.scripts.parallel_generator_v2 - INFO - C:\Users\Tianyu Wang\Documents\Notebooks\cyberdata\src\cyberdata\process\parallel_generator.py:366 - execute_generation_task() - Task business_email_compromise_ben_49 completed: 2 unique samples (0 duplicates filtered) in 14.35s
2025-06-05 16:32:13,657 - cyberdata.scripts.parallel_generator_v2 - INFO - C:\Users\Tianyu Wang\Documents\Notebooks\cyberdata\src\cyberdata\process\parallel_generator.py:518 - generate_parallel() - Task business_email_compromise_ben_49 contributed 2 samples
2025-06-05 16:32:14,193 - cyberdata.scripts.parallel_generator_v2 - INFO - C:\Users\Tianyu Wang\Documents\Notebooks\cyberdata\src\cyberdata\process\parallel_generator.py:366 - execute_generation_task() - Task business_email_compromise_ben_48 completed: 2 unique samples (0 duplicates filtered) in 21.07s
2025-06-05 16:32:14,195 - cyberdata.scripts.parallel_generator_v2 - INFO - C:\Users\Tianyu Wang\Documents\Notebooks\cyberdata\src\cyberdata\process\parallel_generator.py:518 - generate_parallel() - Task business_email_compromise_ben_48 contributed 2 samples
2025-06-05 16:32:14,198 - cyberdata.scripts.parallel_generator_v2 - INFO - C:\Users\Tianyu Wang\Documents\Notebooks\cyberdata\src\cyberdata\process\parallel_generator.py:530 - generate_parallel() - Parallel generation completed for business_email_compromise: 98 total samples generated in 413.23 seconds
2025-06-05 16:32:14,216 - cyberdata.scripts.parallel_generator_v2 - INFO - C:\Users\Tianyu Wang\Documents\Notebooks\cyberdata\src\cyberdata\process\parallel_generator.py:581 - save_samples() - Saved 98 new samples to C:\Users\Tianyu Wang\Documents\Notebooks\cyberdata\data\large_samples\Social_Engineering\business_email_compromise_large.json
2025-06-05 16:32:14,217 - cyberdata.scripts.parallel_generator_v2 - INFO - C:\Users\Tianyu Wang\Documents\Notebooks\cyberdata\src\cyberdata\process\parallel_generator.py:582 - save_samples() - Total samples in file: 98
2025-06-05 16:32:14,217 - cyberdata.scripts.parallel_generator_v2 - INFO - C:\Users\Tianyu Wang\Documents\Notebooks\cyberdata\src\cyberdata\process\parallel_generator.py:583 - save_samples() - Generation rate: 14.2 samples/minute
2025-06-05 16:32:14,218 - cyberdata.scripts.parallel_generator_v2 - INFO - C:\Users\Tianyu Wang\Documents\Notebooks\cyberdata\src\cyberdata\process\parallel_generator.py:755 - main() - Successfully generated 98 samples for business_email_compromise
2025-06-05 16:32:14,218 - cyberdata.scripts.parallel_generator_v2 - INFO - C:\Users\Tianyu Wang\Documents\Notebooks\cyberdata\src\cyberdata\process\parallel_generator.py:724 - main() - 
============================================================
2025-06-05 16:32:14,218 - cyberdata.scripts.parallel_generator_v2 - INFO - C:\Users\Tianyu Wang\Documents\Notebooks\cyberdata\src\cyberdata\process\parallel_generator.py:725 - main() - Processing problem 4/5: Cloud Security/misconfigured_storage_bucket
2025-06-05 16:32:14,219 - cyberdata.scripts.parallel_generator_v2 - INFO - C:\Users\Tianyu Wang\Documents\Notebooks\cyberdata\src\cyberdata\process\parallel_generator.py:726 - main() - ============================================================
2025-06-05 16:32:14,219 - cyberdata.scripts.parallel_generator_v2 - INFO - C:\Users\Tianyu Wang\Documents\Notebooks\cyberdata\src\cyberdata\process\parallel_generator.py:482 - generate_parallel() - Starting parallel generation for misconfigured_storage_bucket: 50 malicious, 50 benign
2025-06-05 16:32:14,233 - cyberdata.scripts.parallel_generator_v2 - INFO - C:\Users\Tianyu Wang\Documents\Notebooks\cyberdata\src\cyberdata\process\parallel_generator.py:324 - create_generation_tasks() - Created 26 generation tasks for misconfigured_storage_bucket (batch size: 4)
2025-06-05 16:32:14,234 - cyberdata.scripts.parallel_generator_v2 - INFO - C:\Users\Tianyu Wang\Documents\Notebooks\cyberdata\src\cyberdata\process\parallel_generator.py:334 - execute_generation_task() - Executing task misconfigured_storage_bucket_mal_0 (attempt 1): 4 malicious samples
2025-06-05 16:32:14,235 - cyberdata.scripts.parallel_generator_v2 - INFO - C:\Users\Tianyu Wang\Documents\Notebooks\cyberdata\src\cyberdata\process\parallel_generator.py:334 - execute_generation_task() - Executing task misconfigured_storage_bucket_mal_1 (attempt 1): 4 malicious samples
2025-06-05 16:32:14,235 - cyberdata.scripts.parallel_generator_v2 - INFO - C:\Users\Tianyu Wang\Documents\Notebooks\cyberdata\src\cyberdata\process\parallel_generator.py:334 - execute_generation_task() - Executing task misconfigured_storage_bucket_mal_2 (attempt 1): 4 malicious samples
2025-06-05 16:32:14,235 - cyberdata.scripts.parallel_generator_v2 - INFO - C:\Users\Tianyu Wang\Documents\Notebooks\cyberdata\src\cyberdata\process\parallel_generator.py:334 - execute_generation_task() - Executing task misconfigured_storage_bucket_mal_3 (attempt 1): 4 malicious samples
2025-06-05 16:32:14,237 - cyberdata.scripts.parallel_generator_v2 - INFO - C:\Users\Tianyu Wang\Documents\Notebooks\cyberdata\src\cyberdata\process\parallel_generator.py:334 - execute_generation_task() - Executing task misconfigured_storage_bucket_mal_4 (attempt 1): 4 malicious samples
2025-06-05 16:32:14,238 - cyberdata.scripts.parallel_generator_v2 - INFO - C:\Users\Tianyu Wang\Documents\Notebooks\cyberdata\src\cyberdata\process\parallel_generator.py:334 - execute_generation_task() - Executing task misconfigured_storage_bucket_mal_5 (attempt 1): 4 malicious samples
2025-06-05 16:32:51,523 - cyberdata.scripts.parallel_generator_v2 - INFO - C:\Users\Tianyu Wang\Documents\Notebooks\cyberdata\src\cyberdata\process\parallel_generator.py:366 - execute_generation_task() - Task misconfigured_storage_bucket_mal_1 completed: 4 unique samples (0 duplicates filtered) in 37.29s
2025-06-05 16:32:51,524 - cyberdata.scripts.parallel_generator_v2 - INFO - C:\Users\Tianyu Wang\Documents\Notebooks\cyberdata\src\cyberdata\process\parallel_generator.py:334 - execute_generation_task() - Executing task misconfigured_storage_bucket_mal_6 (attempt 1): 4 malicious samples
2025-06-05 16:32:51,524 - cyberdata.scripts.parallel_generator_v2 - INFO - C:\Users\Tianyu Wang\Documents\Notebooks\cyberdata\src\cyberdata\process\parallel_generator.py:518 - generate_parallel() - Task misconfigured_storage_bucket_mal_1 contributed 4 samples
2025-06-05 16:32:54,415 - cyberdata.scripts.parallel_generator_v2 - INFO - C:\Users\Tianyu Wang\Documents\Notebooks\cyberdata\src\cyberdata\process\parallel_generator.py:366 - execute_generation_task() - Task misconfigured_storage_bucket_mal_4 completed: 4 unique samples (0 duplicates filtered) in 40.18s
2025-06-05 16:32:54,415 - cyberdata.scripts.parallel_generator_v2 - INFO - C:\Users\Tianyu Wang\Documents\Notebooks\cyberdata\src\cyberdata\process\parallel_generator.py:334 - execute_generation_task() - Executing task misconfigured_storage_bucket_mal_7 (attempt 1): 4 malicious samples
2025-06-05 16:32:54,415 - cyberdata.scripts.parallel_generator_v2 - INFO - C:\Users\Tianyu Wang\Documents\Notebooks\cyberdata\src\cyberdata\process\parallel_generator.py:518 - generate_parallel() - Task misconfigured_storage_bucket_mal_4 contributed 4 samples
2025-06-05 16:32:54,454 - cyberdata.scripts.parallel_generator_v2 - INFO - C:\Users\Tianyu Wang\Documents\Notebooks\cyberdata\src\cyberdata\process\parallel_generator.py:366 - execute_generation_task() - Task misconfigured_storage_bucket_mal_0 completed: 4 unique samples (0 duplicates filtered) in 40.22s
2025-06-05 16:32:54,454 - cyberdata.scripts.parallel_generator_v2 - INFO - C:\Users\Tianyu Wang\Documents\Notebooks\cyberdata\src\cyberdata\process\parallel_generator.py:334 - execute_generation_task() - Executing task misconfigured_storage_bucket_mal_8 (attempt 1): 4 malicious samples
2025-06-05 16:32:54,454 - cyberdata.scripts.parallel_generator_v2 - INFO - C:\Users\Tianyu Wang\Documents\Notebooks\cyberdata\src\cyberdata\process\parallel_generator.py:518 - generate_parallel() - Task misconfigured_storage_bucket_mal_0 contributed 4 samples
2025-06-05 16:32:55,801 - cyberdata.scripts.parallel_generator_v2 - INFO - C:\Users\Tianyu Wang\Documents\Notebooks\cyberdata\src\cyberdata\process\parallel_generator.py:366 - execute_generation_task() - Task misconfigured_storage_bucket_mal_3 completed: 4 unique samples (0 duplicates filtered) in 41.57s
2025-06-05 16:32:55,801 - cyberdata.scripts.parallel_generator_v2 - INFO - C:\Users\Tianyu Wang\Documents\Notebooks\cyberdata\src\cyberdata\process\parallel_generator.py:334 - execute_generation_task() - Executing task misconfigured_storage_bucket_mal_9 (attempt 1): 4 malicious samples
2025-06-05 16:32:55,802 - cyberdata.scripts.parallel_generator_v2 - INFO - C:\Users\Tianyu Wang\Documents\Notebooks\cyberdata\src\cyberdata\process\parallel_generator.py:518 - generate_parallel() - Task misconfigured_storage_bucket_mal_3 contributed 4 samples
2025-06-05 16:32:59,245 - cyberdata.scripts.parallel_generator_v2 - INFO - C:\Users\Tianyu Wang\Documents\Notebooks\cyberdata\src\cyberdata\process\parallel_generator.py:366 - execute_generation_task() - Task misconfigured_storage_bucket_mal_5 completed: 4 unique samples (0 duplicates filtered) in 45.01s
2025-06-05 16:32:59,245 - cyberdata.scripts.parallel_generator_v2 - INFO - C:\Users\Tianyu Wang\Documents\Notebooks\cyberdata\src\cyberdata\process\parallel_generator.py:334 - execute_generation_task() - Executing task misconfigured_storage_bucket_mal_10 (attempt 1): 4 malicious samples
2025-06-05 16:32:59,245 - cyberdata.scripts.parallel_generator_v2 - INFO - C:\Users\Tianyu Wang\Documents\Notebooks\cyberdata\src\cyberdata\process\parallel_generator.py:518 - generate_parallel() - Task misconfigured_storage_bucket_mal_5 contributed 4 samples
2025-06-05 16:33:03,997 - cyberdata.scripts.parallel_generator_v2 - INFO - C:\Users\Tianyu Wang\Documents\Notebooks\cyberdata\src\cyberdata\process\parallel_generator.py:366 - execute_generation_task() - Task misconfigured_storage_bucket_mal_2 completed: 4 unique samples (0 duplicates filtered) in 49.76s
2025-06-05 16:33:03,998 - cyberdata.scripts.parallel_generator_v2 - INFO - C:\Users\Tianyu Wang\Documents\Notebooks\cyberdata\src\cyberdata\process\parallel_generator.py:334 - execute_generation_task() - Executing task misconfigured_storage_bucket_mal_11 (attempt 1): 4 malicious samples
2025-06-05 16:33:03,998 - cyberdata.scripts.parallel_generator_v2 - INFO - C:\Users\Tianyu Wang\Documents\Notebooks\cyberdata\src\cyberdata\process\parallel_generator.py:518 - generate_parallel() - Task misconfigured_storage_bucket_mal_2 contributed 4 samples
2025-06-05 16:33:35,375 - cyberdata.scripts.parallel_generator_v2 - INFO - C:\Users\Tianyu Wang\Documents\Notebooks\cyberdata\src\cyberdata\process\parallel_generator.py:366 - execute_generation_task() - Task misconfigured_storage_bucket_mal_6 completed: 4 unique samples (0 duplicates filtered) in 43.85s
2025-06-05 16:33:35,375 - cyberdata.scripts.parallel_generator_v2 - INFO - C:\Users\Tianyu Wang\Documents\Notebooks\cyberdata\src\cyberdata\process\parallel_generator.py:334 - execute_generation_task() - Executing task misconfigured_storage_bucket_mal_12 (attempt 1): 2 malicious samples
2025-06-05 16:33:35,375 - cyberdata.scripts.parallel_generator_v2 - INFO - C:\Users\Tianyu Wang\Documents\Notebooks\cyberdata\src\cyberdata\process\parallel_generator.py:518 - generate_parallel() - Task misconfigured_storage_bucket_mal_6 contributed 4 samples
2025-06-05 16:33:37,718 - cyberdata.scripts.parallel_generator_v2 - INFO - C:\Users\Tianyu Wang\Documents\Notebooks\cyberdata\src\cyberdata\process\parallel_generator.py:366 - execute_generation_task() - Task misconfigured_storage_bucket_mal_8 completed: 4 unique samples (0 duplicates filtered) in 43.26s
2025-06-05 16:33:37,718 - cyberdata.scripts.parallel_generator_v2 - INFO - C:\Users\Tianyu Wang\Documents\Notebooks\cyberdata\src\cyberdata\process\parallel_generator.py:334 - execute_generation_task() - Executing task misconfigured_storage_bucket_ben_13 (attempt 1): 4 benign samples
2025-06-05 16:33:37,718 - cyberdata.scripts.parallel_generator_v2 - INFO - C:\Users\Tianyu Wang\Documents\Notebooks\cyberdata\src\cyberdata\process\parallel_generator.py:518 - generate_parallel() - Task misconfigured_storage_bucket_mal_8 contributed 4 samples
2025-06-05 16:33:38,869 - cyberdata.scripts.parallel_generator_v2 - INFO - C:\Users\Tianyu Wang\Documents\Notebooks\cyberdata\src\cyberdata\process\parallel_generator.py:366 - execute_generation_task() - Task misconfigured_storage_bucket_mal_7 completed: 4 unique samples (0 duplicates filtered) in 44.45s
2025-06-05 16:33:38,870 - cyberdata.scripts.parallel_generator_v2 - INFO - C:\Users\Tianyu Wang\Documents\Notebooks\cyberdata\src\cyberdata\process\parallel_generator.py:334 - execute_generation_task() - Executing task misconfigured_storage_bucket_ben_14 (attempt 1): 4 benign samples
2025-06-05 16:33:38,870 - cyberdata.scripts.parallel_generator_v2 - INFO - C:\Users\Tianyu Wang\Documents\Notebooks\cyberdata\src\cyberdata\process\parallel_generator.py:518 - generate_parallel() - Task misconfigured_storage_bucket_mal_7 contributed 4 samples
2025-06-05 16:33:39,543 - cyberdata.scripts.parallel_generator_v2 - INFO - C:\Users\Tianyu Wang\Documents\Notebooks\cyberdata\src\cyberdata\process\parallel_generator.py:366 - execute_generation_task() - Task misconfigured_storage_bucket_mal_9 completed: 4 unique samples (0 duplicates filtered) in 43.74s
2025-06-05 16:33:39,546 - cyberdata.scripts.parallel_generator_v2 - INFO - C:\Users\Tianyu Wang\Documents\Notebooks\cyberdata\src\cyberdata\process\parallel_generator.py:334 - execute_generation_task() - Executing task misconfigured_storage_bucket_ben_15 (attempt 1): 4 benign samples
2025-06-05 16:33:39,546 - cyberdata.scripts.parallel_generator_v2 - INFO - C:\Users\Tianyu Wang\Documents\Notebooks\cyberdata\src\cyberdata\process\parallel_generator.py:518 - generate_parallel() - Task misconfigured_storage_bucket_mal_9 contributed 4 samples
2025-06-05 16:33:45,308 - cyberdata.scripts.parallel_generator_v2 - INFO - C:\Users\Tianyu Wang\Documents\Notebooks\cyberdata\src\cyberdata\process\parallel_generator.py:366 - execute_generation_task() - Task misconfigured_storage_bucket_mal_11 completed: 4 unique samples (0 duplicates filtered) in 41.31s
2025-06-05 16:33:45,309 - cyberdata.scripts.parallel_generator_v2 - INFO - C:\Users\Tianyu Wang\Documents\Notebooks\cyberdata\src\cyberdata\process\parallel_generator.py:334 - execute_generation_task() - Executing task misconfigured_storage_bucket_ben_16 (attempt 1): 4 benign samples
2025-06-05 16:33:45,309 - cyberdata.scripts.parallel_generator_v2 - INFO - C:\Users\Tianyu Wang\Documents\Notebooks\cyberdata\src\cyberdata\process\parallel_generator.py:518 - generate_parallel() - Task misconfigured_storage_bucket_mal_11 contributed 4 samples
2025-06-05 16:33:51,584 - cyberdata.scripts.parallel_generator_v2 - INFO - C:\Users\Tianyu Wang\Documents\Notebooks\cyberdata\src\cyberdata\process\parallel_generator.py:366 - execute_generation_task() - Task misconfigured_storage_bucket_mal_10 completed: 4 unique samples (0 duplicates filtered) in 52.34s
2025-06-05 16:33:51,585 - cyberdata.scripts.parallel_generator_v2 - INFO - C:\Users\Tianyu Wang\Documents\Notebooks\cyberdata\src\cyberdata\process\parallel_generator.py:334 - execute_generation_task() - Executing task misconfigured_storage_bucket_ben_17 (attempt 1): 4 benign samples
2025-06-05 16:33:51,585 - cyberdata.scripts.parallel_generator_v2 - INFO - C:\Users\Tianyu Wang\Documents\Notebooks\cyberdata\src\cyberdata\process\parallel_generator.py:518 - generate_parallel() - Task misconfigured_storage_bucket_mal_10 contributed 4 samples
2025-06-05 16:34:01,841 - cyberdata.scripts.parallel_generator_v2 - INFO - C:\Users\Tianyu Wang\Documents\Notebooks\cyberdata\src\cyberdata\process\parallel_generator.py:366 - execute_generation_task() - Task misconfigured_storage_bucket_mal_12 completed: 2 unique samples (0 duplicates filtered) in 26.47s
2025-06-05 16:34:01,843 - cyberdata.scripts.parallel_generator_v2 - INFO - C:\Users\Tianyu Wang\Documents\Notebooks\cyberdata\src\cyberdata\process\parallel_generator.py:334 - execute_generation_task() - Executing task misconfigured_storage_bucket_ben_18 (attempt 1): 4 benign samples
2025-06-05 16:34:01,844 - cyberdata.scripts.parallel_generator_v2 - INFO - C:\Users\Tianyu Wang\Documents\Notebooks\cyberdata\src\cyberdata\process\parallel_generator.py:518 - generate_parallel() - Task misconfigured_storage_bucket_mal_12 contributed 2 samples
2025-06-05 16:34:05,193 - cyberdata.scripts.parallel_generator_v2 - INFO - C:\Users\Tianyu Wang\Documents\Notebooks\cyberdata\src\cyberdata\process\parallel_generator.py:366 - execute_generation_task() - Task misconfigured_storage_bucket_ben_13 completed: 4 unique samples (0 duplicates filtered) in 27.48s
2025-06-05 16:34:05,195 - cyberdata.scripts.parallel_generator_v2 - INFO - C:\Users\Tianyu Wang\Documents\Notebooks\cyberdata\src\cyberdata\process\parallel_generator.py:334 - execute_generation_task() - Executing task misconfigured_storage_bucket_ben_19 (attempt 1): 4 benign samples
2025-06-05 16:34:05,196 - cyberdata.scripts.parallel_generator_v2 - INFO - C:\Users\Tianyu Wang\Documents\Notebooks\cyberdata\src\cyberdata\process\parallel_generator.py:518 - generate_parallel() - Task misconfigured_storage_bucket_ben_13 contributed 4 samples
2025-06-05 16:34:07,297 - cyberdata.scripts.parallel_generator_v2 - INFO - C:\Users\Tianyu Wang\Documents\Notebooks\cyberdata\src\cyberdata\process\parallel_generator.py:366 - execute_generation_task() - Task misconfigured_storage_bucket_ben_15 completed: 4 unique samples (0 duplicates filtered) in 27.75s
2025-06-05 16:34:07,299 - cyberdata.scripts.parallel_generator_v2 - INFO - C:\Users\Tianyu Wang\Documents\Notebooks\cyberdata\src\cyberdata\process\parallel_generator.py:334 - execute_generation_task() - Executing task misconfigured_storage_bucket_ben_20 (attempt 1): 4 benign samples
2025-06-05 16:34:07,299 - cyberdata.scripts.parallel_generator_v2 - INFO - C:\Users\Tianyu Wang\Documents\Notebooks\cyberdata\src\cyberdata\process\parallel_generator.py:518 - generate_parallel() - Task misconfigured_storage_bucket_ben_15 contributed 4 samples
2025-06-05 16:34:08,904 - cyberdata.scripts.parallel_generator_v2 - INFO - C:\Users\Tianyu Wang\Documents\Notebooks\cyberdata\src\cyberdata\process\parallel_generator.py:366 - execute_generation_task() - Task misconfigured_storage_bucket_ben_14 completed: 4 unique samples (0 duplicates filtered) in 30.03s
2025-06-05 16:34:08,905 - cyberdata.scripts.parallel_generator_v2 - INFO - C:\Users\Tianyu Wang\Documents\Notebooks\cyberdata\src\cyberdata\process\parallel_generator.py:334 - execute_generation_task() - Executing task misconfigured_storage_bucket_ben_21 (attempt 1): 4 benign samples
2025-06-05 16:34:08,905 - cyberdata.scripts.parallel_generator_v2 - INFO - C:\Users\Tianyu Wang\Documents\Notebooks\cyberdata\src\cyberdata\process\parallel_generator.py:518 - generate_parallel() - Task misconfigured_storage_bucket_ben_14 contributed 4 samples
2025-06-05 16:34:18,489 - cyberdata.scripts.parallel_generator_v2 - INFO - C:\Users\Tianyu Wang\Documents\Notebooks\cyberdata\src\cyberdata\process\parallel_generator.py:366 - execute_generation_task() - Task misconfigured_storage_bucket_ben_16 completed: 4 unique samples (0 duplicates filtered) in 33.18s
2025-06-05 16:34:18,489 - cyberdata.scripts.parallel_generator_v2 - INFO - C:\Users\Tianyu Wang\Documents\Notebooks\cyberdata\src\cyberdata\process\parallel_generator.py:334 - execute_generation_task() - Executing task misconfigured_storage_bucket_ben_22 (attempt 1): 4 benign samples
2025-06-05 16:34:18,489 - cyberdata.scripts.parallel_generator_v2 - INFO - C:\Users\Tianyu Wang\Documents\Notebooks\cyberdata\src\cyberdata\process\parallel_generator.py:518 - generate_parallel() - Task misconfigured_storage_bucket_ben_16 contributed 4 samples
2025-06-05 16:34:19,984 - cyberdata.scripts.parallel_generator_v2 - INFO - C:\Users\Tianyu Wang\Documents\Notebooks\cyberdata\src\cyberdata\process\parallel_generator.py:366 - execute_generation_task() - Task misconfigured_storage_bucket_ben_17 completed: 4 unique samples (0 duplicates filtered) in 28.40s
2025-06-05 16:34:19,984 - cyberdata.scripts.parallel_generator_v2 - INFO - C:\Users\Tianyu Wang\Documents\Notebooks\cyberdata\src\cyberdata\process\parallel_generator.py:334 - execute_generation_task() - Executing task misconfigured_storage_bucket_ben_23 (attempt 1): 4 benign samples
2025-06-05 16:34:19,984 - cyberdata.scripts.parallel_generator_v2 - INFO - C:\Users\Tianyu Wang\Documents\Notebooks\cyberdata\src\cyberdata\process\parallel_generator.py:518 - generate_parallel() - Task misconfigured_storage_bucket_ben_17 contributed 4 samples
2025-06-05 16:34:34,069 - cyberdata.scripts.parallel_generator_v2 - WARNING - C:\Users\Tianyu Wang\Documents\Notebooks\cyberdata\src\cyberdata\process\parallel_generator.py:477 - _extract_json_from_response() - Failed to parse JSON response
2025-06-05 16:34:34,069 - cyberdata.scripts.parallel_generator_v2 - INFO - C:\Users\Tianyu Wang\Documents\Notebooks\cyberdata\src\cyberdata\process\parallel_generator.py:366 - execute_generation_task() - Task misconfigured_storage_bucket_ben_18 completed: 0 unique samples (0 duplicates filtered) in 32.23s
2025-06-05 16:34:34,071 - cyberdata.scripts.parallel_generator_v2 - INFO - C:\Users\Tianyu Wang\Documents\Notebooks\cyberdata\src\cyberdata\process\parallel_generator.py:334 - execute_generation_task() - Executing task misconfigured_storage_bucket_ben_24 (attempt 1): 4 benign samples
2025-06-05 16:34:34,071 - cyberdata.scripts.parallel_generator_v2 - INFO - C:\Users\Tianyu Wang\Documents\Notebooks\cyberdata\src\cyberdata\process\parallel_generator.py:518 - generate_parallel() - Task misconfigured_storage_bucket_ben_18 contributed 0 samples
2025-06-05 16:34:34,958 - cyberdata.scripts.parallel_generator_v2 - INFO - C:\Users\Tianyu Wang\Documents\Notebooks\cyberdata\src\cyberdata\process\parallel_generator.py:366 - execute_generation_task() - Task misconfigured_storage_bucket_ben_19 completed: 4 unique samples (0 duplicates filtered) in 29.76s
2025-06-05 16:34:34,960 - cyberdata.scripts.parallel_generator_v2 - INFO - C:\Users\Tianyu Wang\Documents\Notebooks\cyberdata\src\cyberdata\process\parallel_generator.py:334 - execute_generation_task() - Executing task misconfigured_storage_bucket_ben_25 (attempt 1): 2 benign samples
2025-06-05 16:34:34,960 - cyberdata.scripts.parallel_generator_v2 - INFO - C:\Users\Tianyu Wang\Documents\Notebooks\cyberdata\src\cyberdata\process\parallel_generator.py:518 - generate_parallel() - Task misconfigured_storage_bucket_ben_19 contributed 4 samples
2025-06-05 16:34:37,469 - cyberdata.scripts.parallel_generator_v2 - INFO - C:\Users\Tianyu Wang\Documents\Notebooks\cyberdata\src\cyberdata\process\parallel_generator.py:366 - execute_generation_task() - Task misconfigured_storage_bucket_ben_21 completed: 4 unique samples (0 duplicates filtered) in 28.56s
2025-06-05 16:34:37,471 - cyberdata.scripts.parallel_generator_v2 - INFO - C:\Users\Tianyu Wang\Documents\Notebooks\cyberdata\src\cyberdata\process\parallel_generator.py:518 - generate_parallel() - Task misconfigured_storage_bucket_ben_21 contributed 4 samples
2025-06-05 16:34:43,120 - cyberdata.scripts.parallel_generator_v2 - INFO - C:\Users\Tianyu Wang\Documents\Notebooks\cyberdata\src\cyberdata\process\parallel_generator.py:366 - execute_generation_task() - Task misconfigured_storage_bucket_ben_20 completed: 4 unique samples (0 duplicates filtered) in 35.82s
2025-06-05 16:34:43,121 - cyberdata.scripts.parallel_generator_v2 - INFO - C:\Users\Tianyu Wang\Documents\Notebooks\cyberdata\src\cyberdata\process\parallel_generator.py:518 - generate_parallel() - Task misconfigured_storage_bucket_ben_20 contributed 4 samples
2025-06-05 16:34:51,373 - cyberdata.scripts.parallel_generator_v2 - INFO - C:\Users\Tianyu Wang\Documents\Notebooks\cyberdata\src\cyberdata\process\parallel_generator.py:366 - execute_generation_task() - Task misconfigured_storage_bucket_ben_22 completed: 4 unique samples (0 duplicates filtered) in 32.88s
2025-06-05 16:34:51,374 - cyberdata.scripts.parallel_generator_v2 - INFO - C:\Users\Tianyu Wang\Documents\Notebooks\cyberdata\src\cyberdata\process\parallel_generator.py:518 - generate_parallel() - Task misconfigured_storage_bucket_ben_22 contributed 4 samples
2025-06-05 16:34:53,760 - cyberdata.scripts.parallel_generator_v2 - INFO - C:\Users\Tianyu Wang\Documents\Notebooks\cyberdata\src\cyberdata\process\parallel_generator.py:366 - execute_generation_task() - Task misconfigured_storage_bucket_ben_25 completed: 2 unique samples (0 duplicates filtered) in 18.80s
2025-06-05 16:34:53,761 - cyberdata.scripts.parallel_generator_v2 - INFO - C:\Users\Tianyu Wang\Documents\Notebooks\cyberdata\src\cyberdata\process\parallel_generator.py:518 - generate_parallel() - Task misconfigured_storage_bucket_ben_25 contributed 2 samples
2025-06-05 16:34:56,918 - cyberdata.scripts.parallel_generator_v2 - INFO - C:\Users\Tianyu Wang\Documents\Notebooks\cyberdata\src\cyberdata\process\parallel_generator.py:366 - execute_generation_task() - Task misconfigured_storage_bucket_ben_23 completed: 4 unique samples (0 duplicates filtered) in 36.93s
2025-06-05 16:34:56,919 - cyberdata.scripts.parallel_generator_v2 - INFO - C:\Users\Tianyu Wang\Documents\Notebooks\cyberdata\src\cyberdata\process\parallel_generator.py:518 - generate_parallel() - Task misconfigured_storage_bucket_ben_23 contributed 4 samples
2025-06-05 16:35:08,665 - cyberdata.scripts.parallel_generator_v2 - INFO - C:\Users\Tianyu Wang\Documents\Notebooks\cyberdata\src\cyberdata\process\parallel_generator.py:366 - execute_generation_task() - Task misconfigured_storage_bucket_ben_24 completed: 4 unique samples (0 duplicates filtered) in 34.59s
2025-06-05 16:35:08,666 - cyberdata.scripts.parallel_generator_v2 - INFO - C:\Users\Tianyu Wang\Documents\Notebooks\cyberdata\src\cyberdata\process\parallel_generator.py:518 - generate_parallel() - Task misconfigured_storage_bucket_ben_24 contributed 4 samples
2025-06-05 16:35:08,666 - cyberdata.scripts.parallel_generator_v2 - INFO - C:\Users\Tianyu Wang\Documents\Notebooks\cyberdata\src\cyberdata\process\parallel_generator.py:530 - generate_parallel() - Parallel generation completed for misconfigured_storage_bucket: 96 total samples generated in 174.45 seconds
2025-06-05 16:35:08,677 - cyberdata.scripts.parallel_generator_v2 - INFO - C:\Users\Tianyu Wang\Documents\Notebooks\cyberdata\src\cyberdata\process\parallel_generator.py:581 - save_samples() - Saved 96 new samples to C:\Users\Tianyu Wang\Documents\Notebooks\cyberdata\data\large_samples\Cloud_Security\misconfigured_storage_bucket_large.json
2025-06-05 16:35:08,678 - cyberdata.scripts.parallel_generator_v2 - INFO - C:\Users\Tianyu Wang\Documents\Notebooks\cyberdata\src\cyberdata\process\parallel_generator.py:582 - save_samples() - Total samples in file: 96
2025-06-05 16:35:08,678 - cyberdata.scripts.parallel_generator_v2 - INFO - C:\Users\Tianyu Wang\Documents\Notebooks\cyberdata\src\cyberdata\process\parallel_generator.py:583 - save_samples() - Generation rate: 33.0 samples/minute
2025-06-05 16:35:08,678 - cyberdata.scripts.parallel_generator_v2 - INFO - C:\Users\Tianyu Wang\Documents\Notebooks\cyberdata\src\cyberdata\process\parallel_generator.py:755 - main() - Successfully generated 96 samples for misconfigured_storage_bucket
2025-06-05 16:35:08,679 - cyberdata.scripts.parallel_generator_v2 - INFO - C:\Users\Tianyu Wang\Documents\Notebooks\cyberdata\src\cyberdata\process\parallel_generator.py:724 - main() - 
============================================================
2025-06-05 16:35:08,679 - cyberdata.scripts.parallel_generator_v2 - INFO - C:\Users\Tianyu Wang\Documents\Notebooks\cyberdata\src\cyberdata\process\parallel_generator.py:725 - main() - Processing problem 5/5: Supply Chain/third_party_software_compromise
2025-06-05 16:35:08,680 - cyberdata.scripts.parallel_generator_v2 - INFO - C:\Users\Tianyu Wang\Documents\Notebooks\cyberdata\src\cyberdata\process\parallel_generator.py:726 - main() - ============================================================
2025-06-05 16:35:08,680 - cyberdata.scripts.parallel_generator_v2 - INFO - C:\Users\Tianyu Wang\Documents\Notebooks\cyberdata\src\cyberdata\process\parallel_generator.py:482 - generate_parallel() - Starting parallel generation for third_party_software_compromise: 50 malicious, 50 benign
2025-06-05 16:35:08,733 - cyberdata.scripts.parallel_generator_v2 - INFO - C:\Users\Tianyu Wang\Documents\Notebooks\cyberdata\src\cyberdata\process\parallel_generator.py:324 - create_generation_tasks() - Created 34 generation tasks for third_party_software_compromise (batch size: 3)
2025-06-05 16:35:08,734 - cyberdata.scripts.parallel_generator_v2 - INFO - C:\Users\Tianyu Wang\Documents\Notebooks\cyberdata\src\cyberdata\process\parallel_generator.py:334 - execute_generation_task() - Executing task third_party_software_compromise_mal_0 (attempt 1): 3 malicious samples
2025-06-05 16:35:08,734 - cyberdata.scripts.parallel_generator_v2 - INFO - C:\Users\Tianyu Wang\Documents\Notebooks\cyberdata\src\cyberdata\process\parallel_generator.py:334 - execute_generation_task() - Executing task third_party_software_compromise_mal_1 (attempt 1): 3 malicious samples
2025-06-05 16:35:08,735 - cyberdata.scripts.parallel_generator_v2 - INFO - C:\Users\Tianyu Wang\Documents\Notebooks\cyberdata\src\cyberdata\process\parallel_generator.py:334 - execute_generation_task() - Executing task third_party_software_compromise_mal_2 (attempt 1): 3 malicious samples
2025-06-05 16:35:08,735 - cyberdata.scripts.parallel_generator_v2 - INFO - C:\Users\Tianyu Wang\Documents\Notebooks\cyberdata\src\cyberdata\process\parallel_generator.py:334 - execute_generation_task() - Executing task third_party_software_compromise_mal_3 (attempt 1): 3 malicious samples
2025-06-05 16:35:47,891 - cyberdata.scripts.parallel_generator_v2 - INFO - C:\Users\Tianyu Wang\Documents\Notebooks\cyberdata\src\cyberdata\process\parallel_generator.py:366 - execute_generation_task() - Task third_party_software_compromise_mal_2 completed: 3 unique samples (0 duplicates filtered) in 39.16s
2025-06-05 16:35:47,891 - cyberdata.scripts.parallel_generator_v2 - INFO - C:\Users\Tianyu Wang\Documents\Notebooks\cyberdata\src\cyberdata\process\parallel_generator.py:334 - execute_generation_task() - Executing task third_party_software_compromise_mal_4 (attempt 1): 3 malicious samples
2025-06-05 16:35:47,892 - cyberdata.scripts.parallel_generator_v2 - INFO - C:\Users\Tianyu Wang\Documents\Notebooks\cyberdata\src\cyberdata\process\parallel_generator.py:518 - generate_parallel() - Task third_party_software_compromise_mal_2 contributed 3 samples
2025-06-05 16:35:54,789 - cyberdata.scripts.parallel_generator_v2 - INFO - C:\Users\Tianyu Wang\Documents\Notebooks\cyberdata\src\cyberdata\process\parallel_generator.py:366 - execute_generation_task() - Task third_party_software_compromise_mal_1 completed: 3 unique samples (0 duplicates filtered) in 46.05s
2025-06-05 16:35:54,790 - cyberdata.scripts.parallel_generator_v2 - INFO - C:\Users\Tianyu Wang\Documents\Notebooks\cyberdata\src\cyberdata\process\parallel_generator.py:334 - execute_generation_task() - Executing task third_party_software_compromise_mal_5 (attempt 1): 3 malicious samples
2025-06-05 16:35:54,790 - cyberdata.scripts.parallel_generator_v2 - INFO - C:\Users\Tianyu Wang\Documents\Notebooks\cyberdata\src\cyberdata\process\parallel_generator.py:518 - generate_parallel() - Task third_party_software_compromise_mal_1 contributed 3 samples
2025-06-05 16:35:55,850 - cyberdata.scripts.parallel_generator_v2 - WARNING - C:\Users\Tianyu Wang\Documents\Notebooks\cyberdata\src\cyberdata\process\parallel_generator.py:477 - _extract_json_from_response() - Failed to parse JSON response
2025-06-05 16:35:55,850 - cyberdata.scripts.parallel_generator_v2 - INFO - C:\Users\Tianyu Wang\Documents\Notebooks\cyberdata\src\cyberdata\process\parallel_generator.py:366 - execute_generation_task() - Task third_party_software_compromise_mal_0 completed: 0 unique samples (0 duplicates filtered) in 47.12s
2025-06-05 16:35:55,851 - cyberdata.scripts.parallel_generator_v2 - INFO - C:\Users\Tianyu Wang\Documents\Notebooks\cyberdata\src\cyberdata\process\parallel_generator.py:334 - execute_generation_task() - Executing task third_party_software_compromise_mal_6 (attempt 1): 3 malicious samples
2025-06-05 16:35:55,851 - cyberdata.scripts.parallel_generator_v2 - INFO - C:\Users\Tianyu Wang\Documents\Notebooks\cyberdata\src\cyberdata\process\parallel_generator.py:518 - generate_parallel() - Task third_party_software_compromise_mal_0 contributed 0 samples
2025-06-05 16:35:58,960 - cyberdata.scripts.parallel_generator_v2 - INFO - C:\Users\Tianyu Wang\Documents\Notebooks\cyberdata\src\cyberdata\process\parallel_generator.py:366 - execute_generation_task() - Task third_party_software_compromise_mal_3 completed: 3 unique samples (0 duplicates filtered) in 50.22s
2025-06-05 16:35:58,961 - cyberdata.scripts.parallel_generator_v2 - INFO - C:\Users\Tianyu Wang\Documents\Notebooks\cyberdata\src\cyberdata\process\parallel_generator.py:334 - execute_generation_task() - Executing task third_party_software_compromise_mal_7 (attempt 1): 3 malicious samples
2025-06-05 16:35:58,961 - cyberdata.scripts.parallel_generator_v2 - INFO - C:\Users\Tianyu Wang\Documents\Notebooks\cyberdata\src\cyberdata\process\parallel_generator.py:518 - generate_parallel() - Task third_party_software_compromise_mal_3 contributed 3 samples
2025-06-05 16:36:36,404 - cyberdata.scripts.parallel_generator_v2 - INFO - C:\Users\Tianyu Wang\Documents\Notebooks\cyberdata\src\cyberdata\process\parallel_generator.py:366 - execute_generation_task() - Task third_party_software_compromise_mal_4 completed: 3 unique samples (0 duplicates filtered) in 48.51s
2025-06-05 16:36:36,404 - cyberdata.scripts.parallel_generator_v2 - INFO - C:\Users\Tianyu Wang\Documents\Notebooks\cyberdata\src\cyberdata\process\parallel_generator.py:334 - execute_generation_task() - Executing task third_party_software_compromise_mal_8 (attempt 1): 3 malicious samples
2025-06-05 16:36:36,404 - cyberdata.scripts.parallel_generator_v2 - INFO - C:\Users\Tianyu Wang\Documents\Notebooks\cyberdata\src\cyberdata\process\parallel_generator.py:518 - generate_parallel() - Task third_party_software_compromise_mal_4 contributed 3 samples
2025-06-05 16:36:37,917 - cyberdata.scripts.parallel_generator_v2 - INFO - C:\Users\Tianyu Wang\Documents\Notebooks\cyberdata\src\cyberdata\process\parallel_generator.py:366 - execute_generation_task() - Task third_party_software_compromise_mal_7 completed: 3 unique samples (0 duplicates filtered) in 38.96s
2025-06-05 16:36:37,917 - cyberdata.scripts.parallel_generator_v2 - INFO - C:\Users\Tianyu Wang\Documents\Notebooks\cyberdata\src\cyberdata\process\parallel_generator.py:334 - execute_generation_task() - Executing task third_party_software_compromise_mal_9 (attempt 1): 3 malicious samples
2025-06-05 16:36:37,917 - cyberdata.scripts.parallel_generator_v2 - INFO - C:\Users\Tianyu Wang\Documents\Notebooks\cyberdata\src\cyberdata\process\parallel_generator.py:518 - generate_parallel() - Task third_party_software_compromise_mal_7 contributed 3 samples
2025-06-05 16:36:43,825 - cyberdata.scripts.parallel_generator_v2 - INFO - C:\Users\Tianyu Wang\Documents\Notebooks\cyberdata\src\cyberdata\process\parallel_generator.py:366 - execute_generation_task() - Task third_party_software_compromise_mal_6 completed: 3 unique samples (0 duplicates filtered) in 47.97s
2025-06-05 16:36:43,826 - cyberdata.scripts.parallel_generator_v2 - INFO - C:\Users\Tianyu Wang\Documents\Notebooks\cyberdata\src\cyberdata\process\parallel_generator.py:334 - execute_generation_task() - Executing task third_party_software_compromise_mal_10 (attempt 1): 3 malicious samples
2025-06-05 16:36:43,826 - cyberdata.scripts.parallel_generator_v2 - INFO - C:\Users\Tianyu Wang\Documents\Notebooks\cyberdata\src\cyberdata\process\parallel_generator.py:518 - generate_parallel() - Task third_party_software_compromise_mal_6 contributed 3 samples
2025-06-05 16:36:45,525 - cyberdata.scripts.parallel_generator_v2 - INFO - C:\Users\Tianyu Wang\Documents\Notebooks\cyberdata\src\cyberdata\process\parallel_generator.py:366 - execute_generation_task() - Task third_party_software_compromise_mal_5 completed: 3 unique samples (0 duplicates filtered) in 50.74s
2025-06-05 16:36:45,526 - cyberdata.scripts.parallel_generator_v2 - INFO - C:\Users\Tianyu Wang\Documents\Notebooks\cyberdata\src\cyberdata\process\parallel_generator.py:334 - execute_generation_task() - Executing task third_party_software_compromise_mal_11 (attempt 1): 3 malicious samples
2025-06-05 16:36:45,526 - cyberdata.scripts.parallel_generator_v2 - INFO - C:\Users\Tianyu Wang\Documents\Notebooks\cyberdata\src\cyberdata\process\parallel_generator.py:518 - generate_parallel() - Task third_party_software_compromise_mal_5 contributed 3 samples
2025-06-05 16:37:22,046 - cyberdata.scripts.parallel_generator_v2 - INFO - C:\Users\Tianyu Wang\Documents\Notebooks\cyberdata\src\cyberdata\process\parallel_generator.py:366 - execute_generation_task() - Task third_party_software_compromise_mal_9 completed: 3 unique samples (0 duplicates filtered) in 44.13s
2025-06-05 16:37:22,047 - cyberdata.scripts.parallel_generator_v2 - INFO - C:\Users\Tianyu Wang\Documents\Notebooks\cyberdata\src\cyberdata\process\parallel_generator.py:334 - execute_generation_task() - Executing task third_party_software_compromise_mal_12 (attempt 1): 3 malicious samples
2025-06-05 16:37:22,047 - cyberdata.scripts.parallel_generator_v2 - INFO - C:\Users\Tianyu Wang\Documents\Notebooks\cyberdata\src\cyberdata\process\parallel_generator.py:518 - generate_parallel() - Task third_party_software_compromise_mal_9 contributed 3 samples
2025-06-05 16:37:22,715 - cyberdata.scripts.parallel_generator_v2 - INFO - C:\Users\Tianyu Wang\Documents\Notebooks\cyberdata\src\cyberdata\process\parallel_generator.py:366 - execute_generation_task() - Task third_party_software_compromise_mal_8 completed: 3 unique samples (0 duplicates filtered) in 46.31s
2025-06-05 16:37:22,715 - cyberdata.scripts.parallel_generator_v2 - INFO - C:\Users\Tianyu Wang\Documents\Notebooks\cyberdata\src\cyberdata\process\parallel_generator.py:334 - execute_generation_task() - Executing task third_party_software_compromise_mal_13 (attempt 1): 3 malicious samples
2025-06-05 16:37:22,715 - cyberdata.scripts.parallel_generator_v2 - INFO - C:\Users\Tianyu Wang\Documents\Notebooks\cyberdata\src\cyberdata\process\parallel_generator.py:518 - generate_parallel() - Task third_party_software_compromise_mal_8 contributed 3 samples
2025-06-05 16:37:29,885 - cyberdata.scripts.parallel_generator_v2 - INFO - C:\Users\Tianyu Wang\Documents\Notebooks\cyberdata\src\cyberdata\process\parallel_generator.py:366 - execute_generation_task() - Task third_party_software_compromise_mal_10 completed: 3 unique samples (0 duplicates filtered) in 46.06s
2025-06-05 16:37:29,886 - cyberdata.scripts.parallel_generator_v2 - INFO - C:\Users\Tianyu Wang\Documents\Notebooks\cyberdata\src\cyberdata\process\parallel_generator.py:334 - execute_generation_task() - Executing task third_party_software_compromise_mal_14 (attempt 1): 3 malicious samples
2025-06-05 16:37:29,886 - cyberdata.scripts.parallel_generator_v2 - INFO - C:\Users\Tianyu Wang\Documents\Notebooks\cyberdata\src\cyberdata\process\parallel_generator.py:518 - generate_parallel() - Task third_party_software_compromise_mal_10 contributed 3 samples
2025-06-05 16:37:30,614 - cyberdata.scripts.parallel_generator_v2 - INFO - C:\Users\Tianyu Wang\Documents\Notebooks\cyberdata\src\cyberdata\process\parallel_generator.py:366 - execute_generation_task() - Task third_party_software_compromise_mal_11 completed: 3 unique samples (0 duplicates filtered) in 45.09s
2025-06-05 16:37:30,615 - cyberdata.scripts.parallel_generator_v2 - INFO - C:\Users\Tianyu Wang\Documents\Notebooks\cyberdata\src\cyberdata\process\parallel_generator.py:334 - execute_generation_task() - Executing task third_party_software_compromise_mal_15 (attempt 1): 3 malicious samples
2025-06-05 16:37:30,615 - cyberdata.scripts.parallel_generator_v2 - INFO - C:\Users\Tianyu Wang\Documents\Notebooks\cyberdata\src\cyberdata\process\parallel_generator.py:518 - generate_parallel() - Task third_party_software_compromise_mal_11 contributed 3 samples
2025-06-05 16:38:07,306 - cyberdata.scripts.parallel_generator_v2 - INFO - C:\Users\Tianyu Wang\Documents\Notebooks\cyberdata\src\cyberdata\process\parallel_generator.py:366 - execute_generation_task() - Task third_party_software_compromise_mal_13 completed: 3 unique samples (0 duplicates filtered) in 44.59s
2025-06-05 16:38:07,307 - cyberdata.scripts.parallel_generator_v2 - INFO - C:\Users\Tianyu Wang\Documents\Notebooks\cyberdata\src\cyberdata\process\parallel_generator.py:334 - execute_generation_task() - Executing task third_party_software_compromise_mal_16 (attempt 1): 2 malicious samples
2025-06-05 16:38:07,307 - cyberdata.scripts.parallel_generator_v2 - INFO - C:\Users\Tianyu Wang\Documents\Notebooks\cyberdata\src\cyberdata\process\parallel_generator.py:518 - generate_parallel() - Task third_party_software_compromise_mal_13 contributed 3 samples
2025-06-05 16:38:09,620 - cyberdata.scripts.parallel_generator_v2 - INFO - C:\Users\Tianyu Wang\Documents\Notebooks\cyberdata\src\cyberdata\process\parallel_generator.py:366 - execute_generation_task() - Task third_party_software_compromise_mal_12 completed: 3 unique samples (0 duplicates filtered) in 47.57s
2025-06-05 16:38:09,621 - cyberdata.scripts.parallel_generator_v2 - INFO - C:\Users\Tianyu Wang\Documents\Notebooks\cyberdata\src\cyberdata\process\parallel_generator.py:334 - execute_generation_task() - Executing task third_party_software_compromise_ben_17 (attempt 1): 3 benign samples
2025-06-05 16:38:09,621 - cyberdata.scripts.parallel_generator_v2 - INFO - C:\Users\Tianyu Wang\Documents\Notebooks\cyberdata\src\cyberdata\process\parallel_generator.py:518 - generate_parallel() - Task third_party_software_compromise_mal_12 contributed 3 samples
2025-06-05 16:38:12,970 - cyberdata.scripts.parallel_generator_v2 - INFO - C:\Users\Tianyu Wang\Documents\Notebooks\cyberdata\src\cyberdata\process\parallel_generator.py:366 - execute_generation_task() - Task third_party_software_compromise_mal_14 completed: 3 unique samples (0 duplicates filtered) in 43.08s
2025-06-05 16:38:12,970 - cyberdata.scripts.parallel_generator_v2 - INFO - C:\Users\Tianyu Wang\Documents\Notebooks\cyberdata\src\cyberdata\process\parallel_generator.py:334 - execute_generation_task() - Executing task third_party_software_compromise_ben_18 (attempt 1): 3 benign samples
2025-06-05 16:38:12,970 - cyberdata.scripts.parallel_generator_v2 - INFO - C:\Users\Tianyu Wang\Documents\Notebooks\cyberdata\src\cyberdata\process\parallel_generator.py:518 - generate_parallel() - Task third_party_software_compromise_mal_14 contributed 3 samples
2025-06-05 16:38:16,072 - cyberdata.scripts.parallel_generator_v2 - INFO - C:\Users\Tianyu Wang\Documents\Notebooks\cyberdata\src\cyberdata\process\parallel_generator.py:366 - execute_generation_task() - Task third_party_software_compromise_mal_15 completed: 3 unique samples (0 duplicates filtered) in 45.46s
2025-06-05 16:38:16,073 - cyberdata.scripts.parallel_generator_v2 - INFO - C:\Users\Tianyu Wang\Documents\Notebooks\cyberdata\src\cyberdata\process\parallel_generator.py:334 - execute_generation_task() - Executing task third_party_software_compromise_ben_19 (attempt 1): 3 benign samples
2025-06-05 16:38:16,073 - cyberdata.scripts.parallel_generator_v2 - INFO - C:\Users\Tianyu Wang\Documents\Notebooks\cyberdata\src\cyberdata\process\parallel_generator.py:518 - generate_parallel() - Task third_party_software_compromise_mal_15 contributed 3 samples
2025-06-05 16:38:35,226 - cyberdata.scripts.parallel_generator_v2 - INFO - C:\Users\Tianyu Wang\Documents\Notebooks\cyberdata\src\cyberdata\process\parallel_generator.py:366 - execute_generation_task() - Task third_party_software_compromise_ben_17 completed: 3 unique samples (0 duplicates filtered) in 25.60s
2025-06-05 16:38:35,227 - cyberdata.scripts.parallel_generator_v2 - INFO - C:\Users\Tianyu Wang\Documents\Notebooks\cyberdata\src\cyberdata\process\parallel_generator.py:334 - execute_generation_task() - Executing task third_party_software_compromise_ben_20 (attempt 1): 3 benign samples
2025-06-05 16:38:35,227 - cyberdata.scripts.parallel_generator_v2 - INFO - C:\Users\Tianyu Wang\Documents\Notebooks\cyberdata\src\cyberdata\process\parallel_generator.py:518 - generate_parallel() - Task third_party_software_compromise_ben_17 contributed 3 samples
2025-06-05 16:38:38,963 - cyberdata.scripts.parallel_generator_v2 - INFO - C:\Users\Tianyu Wang\Documents\Notebooks\cyberdata\src\cyberdata\process\parallel_generator.py:366 - execute_generation_task() - Task third_party_software_compromise_ben_18 completed: 3 unique samples (0 duplicates filtered) in 25.99s
2025-06-05 16:38:38,964 - cyberdata.scripts.parallel_generator_v2 - INFO - C:\Users\Tianyu Wang\Documents\Notebooks\cyberdata\src\cyberdata\process\parallel_generator.py:334 - execute_generation_task() - Executing task third_party_software_compromise_ben_21 (attempt 1): 3 benign samples
2025-06-05 16:38:38,964 - cyberdata.scripts.parallel_generator_v2 - INFO - C:\Users\Tianyu Wang\Documents\Notebooks\cyberdata\src\cyberdata\process\parallel_generator.py:518 - generate_parallel() - Task third_party_software_compromise_ben_18 contributed 3 samples
2025-06-05 16:38:43,395 - cyberdata.scripts.parallel_generator_v2 - INFO - C:\Users\Tianyu Wang\Documents\Notebooks\cyberdata\src\cyberdata\process\parallel_generator.py:366 - execute_generation_task() - Task third_party_software_compromise_ben_19 completed: 3 unique samples (0 duplicates filtered) in 27.32s
2025-06-05 16:38:43,396 - cyberdata.scripts.parallel_generator_v2 - INFO - C:\Users\Tianyu Wang\Documents\Notebooks\cyberdata\src\cyberdata\process\parallel_generator.py:334 - execute_generation_task() - Executing task third_party_software_compromise_ben_22 (attempt 1): 3 benign samples
2025-06-05 16:38:43,396 - cyberdata.scripts.parallel_generator_v2 - INFO - C:\Users\Tianyu Wang\Documents\Notebooks\cyberdata\src\cyberdata\process\parallel_generator.py:518 - generate_parallel() - Task third_party_software_compromise_ben_19 contributed 3 samples
2025-06-05 16:38:46,580 - cyberdata.scripts.parallel_generator_v2 - INFO - C:\Users\Tianyu Wang\Documents\Notebooks\cyberdata\src\cyberdata\process\parallel_generator.py:366 - execute_generation_task() - Task third_party_software_compromise_mal_16 completed: 2 unique samples (0 duplicates filtered) in 39.27s
2025-06-05 16:38:46,581 - cyberdata.scripts.parallel_generator_v2 - INFO - C:\Users\Tianyu Wang\Documents\Notebooks\cyberdata\src\cyberdata\process\parallel_generator.py:334 - execute_generation_task() - Executing task third_party_software_compromise_ben_23 (attempt 1): 3 benign samples
2025-06-05 16:38:46,581 - cyberdata.scripts.parallel_generator_v2 - INFO - C:\Users\Tianyu Wang\Documents\Notebooks\cyberdata\src\cyberdata\process\parallel_generator.py:518 - generate_parallel() - Task third_party_software_compromise_mal_16 contributed 2 samples
2025-06-05 16:38:53,906 - cyberdata.scripts.parallel_generator_v2 - INFO - C:\Users\Tianyu Wang\Documents\Notebooks\cyberdata\src\cyberdata\process\parallel_generator.py:366 - execute_generation_task() - Task third_party_software_compromise_ben_20 completed: 3 unique samples (0 duplicates filtered) in 18.68s
2025-06-05 16:38:53,907 - cyberdata.scripts.parallel_generator_v2 - INFO - C:\Users\Tianyu Wang\Documents\Notebooks\cyberdata\src\cyberdata\process\parallel_generator.py:334 - execute_generation_task() - Executing task third_party_software_compromise_ben_24 (attempt 1): 3 benign samples
2025-06-05 16:38:53,907 - cyberdata.scripts.parallel_generator_v2 - INFO - C:\Users\Tianyu Wang\Documents\Notebooks\cyberdata\src\cyberdata\process\parallel_generator.py:518 - generate_parallel() - Task third_party_software_compromise_ben_20 contributed 3 samples
2025-06-05 16:39:02,727 - cyberdata.scripts.parallel_generator_v2 - INFO - C:\Users\Tianyu Wang\Documents\Notebooks\cyberdata\src\cyberdata\process\parallel_generator.py:366 - execute_generation_task() - Task third_party_software_compromise_ben_21 completed: 3 unique samples (0 duplicates filtered) in 23.76s
2025-06-05 16:39:02,728 - cyberdata.scripts.parallel_generator_v2 - INFO - C:\Users\Tianyu Wang\Documents\Notebooks\cyberdata\src\cyberdata\process\parallel_generator.py:334 - execute_generation_task() - Executing task third_party_software_compromise_ben_25 (attempt 1): 3 benign samples
2025-06-05 16:39:02,728 - cyberdata.scripts.parallel_generator_v2 - INFO - C:\Users\Tianyu Wang\Documents\Notebooks\cyberdata\src\cyberdata\process\parallel_generator.py:518 - generate_parallel() - Task third_party_software_compromise_ben_21 contributed 3 samples
2025-06-05 16:39:03,193 - cyberdata.scripts.parallel_generator_v2 - INFO - C:\Users\Tianyu Wang\Documents\Notebooks\cyberdata\src\cyberdata\process\parallel_generator.py:366 - execute_generation_task() - Task third_party_software_compromise_ben_23 completed: 3 unique samples (0 duplicates filtered) in 16.61s
2025-06-05 16:39:03,195 - cyberdata.scripts.parallel_generator_v2 - INFO - C:\Users\Tianyu Wang\Documents\Notebooks\cyberdata\src\cyberdata\process\parallel_generator.py:334 - execute_generation_task() - Executing task third_party_software_compromise_ben_26 (attempt 1): 3 benign samples
2025-06-05 16:39:03,195 - cyberdata.scripts.parallel_generator_v2 - INFO - C:\Users\Tianyu Wang\Documents\Notebooks\cyberdata\src\cyberdata\process\parallel_generator.py:518 - generate_parallel() - Task third_party_software_compromise_ben_23 contributed 3 samples
2025-06-05 16:39:05,604 - cyberdata.scripts.parallel_generator_v2 - INFO - C:\Users\Tianyu Wang\Documents\Notebooks\cyberdata\src\cyberdata\process\parallel_generator.py:366 - execute_generation_task() - Task third_party_software_compromise_ben_22 completed: 3 unique samples (0 duplicates filtered) in 22.21s
2025-06-05 16:39:05,606 - cyberdata.scripts.parallel_generator_v2 - INFO - C:\Users\Tianyu Wang\Documents\Notebooks\cyberdata\src\cyberdata\process\parallel_generator.py:334 - execute_generation_task() - Executing task third_party_software_compromise_ben_27 (attempt 1): 3 benign samples
2025-06-05 16:39:05,606 - cyberdata.scripts.parallel_generator_v2 - INFO - C:\Users\Tianyu Wang\Documents\Notebooks\cyberdata\src\cyberdata\process\parallel_generator.py:518 - generate_parallel() - Task third_party_software_compromise_ben_22 contributed 3 samples
2025-06-05 16:39:12,722 - cyberdata.scripts.parallel_generator_v2 - INFO - C:\Users\Tianyu Wang\Documents\Notebooks\cyberdata\src\cyberdata\process\parallel_generator.py:366 - execute_generation_task() - Task third_party_software_compromise_ben_24 completed: 3 unique samples (0 duplicates filtered) in 18.81s
2025-06-05 16:39:12,722 - cyberdata.scripts.parallel_generator_v2 - INFO - C:\Users\Tianyu Wang\Documents\Notebooks\cyberdata\src\cyberdata\process\parallel_generator.py:334 - execute_generation_task() - Executing task third_party_software_compromise_ben_28 (attempt 1): 3 benign samples
2025-06-05 16:39:12,722 - cyberdata.scripts.parallel_generator_v2 - INFO - C:\Users\Tianyu Wang\Documents\Notebooks\cyberdata\src\cyberdata\process\parallel_generator.py:518 - generate_parallel() - Task third_party_software_compromise_ben_24 contributed 3 samples
2025-06-05 16:39:24,378 - cyberdata.scripts.parallel_generator_v2 - INFO - C:\Users\Tianyu Wang\Documents\Notebooks\cyberdata\src\cyberdata\process\parallel_generator.py:366 - execute_generation_task() - Task third_party_software_compromise_ben_26 completed: 3 unique samples (0 duplicates filtered) in 21.18s
2025-06-05 16:39:24,379 - cyberdata.scripts.parallel_generator_v2 - INFO - C:\Users\Tianyu Wang\Documents\Notebooks\cyberdata\src\cyberdata\process\parallel_generator.py:334 - execute_generation_task() - Executing task third_party_software_compromise_ben_29 (attempt 1): 3 benign samples
2025-06-05 16:39:24,379 - cyberdata.scripts.parallel_generator_v2 - INFO - C:\Users\Tianyu Wang\Documents\Notebooks\cyberdata\src\cyberdata\process\parallel_generator.py:518 - generate_parallel() - Task third_party_software_compromise_ben_26 contributed 3 samples
2025-06-05 16:39:30,015 - cyberdata.scripts.parallel_generator_v2 - INFO - C:\Users\Tianyu Wang\Documents\Notebooks\cyberdata\src\cyberdata\process\parallel_generator.py:366 - execute_generation_task() - Task third_party_software_compromise_ben_25 completed: 3 unique samples (0 duplicates filtered) in 27.29s
2025-06-05 16:39:30,016 - cyberdata.scripts.parallel_generator_v2 - INFO - C:\Users\Tianyu Wang\Documents\Notebooks\cyberdata\src\cyberdata\process\parallel_generator.py:334 - execute_generation_task() - Executing task third_party_software_compromise_ben_30 (attempt 1): 3 benign samples
2025-06-05 16:39:30,016 - cyberdata.scripts.parallel_generator_v2 - INFO - C:\Users\Tianyu Wang\Documents\Notebooks\cyberdata\src\cyberdata\process\parallel_generator.py:518 - generate_parallel() - Task third_party_software_compromise_ben_25 contributed 3 samples
2025-06-05 16:39:33,143 - cyberdata.scripts.parallel_generator_v2 - INFO - C:\Users\Tianyu Wang\Documents\Notebooks\cyberdata\src\cyberdata\process\parallel_generator.py:366 - execute_generation_task() - Task third_party_software_compromise_ben_28 completed: 3 unique samples (0 duplicates filtered) in 20.42s
2025-06-05 16:39:33,144 - cyberdata.scripts.parallel_generator_v2 - INFO - C:\Users\Tianyu Wang\Documents\Notebooks\cyberdata\src\cyberdata\process\parallel_generator.py:334 - execute_generation_task() - Executing task third_party_software_compromise_ben_31 (attempt 1): 3 benign samples
2025-06-05 16:39:33,144 - cyberdata.scripts.parallel_generator_v2 - INFO - C:\Users\Tianyu Wang\Documents\Notebooks\cyberdata\src\cyberdata\process\parallel_generator.py:518 - generate_parallel() - Task third_party_software_compromise_ben_28 contributed 3 samples
2025-06-05 16:39:33,892 - cyberdata.scripts.parallel_generator_v2 - WARNING - C:\Users\Tianyu Wang\Documents\Notebooks\cyberdata\src\cyberdata\process\parallel_generator.py:477 - _extract_json_from_response() - Failed to parse JSON response
2025-06-05 16:39:33,893 - cyberdata.scripts.parallel_generator_v2 - INFO - C:\Users\Tianyu Wang\Documents\Notebooks\cyberdata\src\cyberdata\process\parallel_generator.py:366 - execute_generation_task() - Task third_party_software_compromise_ben_27 completed: 0 unique samples (0 duplicates filtered) in 28.29s
2025-06-05 16:39:33,893 - cyberdata.scripts.parallel_generator_v2 - INFO - C:\Users\Tianyu Wang\Documents\Notebooks\cyberdata\src\cyberdata\process\parallel_generator.py:334 - execute_generation_task() - Executing task third_party_software_compromise_ben_32 (attempt 1): 3 benign samples
2025-06-05 16:39:33,893 - cyberdata.scripts.parallel_generator_v2 - INFO - C:\Users\Tianyu Wang\Documents\Notebooks\cyberdata\src\cyberdata\process\parallel_generator.py:518 - generate_parallel() - Task third_party_software_compromise_ben_27 contributed 0 samples
2025-06-05 16:39:39,632 - cyberdata.scripts.parallel_generator_v2 - INFO - C:\Users\Tianyu Wang\Documents\Notebooks\cyberdata\src\cyberdata\process\parallel_generator.py:366 - execute_generation_task() - Task third_party_software_compromise_ben_29 completed: 3 unique samples (0 duplicates filtered) in 15.25s
2025-06-05 16:39:39,633 - cyberdata.scripts.parallel_generator_v2 - INFO - C:\Users\Tianyu Wang\Documents\Notebooks\cyberdata\src\cyberdata\process\parallel_generator.py:334 - execute_generation_task() - Executing task third_party_software_compromise_ben_33 (attempt 1): 2 benign samples
2025-06-05 16:39:39,633 - cyberdata.scripts.parallel_generator_v2 - INFO - C:\Users\Tianyu Wang\Documents\Notebooks\cyberdata\src\cyberdata\process\parallel_generator.py:518 - generate_parallel() - Task third_party_software_compromise_ben_29 contributed 3 samples
2025-06-05 16:39:50,016 - cyberdata.scripts.parallel_generator_v2 - INFO - C:\Users\Tianyu Wang\Documents\Notebooks\cyberdata\src\cyberdata\process\parallel_generator.py:366 - execute_generation_task() - Task third_party_software_compromise_ben_30 completed: 3 unique samples (0 duplicates filtered) in 20.00s
2025-06-05 16:39:50,017 - cyberdata.scripts.parallel_generator_v2 - INFO - C:\Users\Tianyu Wang\Documents\Notebooks\cyberdata\src\cyberdata\process\parallel_generator.py:518 - generate_parallel() - Task third_party_software_compromise_ben_30 contributed 3 samples
2025-06-05 16:39:52,438 - cyberdata.scripts.parallel_generator_v2 - INFO - C:\Users\Tianyu Wang\Documents\Notebooks\cyberdata\src\cyberdata\process\parallel_generator.py:366 - execute_generation_task() - Task third_party_software_compromise_ben_33 completed: 2 unique samples (0 duplicates filtered) in 12.81s
2025-06-05 16:39:52,439 - cyberdata.scripts.parallel_generator_v2 - INFO - C:\Users\Tianyu Wang\Documents\Notebooks\cyberdata\src\cyberdata\process\parallel_generator.py:518 - generate_parallel() - Task third_party_software_compromise_ben_33 contributed 2 samples
2025-06-05 16:39:52,571 - cyberdata.scripts.parallel_generator_v2 - INFO - C:\Users\Tianyu Wang\Documents\Notebooks\cyberdata\src\cyberdata\process\parallel_generator.py:366 - execute_generation_task() - Task third_party_software_compromise_ben_31 completed: 3 unique samples (0 duplicates filtered) in 19.43s
2025-06-05 16:39:52,571 - cyberdata.scripts.parallel_generator_v2 - INFO - C:\Users\Tianyu Wang\Documents\Notebooks\cyberdata\src\cyberdata\process\parallel_generator.py:518 - generate_parallel() - Task third_party_software_compromise_ben_31 contributed 3 samples
2025-06-05 16:39:55,710 - cyberdata.scripts.parallel_generator_v2 - INFO - C:\Users\Tianyu Wang\Documents\Notebooks\cyberdata\src\cyberdata\process\parallel_generator.py:366 - execute_generation_task() - Task third_party_software_compromise_ben_32 completed: 3 unique samples (0 duplicates filtered) in 21.82s
2025-06-05 16:39:55,711 - cyberdata.scripts.parallel_generator_v2 - INFO - C:\Users\Tianyu Wang\Documents\Notebooks\cyberdata\src\cyberdata\process\parallel_generator.py:518 - generate_parallel() - Task third_party_software_compromise_ben_32 contributed 3 samples
2025-06-05 16:39:55,711 - cyberdata.scripts.parallel_generator_v2 - INFO - C:\Users\Tianyu Wang\Documents\Notebooks\cyberdata\src\cyberdata\process\parallel_generator.py:530 - generate_parallel() - Parallel generation completed for third_party_software_compromise: 94 total samples generated in 287.03 seconds
2025-06-05 16:39:55,720 - cyberdata.scripts.parallel_generator_v2 - INFO - C:\Users\Tianyu Wang\Documents\Notebooks\cyberdata\src\cyberdata\process\parallel_generator.py:581 - save_samples() - Saved 94 new samples to C:\Users\Tianyu Wang\Documents\Notebooks\cyberdata\data\large_samples\Supply_Chain\third_party_software_compromise_large.json
2025-06-05 16:39:55,720 - cyberdata.scripts.parallel_generator_v2 - INFO - C:\Users\Tianyu Wang\Documents\Notebooks\cyberdata\src\cyberdata\process\parallel_generator.py:582 - save_samples() - Total samples in file: 94
2025-06-05 16:39:55,721 - cyberdata.scripts.parallel_generator_v2 - INFO - C:\Users\Tianyu Wang\Documents\Notebooks\cyberdata\src\cyberdata\process\parallel_generator.py:583 - save_samples() - Generation rate: 19.6 samples/minute
2025-06-05 16:39:55,721 - cyberdata.scripts.parallel_generator_v2 - INFO - C:\Users\Tianyu Wang\Documents\Notebooks\cyberdata\src\cyberdata\process\parallel_generator.py:755 - main() - Successfully generated 94 samples for third_party_software_compromise
2025-06-05 16:39:55,721 - cyberdata.scripts.parallel_generator_v2 - INFO - C:\Users\Tianyu Wang\Documents\Notebooks\cyberdata\src\cyberdata\process\parallel_generator.py:769 - main() - 
============================================================
2025-06-05 16:39:55,722 - cyberdata.scripts.parallel_generator_v2 - INFO - C:\Users\Tianyu Wang\Documents\Notebooks\cyberdata\src\cyberdata\process\parallel_generator.py:770 - main() - CONFIGURABLE PARALLEL GENERATION COMPLETED
2025-06-05 16:39:55,722 - cyberdata.scripts.parallel_generator_v2 - INFO - C:\Users\Tianyu Wang\Documents\Notebooks\cyberdata\src\cyberdata\process\parallel_generator.py:771 - main() - ============================================================
2025-06-05 16:39:55,722 - cyberdata.scripts.parallel_generator_v2 - INFO - C:\Users\Tianyu Wang\Documents\Notebooks\cyberdata\src\cyberdata\process\parallel_generator.py:772 - main() - Problems processed: 5/5
2025-06-05 16:39:55,723 - cyberdata.scripts.parallel_generator_v2 - INFO - C:\Users\Tianyu Wang\Documents\Notebooks\cyberdata\src\cyberdata\process\parallel_generator.py:773 - main() - Total samples generated: 488
2025-06-05 16:39:55,723 - cyberdata.scripts.parallel_generator_v2 - INFO - C:\Users\Tianyu Wang\Documents\Notebooks\cyberdata\src\cyberdata\process\parallel_generator.py:774 - main() - Total duplicates filtered: 0
2025-06-05 16:39:55,723 - cyberdata.scripts.parallel_generator_v2 - INFO - C:\Users\Tianyu Wang\Documents\Notebooks\cyberdata\src\cyberdata\process\parallel_generator.py:775 - main() - Total generation time: 1498.15 seconds
2025-06-05 16:39:55,723 - cyberdata.scripts.parallel_generator_v2 - INFO - C:\Users\Tianyu Wang\Documents\Notebooks\cyberdata\src\cyberdata\process\parallel_generator.py:779 - main() - Overall generation rate: 19.5 samples/minute
2025-06-05 16:39:55,724 - cyberdata.scripts.parallel_generator_v2 - INFO - C:\Users\Tianyu Wang\Documents\Notebooks\cyberdata\src\cyberdata\process\parallel_generator.py:781 - main() - Environment used: production
2025-06-05 16:39:55,724 - cyberdata.scripts.parallel_generator_v2 - INFO - C:\Users\Tianyu Wang\Documents\Notebooks\cyberdata\src\cyberdata\process\parallel_generator.py:782 - main() - ============================================================
