2025-06-17 18:32:06,717 - cyberdata.scripts.generator - INFO - C:\Users\Tianyu Wang\Documents\Notebooks\cyberdata\src\cyberdata\utils\logger_config.py:62 - setup_logger() - Logger initialized. Logs will be saved to C:\Users\Tianyu Wang\Documents\Notebooks\cyberdata\logs\cyberdata.scripts.generator_20250617_183206.log
2025-06-17 18:32:06,746 - cyberdata.scripts.generator - INFO - c:\Users\Tianyu Wang\Documents\Notebooks\cyberdata\src\cyberdata\process\synthetic_generator.py:198 - __init__() - Generator initialized: 8 workers, batch size 5, defaults: 1000 samples, 0.5 malicious ratio
2025-06-17 18:32:06,747 - cyberdata.scripts.generator - INFO - c:\Users\Tianyu Wang\Documents\Notebooks\cyberdata\src\cyberdata\process\synthetic_generator.py:992 - main() - Starting generation: count=1000, malicious_ratio=0.5
2025-06-17 18:32:06,747 - cyberdata.scripts.generator - INFO - c:\Users\Tianyu Wang\Documents\Notebooks\cyberdata\src\cyberdata\process\synthetic_generator.py:1003 - main() - Target distribution: 500 malicious, 500 benign
2025-06-17 18:32:06,758 - cyberdata.scripts.generator - INFO - c:\Users\Tianyu Wang\Documents\Notebooks\cyberdata\src\cyberdata\process\synthetic_generator.py:1015 - main() - Processing 2 problems
2025-06-17 18:32:06,759 - cyberdata.scripts.generator - INFO - c:\Users\Tianyu Wang\Documents\Notebooks\cyberdata\src\cyberdata\process\synthetic_generator.py:1032 - main() - 
============================================================
2025-06-17 18:32:06,759 - cyberdata.scripts.generator - INFO - c:\Users\Tianyu Wang\Documents\Notebooks\cyberdata\src\cyberdata\process\synthetic_generator.py:1033 - main() - Processing problem 1/2: Social Engineering/phishing
2025-06-17 18:32:06,759 - cyberdata.scripts.generator - INFO - c:\Users\Tianyu Wang\Documents\Notebooks\cyberdata\src\cyberdata\process\synthetic_generator.py:1034 - main() - ============================================================
2025-06-17 18:32:06,759 - cyberdata.scripts.generator - INFO - c:\Users\Tianyu Wang\Documents\Notebooks\cyberdata\src\cyberdata\process\synthetic_generator.py:809 - generate_parallel() - Starting parallel generation for phishing: 500 malicious, 500 benign
2025-06-17 18:32:06,760 - cyberdata.scripts.generator - INFO - c:\Users\Tianyu Wang\Documents\Notebooks\cyberdata\src\cyberdata\process\synthetic_generator.py:405 - create_generation_tasks() - Created 200 generation tasks for phishing (real-world: False)
2025-06-17 18:32:06,761 - cyberdata.scripts.generator - INFO - c:\Users\Tianyu Wang\Documents\Notebooks\cyberdata\src\cyberdata\process\synthetic_generator.py:418 - execute_generation_task() - Executing task phishing_mal_0 (attempt 1): 5 malicious samples (schema-aware: False)
2025-06-17 18:32:06,762 - cyberdata.scripts.generator - INFO - c:\Users\Tianyu Wang\Documents\Notebooks\cyberdata\src\cyberdata\process\synthetic_generator.py:418 - execute_generation_task() - Executing task phishing_mal_1 (attempt 1): 5 malicious samples (schema-aware: False)
2025-06-17 18:32:06,762 - cyberdata.scripts.generator - INFO - c:\Users\Tianyu Wang\Documents\Notebooks\cyberdata\src\cyberdata\process\synthetic_generator.py:418 - execute_generation_task() - Executing task phishing_mal_2 (attempt 1): 5 malicious samples (schema-aware: False)
2025-06-17 18:32:06,763 - cyberdata.scripts.generator - INFO - c:\Users\Tianyu Wang\Documents\Notebooks\cyberdata\src\cyberdata\process\synthetic_generator.py:418 - execute_generation_task() - Executing task phishing_mal_3 (attempt 1): 5 malicious samples (schema-aware: False)
2025-06-17 18:32:06,763 - cyberdata.scripts.generator - INFO - c:\Users\Tianyu Wang\Documents\Notebooks\cyberdata\src\cyberdata\process\synthetic_generator.py:418 - execute_generation_task() - Executing task phishing_mal_4 (attempt 1): 5 malicious samples (schema-aware: False)
2025-06-17 18:32:06,764 - cyberdata.scripts.generator - INFO - c:\Users\Tianyu Wang\Documents\Notebooks\cyberdata\src\cyberdata\process\synthetic_generator.py:418 - execute_generation_task() - Executing task phishing_mal_5 (attempt 1): 5 malicious samples (schema-aware: False)
2025-06-17 18:32:06,764 - cyberdata.scripts.generator - INFO - c:\Users\Tianyu Wang\Documents\Notebooks\cyberdata\src\cyberdata\process\synthetic_generator.py:418 - execute_generation_task() - Executing task phishing_mal_6 (attempt 1): 5 malicious samples (schema-aware: False)
2025-06-17 18:32:06,765 - cyberdata.scripts.generator - INFO - c:\Users\Tianyu Wang\Documents\Notebooks\cyberdata\src\cyberdata\process\synthetic_generator.py:418 - execute_generation_task() - Executing task phishing_mal_7 (attempt 1): 5 malicious samples (schema-aware: False)
2025-06-17 18:32:20,882 - cyberdata.scripts.generator - INFO - c:\Users\Tianyu Wang\Documents\Notebooks\cyberdata\src\cyberdata\process\synthetic_generator.py:464 - execute_generation_task() - Task phishing_mal_1 completed: 5 unique samples (0 duplicates filtered) in 14.12s
2025-06-17 18:32:20,883 - cyberdata.scripts.generator - INFO - c:\Users\Tianyu Wang\Documents\Notebooks\cyberdata\src\cyberdata\process\synthetic_generator.py:418 - execute_generation_task() - Executing task phishing_mal_8 (attempt 1): 5 malicious samples (schema-aware: False)
2025-06-17 18:32:20,883 - cyberdata.scripts.generator - INFO - c:\Users\Tianyu Wang\Documents\Notebooks\cyberdata\src\cyberdata\process\synthetic_generator.py:841 - generate_parallel() - Task phishing_mal_1 contributed 5 samples
2025-06-17 18:32:22,371 - cyberdata.scripts.generator - INFO - c:\Users\Tianyu Wang\Documents\Notebooks\cyberdata\src\cyberdata\process\synthetic_generator.py:464 - execute_generation_task() - Task phishing_mal_6 completed: 5 unique samples (0 duplicates filtered) in 15.61s
2025-06-17 18:32:22,372 - cyberdata.scripts.generator - INFO - c:\Users\Tianyu Wang\Documents\Notebooks\cyberdata\src\cyberdata\process\synthetic_generator.py:418 - execute_generation_task() - Executing task phishing_mal_9 (attempt 1): 5 malicious samples (schema-aware: False)
2025-06-17 18:32:22,372 - cyberdata.scripts.generator - INFO - c:\Users\Tianyu Wang\Documents\Notebooks\cyberdata\src\cyberdata\process\synthetic_generator.py:841 - generate_parallel() - Task phishing_mal_6 contributed 5 samples
2025-06-17 18:32:23,156 - cyberdata.scripts.generator - INFO - c:\Users\Tianyu Wang\Documents\Notebooks\cyberdata\src\cyberdata\process\synthetic_generator.py:464 - execute_generation_task() - Task phishing_mal_7 completed: 5 unique samples (0 duplicates filtered) in 16.39s
2025-06-17 18:32:23,156 - cyberdata.scripts.generator - INFO - c:\Users\Tianyu Wang\Documents\Notebooks\cyberdata\src\cyberdata\process\synthetic_generator.py:418 - execute_generation_task() - Executing task phishing_mal_10 (attempt 1): 5 malicious samples (schema-aware: False)
2025-06-17 18:32:23,156 - cyberdata.scripts.generator - INFO - c:\Users\Tianyu Wang\Documents\Notebooks\cyberdata\src\cyberdata\process\synthetic_generator.py:841 - generate_parallel() - Task phishing_mal_7 contributed 5 samples
2025-06-17 18:32:23,290 - cyberdata.scripts.generator - INFO - c:\Users\Tianyu Wang\Documents\Notebooks\cyberdata\src\cyberdata\process\synthetic_generator.py:464 - execute_generation_task() - Task phishing_mal_0 completed: 5 unique samples (0 duplicates filtered) in 16.53s
2025-06-17 18:32:23,290 - cyberdata.scripts.generator - INFO - c:\Users\Tianyu Wang\Documents\Notebooks\cyberdata\src\cyberdata\process\synthetic_generator.py:418 - execute_generation_task() - Executing task phishing_mal_11 (attempt 1): 5 malicious samples (schema-aware: False)
2025-06-17 18:32:23,290 - cyberdata.scripts.generator - INFO - c:\Users\Tianyu Wang\Documents\Notebooks\cyberdata\src\cyberdata\process\synthetic_generator.py:841 - generate_parallel() - Task phishing_mal_0 contributed 5 samples
2025-06-17 18:32:23,414 - cyberdata.scripts.generator - INFO - c:\Users\Tianyu Wang\Documents\Notebooks\cyberdata\src\cyberdata\process\synthetic_generator.py:464 - execute_generation_task() - Task phishing_mal_3 completed: 5 unique samples (0 duplicates filtered) in 16.65s
2025-06-17 18:32:23,414 - cyberdata.scripts.generator - INFO - c:\Users\Tianyu Wang\Documents\Notebooks\cyberdata\src\cyberdata\process\synthetic_generator.py:418 - execute_generation_task() - Executing task phishing_mal_12 (attempt 1): 5 malicious samples (schema-aware: False)
2025-06-17 18:32:23,414 - cyberdata.scripts.generator - INFO - c:\Users\Tianyu Wang\Documents\Notebooks\cyberdata\src\cyberdata\process\synthetic_generator.py:841 - generate_parallel() - Task phishing_mal_3 contributed 5 samples
2025-06-17 18:32:24,127 - cyberdata.scripts.generator - INFO - c:\Users\Tianyu Wang\Documents\Notebooks\cyberdata\src\cyberdata\process\synthetic_generator.py:464 - execute_generation_task() - Task phishing_mal_4 completed: 5 unique samples (0 duplicates filtered) in 17.36s
2025-06-17 18:32:24,129 - cyberdata.scripts.generator - INFO - c:\Users\Tianyu Wang\Documents\Notebooks\cyberdata\src\cyberdata\process\synthetic_generator.py:418 - execute_generation_task() - Executing task phishing_mal_13 (attempt 1): 5 malicious samples (schema-aware: False)
2025-06-17 18:32:24,129 - cyberdata.scripts.generator - INFO - c:\Users\Tianyu Wang\Documents\Notebooks\cyberdata\src\cyberdata\process\synthetic_generator.py:841 - generate_parallel() - Task phishing_mal_4 contributed 5 samples
2025-06-17 18:32:24,425 - cyberdata.scripts.generator - INFO - c:\Users\Tianyu Wang\Documents\Notebooks\cyberdata\src\cyberdata\process\synthetic_generator.py:464 - execute_generation_task() - Task phishing_mal_2 completed: 5 unique samples (0 duplicates filtered) in 17.66s
2025-06-17 18:32:24,426 - cyberdata.scripts.generator - INFO - c:\Users\Tianyu Wang\Documents\Notebooks\cyberdata\src\cyberdata\process\synthetic_generator.py:418 - execute_generation_task() - Executing task phishing_mal_14 (attempt 1): 5 malicious samples (schema-aware: False)
2025-06-17 18:32:24,427 - cyberdata.scripts.generator - INFO - c:\Users\Tianyu Wang\Documents\Notebooks\cyberdata\src\cyberdata\process\synthetic_generator.py:841 - generate_parallel() - Task phishing_mal_2 contributed 5 samples
2025-06-17 18:32:27,457 - cyberdata.scripts.generator - INFO - c:\Users\Tianyu Wang\Documents\Notebooks\cyberdata\src\cyberdata\process\synthetic_generator.py:464 - execute_generation_task() - Task phishing_mal_5 completed: 5 unique samples (0 duplicates filtered) in 20.69s
2025-06-17 18:32:27,458 - cyberdata.scripts.generator - INFO - c:\Users\Tianyu Wang\Documents\Notebooks\cyberdata\src\cyberdata\process\synthetic_generator.py:418 - execute_generation_task() - Executing task phishing_mal_15 (attempt 1): 5 malicious samples (schema-aware: False)
2025-06-17 18:32:27,458 - cyberdata.scripts.generator - INFO - c:\Users\Tianyu Wang\Documents\Notebooks\cyberdata\src\cyberdata\process\synthetic_generator.py:841 - generate_parallel() - Task phishing_mal_5 contributed 5 samples
2025-06-17 18:32:33,242 - cyberdata.scripts.generator - INFO - c:\Users\Tianyu Wang\Documents\Notebooks\cyberdata\src\cyberdata\process\synthetic_generator.py:464 - execute_generation_task() - Task phishing_mal_9 completed: 5 unique samples (0 duplicates filtered) in 10.87s
2025-06-17 18:32:33,243 - cyberdata.scripts.generator - INFO - c:\Users\Tianyu Wang\Documents\Notebooks\cyberdata\src\cyberdata\process\synthetic_generator.py:418 - execute_generation_task() - Executing task phishing_mal_16 (attempt 1): 5 malicious samples (schema-aware: False)
2025-06-17 18:32:33,244 - cyberdata.scripts.generator - INFO - c:\Users\Tianyu Wang\Documents\Notebooks\cyberdata\src\cyberdata\process\synthetic_generator.py:841 - generate_parallel() - Task phishing_mal_9 contributed 5 samples
2025-06-17 18:32:34,871 - cyberdata.scripts.generator - INFO - c:\Users\Tianyu Wang\Documents\Notebooks\cyberdata\src\cyberdata\process\synthetic_generator.py:464 - execute_generation_task() - Task phishing_mal_8 completed: 5 unique samples (0 duplicates filtered) in 13.99s
2025-06-17 18:32:34,872 - cyberdata.scripts.generator - INFO - c:\Users\Tianyu Wang\Documents\Notebooks\cyberdata\src\cyberdata\process\synthetic_generator.py:418 - execute_generation_task() - Executing task phishing_mal_17 (attempt 1): 5 malicious samples (schema-aware: False)
2025-06-17 18:32:34,875 - cyberdata.scripts.generator - INFO - c:\Users\Tianyu Wang\Documents\Notebooks\cyberdata\src\cyberdata\process\synthetic_generator.py:841 - generate_parallel() - Task phishing_mal_8 contributed 5 samples
2025-06-17 18:32:35,140 - cyberdata.scripts.generator - INFO - c:\Users\Tianyu Wang\Documents\Notebooks\cyberdata\src\cyberdata\process\synthetic_generator.py:464 - execute_generation_task() - Task phishing_mal_11 completed: 5 unique samples (0 duplicates filtered) in 11.85s
2025-06-17 18:32:35,141 - cyberdata.scripts.generator - INFO - c:\Users\Tianyu Wang\Documents\Notebooks\cyberdata\src\cyberdata\process\synthetic_generator.py:418 - execute_generation_task() - Executing task phishing_mal_18 (attempt 1): 5 malicious samples (schema-aware: False)
2025-06-17 18:32:35,141 - cyberdata.scripts.generator - INFO - c:\Users\Tianyu Wang\Documents\Notebooks\cyberdata\src\cyberdata\process\synthetic_generator.py:841 - generate_parallel() - Task phishing_mal_11 contributed 5 samples
2025-06-17 18:32:35,158 - cyberdata.scripts.generator - INFO - c:\Users\Tianyu Wang\Documents\Notebooks\cyberdata\src\cyberdata\process\synthetic_generator.py:464 - execute_generation_task() - Task phishing_mal_13 completed: 5 unique samples (0 duplicates filtered) in 11.03s
2025-06-17 18:32:35,158 - cyberdata.scripts.generator - INFO - c:\Users\Tianyu Wang\Documents\Notebooks\cyberdata\src\cyberdata\process\synthetic_generator.py:418 - execute_generation_task() - Executing task phishing_mal_19 (attempt 1): 5 malicious samples (schema-aware: False)
2025-06-17 18:32:35,159 - cyberdata.scripts.generator - INFO - c:\Users\Tianyu Wang\Documents\Notebooks\cyberdata\src\cyberdata\process\synthetic_generator.py:841 - generate_parallel() - Task phishing_mal_13 contributed 5 samples
2025-06-17 18:32:35,411 - cyberdata.scripts.generator - INFO - c:\Users\Tianyu Wang\Documents\Notebooks\cyberdata\src\cyberdata\process\synthetic_generator.py:464 - execute_generation_task() - Task phishing_mal_14 completed: 5 unique samples (0 duplicates filtered) in 10.99s
2025-06-17 18:32:35,411 - cyberdata.scripts.generator - INFO - c:\Users\Tianyu Wang\Documents\Notebooks\cyberdata\src\cyberdata\process\synthetic_generator.py:418 - execute_generation_task() - Executing task phishing_mal_20 (attempt 1): 5 malicious samples (schema-aware: False)
2025-06-17 18:32:35,411 - cyberdata.scripts.generator - INFO - c:\Users\Tianyu Wang\Documents\Notebooks\cyberdata\src\cyberdata\process\synthetic_generator.py:841 - generate_parallel() - Task phishing_mal_14 contributed 5 samples
2025-06-17 18:32:36,616 - cyberdata.scripts.generator - INFO - c:\Users\Tianyu Wang\Documents\Notebooks\cyberdata\src\cyberdata\process\synthetic_generator.py:464 - execute_generation_task() - Task phishing_mal_10 completed: 5 unique samples (0 duplicates filtered) in 13.46s
2025-06-17 18:32:36,617 - cyberdata.scripts.generator - INFO - c:\Users\Tianyu Wang\Documents\Notebooks\cyberdata\src\cyberdata\process\synthetic_generator.py:418 - execute_generation_task() - Executing task phishing_mal_21 (attempt 1): 5 malicious samples (schema-aware: False)
2025-06-17 18:32:36,618 - cyberdata.scripts.generator - INFO - c:\Users\Tianyu Wang\Documents\Notebooks\cyberdata\src\cyberdata\process\synthetic_generator.py:841 - generate_parallel() - Task phishing_mal_10 contributed 5 samples
2025-06-17 18:32:38,887 - cyberdata.scripts.generator - INFO - c:\Users\Tianyu Wang\Documents\Notebooks\cyberdata\src\cyberdata\process\synthetic_generator.py:464 - execute_generation_task() - Task phishing_mal_15 completed: 5 unique samples (0 duplicates filtered) in 11.43s
2025-06-17 18:32:38,889 - cyberdata.scripts.generator - INFO - c:\Users\Tianyu Wang\Documents\Notebooks\cyberdata\src\cyberdata\process\synthetic_generator.py:418 - execute_generation_task() - Executing task phishing_mal_22 (attempt 1): 5 malicious samples (schema-aware: False)
2025-06-17 18:32:38,889 - cyberdata.scripts.generator - INFO - c:\Users\Tianyu Wang\Documents\Notebooks\cyberdata\src\cyberdata\process\synthetic_generator.py:841 - generate_parallel() - Task phishing_mal_15 contributed 5 samples
2025-06-17 18:32:46,073 - cyberdata.scripts.generator - INFO - c:\Users\Tianyu Wang\Documents\Notebooks\cyberdata\src\cyberdata\process\synthetic_generator.py:464 - execute_generation_task() - Task phishing_mal_12 completed: 5 unique samples (0 duplicates filtered) in 22.66s
2025-06-17 18:32:46,074 - cyberdata.scripts.generator - INFO - c:\Users\Tianyu Wang\Documents\Notebooks\cyberdata\src\cyberdata\process\synthetic_generator.py:418 - execute_generation_task() - Executing task phishing_mal_23 (attempt 1): 5 malicious samples (schema-aware: False)
2025-06-17 18:32:46,074 - cyberdata.scripts.generator - INFO - c:\Users\Tianyu Wang\Documents\Notebooks\cyberdata\src\cyberdata\process\synthetic_generator.py:841 - generate_parallel() - Task phishing_mal_12 contributed 5 samples
2025-06-17 18:32:48,045 - cyberdata.scripts.generator - INFO - c:\Users\Tianyu Wang\Documents\Notebooks\cyberdata\src\cyberdata\process\synthetic_generator.py:464 - execute_generation_task() - Task phishing_mal_18 completed: 5 unique samples (0 duplicates filtered) in 12.90s
2025-06-17 18:32:48,046 - cyberdata.scripts.generator - INFO - c:\Users\Tianyu Wang\Documents\Notebooks\cyberdata\src\cyberdata\process\synthetic_generator.py:418 - execute_generation_task() - Executing task phishing_mal_24 (attempt 1): 5 malicious samples (schema-aware: False)
2025-06-17 18:32:48,047 - cyberdata.scripts.generator - INFO - c:\Users\Tianyu Wang\Documents\Notebooks\cyberdata\src\cyberdata\process\synthetic_generator.py:841 - generate_parallel() - Task phishing_mal_18 contributed 5 samples
2025-06-17 18:32:48,149 - cyberdata.scripts.generator - ERROR - c:\Users\Tianyu Wang\Documents\Notebooks\cyberdata\src\cyberdata\process\synthetic_generator.py:803 - _extract_json_from_response() - Failed to parse JSON response: Expecting property name enclosed in double quotes: line 2 column 3 (char 4)
2025-06-17 18:32:48,149 - cyberdata.scripts.generator - INFO - c:\Users\Tianyu Wang\Documents\Notebooks\cyberdata\src\cyberdata\process\synthetic_generator.py:464 - execute_generation_task() - Task phishing_mal_16 completed: 0 unique samples (0 duplicates filtered) in 14.91s
2025-06-17 18:32:48,150 - cyberdata.scripts.generator - INFO - c:\Users\Tianyu Wang\Documents\Notebooks\cyberdata\src\cyberdata\process\synthetic_generator.py:418 - execute_generation_task() - Executing task phishing_mal_25 (attempt 1): 5 malicious samples (schema-aware: False)
2025-06-17 18:32:48,150 - cyberdata.scripts.generator - INFO - c:\Users\Tianyu Wang\Documents\Notebooks\cyberdata\src\cyberdata\process\synthetic_generator.py:841 - generate_parallel() - Task phishing_mal_16 contributed 0 samples
2025-06-17 18:32:48,262 - cyberdata.scripts.generator - INFO - c:\Users\Tianyu Wang\Documents\Notebooks\cyberdata\src\cyberdata\process\synthetic_generator.py:464 - execute_generation_task() - Task phishing_mal_17 completed: 5 unique samples (0 duplicates filtered) in 13.39s
2025-06-17 18:32:48,262 - cyberdata.scripts.generator - INFO - c:\Users\Tianyu Wang\Documents\Notebooks\cyberdata\src\cyberdata\process\synthetic_generator.py:418 - execute_generation_task() - Executing task phishing_mal_26 (attempt 1): 5 malicious samples (schema-aware: False)
2025-06-17 18:32:48,262 - cyberdata.scripts.generator - INFO - c:\Users\Tianyu Wang\Documents\Notebooks\cyberdata\src\cyberdata\process\synthetic_generator.py:841 - generate_parallel() - Task phishing_mal_17 contributed 5 samples
2025-06-17 18:32:49,366 - cyberdata.scripts.generator - INFO - c:\Users\Tianyu Wang\Documents\Notebooks\cyberdata\src\cyberdata\process\synthetic_generator.py:464 - execute_generation_task() - Task phishing_mal_21 completed: 5 unique samples (0 duplicates filtered) in 12.75s
2025-06-17 18:32:49,366 - cyberdata.scripts.generator - INFO - c:\Users\Tianyu Wang\Documents\Notebooks\cyberdata\src\cyberdata\process\synthetic_generator.py:418 - execute_generation_task() - Executing task phishing_mal_27 (attempt 1): 5 malicious samples (schema-aware: False)
2025-06-17 18:32:49,366 - cyberdata.scripts.generator - INFO - c:\Users\Tianyu Wang\Documents\Notebooks\cyberdata\src\cyberdata\process\synthetic_generator.py:841 - generate_parallel() - Task phishing_mal_21 contributed 5 samples
2025-06-17 18:32:49,417 - cyberdata.scripts.generator - INFO - c:\Users\Tianyu Wang\Documents\Notebooks\cyberdata\src\cyberdata\process\synthetic_generator.py:464 - execute_generation_task() - Task phishing_mal_22 completed: 5 unique samples (0 duplicates filtered) in 10.53s
2025-06-17 18:32:49,418 - cyberdata.scripts.generator - INFO - c:\Users\Tianyu Wang\Documents\Notebooks\cyberdata\src\cyberdata\process\synthetic_generator.py:418 - execute_generation_task() - Executing task phishing_mal_28 (attempt 1): 5 malicious samples (schema-aware: False)
2025-06-17 18:32:49,418 - cyberdata.scripts.generator - INFO - c:\Users\Tianyu Wang\Documents\Notebooks\cyberdata\src\cyberdata\process\synthetic_generator.py:841 - generate_parallel() - Task phishing_mal_22 contributed 5 samples
2025-06-17 18:32:49,477 - cyberdata.scripts.generator - INFO - c:\Users\Tianyu Wang\Documents\Notebooks\cyberdata\src\cyberdata\process\synthetic_generator.py:464 - execute_generation_task() - Task phishing_mal_19 completed: 5 unique samples (0 duplicates filtered) in 14.32s
2025-06-17 18:32:49,478 - cyberdata.scripts.generator - INFO - c:\Users\Tianyu Wang\Documents\Notebooks\cyberdata\src\cyberdata\process\synthetic_generator.py:418 - execute_generation_task() - Executing task phishing_mal_29 (attempt 1): 5 malicious samples (schema-aware: False)
2025-06-17 18:32:49,478 - cyberdata.scripts.generator - INFO - c:\Users\Tianyu Wang\Documents\Notebooks\cyberdata\src\cyberdata\process\synthetic_generator.py:841 - generate_parallel() - Task phishing_mal_19 contributed 5 samples
2025-06-17 18:32:49,871 - cyberdata.scripts.generator - INFO - c:\Users\Tianyu Wang\Documents\Notebooks\cyberdata\src\cyberdata\process\synthetic_generator.py:464 - execute_generation_task() - Task phishing_mal_20 completed: 5 unique samples (0 duplicates filtered) in 14.46s
2025-06-17 18:32:49,872 - cyberdata.scripts.generator - INFO - c:\Users\Tianyu Wang\Documents\Notebooks\cyberdata\src\cyberdata\process\synthetic_generator.py:418 - execute_generation_task() - Executing task phishing_mal_30 (attempt 1): 5 malicious samples (schema-aware: False)
2025-06-17 18:32:49,872 - cyberdata.scripts.generator - INFO - c:\Users\Tianyu Wang\Documents\Notebooks\cyberdata\src\cyberdata\process\synthetic_generator.py:841 - generate_parallel() - Task phishing_mal_20 contributed 5 samples
2025-06-17 18:32:57,884 - cyberdata.scripts.generator - INFO - c:\Users\Tianyu Wang\Documents\Notebooks\cyberdata\src\cyberdata\process\synthetic_generator.py:464 - execute_generation_task() - Task phishing_mal_23 completed: 5 unique samples (0 duplicates filtered) in 11.81s
2025-06-17 18:32:57,886 - cyberdata.scripts.generator - INFO - c:\Users\Tianyu Wang\Documents\Notebooks\cyberdata\src\cyberdata\process\synthetic_generator.py:418 - execute_generation_task() - Executing task phishing_mal_31 (attempt 1): 5 malicious samples (schema-aware: False)
2025-06-17 18:32:57,886 - cyberdata.scripts.generator - INFO - c:\Users\Tianyu Wang\Documents\Notebooks\cyberdata\src\cyberdata\process\synthetic_generator.py:841 - generate_parallel() - Task phishing_mal_23 contributed 5 samples
2025-06-17 18:33:04,178 - cyberdata.scripts.generator - INFO - c:\Users\Tianyu Wang\Documents\Notebooks\cyberdata\src\cyberdata\process\synthetic_generator.py:464 - execute_generation_task() - Task phishing_mal_24 completed: 5 unique samples (0 duplicates filtered) in 16.13s
2025-06-17 18:33:04,180 - cyberdata.scripts.generator - INFO - c:\Users\Tianyu Wang\Documents\Notebooks\cyberdata\src\cyberdata\process\synthetic_generator.py:418 - execute_generation_task() - Executing task phishing_mal_32 (attempt 1): 5 malicious samples (schema-aware: False)
2025-06-17 18:33:04,180 - cyberdata.scripts.generator - INFO - c:\Users\Tianyu Wang\Documents\Notebooks\cyberdata\src\cyberdata\process\synthetic_generator.py:841 - generate_parallel() - Task phishing_mal_24 contributed 5 samples
2025-06-17 18:33:04,490 - cyberdata.scripts.generator - INFO - c:\Users\Tianyu Wang\Documents\Notebooks\cyberdata\src\cyberdata\process\synthetic_generator.py:464 - execute_generation_task() - Task phishing_mal_28 completed: 5 unique samples (0 duplicates filtered) in 15.07s
2025-06-17 18:33:04,491 - cyberdata.scripts.generator - INFO - c:\Users\Tianyu Wang\Documents\Notebooks\cyberdata\src\cyberdata\process\synthetic_generator.py:418 - execute_generation_task() - Executing task phishing_mal_33 (attempt 1): 5 malicious samples (schema-aware: False)
2025-06-17 18:33:04,491 - cyberdata.scripts.generator - INFO - c:\Users\Tianyu Wang\Documents\Notebooks\cyberdata\src\cyberdata\process\synthetic_generator.py:841 - generate_parallel() - Task phishing_mal_28 contributed 5 samples
2025-06-17 18:33:05,014 - cyberdata.scripts.generator - INFO - c:\Users\Tianyu Wang\Documents\Notebooks\cyberdata\src\cyberdata\process\synthetic_generator.py:464 - execute_generation_task() - Task phishing_mal_29 completed: 5 unique samples (0 duplicates filtered) in 15.54s
2025-06-17 18:33:05,016 - cyberdata.scripts.generator - INFO - c:\Users\Tianyu Wang\Documents\Notebooks\cyberdata\src\cyberdata\process\synthetic_generator.py:418 - execute_generation_task() - Executing task phishing_mal_34 (attempt 1): 5 malicious samples (schema-aware: False)
2025-06-17 18:33:05,016 - cyberdata.scripts.generator - INFO - c:\Users\Tianyu Wang\Documents\Notebooks\cyberdata\src\cyberdata\process\synthetic_generator.py:841 - generate_parallel() - Task phishing_mal_29 contributed 5 samples
2025-06-17 18:33:05,764 - cyberdata.scripts.generator - INFO - c:\Users\Tianyu Wang\Documents\Notebooks\cyberdata\src\cyberdata\process\synthetic_generator.py:464 - execute_generation_task() - Task phishing_mal_25 completed: 5 unique samples (0 duplicates filtered) in 17.61s
2025-06-17 18:33:05,765 - cyberdata.scripts.generator - INFO - c:\Users\Tianyu Wang\Documents\Notebooks\cyberdata\src\cyberdata\process\synthetic_generator.py:418 - execute_generation_task() - Executing task phishing_mal_35 (attempt 1): 5 malicious samples (schema-aware: False)
2025-06-17 18:33:05,765 - cyberdata.scripts.generator - INFO - c:\Users\Tianyu Wang\Documents\Notebooks\cyberdata\src\cyberdata\process\synthetic_generator.py:841 - generate_parallel() - Task phishing_mal_25 contributed 5 samples
2025-06-17 18:33:07,066 - cyberdata.scripts.generator - INFO - c:\Users\Tianyu Wang\Documents\Notebooks\cyberdata\src\cyberdata\process\synthetic_generator.py:464 - execute_generation_task() - Task phishing_mal_26 completed: 5 unique samples (0 duplicates filtered) in 18.80s
2025-06-17 18:33:07,066 - cyberdata.scripts.generator - INFO - c:\Users\Tianyu Wang\Documents\Notebooks\cyberdata\src\cyberdata\process\synthetic_generator.py:418 - execute_generation_task() - Executing task phishing_mal_36 (attempt 1): 5 malicious samples (schema-aware: False)
2025-06-17 18:33:07,066 - cyberdata.scripts.generator - INFO - c:\Users\Tianyu Wang\Documents\Notebooks\cyberdata\src\cyberdata\process\synthetic_generator.py:841 - generate_parallel() - Task phishing_mal_26 contributed 5 samples
2025-06-17 18:33:09,675 - cyberdata.scripts.generator - INFO - c:\Users\Tianyu Wang\Documents\Notebooks\cyberdata\src\cyberdata\process\synthetic_generator.py:464 - execute_generation_task() - Task phishing_mal_31 completed: 5 unique samples (0 duplicates filtered) in 11.79s
2025-06-17 18:33:09,676 - cyberdata.scripts.generator - INFO - c:\Users\Tianyu Wang\Documents\Notebooks\cyberdata\src\cyberdata\process\synthetic_generator.py:418 - execute_generation_task() - Executing task phishing_mal_37 (attempt 1): 5 malicious samples (schema-aware: False)
2025-06-17 18:33:09,676 - cyberdata.scripts.generator - INFO - c:\Users\Tianyu Wang\Documents\Notebooks\cyberdata\src\cyberdata\process\synthetic_generator.py:841 - generate_parallel() - Task phishing_mal_31 contributed 5 samples
2025-06-17 18:33:11,783 - cyberdata.scripts.generator - INFO - c:\Users\Tianyu Wang\Documents\Notebooks\cyberdata\src\cyberdata\process\synthetic_generator.py:464 - execute_generation_task() - Task phishing_mal_27 completed: 5 unique samples (0 duplicates filtered) in 22.42s
2025-06-17 18:33:11,784 - cyberdata.scripts.generator - INFO - c:\Users\Tianyu Wang\Documents\Notebooks\cyberdata\src\cyberdata\process\synthetic_generator.py:418 - execute_generation_task() - Executing task phishing_mal_38 (attempt 1): 5 malicious samples (schema-aware: False)
2025-06-17 18:33:11,784 - cyberdata.scripts.generator - INFO - c:\Users\Tianyu Wang\Documents\Notebooks\cyberdata\src\cyberdata\process\synthetic_generator.py:841 - generate_parallel() - Task phishing_mal_27 contributed 5 samples
2025-06-17 18:33:12,219 - cyberdata.scripts.generator - INFO - c:\Users\Tianyu Wang\Documents\Notebooks\cyberdata\src\cyberdata\process\synthetic_generator.py:464 - execute_generation_task() - Task phishing_mal_33 completed: 5 unique samples (0 duplicates filtered) in 7.73s
2025-06-17 18:33:12,220 - cyberdata.scripts.generator - INFO - c:\Users\Tianyu Wang\Documents\Notebooks\cyberdata\src\cyberdata\process\synthetic_generator.py:418 - execute_generation_task() - Executing task phishing_mal_39 (attempt 1): 5 malicious samples (schema-aware: False)
2025-06-17 18:33:12,221 - cyberdata.scripts.generator - INFO - c:\Users\Tianyu Wang\Documents\Notebooks\cyberdata\src\cyberdata\process\synthetic_generator.py:841 - generate_parallel() - Task phishing_mal_33 contributed 5 samples
2025-06-17 18:33:13,148 - cyberdata.scripts.generator - INFO - c:\Users\Tianyu Wang\Documents\Notebooks\cyberdata\src\cyberdata\process\synthetic_generator.py:464 - execute_generation_task() - Task phishing_mal_30 completed: 5 unique samples (0 duplicates filtered) in 23.28s
2025-06-17 18:33:13,149 - cyberdata.scripts.generator - INFO - c:\Users\Tianyu Wang\Documents\Notebooks\cyberdata\src\cyberdata\process\synthetic_generator.py:418 - execute_generation_task() - Executing task phishing_mal_40 (attempt 1): 5 malicious samples (schema-aware: False)
2025-06-17 18:33:13,149 - cyberdata.scripts.generator - INFO - c:\Users\Tianyu Wang\Documents\Notebooks\cyberdata\src\cyberdata\process\synthetic_generator.py:841 - generate_parallel() - Task phishing_mal_30 contributed 5 samples
2025-06-17 18:33:14,811 - cyberdata.scripts.generator - INFO - c:\Users\Tianyu Wang\Documents\Notebooks\cyberdata\src\cyberdata\process\synthetic_generator.py:464 - execute_generation_task() - Task phishing_mal_34 completed: 5 unique samples (0 duplicates filtered) in 9.80s
2025-06-17 18:33:14,812 - cyberdata.scripts.generator - INFO - c:\Users\Tianyu Wang\Documents\Notebooks\cyberdata\src\cyberdata\process\synthetic_generator.py:418 - execute_generation_task() - Executing task phishing_mal_41 (attempt 1): 5 malicious samples (schema-aware: False)
2025-06-17 18:33:14,812 - cyberdata.scripts.generator - INFO - c:\Users\Tianyu Wang\Documents\Notebooks\cyberdata\src\cyberdata\process\synthetic_generator.py:841 - generate_parallel() - Task phishing_mal_34 contributed 5 samples
2025-06-17 18:33:15,752 - cyberdata.scripts.generator - INFO - c:\Users\Tianyu Wang\Documents\Notebooks\cyberdata\src\cyberdata\process\synthetic_generator.py:464 - execute_generation_task() - Task phishing_mal_36 completed: 5 unique samples (0 duplicates filtered) in 8.69s
2025-06-17 18:33:15,753 - cyberdata.scripts.generator - INFO - c:\Users\Tianyu Wang\Documents\Notebooks\cyberdata\src\cyberdata\process\synthetic_generator.py:418 - execute_generation_task() - Executing task phishing_mal_42 (attempt 1): 5 malicious samples (schema-aware: False)
2025-06-17 18:33:15,753 - cyberdata.scripts.generator - INFO - c:\Users\Tianyu Wang\Documents\Notebooks\cyberdata\src\cyberdata\process\synthetic_generator.py:841 - generate_parallel() - Task phishing_mal_36 contributed 5 samples
2025-06-17 18:33:17,101 - cyberdata.scripts.generator - INFO - c:\Users\Tianyu Wang\Documents\Notebooks\cyberdata\src\cyberdata\process\synthetic_generator.py:464 - execute_generation_task() - Task phishing_mal_35 completed: 5 unique samples (0 duplicates filtered) in 11.34s
2025-06-17 18:33:17,102 - cyberdata.scripts.generator - INFO - c:\Users\Tianyu Wang\Documents\Notebooks\cyberdata\src\cyberdata\process\synthetic_generator.py:418 - execute_generation_task() - Executing task phishing_mal_43 (attempt 1): 5 malicious samples (schema-aware: False)
2025-06-17 18:33:17,103 - cyberdata.scripts.generator - INFO - c:\Users\Tianyu Wang\Documents\Notebooks\cyberdata\src\cyberdata\process\synthetic_generator.py:841 - generate_parallel() - Task phishing_mal_35 contributed 5 samples
2025-06-17 18:33:20,510 - cyberdata.scripts.generator - INFO - c:\Users\Tianyu Wang\Documents\Notebooks\cyberdata\src\cyberdata\process\synthetic_generator.py:464 - execute_generation_task() - Task phishing_mal_32 completed: 5 unique samples (0 duplicates filtered) in 16.33s
2025-06-17 18:33:20,511 - cyberdata.scripts.generator - INFO - c:\Users\Tianyu Wang\Documents\Notebooks\cyberdata\src\cyberdata\process\synthetic_generator.py:418 - execute_generation_task() - Executing task phishing_mal_44 (attempt 1): 5 malicious samples (schema-aware: False)
2025-06-17 18:33:20,511 - cyberdata.scripts.generator - INFO - c:\Users\Tianyu Wang\Documents\Notebooks\cyberdata\src\cyberdata\process\synthetic_generator.py:841 - generate_parallel() - Task phishing_mal_32 contributed 5 samples
2025-06-17 18:33:23,870 - cyberdata.scripts.generator - INFO - c:\Users\Tianyu Wang\Documents\Notebooks\cyberdata\src\cyberdata\process\synthetic_generator.py:464 - execute_generation_task() - Task phishing_mal_38 completed: 5 unique samples (0 duplicates filtered) in 12.09s
2025-06-17 18:33:23,871 - cyberdata.scripts.generator - INFO - c:\Users\Tianyu Wang\Documents\Notebooks\cyberdata\src\cyberdata\process\synthetic_generator.py:418 - execute_generation_task() - Executing task phishing_mal_45 (attempt 1): 5 malicious samples (schema-aware: False)
2025-06-17 18:33:23,872 - cyberdata.scripts.generator - INFO - c:\Users\Tianyu Wang\Documents\Notebooks\cyberdata\src\cyberdata\process\synthetic_generator.py:841 - generate_parallel() - Task phishing_mal_38 contributed 5 samples
2025-06-17 18:33:24,196 - cyberdata.scripts.generator - INFO - c:\Users\Tianyu Wang\Documents\Notebooks\cyberdata\src\cyberdata\process\synthetic_generator.py:464 - execute_generation_task() - Task phishing_mal_37 completed: 5 unique samples (0 duplicates filtered) in 14.52s
2025-06-17 18:33:24,196 - cyberdata.scripts.generator - INFO - c:\Users\Tianyu Wang\Documents\Notebooks\cyberdata\src\cyberdata\process\synthetic_generator.py:418 - execute_generation_task() - Executing task phishing_mal_46 (attempt 1): 5 malicious samples (schema-aware: False)
2025-06-17 18:33:24,196 - cyberdata.scripts.generator - INFO - c:\Users\Tianyu Wang\Documents\Notebooks\cyberdata\src\cyberdata\process\synthetic_generator.py:841 - generate_parallel() - Task phishing_mal_37 contributed 5 samples
2025-06-17 18:33:24,199 - cyberdata.scripts.generator - INFO - c:\Users\Tianyu Wang\Documents\Notebooks\cyberdata\src\cyberdata\process\synthetic_generator.py:464 - execute_generation_task() - Task phishing_mal_40 completed: 5 unique samples (0 duplicates filtered) in 11.05s
2025-06-17 18:33:24,199 - cyberdata.scripts.generator - INFO - c:\Users\Tianyu Wang\Documents\Notebooks\cyberdata\src\cyberdata\process\synthetic_generator.py:418 - execute_generation_task() - Executing task phishing_mal_47 (attempt 1): 5 malicious samples (schema-aware: False)
2025-06-17 18:33:24,199 - cyberdata.scripts.generator - INFO - c:\Users\Tianyu Wang\Documents\Notebooks\cyberdata\src\cyberdata\process\synthetic_generator.py:841 - generate_parallel() - Task phishing_mal_40 contributed 5 samples
2025-06-17 18:33:24,367 - cyberdata.scripts.generator - INFO - c:\Users\Tianyu Wang\Documents\Notebooks\cyberdata\src\cyberdata\process\synthetic_generator.py:464 - execute_generation_task() - Task phishing_mal_41 completed: 5 unique samples (0 duplicates filtered) in 9.55s
2025-06-17 18:33:24,367 - cyberdata.scripts.generator - INFO - c:\Users\Tianyu Wang\Documents\Notebooks\cyberdata\src\cyberdata\process\synthetic_generator.py:418 - execute_generation_task() - Executing task phishing_mal_48 (attempt 1): 5 malicious samples (schema-aware: False)
2025-06-17 18:33:24,367 - cyberdata.scripts.generator - INFO - c:\Users\Tianyu Wang\Documents\Notebooks\cyberdata\src\cyberdata\process\synthetic_generator.py:841 - generate_parallel() - Task phishing_mal_41 contributed 5 samples
2025-06-17 18:33:26,117 - cyberdata.scripts.generator - INFO - c:\Users\Tianyu Wang\Documents\Notebooks\cyberdata\src\cyberdata\process\synthetic_generator.py:464 - execute_generation_task() - Task phishing_mal_39 completed: 5 unique samples (0 duplicates filtered) in 13.90s
2025-06-17 18:33:26,118 - cyberdata.scripts.generator - INFO - c:\Users\Tianyu Wang\Documents\Notebooks\cyberdata\src\cyberdata\process\synthetic_generator.py:418 - execute_generation_task() - Executing task phishing_mal_49 (attempt 1): 5 malicious samples (schema-aware: False)
2025-06-17 18:33:26,119 - cyberdata.scripts.generator - INFO - c:\Users\Tianyu Wang\Documents\Notebooks\cyberdata\src\cyberdata\process\synthetic_generator.py:841 - generate_parallel() - Task phishing_mal_39 contributed 5 samples
2025-06-17 18:33:27,211 - cyberdata.scripts.generator - INFO - c:\Users\Tianyu Wang\Documents\Notebooks\cyberdata\src\cyberdata\process\synthetic_generator.py:464 - execute_generation_task() - Task phishing_mal_42 completed: 5 unique samples (0 duplicates filtered) in 11.46s
2025-06-17 18:33:27,211 - cyberdata.scripts.generator - INFO - c:\Users\Tianyu Wang\Documents\Notebooks\cyberdata\src\cyberdata\process\synthetic_generator.py:418 - execute_generation_task() - Executing task phishing_mal_50 (attempt 1): 5 malicious samples (schema-aware: False)
2025-06-17 18:33:27,212 - cyberdata.scripts.generator - INFO - c:\Users\Tianyu Wang\Documents\Notebooks\cyberdata\src\cyberdata\process\synthetic_generator.py:841 - generate_parallel() - Task phishing_mal_42 contributed 5 samples
2025-06-17 18:33:27,337 - cyberdata.scripts.generator - INFO - c:\Users\Tianyu Wang\Documents\Notebooks\cyberdata\src\cyberdata\process\synthetic_generator.py:464 - execute_generation_task() - Task phishing_mal_43 completed: 5 unique samples (0 duplicates filtered) in 10.23s
2025-06-17 18:33:27,338 - cyberdata.scripts.generator - INFO - c:\Users\Tianyu Wang\Documents\Notebooks\cyberdata\src\cyberdata\process\synthetic_generator.py:418 - execute_generation_task() - Executing task phishing_mal_51 (attempt 1): 5 malicious samples (schema-aware: False)
2025-06-17 18:33:27,338 - cyberdata.scripts.generator - INFO - c:\Users\Tianyu Wang\Documents\Notebooks\cyberdata\src\cyberdata\process\synthetic_generator.py:841 - generate_parallel() - Task phishing_mal_43 contributed 5 samples
2025-06-17 18:33:27,814 - cyberdata.scripts.generator - INFO - c:\Users\Tianyu Wang\Documents\Notebooks\cyberdata\src\cyberdata\process\synthetic_generator.py:464 - execute_generation_task() - Task phishing_mal_44 completed: 5 unique samples (0 duplicates filtered) in 7.30s
2025-06-17 18:33:27,814 - cyberdata.scripts.generator - INFO - c:\Users\Tianyu Wang\Documents\Notebooks\cyberdata\src\cyberdata\process\synthetic_generator.py:418 - execute_generation_task() - Executing task phishing_mal_52 (attempt 1): 5 malicious samples (schema-aware: False)
2025-06-17 18:33:27,815 - cyberdata.scripts.generator - INFO - c:\Users\Tianyu Wang\Documents\Notebooks\cyberdata\src\cyberdata\process\synthetic_generator.py:841 - generate_parallel() - Task phishing_mal_44 contributed 5 samples
2025-06-17 18:33:33,694 - cyberdata.scripts.generator - INFO - c:\Users\Tianyu Wang\Documents\Notebooks\cyberdata\src\cyberdata\process\synthetic_generator.py:464 - execute_generation_task() - Task phishing_mal_47 completed: 5 unique samples (0 duplicates filtered) in 9.50s
2025-06-17 18:33:33,694 - cyberdata.scripts.generator - INFO - c:\Users\Tianyu Wang\Documents\Notebooks\cyberdata\src\cyberdata\process\synthetic_generator.py:418 - execute_generation_task() - Executing task phishing_mal_53 (attempt 1): 5 malicious samples (schema-aware: False)
2025-06-17 18:33:33,695 - cyberdata.scripts.generator - INFO - c:\Users\Tianyu Wang\Documents\Notebooks\cyberdata\src\cyberdata\process\synthetic_generator.py:841 - generate_parallel() - Task phishing_mal_47 contributed 5 samples
2025-06-17 18:33:34,934 - cyberdata.scripts.generator - ERROR - c:\Users\Tianyu Wang\Documents\Notebooks\cyberdata\src\cyberdata\process\synthetic_generator.py:803 - _extract_json_from_response() - Failed to parse JSON response: Expecting property name enclosed in double quotes: line 2 column 3 (char 4)
2025-06-17 18:33:34,936 - cyberdata.scripts.generator - INFO - c:\Users\Tianyu Wang\Documents\Notebooks\cyberdata\src\cyberdata\process\synthetic_generator.py:464 - execute_generation_task() - Task phishing_mal_45 completed: 0 unique samples (0 duplicates filtered) in 11.07s
2025-06-17 18:33:34,937 - cyberdata.scripts.generator - INFO - c:\Users\Tianyu Wang\Documents\Notebooks\cyberdata\src\cyberdata\process\synthetic_generator.py:418 - execute_generation_task() - Executing task phishing_mal_54 (attempt 1): 5 malicious samples (schema-aware: False)
2025-06-17 18:33:34,938 - cyberdata.scripts.generator - INFO - c:\Users\Tianyu Wang\Documents\Notebooks\cyberdata\src\cyberdata\process\synthetic_generator.py:841 - generate_parallel() - Task phishing_mal_45 contributed 0 samples
2025-06-17 18:33:37,399 - cyberdata.scripts.generator - INFO - c:\Users\Tianyu Wang\Documents\Notebooks\cyberdata\src\cyberdata\process\synthetic_generator.py:464 - execute_generation_task() - Task phishing_mal_48 completed: 5 unique samples (0 duplicates filtered) in 13.03s
2025-06-17 18:33:37,400 - cyberdata.scripts.generator - INFO - c:\Users\Tianyu Wang\Documents\Notebooks\cyberdata\src\cyberdata\process\synthetic_generator.py:418 - execute_generation_task() - Executing task phishing_mal_55 (attempt 1): 5 malicious samples (schema-aware: False)
2025-06-17 18:33:37,400 - cyberdata.scripts.generator - INFO - c:\Users\Tianyu Wang\Documents\Notebooks\cyberdata\src\cyberdata\process\synthetic_generator.py:841 - generate_parallel() - Task phishing_mal_48 contributed 5 samples
2025-06-17 18:33:38,044 - cyberdata.scripts.generator - INFO - c:\Users\Tianyu Wang\Documents\Notebooks\cyberdata\src\cyberdata\process\synthetic_generator.py:464 - execute_generation_task() - Task phishing_mal_46 completed: 5 unique samples (0 duplicates filtered) in 13.85s
2025-06-17 18:33:38,045 - cyberdata.scripts.generator - INFO - c:\Users\Tianyu Wang\Documents\Notebooks\cyberdata\src\cyberdata\process\synthetic_generator.py:418 - execute_generation_task() - Executing task phishing_mal_56 (attempt 1): 5 malicious samples (schema-aware: False)
2025-06-17 18:33:38,046 - cyberdata.scripts.generator - INFO - c:\Users\Tianyu Wang\Documents\Notebooks\cyberdata\src\cyberdata\process\synthetic_generator.py:841 - generate_parallel() - Task phishing_mal_46 contributed 5 samples
2025-06-17 18:33:40,669 - cyberdata.scripts.generator - INFO - c:\Users\Tianyu Wang\Documents\Notebooks\cyberdata\src\cyberdata\process\synthetic_generator.py:464 - execute_generation_task() - Task phishing_mal_52 completed: 5 unique samples (0 duplicates filtered) in 12.85s
2025-06-17 18:33:40,669 - cyberdata.scripts.generator - INFO - c:\Users\Tianyu Wang\Documents\Notebooks\cyberdata\src\cyberdata\process\synthetic_generator.py:418 - execute_generation_task() - Executing task phishing_mal_57 (attempt 1): 5 malicious samples (schema-aware: False)
2025-06-17 18:33:40,669 - cyberdata.scripts.generator - INFO - c:\Users\Tianyu Wang\Documents\Notebooks\cyberdata\src\cyberdata\process\synthetic_generator.py:841 - generate_parallel() - Task phishing_mal_52 contributed 5 samples
2025-06-17 18:33:41,833 - cyberdata.scripts.generator - INFO - c:\Users\Tianyu Wang\Documents\Notebooks\cyberdata\src\cyberdata\process\synthetic_generator.py:464 - execute_generation_task() - Task phishing_mal_51 completed: 5 unique samples (0 duplicates filtered) in 14.49s
2025-06-17 18:33:41,833 - cyberdata.scripts.generator - INFO - c:\Users\Tianyu Wang\Documents\Notebooks\cyberdata\src\cyberdata\process\synthetic_generator.py:418 - execute_generation_task() - Executing task phishing_mal_58 (attempt 1): 5 malicious samples (schema-aware: False)
2025-06-17 18:33:41,833 - cyberdata.scripts.generator - INFO - c:\Users\Tianyu Wang\Documents\Notebooks\cyberdata\src\cyberdata\process\synthetic_generator.py:841 - generate_parallel() - Task phishing_mal_51 contributed 5 samples
2025-06-17 18:33:42,794 - cyberdata.scripts.generator - INFO - c:\Users\Tianyu Wang\Documents\Notebooks\cyberdata\src\cyberdata\process\synthetic_generator.py:464 - execute_generation_task() - Task phishing_mal_50 completed: 5 unique samples (0 duplicates filtered) in 15.58s
2025-06-17 18:33:42,795 - cyberdata.scripts.generator - INFO - c:\Users\Tianyu Wang\Documents\Notebooks\cyberdata\src\cyberdata\process\synthetic_generator.py:418 - execute_generation_task() - Executing task phishing_mal_59 (attempt 1): 5 malicious samples (schema-aware: False)
2025-06-17 18:33:42,796 - cyberdata.scripts.generator - INFO - c:\Users\Tianyu Wang\Documents\Notebooks\cyberdata\src\cyberdata\process\synthetic_generator.py:841 - generate_parallel() - Task phishing_mal_50 contributed 5 samples
2025-06-17 18:33:47,169 - cyberdata.scripts.generator - INFO - c:\Users\Tianyu Wang\Documents\Notebooks\cyberdata\src\cyberdata\process\synthetic_generator.py:464 - execute_generation_task() - Task phishing_mal_53 completed: 5 unique samples (0 duplicates filtered) in 13.47s
2025-06-17 18:33:47,170 - cyberdata.scripts.generator - INFO - c:\Users\Tianyu Wang\Documents\Notebooks\cyberdata\src\cyberdata\process\synthetic_generator.py:418 - execute_generation_task() - Executing task phishing_mal_60 (attempt 1): 5 malicious samples (schema-aware: False)
2025-06-17 18:33:47,170 - cyberdata.scripts.generator - INFO - c:\Users\Tianyu Wang\Documents\Notebooks\cyberdata\src\cyberdata\process\synthetic_generator.py:841 - generate_parallel() - Task phishing_mal_53 contributed 5 samples
2025-06-17 18:33:48,612 - cyberdata.scripts.generator - INFO - c:\Users\Tianyu Wang\Documents\Notebooks\cyberdata\src\cyberdata\process\synthetic_generator.py:464 - execute_generation_task() - Task phishing_mal_49 completed: 5 unique samples (0 duplicates filtered) in 22.49s
2025-06-17 18:33:48,613 - cyberdata.scripts.generator - INFO - c:\Users\Tianyu Wang\Documents\Notebooks\cyberdata\src\cyberdata\process\synthetic_generator.py:418 - execute_generation_task() - Executing task phishing_mal_61 (attempt 1): 5 malicious samples (schema-aware: False)
2025-06-17 18:33:48,613 - cyberdata.scripts.generator - INFO - c:\Users\Tianyu Wang\Documents\Notebooks\cyberdata\src\cyberdata\process\synthetic_generator.py:841 - generate_parallel() - Task phishing_mal_49 contributed 5 samples
2025-06-17 18:33:49,486 - cyberdata.scripts.generator - INFO - c:\Users\Tianyu Wang\Documents\Notebooks\cyberdata\src\cyberdata\process\synthetic_generator.py:464 - execute_generation_task() - Task phishing_mal_54 completed: 5 unique samples (0 duplicates filtered) in 14.55s
2025-06-17 18:33:49,486 - cyberdata.scripts.generator - INFO - c:\Users\Tianyu Wang\Documents\Notebooks\cyberdata\src\cyberdata\process\synthetic_generator.py:418 - execute_generation_task() - Executing task phishing_mal_62 (attempt 1): 5 malicious samples (schema-aware: False)
2025-06-17 18:33:49,486 - cyberdata.scripts.generator - INFO - c:\Users\Tianyu Wang\Documents\Notebooks\cyberdata\src\cyberdata\process\synthetic_generator.py:841 - generate_parallel() - Task phishing_mal_54 contributed 5 samples
2025-06-17 18:33:49,499 - cyberdata.scripts.generator - INFO - c:\Users\Tianyu Wang\Documents\Notebooks\cyberdata\src\cyberdata\process\synthetic_generator.py:464 - execute_generation_task() - Task phishing_mal_55 completed: 5 unique samples (0 duplicates filtered) in 12.10s
2025-06-17 18:33:49,500 - cyberdata.scripts.generator - INFO - c:\Users\Tianyu Wang\Documents\Notebooks\cyberdata\src\cyberdata\process\synthetic_generator.py:418 - execute_generation_task() - Executing task phishing_mal_63 (attempt 1): 5 malicious samples (schema-aware: False)
2025-06-17 18:33:49,500 - cyberdata.scripts.generator - INFO - c:\Users\Tianyu Wang\Documents\Notebooks\cyberdata\src\cyberdata\process\synthetic_generator.py:841 - generate_parallel() - Task phishing_mal_55 contributed 5 samples
2025-06-17 18:33:49,808 - cyberdata.scripts.generator - INFO - c:\Users\Tianyu Wang\Documents\Notebooks\cyberdata\src\cyberdata\process\synthetic_generator.py:464 - execute_generation_task() - Task phishing_mal_56 completed: 5 unique samples (0 duplicates filtered) in 11.76s
2025-06-17 18:33:49,809 - cyberdata.scripts.generator - INFO - c:\Users\Tianyu Wang\Documents\Notebooks\cyberdata\src\cyberdata\process\synthetic_generator.py:418 - execute_generation_task() - Executing task phishing_mal_64 (attempt 1): 5 malicious samples (schema-aware: False)
2025-06-17 18:33:49,809 - cyberdata.scripts.generator - INFO - c:\Users\Tianyu Wang\Documents\Notebooks\cyberdata\src\cyberdata\process\synthetic_generator.py:841 - generate_parallel() - Task phishing_mal_56 contributed 5 samples
2025-06-17 18:33:52,939 - cyberdata.scripts.generator - INFO - c:\Users\Tianyu Wang\Documents\Notebooks\cyberdata\src\cyberdata\process\synthetic_generator.py:464 - execute_generation_task() - Task phishing_mal_59 completed: 5 unique samples (0 duplicates filtered) in 10.14s
2025-06-17 18:33:52,940 - cyberdata.scripts.generator - INFO - c:\Users\Tianyu Wang\Documents\Notebooks\cyberdata\src\cyberdata\process\synthetic_generator.py:418 - execute_generation_task() - Executing task phishing_mal_65 (attempt 1): 5 malicious samples (schema-aware: False)
2025-06-17 18:33:52,940 - cyberdata.scripts.generator - INFO - c:\Users\Tianyu Wang\Documents\Notebooks\cyberdata\src\cyberdata\process\synthetic_generator.py:841 - generate_parallel() - Task phishing_mal_59 contributed 5 samples
2025-06-17 18:33:54,103 - cyberdata.scripts.generator - INFO - c:\Users\Tianyu Wang\Documents\Notebooks\cyberdata\src\cyberdata\process\synthetic_generator.py:464 - execute_generation_task() - Task phishing_mal_57 completed: 5 unique samples (0 duplicates filtered) in 13.43s
2025-06-17 18:33:54,105 - cyberdata.scripts.generator - INFO - c:\Users\Tianyu Wang\Documents\Notebooks\cyberdata\src\cyberdata\process\synthetic_generator.py:418 - execute_generation_task() - Executing task phishing_mal_66 (attempt 1): 5 malicious samples (schema-aware: False)
2025-06-17 18:33:54,105 - cyberdata.scripts.generator - INFO - c:\Users\Tianyu Wang\Documents\Notebooks\cyberdata\src\cyberdata\process\synthetic_generator.py:841 - generate_parallel() - Task phishing_mal_57 contributed 5 samples
2025-06-17 18:33:55,530 - cyberdata.scripts.generator - INFO - c:\Users\Tianyu Wang\Documents\Notebooks\cyberdata\src\cyberdata\process\synthetic_generator.py:464 - execute_generation_task() - Task phishing_mal_58 completed: 5 unique samples (0 duplicates filtered) in 13.70s
2025-06-17 18:33:55,531 - cyberdata.scripts.generator - INFO - c:\Users\Tianyu Wang\Documents\Notebooks\cyberdata\src\cyberdata\process\synthetic_generator.py:418 - execute_generation_task() - Executing task phishing_mal_67 (attempt 1): 5 malicious samples (schema-aware: False)
2025-06-17 18:33:55,531 - cyberdata.scripts.generator - INFO - c:\Users\Tianyu Wang\Documents\Notebooks\cyberdata\src\cyberdata\process\synthetic_generator.py:841 - generate_parallel() - Task phishing_mal_58 contributed 5 samples
2025-06-17 18:33:58,431 - cyberdata.scripts.generator - INFO - c:\Users\Tianyu Wang\Documents\Notebooks\cyberdata\src\cyberdata\process\synthetic_generator.py:464 - execute_generation_task() - Task phishing_mal_60 completed: 5 unique samples (0 duplicates filtered) in 11.26s
2025-06-17 18:33:58,432 - cyberdata.scripts.generator - INFO - c:\Users\Tianyu Wang\Documents\Notebooks\cyberdata\src\cyberdata\process\synthetic_generator.py:418 - execute_generation_task() - Executing task phishing_mal_68 (attempt 1): 5 malicious samples (schema-aware: False)
2025-06-17 18:33:58,432 - cyberdata.scripts.generator - INFO - c:\Users\Tianyu Wang\Documents\Notebooks\cyberdata\src\cyberdata\process\synthetic_generator.py:841 - generate_parallel() - Task phishing_mal_60 contributed 5 samples
2025-06-17 18:33:58,688 - cyberdata.scripts.generator - INFO - c:\Users\Tianyu Wang\Documents\Notebooks\cyberdata\src\cyberdata\process\synthetic_generator.py:464 - execute_generation_task() - Task phishing_mal_61 completed: 5 unique samples (0 duplicates filtered) in 10.07s
2025-06-17 18:33:58,689 - cyberdata.scripts.generator - INFO - c:\Users\Tianyu Wang\Documents\Notebooks\cyberdata\src\cyberdata\process\synthetic_generator.py:418 - execute_generation_task() - Executing task phishing_mal_69 (attempt 1): 5 malicious samples (schema-aware: False)
2025-06-17 18:33:58,689 - cyberdata.scripts.generator - INFO - c:\Users\Tianyu Wang\Documents\Notebooks\cyberdata\src\cyberdata\process\synthetic_generator.py:841 - generate_parallel() - Task phishing_mal_61 contributed 5 samples
2025-06-17 18:33:59,070 - cyberdata.scripts.generator - INFO - c:\Users\Tianyu Wang\Documents\Notebooks\cyberdata\src\cyberdata\process\synthetic_generator.py:464 - execute_generation_task() - Task phishing_mal_62 completed: 5 unique samples (0 duplicates filtered) in 9.58s
2025-06-17 18:33:59,071 - cyberdata.scripts.generator - INFO - c:\Users\Tianyu Wang\Documents\Notebooks\cyberdata\src\cyberdata\process\synthetic_generator.py:418 - execute_generation_task() - Executing task phishing_mal_70 (attempt 1): 5 malicious samples (schema-aware: False)
2025-06-17 18:33:59,071 - cyberdata.scripts.generator - INFO - c:\Users\Tianyu Wang\Documents\Notebooks\cyberdata\src\cyberdata\process\synthetic_generator.py:841 - generate_parallel() - Task phishing_mal_62 contributed 5 samples
2025-06-17 18:34:01,713 - cyberdata.scripts.generator - INFO - c:\Users\Tianyu Wang\Documents\Notebooks\cyberdata\src\cyberdata\process\synthetic_generator.py:464 - execute_generation_task() - Task phishing_mal_64 completed: 5 unique samples (0 duplicates filtered) in 11.90s
2025-06-17 18:34:01,714 - cyberdata.scripts.generator - INFO - c:\Users\Tianyu Wang\Documents\Notebooks\cyberdata\src\cyberdata\process\synthetic_generator.py:418 - execute_generation_task() - Executing task phishing_mal_71 (attempt 1): 5 malicious samples (schema-aware: False)
2025-06-17 18:34:01,715 - cyberdata.scripts.generator - INFO - c:\Users\Tianyu Wang\Documents\Notebooks\cyberdata\src\cyberdata\process\synthetic_generator.py:841 - generate_parallel() - Task phishing_mal_64 contributed 5 samples
2025-06-17 18:34:02,181 - cyberdata.scripts.generator - INFO - c:\Users\Tianyu Wang\Documents\Notebooks\cyberdata\src\cyberdata\process\synthetic_generator.py:464 - execute_generation_task() - Task phishing_mal_65 completed: 5 unique samples (0 duplicates filtered) in 9.24s
2025-06-17 18:34:02,181 - cyberdata.scripts.generator - INFO - c:\Users\Tianyu Wang\Documents\Notebooks\cyberdata\src\cyberdata\process\synthetic_generator.py:418 - execute_generation_task() - Executing task phishing_mal_72 (attempt 1): 5 malicious samples (schema-aware: False)
2025-06-17 18:34:02,182 - cyberdata.scripts.generator - INFO - c:\Users\Tianyu Wang\Documents\Notebooks\cyberdata\src\cyberdata\process\synthetic_generator.py:841 - generate_parallel() - Task phishing_mal_65 contributed 5 samples
2025-06-17 18:34:03,658 - cyberdata.scripts.generator - INFO - c:\Users\Tianyu Wang\Documents\Notebooks\cyberdata\src\cyberdata\process\synthetic_generator.py:464 - execute_generation_task() - Task phishing_mal_63 completed: 5 unique samples (0 duplicates filtered) in 14.16s
2025-06-17 18:34:03,659 - cyberdata.scripts.generator - INFO - c:\Users\Tianyu Wang\Documents\Notebooks\cyberdata\src\cyberdata\process\synthetic_generator.py:418 - execute_generation_task() - Executing task phishing_mal_73 (attempt 1): 5 malicious samples (schema-aware: False)
2025-06-17 18:34:03,659 - cyberdata.scripts.generator - INFO - c:\Users\Tianyu Wang\Documents\Notebooks\cyberdata\src\cyberdata\process\synthetic_generator.py:841 - generate_parallel() - Task phishing_mal_63 contributed 5 samples
2025-06-17 18:34:04,412 - cyberdata.scripts.generator - INFO - c:\Users\Tianyu Wang\Documents\Notebooks\cyberdata\src\cyberdata\process\synthetic_generator.py:464 - execute_generation_task() - Task phishing_mal_66 completed: 5 unique samples (0 duplicates filtered) in 10.31s
2025-06-17 18:34:04,413 - cyberdata.scripts.generator - INFO - c:\Users\Tianyu Wang\Documents\Notebooks\cyberdata\src\cyberdata\process\synthetic_generator.py:418 - execute_generation_task() - Executing task phishing_mal_74 (attempt 1): 5 malicious samples (schema-aware: False)
2025-06-17 18:34:04,413 - cyberdata.scripts.generator - INFO - c:\Users\Tianyu Wang\Documents\Notebooks\cyberdata\src\cyberdata\process\synthetic_generator.py:841 - generate_parallel() - Task phishing_mal_66 contributed 5 samples
2025-06-17 18:34:09,747 - cyberdata.scripts.generator - INFO - c:\Users\Tianyu Wang\Documents\Notebooks\cyberdata\src\cyberdata\process\synthetic_generator.py:464 - execute_generation_task() - Task phishing_mal_70 completed: 5 unique samples (0 duplicates filtered) in 10.68s
2025-06-17 18:34:09,748 - cyberdata.scripts.generator - INFO - c:\Users\Tianyu Wang\Documents\Notebooks\cyberdata\src\cyberdata\process\synthetic_generator.py:418 - execute_generation_task() - Executing task phishing_mal_75 (attempt 1): 5 malicious samples (schema-aware: False)
2025-06-17 18:34:09,749 - cyberdata.scripts.generator - INFO - c:\Users\Tianyu Wang\Documents\Notebooks\cyberdata\src\cyberdata\process\synthetic_generator.py:841 - generate_parallel() - Task phishing_mal_70 contributed 5 samples
2025-06-17 18:34:12,510 - cyberdata.scripts.generator - INFO - c:\Users\Tianyu Wang\Documents\Notebooks\cyberdata\src\cyberdata\process\synthetic_generator.py:464 - execute_generation_task() - Task phishing_mal_71 completed: 5 unique samples (0 duplicates filtered) in 10.80s
2025-06-17 18:34:12,511 - cyberdata.scripts.generator - INFO - c:\Users\Tianyu Wang\Documents\Notebooks\cyberdata\src\cyberdata\process\synthetic_generator.py:418 - execute_generation_task() - Executing task phishing_mal_76 (attempt 1): 5 malicious samples (schema-aware: False)
2025-06-17 18:34:12,511 - cyberdata.scripts.generator - INFO - c:\Users\Tianyu Wang\Documents\Notebooks\cyberdata\src\cyberdata\process\synthetic_generator.py:841 - generate_parallel() - Task phishing_mal_71 contributed 5 samples
2025-06-17 18:34:13,368 - cyberdata.scripts.generator - INFO - c:\Users\Tianyu Wang\Documents\Notebooks\cyberdata\src\cyberdata\process\synthetic_generator.py:464 - execute_generation_task() - Task phishing_mal_68 completed: 5 unique samples (0 duplicates filtered) in 14.94s
2025-06-17 18:34:13,369 - cyberdata.scripts.generator - INFO - c:\Users\Tianyu Wang\Documents\Notebooks\cyberdata\src\cyberdata\process\synthetic_generator.py:418 - execute_generation_task() - Executing task phishing_mal_77 (attempt 1): 5 malicious samples (schema-aware: False)
2025-06-17 18:34:13,369 - cyberdata.scripts.generator - INFO - c:\Users\Tianyu Wang\Documents\Notebooks\cyberdata\src\cyberdata\process\synthetic_generator.py:841 - generate_parallel() - Task phishing_mal_68 contributed 5 samples
2025-06-17 18:34:13,488 - cyberdata.scripts.generator - INFO - c:\Users\Tianyu Wang\Documents\Notebooks\cyberdata\src\cyberdata\process\synthetic_generator.py:464 - execute_generation_task() - Task phishing_mal_69 completed: 5 unique samples (0 duplicates filtered) in 14.80s
2025-06-17 18:34:13,489 - cyberdata.scripts.generator - INFO - c:\Users\Tianyu Wang\Documents\Notebooks\cyberdata\src\cyberdata\process\synthetic_generator.py:418 - execute_generation_task() - Executing task phishing_mal_78 (attempt 1): 5 malicious samples (schema-aware: False)
2025-06-17 18:34:13,490 - cyberdata.scripts.generator - INFO - c:\Users\Tianyu Wang\Documents\Notebooks\cyberdata\src\cyberdata\process\synthetic_generator.py:841 - generate_parallel() - Task phishing_mal_69 contributed 5 samples
2025-06-17 18:34:16,770 - cyberdata.scripts.generator - INFO - c:\Users\Tianyu Wang\Documents\Notebooks\cyberdata\src\cyberdata\process\synthetic_generator.py:464 - execute_generation_task() - Task phishing_mal_72 completed: 5 unique samples (0 duplicates filtered) in 14.59s
2025-06-17 18:34:16,771 - cyberdata.scripts.generator - INFO - c:\Users\Tianyu Wang\Documents\Notebooks\cyberdata\src\cyberdata\process\synthetic_generator.py:418 - execute_generation_task() - Executing task phishing_mal_79 (attempt 1): 5 malicious samples (schema-aware: False)
2025-06-17 18:34:16,771 - cyberdata.scripts.generator - INFO - c:\Users\Tianyu Wang\Documents\Notebooks\cyberdata\src\cyberdata\process\synthetic_generator.py:841 - generate_parallel() - Task phishing_mal_72 contributed 5 samples
2025-06-17 18:34:16,994 - cyberdata.scripts.generator - INFO - c:\Users\Tianyu Wang\Documents\Notebooks\cyberdata\src\cyberdata\process\synthetic_generator.py:464 - execute_generation_task() - Task phishing_mal_74 completed: 5 unique samples (0 duplicates filtered) in 12.58s
2025-06-17 18:34:16,995 - cyberdata.scripts.generator - INFO - c:\Users\Tianyu Wang\Documents\Notebooks\cyberdata\src\cyberdata\process\synthetic_generator.py:418 - execute_generation_task() - Executing task phishing_mal_80 (attempt 1): 5 malicious samples (schema-aware: False)
2025-06-17 18:34:16,995 - cyberdata.scripts.generator - INFO - c:\Users\Tianyu Wang\Documents\Notebooks\cyberdata\src\cyberdata\process\synthetic_generator.py:841 - generate_parallel() - Task phishing_mal_74 contributed 5 samples
2025-06-17 18:34:17,501 - cyberdata.scripts.generator - INFO - c:\Users\Tianyu Wang\Documents\Notebooks\cyberdata\src\cyberdata\process\synthetic_generator.py:464 - execute_generation_task() - Task phishing_mal_73 completed: 5 unique samples (0 duplicates filtered) in 13.84s
2025-06-17 18:34:17,502 - cyberdata.scripts.generator - INFO - c:\Users\Tianyu Wang\Documents\Notebooks\cyberdata\src\cyberdata\process\synthetic_generator.py:418 - execute_generation_task() - Executing task phishing_mal_81 (attempt 1): 5 malicious samples (schema-aware: False)
2025-06-17 18:34:17,502 - cyberdata.scripts.generator - INFO - c:\Users\Tianyu Wang\Documents\Notebooks\cyberdata\src\cyberdata\process\synthetic_generator.py:841 - generate_parallel() - Task phishing_mal_73 contributed 5 samples
2025-06-17 18:34:18,441 - cyberdata.scripts.generator - INFO - c:\Users\Tianyu Wang\Documents\Notebooks\cyberdata\src\cyberdata\process\synthetic_generator.py:464 - execute_generation_task() - Task phishing_mal_67 completed: 5 unique samples (0 duplicates filtered) in 22.91s
2025-06-17 18:34:18,443 - cyberdata.scripts.generator - INFO - c:\Users\Tianyu Wang\Documents\Notebooks\cyberdata\src\cyberdata\process\synthetic_generator.py:418 - execute_generation_task() - Executing task phishing_mal_82 (attempt 1): 5 malicious samples (schema-aware: False)
2025-06-17 18:34:18,443 - cyberdata.scripts.generator - INFO - c:\Users\Tianyu Wang\Documents\Notebooks\cyberdata\src\cyberdata\process\synthetic_generator.py:841 - generate_parallel() - Task phishing_mal_67 contributed 5 samples
2025-06-17 18:34:21,300 - cyberdata.scripts.generator - INFO - c:\Users\Tianyu Wang\Documents\Notebooks\cyberdata\src\cyberdata\process\synthetic_generator.py:464 - execute_generation_task() - Task phishing_mal_75 completed: 5 unique samples (0 duplicates filtered) in 11.55s
2025-06-17 18:34:21,301 - cyberdata.scripts.generator - INFO - c:\Users\Tianyu Wang\Documents\Notebooks\cyberdata\src\cyberdata\process\synthetic_generator.py:418 - execute_generation_task() - Executing task phishing_mal_83 (attempt 1): 5 malicious samples (schema-aware: False)
2025-06-17 18:34:21,301 - cyberdata.scripts.generator - INFO - c:\Users\Tianyu Wang\Documents\Notebooks\cyberdata\src\cyberdata\process\synthetic_generator.py:841 - generate_parallel() - Task phishing_mal_75 contributed 5 samples
2025-06-17 18:34:23,040 - cyberdata.scripts.generator - INFO - c:\Users\Tianyu Wang\Documents\Notebooks\cyberdata\src\cyberdata\process\synthetic_generator.py:464 - execute_generation_task() - Task phishing_mal_78 completed: 5 unique samples (0 duplicates filtered) in 9.55s
2025-06-17 18:34:23,041 - cyberdata.scripts.generator - INFO - c:\Users\Tianyu Wang\Documents\Notebooks\cyberdata\src\cyberdata\process\synthetic_generator.py:418 - execute_generation_task() - Executing task phishing_mal_84 (attempt 1): 5 malicious samples (schema-aware: False)
2025-06-17 18:34:23,041 - cyberdata.scripts.generator - INFO - c:\Users\Tianyu Wang\Documents\Notebooks\cyberdata\src\cyberdata\process\synthetic_generator.py:841 - generate_parallel() - Task phishing_mal_78 contributed 5 samples
2025-06-17 18:34:23,086 - cyberdata.scripts.generator - INFO - c:\Users\Tianyu Wang\Documents\Notebooks\cyberdata\src\cyberdata\process\synthetic_generator.py:464 - execute_generation_task() - Task phishing_mal_76 completed: 5 unique samples (0 duplicates filtered) in 10.58s
2025-06-17 18:34:23,086 - cyberdata.scripts.generator - INFO - c:\Users\Tianyu Wang\Documents\Notebooks\cyberdata\src\cyberdata\process\synthetic_generator.py:418 - execute_generation_task() - Executing task phishing_mal_85 (attempt 1): 5 malicious samples (schema-aware: False)
2025-06-17 18:34:23,086 - cyberdata.scripts.generator - INFO - c:\Users\Tianyu Wang\Documents\Notebooks\cyberdata\src\cyberdata\process\synthetic_generator.py:841 - generate_parallel() - Task phishing_mal_76 contributed 5 samples
2025-06-17 18:34:24,807 - cyberdata.scripts.generator - INFO - c:\Users\Tianyu Wang\Documents\Notebooks\cyberdata\src\cyberdata\process\synthetic_generator.py:464 - execute_generation_task() - Task phishing_mal_77 completed: 5 unique samples (0 duplicates filtered) in 11.44s
2025-06-17 18:34:24,807 - cyberdata.scripts.generator - INFO - c:\Users\Tianyu Wang\Documents\Notebooks\cyberdata\src\cyberdata\process\synthetic_generator.py:418 - execute_generation_task() - Executing task phishing_mal_86 (attempt 1): 5 malicious samples (schema-aware: False)
2025-06-17 18:34:24,807 - cyberdata.scripts.generator - INFO - c:\Users\Tianyu Wang\Documents\Notebooks\cyberdata\src\cyberdata\process\synthetic_generator.py:841 - generate_parallel() - Task phishing_mal_77 contributed 5 samples
2025-06-17 18:34:26,656 - cyberdata.scripts.generator - INFO - c:\Users\Tianyu Wang\Documents\Notebooks\cyberdata\src\cyberdata\process\synthetic_generator.py:464 - execute_generation_task() - Task phishing_mal_79 completed: 5 unique samples (0 duplicates filtered) in 9.89s
2025-06-17 18:34:26,658 - cyberdata.scripts.generator - INFO - c:\Users\Tianyu Wang\Documents\Notebooks\cyberdata\src\cyberdata\process\synthetic_generator.py:418 - execute_generation_task() - Executing task phishing_mal_87 (attempt 1): 5 malicious samples (schema-aware: False)
2025-06-17 18:34:26,658 - cyberdata.scripts.generator - INFO - c:\Users\Tianyu Wang\Documents\Notebooks\cyberdata\src\cyberdata\process\synthetic_generator.py:841 - generate_parallel() - Task phishing_mal_79 contributed 5 samples
2025-06-17 18:34:26,999 - cyberdata.scripts.generator - ERROR - c:\Users\Tianyu Wang\Documents\Notebooks\cyberdata\src\cyberdata\process\synthetic_generator.py:803 - _extract_json_from_response() - Failed to parse JSON response: Expecting property name enclosed in double quotes: line 2 column 3 (char 4)
2025-06-17 18:34:27,000 - cyberdata.scripts.generator - INFO - c:\Users\Tianyu Wang\Documents\Notebooks\cyberdata\src\cyberdata\process\synthetic_generator.py:464 - execute_generation_task() - Task phishing_mal_81 completed: 0 unique samples (0 duplicates filtered) in 9.50s
2025-06-17 18:34:27,000 - cyberdata.scripts.generator - INFO - c:\Users\Tianyu Wang\Documents\Notebooks\cyberdata\src\cyberdata\process\synthetic_generator.py:418 - execute_generation_task() - Executing task phishing_mal_88 (attempt 1): 5 malicious samples (schema-aware: False)
2025-06-17 18:34:27,000 - cyberdata.scripts.generator - INFO - c:\Users\Tianyu Wang\Documents\Notebooks\cyberdata\src\cyberdata\process\synthetic_generator.py:841 - generate_parallel() - Task phishing_mal_81 contributed 0 samples
2025-06-17 18:34:28,670 - cyberdata.scripts.generator - INFO - c:\Users\Tianyu Wang\Documents\Notebooks\cyberdata\src\cyberdata\process\synthetic_generator.py:464 - execute_generation_task() - Task phishing_mal_82 completed: 5 unique samples (0 duplicates filtered) in 10.23s
2025-06-17 18:34:28,671 - cyberdata.scripts.generator - INFO - c:\Users\Tianyu Wang\Documents\Notebooks\cyberdata\src\cyberdata\process\synthetic_generator.py:418 - execute_generation_task() - Executing task phishing_mal_89 (attempt 1): 5 malicious samples (schema-aware: False)
2025-06-17 18:34:28,672 - cyberdata.scripts.generator - INFO - c:\Users\Tianyu Wang\Documents\Notebooks\cyberdata\src\cyberdata\process\synthetic_generator.py:841 - generate_parallel() - Task phishing_mal_82 contributed 5 samples
2025-06-17 18:34:29,499 - cyberdata.scripts.generator - INFO - c:\Users\Tianyu Wang\Documents\Notebooks\cyberdata\src\cyberdata\process\synthetic_generator.py:464 - execute_generation_task() - Task phishing_mal_80 completed: 5 unique samples (0 duplicates filtered) in 12.50s
2025-06-17 18:34:29,499 - cyberdata.scripts.generator - INFO - c:\Users\Tianyu Wang\Documents\Notebooks\cyberdata\src\cyberdata\process\synthetic_generator.py:418 - execute_generation_task() - Executing task phishing_mal_90 (attempt 1): 5 malicious samples (schema-aware: False)
2025-06-17 18:34:29,499 - cyberdata.scripts.generator - INFO - c:\Users\Tianyu Wang\Documents\Notebooks\cyberdata\src\cyberdata\process\synthetic_generator.py:841 - generate_parallel() - Task phishing_mal_80 contributed 5 samples
2025-06-17 18:34:33,518 - cyberdata.scripts.generator - INFO - c:\Users\Tianyu Wang\Documents\Notebooks\cyberdata\src\cyberdata\process\synthetic_generator.py:464 - execute_generation_task() - Task phishing_mal_86 completed: 5 unique samples (0 duplicates filtered) in 8.71s
2025-06-17 18:34:33,519 - cyberdata.scripts.generator - INFO - c:\Users\Tianyu Wang\Documents\Notebooks\cyberdata\src\cyberdata\process\synthetic_generator.py:418 - execute_generation_task() - Executing task phishing_mal_91 (attempt 1): 5 malicious samples (schema-aware: False)
2025-06-17 18:34:33,519 - cyberdata.scripts.generator - INFO - c:\Users\Tianyu Wang\Documents\Notebooks\cyberdata\src\cyberdata\process\synthetic_generator.py:841 - generate_parallel() - Task phishing_mal_86 contributed 5 samples
2025-06-17 18:34:33,684 - cyberdata.scripts.generator - INFO - c:\Users\Tianyu Wang\Documents\Notebooks\cyberdata\src\cyberdata\process\synthetic_generator.py:464 - execute_generation_task() - Task phishing_mal_85 completed: 5 unique samples (0 duplicates filtered) in 10.60s
2025-06-17 18:34:33,686 - cyberdata.scripts.generator - INFO - c:\Users\Tianyu Wang\Documents\Notebooks\cyberdata\src\cyberdata\process\synthetic_generator.py:418 - execute_generation_task() - Executing task phishing_mal_92 (attempt 1): 5 malicious samples (schema-aware: False)
2025-06-17 18:34:33,686 - cyberdata.scripts.generator - INFO - c:\Users\Tianyu Wang\Documents\Notebooks\cyberdata\src\cyberdata\process\synthetic_generator.py:841 - generate_parallel() - Task phishing_mal_85 contributed 5 samples
2025-06-17 18:34:36,108 - cyberdata.scripts.generator - INFO - c:\Users\Tianyu Wang\Documents\Notebooks\cyberdata\src\cyberdata\process\synthetic_generator.py:464 - execute_generation_task() - Task phishing_mal_87 completed: 5 unique samples (0 duplicates filtered) in 9.45s
2025-06-17 18:34:36,108 - cyberdata.scripts.generator - INFO - c:\Users\Tianyu Wang\Documents\Notebooks\cyberdata\src\cyberdata\process\synthetic_generator.py:418 - execute_generation_task() - Executing task phishing_mal_93 (attempt 1): 5 malicious samples (schema-aware: False)
2025-06-17 18:34:36,109 - cyberdata.scripts.generator - INFO - c:\Users\Tianyu Wang\Documents\Notebooks\cyberdata\src\cyberdata\process\synthetic_generator.py:841 - generate_parallel() - Task phishing_mal_87 contributed 5 samples
2025-06-17 18:34:36,783 - cyberdata.scripts.generator - INFO - c:\Users\Tianyu Wang\Documents\Notebooks\cyberdata\src\cyberdata\process\synthetic_generator.py:464 - execute_generation_task() - Task phishing_mal_84 completed: 5 unique samples (0 duplicates filtered) in 13.74s
2025-06-17 18:34:36,785 - cyberdata.scripts.generator - INFO - c:\Users\Tianyu Wang\Documents\Notebooks\cyberdata\src\cyberdata\process\synthetic_generator.py:418 - execute_generation_task() - Executing task phishing_mal_94 (attempt 1): 5 malicious samples (schema-aware: False)
2025-06-17 18:34:36,785 - cyberdata.scripts.generator - INFO - c:\Users\Tianyu Wang\Documents\Notebooks\cyberdata\src\cyberdata\process\synthetic_generator.py:841 - generate_parallel() - Task phishing_mal_84 contributed 5 samples
2025-06-17 18:34:37,156 - cyberdata.scripts.generator - INFO - c:\Users\Tianyu Wang\Documents\Notebooks\cyberdata\src\cyberdata\process\synthetic_generator.py:464 - execute_generation_task() - Task phishing_mal_88 completed: 5 unique samples (0 duplicates filtered) in 10.16s
2025-06-17 18:34:37,157 - cyberdata.scripts.generator - INFO - c:\Users\Tianyu Wang\Documents\Notebooks\cyberdata\src\cyberdata\process\synthetic_generator.py:418 - execute_generation_task() - Executing task phishing_mal_95 (attempt 1): 5 malicious samples (schema-aware: False)
2025-06-17 18:34:37,157 - cyberdata.scripts.generator - INFO - c:\Users\Tianyu Wang\Documents\Notebooks\cyberdata\src\cyberdata\process\synthetic_generator.py:841 - generate_parallel() - Task phishing_mal_88 contributed 5 samples
2025-06-17 18:34:37,948 - cyberdata.scripts.generator - INFO - c:\Users\Tianyu Wang\Documents\Notebooks\cyberdata\src\cyberdata\process\synthetic_generator.py:464 - execute_generation_task() - Task phishing_mal_83 completed: 5 unique samples (0 duplicates filtered) in 16.65s
2025-06-17 18:34:37,949 - cyberdata.scripts.generator - INFO - c:\Users\Tianyu Wang\Documents\Notebooks\cyberdata\src\cyberdata\process\synthetic_generator.py:418 - execute_generation_task() - Executing task phishing_mal_96 (attempt 1): 5 malicious samples (schema-aware: False)
2025-06-17 18:34:37,949 - cyberdata.scripts.generator - INFO - c:\Users\Tianyu Wang\Documents\Notebooks\cyberdata\src\cyberdata\process\synthetic_generator.py:841 - generate_parallel() - Task phishing_mal_83 contributed 5 samples
2025-06-17 18:34:39,556 - cyberdata.scripts.generator - INFO - c:\Users\Tianyu Wang\Documents\Notebooks\cyberdata\src\cyberdata\process\synthetic_generator.py:464 - execute_generation_task() - Task phishing_mal_89 completed: 5 unique samples (0 duplicates filtered) in 10.89s
2025-06-17 18:34:39,557 - cyberdata.scripts.generator - INFO - c:\Users\Tianyu Wang\Documents\Notebooks\cyberdata\src\cyberdata\process\synthetic_generator.py:418 - execute_generation_task() - Executing task phishing_mal_97 (attempt 1): 5 malicious samples (schema-aware: False)
2025-06-17 18:34:39,557 - cyberdata.scripts.generator - INFO - c:\Users\Tianyu Wang\Documents\Notebooks\cyberdata\src\cyberdata\process\synthetic_generator.py:841 - generate_parallel() - Task phishing_mal_89 contributed 5 samples
2025-06-17 18:34:42,550 - cyberdata.scripts.generator - INFO - c:\Users\Tianyu Wang\Documents\Notebooks\cyberdata\src\cyberdata\process\synthetic_generator.py:464 - execute_generation_task() - Task phishing_mal_92 completed: 5 unique samples (0 duplicates filtered) in 8.86s
2025-06-17 18:34:42,551 - cyberdata.scripts.generator - INFO - c:\Users\Tianyu Wang\Documents\Notebooks\cyberdata\src\cyberdata\process\synthetic_generator.py:418 - execute_generation_task() - Executing task phishing_mal_98 (attempt 1): 5 malicious samples (schema-aware: False)
2025-06-17 18:34:42,551 - cyberdata.scripts.generator - INFO - c:\Users\Tianyu Wang\Documents\Notebooks\cyberdata\src\cyberdata\process\synthetic_generator.py:841 - generate_parallel() - Task phishing_mal_92 contributed 5 samples
2025-06-17 18:34:43,957 - cyberdata.scripts.generator - INFO - c:\Users\Tianyu Wang\Documents\Notebooks\cyberdata\src\cyberdata\process\synthetic_generator.py:464 - execute_generation_task() - Task phishing_mal_91 completed: 5 unique samples (0 duplicates filtered) in 10.44s
2025-06-17 18:34:43,958 - cyberdata.scripts.generator - INFO - c:\Users\Tianyu Wang\Documents\Notebooks\cyberdata\src\cyberdata\process\synthetic_generator.py:418 - execute_generation_task() - Executing task phishing_mal_99 (attempt 1): 5 malicious samples (schema-aware: False)
2025-06-17 18:34:43,958 - cyberdata.scripts.generator - INFO - c:\Users\Tianyu Wang\Documents\Notebooks\cyberdata\src\cyberdata\process\synthetic_generator.py:841 - generate_parallel() - Task phishing_mal_91 contributed 5 samples
2025-06-17 18:34:44,937 - cyberdata.scripts.generator - INFO - c:\Users\Tianyu Wang\Documents\Notebooks\cyberdata\src\cyberdata\process\synthetic_generator.py:464 - execute_generation_task() - Task phishing_mal_94 completed: 5 unique samples (0 duplicates filtered) in 8.15s
2025-06-17 18:34:44,937 - cyberdata.scripts.generator - INFO - c:\Users\Tianyu Wang\Documents\Notebooks\cyberdata\src\cyberdata\process\synthetic_generator.py:418 - execute_generation_task() - Executing task phishing_ben_100 (attempt 1): 5 benign samples (schema-aware: False)
2025-06-17 18:34:44,938 - cyberdata.scripts.generator - INFO - c:\Users\Tianyu Wang\Documents\Notebooks\cyberdata\src\cyberdata\process\synthetic_generator.py:841 - generate_parallel() - Task phishing_mal_94 contributed 5 samples
2025-06-17 18:34:44,940 - cyberdata.scripts.generator - INFO - c:\Users\Tianyu Wang\Documents\Notebooks\cyberdata\src\cyberdata\process\synthetic_generator.py:464 - execute_generation_task() - Task phishing_mal_93 completed: 5 unique samples (0 duplicates filtered) in 8.83s
2025-06-17 18:34:44,942 - cyberdata.scripts.generator - INFO - c:\Users\Tianyu Wang\Documents\Notebooks\cyberdata\src\cyberdata\process\synthetic_generator.py:418 - execute_generation_task() - Executing task phishing_ben_101 (attempt 1): 5 benign samples (schema-aware: False)
2025-06-17 18:34:44,942 - cyberdata.scripts.generator - INFO - c:\Users\Tianyu Wang\Documents\Notebooks\cyberdata\src\cyberdata\process\synthetic_generator.py:841 - generate_parallel() - Task phishing_mal_93 contributed 5 samples
2025-06-17 18:34:46,562 - cyberdata.scripts.generator - INFO - c:\Users\Tianyu Wang\Documents\Notebooks\cyberdata\src\cyberdata\process\synthetic_generator.py:464 - execute_generation_task() - Task phishing_mal_90 completed: 5 unique samples (0 duplicates filtered) in 17.06s
2025-06-17 18:34:46,563 - cyberdata.scripts.generator - INFO - c:\Users\Tianyu Wang\Documents\Notebooks\cyberdata\src\cyberdata\process\synthetic_generator.py:418 - execute_generation_task() - Executing task phishing_ben_102 (attempt 1): 5 benign samples (schema-aware: False)
2025-06-17 18:34:46,563 - cyberdata.scripts.generator - INFO - c:\Users\Tianyu Wang\Documents\Notebooks\cyberdata\src\cyberdata\process\synthetic_generator.py:841 - generate_parallel() - Task phishing_mal_90 contributed 5 samples
2025-06-17 18:34:46,764 - cyberdata.scripts.generator - INFO - c:\Users\Tianyu Wang\Documents\Notebooks\cyberdata\src\cyberdata\process\synthetic_generator.py:464 - execute_generation_task() - Task phishing_mal_96 completed: 5 unique samples (0 duplicates filtered) in 8.82s
2025-06-17 18:34:46,765 - cyberdata.scripts.generator - INFO - c:\Users\Tianyu Wang\Documents\Notebooks\cyberdata\src\cyberdata\process\synthetic_generator.py:418 - execute_generation_task() - Executing task phishing_ben_103 (attempt 1): 5 benign samples (schema-aware: False)
2025-06-17 18:34:46,765 - cyberdata.scripts.generator - INFO - c:\Users\Tianyu Wang\Documents\Notebooks\cyberdata\src\cyberdata\process\synthetic_generator.py:841 - generate_parallel() - Task phishing_mal_96 contributed 5 samples
2025-06-17 18:34:46,897 - cyberdata.scripts.generator - INFO - c:\Users\Tianyu Wang\Documents\Notebooks\cyberdata\src\cyberdata\process\synthetic_generator.py:464 - execute_generation_task() - Task phishing_mal_95 completed: 5 unique samples (0 duplicates filtered) in 9.74s
2025-06-17 18:34:46,897 - cyberdata.scripts.generator - INFO - c:\Users\Tianyu Wang\Documents\Notebooks\cyberdata\src\cyberdata\process\synthetic_generator.py:418 - execute_generation_task() - Executing task phishing_ben_104 (attempt 1): 5 benign samples (schema-aware: False)
2025-06-17 18:34:46,898 - cyberdata.scripts.generator - INFO - c:\Users\Tianyu Wang\Documents\Notebooks\cyberdata\src\cyberdata\process\synthetic_generator.py:841 - generate_parallel() - Task phishing_mal_95 contributed 5 samples
2025-06-17 18:34:50,099 - cyberdata.scripts.generator - INFO - c:\Users\Tianyu Wang\Documents\Notebooks\cyberdata\src\cyberdata\process\synthetic_generator.py:464 - execute_generation_task() - Task phishing_mal_97 completed: 5 unique samples (0 duplicates filtered) in 10.54s
2025-06-17 18:34:50,102 - cyberdata.scripts.generator - INFO - c:\Users\Tianyu Wang\Documents\Notebooks\cyberdata\src\cyberdata\process\synthetic_generator.py:418 - execute_generation_task() - Executing task phishing_ben_105 (attempt 1): 5 benign samples (schema-aware: False)
2025-06-17 18:34:50,102 - cyberdata.scripts.generator - INFO - c:\Users\Tianyu Wang\Documents\Notebooks\cyberdata\src\cyberdata\process\synthetic_generator.py:841 - generate_parallel() - Task phishing_mal_97 contributed 5 samples
2025-06-17 18:34:52,734 - cyberdata.scripts.generator - INFO - c:\Users\Tianyu Wang\Documents\Notebooks\cyberdata\src\cyberdata\process\synthetic_generator.py:464 - execute_generation_task() - Task phishing_ben_100 completed: 5 unique samples (0 duplicates filtered) in 7.80s
2025-06-17 18:34:52,736 - cyberdata.scripts.generator - INFO - c:\Users\Tianyu Wang\Documents\Notebooks\cyberdata\src\cyberdata\process\synthetic_generator.py:418 - execute_generation_task() - Executing task phishing_ben_106 (attempt 1): 5 benign samples (schema-aware: False)
2025-06-17 18:34:52,736 - cyberdata.scripts.generator - INFO - c:\Users\Tianyu Wang\Documents\Notebooks\cyberdata\src\cyberdata\process\synthetic_generator.py:841 - generate_parallel() - Task phishing_ben_100 contributed 5 samples
2025-06-17 18:34:54,132 - cyberdata.scripts.generator - INFO - c:\Users\Tianyu Wang\Documents\Notebooks\cyberdata\src\cyberdata\process\synthetic_generator.py:464 - execute_generation_task() - Task phishing_mal_99 completed: 5 unique samples (0 duplicates filtered) in 10.17s
2025-06-17 18:34:54,133 - cyberdata.scripts.generator - INFO - c:\Users\Tianyu Wang\Documents\Notebooks\cyberdata\src\cyberdata\process\synthetic_generator.py:418 - execute_generation_task() - Executing task phishing_ben_107 (attempt 1): 5 benign samples (schema-aware: False)
2025-06-17 18:34:54,133 - cyberdata.scripts.generator - INFO - c:\Users\Tianyu Wang\Documents\Notebooks\cyberdata\src\cyberdata\process\synthetic_generator.py:841 - generate_parallel() - Task phishing_mal_99 contributed 5 samples
2025-06-17 18:34:54,500 - cyberdata.scripts.generator - INFO - c:\Users\Tianyu Wang\Documents\Notebooks\cyberdata\src\cyberdata\process\synthetic_generator.py:464 - execute_generation_task() - Task phishing_mal_98 completed: 5 unique samples (0 duplicates filtered) in 11.95s
2025-06-17 18:34:54,501 - cyberdata.scripts.generator - INFO - c:\Users\Tianyu Wang\Documents\Notebooks\cyberdata\src\cyberdata\process\synthetic_generator.py:418 - execute_generation_task() - Executing task phishing_ben_108 (attempt 1): 5 benign samples (schema-aware: False)
2025-06-17 18:34:54,501 - cyberdata.scripts.generator - INFO - c:\Users\Tianyu Wang\Documents\Notebooks\cyberdata\src\cyberdata\process\synthetic_generator.py:841 - generate_parallel() - Task phishing_mal_98 contributed 5 samples
2025-06-17 18:34:55,299 - cyberdata.scripts.generator - INFO - c:\Users\Tianyu Wang\Documents\Notebooks\cyberdata\src\cyberdata\process\synthetic_generator.py:464 - execute_generation_task() - Task phishing_ben_101 completed: 5 unique samples (0 duplicates filtered) in 10.36s
2025-06-17 18:34:55,300 - cyberdata.scripts.generator - INFO - c:\Users\Tianyu Wang\Documents\Notebooks\cyberdata\src\cyberdata\process\synthetic_generator.py:418 - execute_generation_task() - Executing task phishing_ben_109 (attempt 1): 5 benign samples (schema-aware: False)
2025-06-17 18:34:55,300 - cyberdata.scripts.generator - INFO - c:\Users\Tianyu Wang\Documents\Notebooks\cyberdata\src\cyberdata\process\synthetic_generator.py:841 - generate_parallel() - Task phishing_ben_101 contributed 5 samples
2025-06-17 18:34:55,333 - cyberdata.scripts.generator - INFO - c:\Users\Tianyu Wang\Documents\Notebooks\cyberdata\src\cyberdata\process\synthetic_generator.py:464 - execute_generation_task() - Task phishing_ben_104 completed: 5 unique samples (0 duplicates filtered) in 8.44s
2025-06-17 18:34:55,335 - cyberdata.scripts.generator - INFO - c:\Users\Tianyu Wang\Documents\Notebooks\cyberdata\src\cyberdata\process\synthetic_generator.py:418 - execute_generation_task() - Executing task phishing_ben_110 (attempt 1): 5 benign samples (schema-aware: False)
2025-06-17 18:34:55,335 - cyberdata.scripts.generator - INFO - c:\Users\Tianyu Wang\Documents\Notebooks\cyberdata\src\cyberdata\process\synthetic_generator.py:841 - generate_parallel() - Task phishing_ben_104 contributed 5 samples
2025-06-17 18:34:56,493 - cyberdata.scripts.generator - INFO - c:\Users\Tianyu Wang\Documents\Notebooks\cyberdata\src\cyberdata\process\synthetic_generator.py:464 - execute_generation_task() - Task phishing_ben_102 completed: 5 unique samples (0 duplicates filtered) in 9.93s
2025-06-17 18:34:56,494 - cyberdata.scripts.generator - INFO - c:\Users\Tianyu Wang\Documents\Notebooks\cyberdata\src\cyberdata\process\synthetic_generator.py:418 - execute_generation_task() - Executing task phishing_ben_111 (attempt 1): 5 benign samples (schema-aware: False)
2025-06-17 18:34:56,494 - cyberdata.scripts.generator - INFO - c:\Users\Tianyu Wang\Documents\Notebooks\cyberdata\src\cyberdata\process\synthetic_generator.py:841 - generate_parallel() - Task phishing_ben_102 contributed 5 samples
2025-06-17 18:34:58,073 - cyberdata.scripts.generator - INFO - c:\Users\Tianyu Wang\Documents\Notebooks\cyberdata\src\cyberdata\process\synthetic_generator.py:464 - execute_generation_task() - Task phishing_ben_105 completed: 5 unique samples (0 duplicates filtered) in 7.97s
2025-06-17 18:34:58,073 - cyberdata.scripts.generator - INFO - c:\Users\Tianyu Wang\Documents\Notebooks\cyberdata\src\cyberdata\process\synthetic_generator.py:418 - execute_generation_task() - Executing task phishing_ben_112 (attempt 1): 5 benign samples (schema-aware: False)
2025-06-17 18:34:58,073 - cyberdata.scripts.generator - INFO - c:\Users\Tianyu Wang\Documents\Notebooks\cyberdata\src\cyberdata\process\synthetic_generator.py:841 - generate_parallel() - Task phishing_ben_105 contributed 5 samples
2025-06-17 18:34:59,989 - cyberdata.scripts.generator - INFO - c:\Users\Tianyu Wang\Documents\Notebooks\cyberdata\src\cyberdata\process\synthetic_generator.py:464 - execute_generation_task() - Task phishing_ben_103 completed: 5 unique samples (0 duplicates filtered) in 13.22s
2025-06-17 18:34:59,990 - cyberdata.scripts.generator - INFO - c:\Users\Tianyu Wang\Documents\Notebooks\cyberdata\src\cyberdata\process\synthetic_generator.py:418 - execute_generation_task() - Executing task phishing_ben_113 (attempt 1): 5 benign samples (schema-aware: False)
2025-06-17 18:34:59,990 - cyberdata.scripts.generator - INFO - c:\Users\Tianyu Wang\Documents\Notebooks\cyberdata\src\cyberdata\process\synthetic_generator.py:841 - generate_parallel() - Task phishing_ben_103 contributed 5 samples
2025-06-17 18:35:00,972 - cyberdata.scripts.generator - INFO - c:\Users\Tianyu Wang\Documents\Notebooks\cyberdata\src\cyberdata\process\synthetic_generator.py:464 - execute_generation_task() - Task phishing_ben_108 completed: 5 unique samples (0 duplicates filtered) in 6.47s
2025-06-17 18:35:00,974 - cyberdata.scripts.generator - INFO - c:\Users\Tianyu Wang\Documents\Notebooks\cyberdata\src\cyberdata\process\synthetic_generator.py:418 - execute_generation_task() - Executing task phishing_ben_114 (attempt 1): 5 benign samples (schema-aware: False)
2025-06-17 18:35:00,974 - cyberdata.scripts.generator - INFO - c:\Users\Tianyu Wang\Documents\Notebooks\cyberdata\src\cyberdata\process\synthetic_generator.py:841 - generate_parallel() - Task phishing_ben_108 contributed 5 samples
2025-06-17 18:35:01,946 - cyberdata.scripts.generator - INFO - c:\Users\Tianyu Wang\Documents\Notebooks\cyberdata\src\cyberdata\process\synthetic_generator.py:464 - execute_generation_task() - Task phishing_ben_106 completed: 5 unique samples (0 duplicates filtered) in 9.21s
2025-06-17 18:35:01,947 - cyberdata.scripts.generator - INFO - c:\Users\Tianyu Wang\Documents\Notebooks\cyberdata\src\cyberdata\process\synthetic_generator.py:418 - execute_generation_task() - Executing task phishing_ben_115 (attempt 1): 5 benign samples (schema-aware: False)
2025-06-17 18:35:01,947 - cyberdata.scripts.generator - INFO - c:\Users\Tianyu Wang\Documents\Notebooks\cyberdata\src\cyberdata\process\synthetic_generator.py:841 - generate_parallel() - Task phishing_ben_106 contributed 5 samples
2025-06-17 18:35:02,356 - cyberdata.scripts.generator - INFO - c:\Users\Tianyu Wang\Documents\Notebooks\cyberdata\src\cyberdata\process\synthetic_generator.py:464 - execute_generation_task() - Task phishing_ben_109 completed: 5 unique samples (0 duplicates filtered) in 7.06s
2025-06-17 18:35:02,357 - cyberdata.scripts.generator - INFO - c:\Users\Tianyu Wang\Documents\Notebooks\cyberdata\src\cyberdata\process\synthetic_generator.py:418 - execute_generation_task() - Executing task phishing_ben_116 (attempt 1): 5 benign samples (schema-aware: False)
2025-06-17 18:35:02,357 - cyberdata.scripts.generator - INFO - c:\Users\Tianyu Wang\Documents\Notebooks\cyberdata\src\cyberdata\process\synthetic_generator.py:841 - generate_parallel() - Task phishing_ben_109 contributed 5 samples
2025-06-17 18:35:02,371 - cyberdata.scripts.generator - INFO - c:\Users\Tianyu Wang\Documents\Notebooks\cyberdata\src\cyberdata\process\synthetic_generator.py:464 - execute_generation_task() - Task phishing_ben_111 completed: 5 unique samples (0 duplicates filtered) in 5.88s
2025-06-17 18:35:02,371 - cyberdata.scripts.generator - INFO - c:\Users\Tianyu Wang\Documents\Notebooks\cyberdata\src\cyberdata\process\synthetic_generator.py:418 - execute_generation_task() - Executing task phishing_ben_117 (attempt 1): 5 benign samples (schema-aware: False)
2025-06-17 18:35:02,372 - cyberdata.scripts.generator - INFO - c:\Users\Tianyu Wang\Documents\Notebooks\cyberdata\src\cyberdata\process\synthetic_generator.py:841 - generate_parallel() - Task phishing_ben_111 contributed 5 samples
2025-06-17 18:35:04,410 - cyberdata.scripts.generator - INFO - c:\Users\Tianyu Wang\Documents\Notebooks\cyberdata\src\cyberdata\process\synthetic_generator.py:464 - execute_generation_task() - Task phishing_ben_107 completed: 5 unique samples (0 duplicates filtered) in 10.28s
2025-06-17 18:35:04,411 - cyberdata.scripts.generator - INFO - c:\Users\Tianyu Wang\Documents\Notebooks\cyberdata\src\cyberdata\process\synthetic_generator.py:418 - execute_generation_task() - Executing task phishing_ben_118 (attempt 1): 5 benign samples (schema-aware: False)
2025-06-17 18:35:04,411 - cyberdata.scripts.generator - INFO - c:\Users\Tianyu Wang\Documents\Notebooks\cyberdata\src\cyberdata\process\synthetic_generator.py:841 - generate_parallel() - Task phishing_ben_107 contributed 5 samples
2025-06-17 18:35:06,208 - cyberdata.scripts.generator - INFO - c:\Users\Tianyu Wang\Documents\Notebooks\cyberdata\src\cyberdata\process\synthetic_generator.py:464 - execute_generation_task() - Task phishing_ben_112 completed: 5 unique samples (0 duplicates filtered) in 8.14s
2025-06-17 18:35:06,210 - cyberdata.scripts.generator - INFO - c:\Users\Tianyu Wang\Documents\Notebooks\cyberdata\src\cyberdata\process\synthetic_generator.py:418 - execute_generation_task() - Executing task phishing_ben_119 (attempt 1): 5 benign samples (schema-aware: False)
2025-06-17 18:35:06,210 - cyberdata.scripts.generator - INFO - c:\Users\Tianyu Wang\Documents\Notebooks\cyberdata\src\cyberdata\process\synthetic_generator.py:841 - generate_parallel() - Task phishing_ben_112 contributed 5 samples
2025-06-17 18:35:09,903 - cyberdata.scripts.generator - INFO - c:\Users\Tianyu Wang\Documents\Notebooks\cyberdata\src\cyberdata\process\synthetic_generator.py:464 - execute_generation_task() - Task phishing_ben_114 completed: 5 unique samples (0 duplicates filtered) in 8.93s
2025-06-17 18:35:09,904 - cyberdata.scripts.generator - INFO - c:\Users\Tianyu Wang\Documents\Notebooks\cyberdata\src\cyberdata\process\synthetic_generator.py:418 - execute_generation_task() - Executing task phishing_ben_120 (attempt 1): 5 benign samples (schema-aware: False)
2025-06-17 18:35:09,904 - cyberdata.scripts.generator - INFO - c:\Users\Tianyu Wang\Documents\Notebooks\cyberdata\src\cyberdata\process\synthetic_generator.py:841 - generate_parallel() - Task phishing_ben_114 contributed 5 samples
2025-06-17 18:35:09,949 - cyberdata.scripts.generator - INFO - c:\Users\Tianyu Wang\Documents\Notebooks\cyberdata\src\cyberdata\process\synthetic_generator.py:464 - execute_generation_task() - Task phishing_ben_113 completed: 5 unique samples (0 duplicates filtered) in 9.96s
2025-06-17 18:35:09,949 - cyberdata.scripts.generator - INFO - c:\Users\Tianyu Wang\Documents\Notebooks\cyberdata\src\cyberdata\process\synthetic_generator.py:418 - execute_generation_task() - Executing task phishing_ben_121 (attempt 1): 5 benign samples (schema-aware: False)
2025-06-17 18:35:09,949 - cyberdata.scripts.generator - INFO - c:\Users\Tianyu Wang\Documents\Notebooks\cyberdata\src\cyberdata\process\synthetic_generator.py:841 - generate_parallel() - Task phishing_ben_113 contributed 5 samples
2025-06-17 18:35:10,056 - cyberdata.scripts.generator - INFO - c:\Users\Tianyu Wang\Documents\Notebooks\cyberdata\src\cyberdata\process\synthetic_generator.py:464 - execute_generation_task() - Task phishing_ben_110 completed: 5 unique samples (0 duplicates filtered) in 14.72s
2025-06-17 18:35:10,057 - cyberdata.scripts.generator - INFO - c:\Users\Tianyu Wang\Documents\Notebooks\cyberdata\src\cyberdata\process\synthetic_generator.py:418 - execute_generation_task() - Executing task phishing_ben_122 (attempt 1): 5 benign samples (schema-aware: False)
2025-06-17 18:35:10,057 - cyberdata.scripts.generator - INFO - c:\Users\Tianyu Wang\Documents\Notebooks\cyberdata\src\cyberdata\process\synthetic_generator.py:841 - generate_parallel() - Task phishing_ben_110 contributed 5 samples
2025-06-17 18:35:12,170 - cyberdata.scripts.generator - INFO - c:\Users\Tianyu Wang\Documents\Notebooks\cyberdata\src\cyberdata\process\synthetic_generator.py:464 - execute_generation_task() - Task phishing_ben_116 completed: 5 unique samples (0 duplicates filtered) in 9.81s
2025-06-17 18:35:12,171 - cyberdata.scripts.generator - INFO - c:\Users\Tianyu Wang\Documents\Notebooks\cyberdata\src\cyberdata\process\synthetic_generator.py:418 - execute_generation_task() - Executing task phishing_ben_123 (attempt 1): 5 benign samples (schema-aware: False)
2025-06-17 18:35:12,171 - cyberdata.scripts.generator - INFO - c:\Users\Tianyu Wang\Documents\Notebooks\cyberdata\src\cyberdata\process\synthetic_generator.py:841 - generate_parallel() - Task phishing_ben_116 contributed 5 samples
2025-06-17 18:35:15,681 - cyberdata.scripts.generator - INFO - c:\Users\Tianyu Wang\Documents\Notebooks\cyberdata\src\cyberdata\process\synthetic_generator.py:464 - execute_generation_task() - Task phishing_ben_117 completed: 5 unique samples (0 duplicates filtered) in 13.31s
2025-06-17 18:35:15,681 - cyberdata.scripts.generator - INFO - c:\Users\Tianyu Wang\Documents\Notebooks\cyberdata\src\cyberdata\process\synthetic_generator.py:418 - execute_generation_task() - Executing task phishing_ben_124 (attempt 1): 5 benign samples (schema-aware: False)
2025-06-17 18:35:15,682 - cyberdata.scripts.generator - INFO - c:\Users\Tianyu Wang\Documents\Notebooks\cyberdata\src\cyberdata\process\synthetic_generator.py:841 - generate_parallel() - Task phishing_ben_117 contributed 5 samples
2025-06-17 18:35:16,007 - cyberdata.scripts.generator - INFO - c:\Users\Tianyu Wang\Documents\Notebooks\cyberdata\src\cyberdata\process\synthetic_generator.py:464 - execute_generation_task() - Task phishing_ben_115 completed: 5 unique samples (0 duplicates filtered) in 14.06s
2025-06-17 18:35:16,008 - cyberdata.scripts.generator - INFO - c:\Users\Tianyu Wang\Documents\Notebooks\cyberdata\src\cyberdata\process\synthetic_generator.py:418 - execute_generation_task() - Executing task phishing_ben_125 (attempt 1): 5 benign samples (schema-aware: False)
2025-06-17 18:35:16,008 - cyberdata.scripts.generator - INFO - c:\Users\Tianyu Wang\Documents\Notebooks\cyberdata\src\cyberdata\process\synthetic_generator.py:841 - generate_parallel() - Task phishing_ben_115 contributed 5 samples
2025-06-17 18:35:17,777 - cyberdata.scripts.generator - INFO - c:\Users\Tianyu Wang\Documents\Notebooks\cyberdata\src\cyberdata\process\synthetic_generator.py:464 - execute_generation_task() - Task phishing_ben_118 completed: 5 unique samples (0 duplicates filtered) in 13.37s
2025-06-17 18:35:17,778 - cyberdata.scripts.generator - INFO - c:\Users\Tianyu Wang\Documents\Notebooks\cyberdata\src\cyberdata\process\synthetic_generator.py:418 - execute_generation_task() - Executing task phishing_ben_126 (attempt 1): 5 benign samples (schema-aware: False)
2025-06-17 18:35:17,778 - cyberdata.scripts.generator - INFO - c:\Users\Tianyu Wang\Documents\Notebooks\cyberdata\src\cyberdata\process\synthetic_generator.py:841 - generate_parallel() - Task phishing_ben_118 contributed 5 samples
2025-06-17 18:35:18,464 - cyberdata.scripts.generator - INFO - c:\Users\Tianyu Wang\Documents\Notebooks\cyberdata\src\cyberdata\process\synthetic_generator.py:464 - execute_generation_task() - Task phishing_ben_119 completed: 5 unique samples (0 duplicates filtered) in 12.25s
2025-06-17 18:35:18,467 - cyberdata.scripts.generator - INFO - c:\Users\Tianyu Wang\Documents\Notebooks\cyberdata\src\cyberdata\process\synthetic_generator.py:418 - execute_generation_task() - Executing task phishing_ben_127 (attempt 1): 5 benign samples (schema-aware: False)
2025-06-17 18:35:18,467 - cyberdata.scripts.generator - INFO - c:\Users\Tianyu Wang\Documents\Notebooks\cyberdata\src\cyberdata\process\synthetic_generator.py:841 - generate_parallel() - Task phishing_ben_119 contributed 5 samples
2025-06-17 18:35:20,213 - cyberdata.scripts.generator - INFO - c:\Users\Tianyu Wang\Documents\Notebooks\cyberdata\src\cyberdata\process\synthetic_generator.py:464 - execute_generation_task() - Task phishing_ben_122 completed: 5 unique samples (0 duplicates filtered) in 10.16s
2025-06-17 18:35:20,214 - cyberdata.scripts.generator - INFO - c:\Users\Tianyu Wang\Documents\Notebooks\cyberdata\src\cyberdata\process\synthetic_generator.py:418 - execute_generation_task() - Executing task phishing_ben_128 (attempt 1): 5 benign samples (schema-aware: False)
2025-06-17 18:35:20,214 - cyberdata.scripts.generator - INFO - c:\Users\Tianyu Wang\Documents\Notebooks\cyberdata\src\cyberdata\process\synthetic_generator.py:841 - generate_parallel() - Task phishing_ben_122 contributed 5 samples
2025-06-17 18:35:21,943 - cyberdata.scripts.generator - INFO - c:\Users\Tianyu Wang\Documents\Notebooks\cyberdata\src\cyberdata\process\synthetic_generator.py:464 - execute_generation_task() - Task phishing_ben_123 completed: 5 unique samples (0 duplicates filtered) in 9.77s
2025-06-17 18:35:21,944 - cyberdata.scripts.generator - INFO - c:\Users\Tianyu Wang\Documents\Notebooks\cyberdata\src\cyberdata\process\synthetic_generator.py:418 - execute_generation_task() - Executing task phishing_ben_129 (attempt 1): 5 benign samples (schema-aware: False)
2025-06-17 18:35:21,944 - cyberdata.scripts.generator - INFO - c:\Users\Tianyu Wang\Documents\Notebooks\cyberdata\src\cyberdata\process\synthetic_generator.py:841 - generate_parallel() - Task phishing_ben_123 contributed 5 samples
2025-06-17 18:35:22,203 - cyberdata.scripts.generator - INFO - c:\Users\Tianyu Wang\Documents\Notebooks\cyberdata\src\cyberdata\process\synthetic_generator.py:464 - execute_generation_task() - Task phishing_ben_120 completed: 5 unique samples (0 duplicates filtered) in 12.30s
2025-06-17 18:35:22,203 - cyberdata.scripts.generator - INFO - c:\Users\Tianyu Wang\Documents\Notebooks\cyberdata\src\cyberdata\process\synthetic_generator.py:418 - execute_generation_task() - Executing task phishing_ben_130 (attempt 1): 5 benign samples (schema-aware: False)
2025-06-17 18:35:22,203 - cyberdata.scripts.generator - INFO - c:\Users\Tianyu Wang\Documents\Notebooks\cyberdata\src\cyberdata\process\synthetic_generator.py:841 - generate_parallel() - Task phishing_ben_120 contributed 5 samples
2025-06-17 18:35:25,129 - cyberdata.scripts.generator - INFO - c:\Users\Tianyu Wang\Documents\Notebooks\cyberdata\src\cyberdata\process\synthetic_generator.py:464 - execute_generation_task() - Task phishing_ben_124 completed: 5 unique samples (0 duplicates filtered) in 9.45s
2025-06-17 18:35:25,131 - cyberdata.scripts.generator - INFO - c:\Users\Tianyu Wang\Documents\Notebooks\cyberdata\src\cyberdata\process\synthetic_generator.py:418 - execute_generation_task() - Executing task phishing_ben_131 (attempt 1): 5 benign samples (schema-aware: False)
2025-06-17 18:35:25,131 - cyberdata.scripts.generator - INFO - c:\Users\Tianyu Wang\Documents\Notebooks\cyberdata\src\cyberdata\process\synthetic_generator.py:841 - generate_parallel() - Task phishing_ben_124 contributed 5 samples
2025-06-17 18:35:25,820 - cyberdata.scripts.generator - INFO - c:\Users\Tianyu Wang\Documents\Notebooks\cyberdata\src\cyberdata\process\synthetic_generator.py:464 - execute_generation_task() - Task phishing_ben_125 completed: 5 unique samples (0 duplicates filtered) in 9.81s
2025-06-17 18:35:25,821 - cyberdata.scripts.generator - INFO - c:\Users\Tianyu Wang\Documents\Notebooks\cyberdata\src\cyberdata\process\synthetic_generator.py:418 - execute_generation_task() - Executing task phishing_ben_132 (attempt 1): 5 benign samples (schema-aware: False)
2025-06-17 18:35:25,822 - cyberdata.scripts.generator - INFO - c:\Users\Tianyu Wang\Documents\Notebooks\cyberdata\src\cyberdata\process\synthetic_generator.py:841 - generate_parallel() - Task phishing_ben_125 contributed 5 samples
2025-06-17 18:35:26,450 - cyberdata.scripts.generator - INFO - c:\Users\Tianyu Wang\Documents\Notebooks\cyberdata\src\cyberdata\process\synthetic_generator.py:464 - execute_generation_task() - Task phishing_ben_121 completed: 5 unique samples (0 duplicates filtered) in 16.50s
2025-06-17 18:35:26,451 - cyberdata.scripts.generator - INFO - c:\Users\Tianyu Wang\Documents\Notebooks\cyberdata\src\cyberdata\process\synthetic_generator.py:418 - execute_generation_task() - Executing task phishing_ben_133 (attempt 1): 5 benign samples (schema-aware: False)
2025-06-17 18:35:26,451 - cyberdata.scripts.generator - INFO - c:\Users\Tianyu Wang\Documents\Notebooks\cyberdata\src\cyberdata\process\synthetic_generator.py:841 - generate_parallel() - Task phishing_ben_121 contributed 5 samples
2025-06-17 18:35:26,494 - cyberdata.scripts.generator - INFO - c:\Users\Tianyu Wang\Documents\Notebooks\cyberdata\src\cyberdata\process\synthetic_generator.py:464 - execute_generation_task() - Task phishing_ben_127 completed: 5 unique samples (0 duplicates filtered) in 8.03s
2025-06-17 18:35:26,497 - cyberdata.scripts.generator - INFO - c:\Users\Tianyu Wang\Documents\Notebooks\cyberdata\src\cyberdata\process\synthetic_generator.py:418 - execute_generation_task() - Executing task phishing_ben_134 (attempt 1): 5 benign samples (schema-aware: False)
2025-06-17 18:35:26,497 - cyberdata.scripts.generator - INFO - c:\Users\Tianyu Wang\Documents\Notebooks\cyberdata\src\cyberdata\process\synthetic_generator.py:841 - generate_parallel() - Task phishing_ben_127 contributed 5 samples
2025-06-17 18:35:33,412 - cyberdata.scripts.generator - INFO - c:\Users\Tianyu Wang\Documents\Notebooks\cyberdata\src\cyberdata\process\synthetic_generator.py:464 - execute_generation_task() - Task phishing_ben_126 completed: 5 unique samples (0 duplicates filtered) in 15.63s
2025-06-17 18:35:33,413 - cyberdata.scripts.generator - INFO - c:\Users\Tianyu Wang\Documents\Notebooks\cyberdata\src\cyberdata\process\synthetic_generator.py:418 - execute_generation_task() - Executing task phishing_ben_135 (attempt 1): 5 benign samples (schema-aware: False)
2025-06-17 18:35:33,414 - cyberdata.scripts.generator - INFO - c:\Users\Tianyu Wang\Documents\Notebooks\cyberdata\src\cyberdata\process\synthetic_generator.py:841 - generate_parallel() - Task phishing_ben_126 contributed 5 samples
2025-06-17 18:35:33,986 - cyberdata.scripts.generator - INFO - c:\Users\Tianyu Wang\Documents\Notebooks\cyberdata\src\cyberdata\process\synthetic_generator.py:464 - execute_generation_task() - Task phishing_ben_128 completed: 5 unique samples (0 duplicates filtered) in 13.77s
2025-06-17 18:35:33,988 - cyberdata.scripts.generator - INFO - c:\Users\Tianyu Wang\Documents\Notebooks\cyberdata\src\cyberdata\process\synthetic_generator.py:418 - execute_generation_task() - Executing task phishing_ben_136 (attempt 1): 5 benign samples (schema-aware: False)
2025-06-17 18:35:33,988 - cyberdata.scripts.generator - INFO - c:\Users\Tianyu Wang\Documents\Notebooks\cyberdata\src\cyberdata\process\synthetic_generator.py:841 - generate_parallel() - Task phishing_ben_128 contributed 5 samples
2025-06-17 18:35:35,349 - cyberdata.scripts.generator - INFO - c:\Users\Tianyu Wang\Documents\Notebooks\cyberdata\src\cyberdata\process\synthetic_generator.py:464 - execute_generation_task() - Task phishing_ben_130 completed: 5 unique samples (0 duplicates filtered) in 13.15s
2025-06-17 18:35:35,351 - cyberdata.scripts.generator - INFO - c:\Users\Tianyu Wang\Documents\Notebooks\cyberdata\src\cyberdata\process\synthetic_generator.py:418 - execute_generation_task() - Executing task phishing_ben_137 (attempt 1): 5 benign samples (schema-aware: False)
2025-06-17 18:35:35,352 - cyberdata.scripts.generator - INFO - c:\Users\Tianyu Wang\Documents\Notebooks\cyberdata\src\cyberdata\process\synthetic_generator.py:841 - generate_parallel() - Task phishing_ben_130 contributed 5 samples
2025-06-17 18:35:35,691 - cyberdata.scripts.generator - INFO - c:\Users\Tianyu Wang\Documents\Notebooks\cyberdata\src\cyberdata\process\synthetic_generator.py:464 - execute_generation_task() - Task phishing_ben_129 completed: 5 unique samples (0 duplicates filtered) in 13.75s
2025-06-17 18:35:35,691 - cyberdata.scripts.generator - INFO - c:\Users\Tianyu Wang\Documents\Notebooks\cyberdata\src\cyberdata\process\synthetic_generator.py:418 - execute_generation_task() - Executing task phishing_ben_138 (attempt 1): 5 benign samples (schema-aware: False)
2025-06-17 18:35:35,692 - cyberdata.scripts.generator - INFO - c:\Users\Tianyu Wang\Documents\Notebooks\cyberdata\src\cyberdata\process\synthetic_generator.py:841 - generate_parallel() - Task phishing_ben_129 contributed 5 samples
2025-06-17 18:35:41,445 - cyberdata.scripts.generator - INFO - c:\Users\Tianyu Wang\Documents\Notebooks\cyberdata\src\cyberdata\process\synthetic_generator.py:464 - execute_generation_task() - Task phishing_ben_134 completed: 5 unique samples (0 duplicates filtered) in 14.95s
2025-06-17 18:35:41,448 - cyberdata.scripts.generator - INFO - c:\Users\Tianyu Wang\Documents\Notebooks\cyberdata\src\cyberdata\process\synthetic_generator.py:418 - execute_generation_task() - Executing task phishing_ben_139 (attempt 1): 5 benign samples (schema-aware: False)
2025-06-17 18:35:41,448 - cyberdata.scripts.generator - INFO - c:\Users\Tianyu Wang\Documents\Notebooks\cyberdata\src\cyberdata\process\synthetic_generator.py:841 - generate_parallel() - Task phishing_ben_134 contributed 5 samples
2025-06-17 18:35:41,911 - cyberdata.scripts.generator - INFO - c:\Users\Tianyu Wang\Documents\Notebooks\cyberdata\src\cyberdata\process\synthetic_generator.py:464 - execute_generation_task() - Task phishing_ben_132 completed: 5 unique samples (0 duplicates filtered) in 16.09s
2025-06-17 18:35:41,911 - cyberdata.scripts.generator - INFO - c:\Users\Tianyu Wang\Documents\Notebooks\cyberdata\src\cyberdata\process\synthetic_generator.py:418 - execute_generation_task() - Executing task phishing_ben_140 (attempt 1): 5 benign samples (schema-aware: False)
2025-06-17 18:35:41,912 - cyberdata.scripts.generator - INFO - c:\Users\Tianyu Wang\Documents\Notebooks\cyberdata\src\cyberdata\process\synthetic_generator.py:841 - generate_parallel() - Task phishing_ben_132 contributed 5 samples
2025-06-17 18:35:44,357 - cyberdata.scripts.generator - INFO - c:\Users\Tianyu Wang\Documents\Notebooks\cyberdata\src\cyberdata\process\synthetic_generator.py:464 - execute_generation_task() - Task phishing_ben_131 completed: 5 unique samples (0 duplicates filtered) in 19.23s
2025-06-17 18:35:44,357 - cyberdata.scripts.generator - INFO - c:\Users\Tianyu Wang\Documents\Notebooks\cyberdata\src\cyberdata\process\synthetic_generator.py:418 - execute_generation_task() - Executing task phishing_ben_141 (attempt 1): 5 benign samples (schema-aware: False)
2025-06-17 18:35:44,357 - cyberdata.scripts.generator - INFO - c:\Users\Tianyu Wang\Documents\Notebooks\cyberdata\src\cyberdata\process\synthetic_generator.py:841 - generate_parallel() - Task phishing_ben_131 contributed 5 samples
2025-06-17 18:35:45,951 - cyberdata.scripts.generator - INFO - c:\Users\Tianyu Wang\Documents\Notebooks\cyberdata\src\cyberdata\process\synthetic_generator.py:464 - execute_generation_task() - Task phishing_ben_133 completed: 5 unique samples (0 duplicates filtered) in 19.50s
2025-06-17 18:35:45,952 - cyberdata.scripts.generator - INFO - c:\Users\Tianyu Wang\Documents\Notebooks\cyberdata\src\cyberdata\process\synthetic_generator.py:418 - execute_generation_task() - Executing task phishing_ben_142 (attempt 1): 5 benign samples (schema-aware: False)
2025-06-17 18:35:45,952 - cyberdata.scripts.generator - INFO - c:\Users\Tianyu Wang\Documents\Notebooks\cyberdata\src\cyberdata\process\synthetic_generator.py:841 - generate_parallel() - Task phishing_ben_133 contributed 5 samples
2025-06-17 18:35:46,061 - cyberdata.scripts.generator - INFO - c:\Users\Tianyu Wang\Documents\Notebooks\cyberdata\src\cyberdata\process\synthetic_generator.py:464 - execute_generation_task() - Task phishing_ben_135 completed: 5 unique samples (0 duplicates filtered) in 12.65s
2025-06-17 18:35:46,062 - cyberdata.scripts.generator - INFO - c:\Users\Tianyu Wang\Documents\Notebooks\cyberdata\src\cyberdata\process\synthetic_generator.py:418 - execute_generation_task() - Executing task phishing_ben_143 (attempt 1): 5 benign samples (schema-aware: False)
2025-06-17 18:35:46,062 - cyberdata.scripts.generator - INFO - c:\Users\Tianyu Wang\Documents\Notebooks\cyberdata\src\cyberdata\process\synthetic_generator.py:841 - generate_parallel() - Task phishing_ben_135 contributed 5 samples
2025-06-17 18:35:48,889 - cyberdata.scripts.generator - INFO - c:\Users\Tianyu Wang\Documents\Notebooks\cyberdata\src\cyberdata\process\synthetic_generator.py:464 - execute_generation_task() - Task phishing_ben_136 completed: 5 unique samples (0 duplicates filtered) in 14.90s
2025-06-17 18:35:48,890 - cyberdata.scripts.generator - INFO - c:\Users\Tianyu Wang\Documents\Notebooks\cyberdata\src\cyberdata\process\synthetic_generator.py:418 - execute_generation_task() - Executing task phishing_ben_144 (attempt 1): 5 benign samples (schema-aware: False)
2025-06-17 18:35:48,890 - cyberdata.scripts.generator - INFO - c:\Users\Tianyu Wang\Documents\Notebooks\cyberdata\src\cyberdata\process\synthetic_generator.py:841 - generate_parallel() - Task phishing_ben_136 contributed 5 samples
2025-06-17 18:35:48,971 - cyberdata.scripts.generator - INFO - c:\Users\Tianyu Wang\Documents\Notebooks\cyberdata\src\cyberdata\process\synthetic_generator.py:464 - execute_generation_task() - Task phishing_ben_138 completed: 5 unique samples (0 duplicates filtered) in 13.28s
2025-06-17 18:35:48,972 - cyberdata.scripts.generator - INFO - c:\Users\Tianyu Wang\Documents\Notebooks\cyberdata\src\cyberdata\process\synthetic_generator.py:418 - execute_generation_task() - Executing task phishing_ben_145 (attempt 1): 5 benign samples (schema-aware: False)
2025-06-17 18:35:48,972 - cyberdata.scripts.generator - INFO - c:\Users\Tianyu Wang\Documents\Notebooks\cyberdata\src\cyberdata\process\synthetic_generator.py:841 - generate_parallel() - Task phishing_ben_138 contributed 5 samples
2025-06-17 18:35:50,962 - cyberdata.scripts.generator - INFO - c:\Users\Tianyu Wang\Documents\Notebooks\cyberdata\src\cyberdata\process\synthetic_generator.py:464 - execute_generation_task() - Task phishing_ben_137 completed: 5 unique samples (0 duplicates filtered) in 15.61s
2025-06-17 18:35:50,963 - cyberdata.scripts.generator - INFO - c:\Users\Tianyu Wang\Documents\Notebooks\cyberdata\src\cyberdata\process\synthetic_generator.py:418 - execute_generation_task() - Executing task phishing_ben_146 (attempt 1): 5 benign samples (schema-aware: False)
2025-06-17 18:35:50,963 - cyberdata.scripts.generator - INFO - c:\Users\Tianyu Wang\Documents\Notebooks\cyberdata\src\cyberdata\process\synthetic_generator.py:841 - generate_parallel() - Task phishing_ben_137 contributed 5 samples
2025-06-17 18:35:51,505 - cyberdata.scripts.generator - INFO - c:\Users\Tianyu Wang\Documents\Notebooks\cyberdata\src\cyberdata\process\synthetic_generator.py:464 - execute_generation_task() - Task phishing_ben_140 completed: 5 unique samples (0 duplicates filtered) in 9.59s
2025-06-17 18:35:51,507 - cyberdata.scripts.generator - INFO - c:\Users\Tianyu Wang\Documents\Notebooks\cyberdata\src\cyberdata\process\synthetic_generator.py:418 - execute_generation_task() - Executing task phishing_ben_147 (attempt 1): 5 benign samples (schema-aware: False)
2025-06-17 18:35:51,507 - cyberdata.scripts.generator - INFO - c:\Users\Tianyu Wang\Documents\Notebooks\cyberdata\src\cyberdata\process\synthetic_generator.py:841 - generate_parallel() - Task phishing_ben_140 contributed 5 samples
2025-06-17 18:35:51,729 - cyberdata.scripts.generator - INFO - c:\Users\Tianyu Wang\Documents\Notebooks\cyberdata\src\cyberdata\process\synthetic_generator.py:464 - execute_generation_task() - Task phishing_ben_141 completed: 4 unique samples (1 duplicates filtered) in 7.37s
2025-06-17 18:35:51,730 - cyberdata.scripts.generator - INFO - c:\Users\Tianyu Wang\Documents\Notebooks\cyberdata\src\cyberdata\process\synthetic_generator.py:418 - execute_generation_task() - Executing task phishing_ben_148 (attempt 1): 5 benign samples (schema-aware: False)
2025-06-17 18:35:51,731 - cyberdata.scripts.generator - INFO - c:\Users\Tianyu Wang\Documents\Notebooks\cyberdata\src\cyberdata\process\synthetic_generator.py:841 - generate_parallel() - Task phishing_ben_141 contributed 4 samples
2025-06-17 18:35:55,855 - cyberdata.scripts.generator - INFO - c:\Users\Tianyu Wang\Documents\Notebooks\cyberdata\src\cyberdata\process\synthetic_generator.py:464 - execute_generation_task() - Task phishing_ben_139 completed: 5 unique samples (0 duplicates filtered) in 14.41s
2025-06-17 18:35:55,857 - cyberdata.scripts.generator - INFO - c:\Users\Tianyu Wang\Documents\Notebooks\cyberdata\src\cyberdata\process\synthetic_generator.py:418 - execute_generation_task() - Executing task phishing_ben_149 (attempt 1): 5 benign samples (schema-aware: False)
2025-06-17 18:35:55,857 - cyberdata.scripts.generator - INFO - c:\Users\Tianyu Wang\Documents\Notebooks\cyberdata\src\cyberdata\process\synthetic_generator.py:841 - generate_parallel() - Task phishing_ben_139 contributed 5 samples
2025-06-17 18:35:56,505 - cyberdata.scripts.generator - INFO - c:\Users\Tianyu Wang\Documents\Notebooks\cyberdata\src\cyberdata\process\synthetic_generator.py:464 - execute_generation_task() - Task phishing_ben_143 completed: 5 unique samples (0 duplicates filtered) in 10.44s
2025-06-17 18:35:56,506 - cyberdata.scripts.generator - INFO - c:\Users\Tianyu Wang\Documents\Notebooks\cyberdata\src\cyberdata\process\synthetic_generator.py:418 - execute_generation_task() - Executing task phishing_ben_150 (attempt 1): 5 benign samples (schema-aware: False)
2025-06-17 18:35:56,506 - cyberdata.scripts.generator - INFO - c:\Users\Tianyu Wang\Documents\Notebooks\cyberdata\src\cyberdata\process\synthetic_generator.py:841 - generate_parallel() - Task phishing_ben_143 contributed 5 samples
2025-06-17 18:35:56,621 - cyberdata.scripts.generator - INFO - c:\Users\Tianyu Wang\Documents\Notebooks\cyberdata\src\cyberdata\process\synthetic_generator.py:464 - execute_generation_task() - Task phishing_ben_142 completed: 5 unique samples (0 duplicates filtered) in 10.67s
2025-06-17 18:35:56,622 - cyberdata.scripts.generator - INFO - c:\Users\Tianyu Wang\Documents\Notebooks\cyberdata\src\cyberdata\process\synthetic_generator.py:418 - execute_generation_task() - Executing task phishing_ben_151 (attempt 1): 5 benign samples (schema-aware: False)
2025-06-17 18:35:56,622 - cyberdata.scripts.generator - INFO - c:\Users\Tianyu Wang\Documents\Notebooks\cyberdata\src\cyberdata\process\synthetic_generator.py:841 - generate_parallel() - Task phishing_ben_142 contributed 5 samples
2025-06-17 18:36:00,024 - cyberdata.scripts.generator - INFO - c:\Users\Tianyu Wang\Documents\Notebooks\cyberdata\src\cyberdata\process\synthetic_generator.py:464 - execute_generation_task() - Task phishing_ben_147 completed: 5 unique samples (0 duplicates filtered) in 8.52s
2025-06-17 18:36:00,025 - cyberdata.scripts.generator - INFO - c:\Users\Tianyu Wang\Documents\Notebooks\cyberdata\src\cyberdata\process\synthetic_generator.py:418 - execute_generation_task() - Executing task phishing_ben_152 (attempt 1): 5 benign samples (schema-aware: False)
2025-06-17 18:36:00,025 - cyberdata.scripts.generator - INFO - c:\Users\Tianyu Wang\Documents\Notebooks\cyberdata\src\cyberdata\process\synthetic_generator.py:841 - generate_parallel() - Task phishing_ben_147 contributed 5 samples
2025-06-17 18:36:02,849 - cyberdata.scripts.generator - INFO - c:\Users\Tianyu Wang\Documents\Notebooks\cyberdata\src\cyberdata\process\synthetic_generator.py:464 - execute_generation_task() - Task phishing_ben_144 completed: 5 unique samples (0 duplicates filtered) in 13.96s
2025-06-17 18:36:02,849 - cyberdata.scripts.generator - INFO - c:\Users\Tianyu Wang\Documents\Notebooks\cyberdata\src\cyberdata\process\synthetic_generator.py:418 - execute_generation_task() - Executing task phishing_ben_153 (attempt 1): 5 benign samples (schema-aware: False)
2025-06-17 18:36:02,849 - cyberdata.scripts.generator - INFO - c:\Users\Tianyu Wang\Documents\Notebooks\cyberdata\src\cyberdata\process\synthetic_generator.py:841 - generate_parallel() - Task phishing_ben_144 contributed 5 samples
2025-06-17 18:36:03,495 - cyberdata.scripts.generator - INFO - c:\Users\Tianyu Wang\Documents\Notebooks\cyberdata\src\cyberdata\process\synthetic_generator.py:464 - execute_generation_task() - Task phishing_ben_145 completed: 5 unique samples (0 duplicates filtered) in 14.52s
2025-06-17 18:36:03,496 - cyberdata.scripts.generator - INFO - c:\Users\Tianyu Wang\Documents\Notebooks\cyberdata\src\cyberdata\process\synthetic_generator.py:418 - execute_generation_task() - Executing task phishing_ben_154 (attempt 1): 5 benign samples (schema-aware: False)
2025-06-17 18:36:03,496 - cyberdata.scripts.generator - INFO - c:\Users\Tianyu Wang\Documents\Notebooks\cyberdata\src\cyberdata\process\synthetic_generator.py:841 - generate_parallel() - Task phishing_ben_145 contributed 5 samples
2025-06-17 18:36:04,817 - cyberdata.scripts.generator - INFO - c:\Users\Tianyu Wang\Documents\Notebooks\cyberdata\src\cyberdata\process\synthetic_generator.py:464 - execute_generation_task() - Task phishing_ben_150 completed: 5 unique samples (0 duplicates filtered) in 8.31s
2025-06-17 18:36:04,819 - cyberdata.scripts.generator - INFO - c:\Users\Tianyu Wang\Documents\Notebooks\cyberdata\src\cyberdata\process\synthetic_generator.py:418 - execute_generation_task() - Executing task phishing_ben_155 (attempt 1): 5 benign samples (schema-aware: False)
2025-06-17 18:36:04,819 - cyberdata.scripts.generator - INFO - c:\Users\Tianyu Wang\Documents\Notebooks\cyberdata\src\cyberdata\process\synthetic_generator.py:841 - generate_parallel() - Task phishing_ben_150 contributed 5 samples
2025-06-17 18:36:06,112 - cyberdata.scripts.generator - INFO - c:\Users\Tianyu Wang\Documents\Notebooks\cyberdata\src\cyberdata\process\synthetic_generator.py:464 - execute_generation_task() - Task phishing_ben_151 completed: 5 unique samples (0 duplicates filtered) in 9.49s
2025-06-17 18:36:06,113 - cyberdata.scripts.generator - INFO - c:\Users\Tianyu Wang\Documents\Notebooks\cyberdata\src\cyberdata\process\synthetic_generator.py:418 - execute_generation_task() - Executing task phishing_ben_156 (attempt 1): 5 benign samples (schema-aware: False)
2025-06-17 18:36:06,113 - cyberdata.scripts.generator - INFO - c:\Users\Tianyu Wang\Documents\Notebooks\cyberdata\src\cyberdata\process\synthetic_generator.py:841 - generate_parallel() - Task phishing_ben_151 contributed 5 samples
2025-06-17 18:36:08,206 - cyberdata.scripts.generator - INFO - c:\Users\Tianyu Wang\Documents\Notebooks\cyberdata\src\cyberdata\process\synthetic_generator.py:464 - execute_generation_task() - Task phishing_ben_148 completed: 5 unique samples (0 duplicates filtered) in 16.48s
2025-06-17 18:36:08,207 - cyberdata.scripts.generator - INFO - c:\Users\Tianyu Wang\Documents\Notebooks\cyberdata\src\cyberdata\process\synthetic_generator.py:418 - execute_generation_task() - Executing task phishing_ben_157 (attempt 1): 5 benign samples (schema-aware: False)
2025-06-17 18:36:08,207 - cyberdata.scripts.generator - INFO - c:\Users\Tianyu Wang\Documents\Notebooks\cyberdata\src\cyberdata\process\synthetic_generator.py:841 - generate_parallel() - Task phishing_ben_148 contributed 5 samples
2025-06-17 18:36:08,428 - cyberdata.scripts.generator - INFO - c:\Users\Tianyu Wang\Documents\Notebooks\cyberdata\src\cyberdata\process\synthetic_generator.py:464 - execute_generation_task() - Task phishing_ben_149 completed: 5 unique samples (0 duplicates filtered) in 12.57s
2025-06-17 18:36:08,428 - cyberdata.scripts.generator - INFO - c:\Users\Tianyu Wang\Documents\Notebooks\cyberdata\src\cyberdata\process\synthetic_generator.py:418 - execute_generation_task() - Executing task phishing_ben_158 (attempt 1): 5 benign samples (schema-aware: False)
2025-06-17 18:36:08,428 - cyberdata.scripts.generator - INFO - c:\Users\Tianyu Wang\Documents\Notebooks\cyberdata\src\cyberdata\process\synthetic_generator.py:841 - generate_parallel() - Task phishing_ben_149 contributed 5 samples
2025-06-17 18:36:10,128 - cyberdata.scripts.generator - INFO - c:\Users\Tianyu Wang\Documents\Notebooks\cyberdata\src\cyberdata\process\synthetic_generator.py:464 - execute_generation_task() - Task phishing_ben_152 completed: 5 unique samples (0 duplicates filtered) in 10.10s
2025-06-17 18:36:10,129 - cyberdata.scripts.generator - INFO - c:\Users\Tianyu Wang\Documents\Notebooks\cyberdata\src\cyberdata\process\synthetic_generator.py:418 - execute_generation_task() - Executing task phishing_ben_159 (attempt 1): 5 benign samples (schema-aware: False)
2025-06-17 18:36:10,129 - cyberdata.scripts.generator - INFO - c:\Users\Tianyu Wang\Documents\Notebooks\cyberdata\src\cyberdata\process\synthetic_generator.py:841 - generate_parallel() - Task phishing_ben_152 contributed 5 samples
2025-06-17 18:36:14,388 - cyberdata.scripts.generator - INFO - c:\Users\Tianyu Wang\Documents\Notebooks\cyberdata\src\cyberdata\process\synthetic_generator.py:464 - execute_generation_task() - Task phishing_ben_153 completed: 5 unique samples (0 duplicates filtered) in 11.54s
2025-06-17 18:36:14,389 - cyberdata.scripts.generator - INFO - c:\Users\Tianyu Wang\Documents\Notebooks\cyberdata\src\cyberdata\process\synthetic_generator.py:418 - execute_generation_task() - Executing task phishing_ben_160 (attempt 1): 5 benign samples (schema-aware: False)
2025-06-17 18:36:14,389 - cyberdata.scripts.generator - INFO - c:\Users\Tianyu Wang\Documents\Notebooks\cyberdata\src\cyberdata\process\synthetic_generator.py:841 - generate_parallel() - Task phishing_ben_153 contributed 5 samples
2025-06-17 18:36:14,984 - cyberdata.scripts.generator - INFO - c:\Users\Tianyu Wang\Documents\Notebooks\cyberdata\src\cyberdata\process\synthetic_generator.py:464 - execute_generation_task() - Task phishing_ben_155 completed: 5 unique samples (0 duplicates filtered) in 10.16s
2025-06-17 18:36:14,985 - cyberdata.scripts.generator - INFO - c:\Users\Tianyu Wang\Documents\Notebooks\cyberdata\src\cyberdata\process\synthetic_generator.py:418 - execute_generation_task() - Executing task phishing_ben_161 (attempt 1): 5 benign samples (schema-aware: False)
2025-06-17 18:36:14,985 - cyberdata.scripts.generator - INFO - c:\Users\Tianyu Wang\Documents\Notebooks\cyberdata\src\cyberdata\process\synthetic_generator.py:841 - generate_parallel() - Task phishing_ben_155 contributed 5 samples
2025-06-17 18:36:17,857 - cyberdata.scripts.generator - INFO - c:\Users\Tianyu Wang\Documents\Notebooks\cyberdata\src\cyberdata\process\synthetic_generator.py:464 - execute_generation_task() - Task phishing_ben_146 completed: 5 unique samples (0 duplicates filtered) in 26.89s
2025-06-17 18:36:17,858 - cyberdata.scripts.generator - INFO - c:\Users\Tianyu Wang\Documents\Notebooks\cyberdata\src\cyberdata\process\synthetic_generator.py:418 - execute_generation_task() - Executing task phishing_ben_162 (attempt 1): 5 benign samples (schema-aware: False)
2025-06-17 18:36:17,858 - cyberdata.scripts.generator - INFO - c:\Users\Tianyu Wang\Documents\Notebooks\cyberdata\src\cyberdata\process\synthetic_generator.py:841 - generate_parallel() - Task phishing_ben_146 contributed 5 samples
2025-06-17 18:36:18,624 - cyberdata.scripts.generator - INFO - c:\Users\Tianyu Wang\Documents\Notebooks\cyberdata\src\cyberdata\process\synthetic_generator.py:464 - execute_generation_task() - Task phishing_ben_158 completed: 5 unique samples (0 duplicates filtered) in 10.20s
2025-06-17 18:36:18,625 - cyberdata.scripts.generator - INFO - c:\Users\Tianyu Wang\Documents\Notebooks\cyberdata\src\cyberdata\process\synthetic_generator.py:418 - execute_generation_task() - Executing task phishing_ben_163 (attempt 1): 5 benign samples (schema-aware: False)
2025-06-17 18:36:18,625 - cyberdata.scripts.generator - INFO - c:\Users\Tianyu Wang\Documents\Notebooks\cyberdata\src\cyberdata\process\synthetic_generator.py:841 - generate_parallel() - Task phishing_ben_158 contributed 5 samples
2025-06-17 18:36:18,727 - cyberdata.scripts.generator - INFO - c:\Users\Tianyu Wang\Documents\Notebooks\cyberdata\src\cyberdata\process\synthetic_generator.py:464 - execute_generation_task() - Task phishing_ben_156 completed: 5 unique samples (0 duplicates filtered) in 12.61s
2025-06-17 18:36:18,729 - cyberdata.scripts.generator - INFO - c:\Users\Tianyu Wang\Documents\Notebooks\cyberdata\src\cyberdata\process\synthetic_generator.py:418 - execute_generation_task() - Executing task phishing_ben_164 (attempt 1): 5 benign samples (schema-aware: False)
2025-06-17 18:36:18,730 - cyberdata.scripts.generator - INFO - c:\Users\Tianyu Wang\Documents\Notebooks\cyberdata\src\cyberdata\process\synthetic_generator.py:841 - generate_parallel() - Task phishing_ben_156 contributed 5 samples
2025-06-17 18:36:19,916 - cyberdata.scripts.generator - INFO - c:\Users\Tianyu Wang\Documents\Notebooks\cyberdata\src\cyberdata\process\synthetic_generator.py:464 - execute_generation_task() - Task phishing_ben_154 completed: 5 unique samples (0 duplicates filtered) in 16.42s
2025-06-17 18:36:19,916 - cyberdata.scripts.generator - INFO - c:\Users\Tianyu Wang\Documents\Notebooks\cyberdata\src\cyberdata\process\synthetic_generator.py:418 - execute_generation_task() - Executing task phishing_ben_165 (attempt 1): 5 benign samples (schema-aware: False)
2025-06-17 18:36:19,916 - cyberdata.scripts.generator - INFO - c:\Users\Tianyu Wang\Documents\Notebooks\cyberdata\src\cyberdata\process\synthetic_generator.py:841 - generate_parallel() - Task phishing_ben_154 contributed 5 samples
2025-06-17 18:36:21,646 - cyberdata.scripts.generator - INFO - c:\Users\Tianyu Wang\Documents\Notebooks\cyberdata\src\cyberdata\process\synthetic_generator.py:464 - execute_generation_task() - Task phishing_ben_157 completed: 5 unique samples (0 duplicates filtered) in 13.44s
2025-06-17 18:36:21,647 - cyberdata.scripts.generator - INFO - c:\Users\Tianyu Wang\Documents\Notebooks\cyberdata\src\cyberdata\process\synthetic_generator.py:418 - execute_generation_task() - Executing task phishing_ben_166 (attempt 1): 5 benign samples (schema-aware: False)
2025-06-17 18:36:21,647 - cyberdata.scripts.generator - INFO - c:\Users\Tianyu Wang\Documents\Notebooks\cyberdata\src\cyberdata\process\synthetic_generator.py:841 - generate_parallel() - Task phishing_ben_157 contributed 5 samples
2025-06-17 18:36:23,249 - cyberdata.scripts.generator - INFO - c:\Users\Tianyu Wang\Documents\Notebooks\cyberdata\src\cyberdata\process\synthetic_generator.py:464 - execute_generation_task() - Task phishing_ben_159 completed: 5 unique samples (0 duplicates filtered) in 13.12s
2025-06-17 18:36:23,251 - cyberdata.scripts.generator - INFO - c:\Users\Tianyu Wang\Documents\Notebooks\cyberdata\src\cyberdata\process\synthetic_generator.py:418 - execute_generation_task() - Executing task phishing_ben_167 (attempt 1): 5 benign samples (schema-aware: False)
2025-06-17 18:36:23,251 - cyberdata.scripts.generator - INFO - c:\Users\Tianyu Wang\Documents\Notebooks\cyberdata\src\cyberdata\process\synthetic_generator.py:841 - generate_parallel() - Task phishing_ben_159 contributed 5 samples
2025-06-17 18:36:25,933 - cyberdata.scripts.generator - INFO - c:\Users\Tianyu Wang\Documents\Notebooks\cyberdata\src\cyberdata\process\synthetic_generator.py:464 - execute_generation_task() - Task phishing_ben_161 completed: 5 unique samples (0 duplicates filtered) in 10.95s
2025-06-17 18:36:25,935 - cyberdata.scripts.generator - INFO - c:\Users\Tianyu Wang\Documents\Notebooks\cyberdata\src\cyberdata\process\synthetic_generator.py:418 - execute_generation_task() - Executing task phishing_ben_168 (attempt 1): 5 benign samples (schema-aware: False)
2025-06-17 18:36:25,936 - cyberdata.scripts.generator - INFO - c:\Users\Tianyu Wang\Documents\Notebooks\cyberdata\src\cyberdata\process\synthetic_generator.py:841 - generate_parallel() - Task phishing_ben_161 contributed 5 samples
2025-06-17 18:36:26,101 - cyberdata.scripts.generator - INFO - c:\Users\Tianyu Wang\Documents\Notebooks\cyberdata\src\cyberdata\process\synthetic_generator.py:464 - execute_generation_task() - Task phishing_ben_160 completed: 5 unique samples (0 duplicates filtered) in 11.71s
2025-06-17 18:36:26,103 - cyberdata.scripts.generator - INFO - c:\Users\Tianyu Wang\Documents\Notebooks\cyberdata\src\cyberdata\process\synthetic_generator.py:418 - execute_generation_task() - Executing task phishing_ben_169 (attempt 1): 5 benign samples (schema-aware: False)
2025-06-17 18:36:26,103 - cyberdata.scripts.generator - INFO - c:\Users\Tianyu Wang\Documents\Notebooks\cyberdata\src\cyberdata\process\synthetic_generator.py:841 - generate_parallel() - Task phishing_ben_160 contributed 5 samples
2025-06-17 18:36:28,974 - cyberdata.scripts.generator - INFO - c:\Users\Tianyu Wang\Documents\Notebooks\cyberdata\src\cyberdata\process\synthetic_generator.py:464 - execute_generation_task() - Task phishing_ben_164 completed: 4 unique samples (1 duplicates filtered) in 10.25s
2025-06-17 18:36:28,975 - cyberdata.scripts.generator - INFO - c:\Users\Tianyu Wang\Documents\Notebooks\cyberdata\src\cyberdata\process\synthetic_generator.py:418 - execute_generation_task() - Executing task phishing_ben_170 (attempt 1): 5 benign samples (schema-aware: False)
2025-06-17 18:36:28,975 - cyberdata.scripts.generator - INFO - c:\Users\Tianyu Wang\Documents\Notebooks\cyberdata\src\cyberdata\process\synthetic_generator.py:841 - generate_parallel() - Task phishing_ben_164 contributed 4 samples
2025-06-17 18:36:31,256 - cyberdata.scripts.generator - INFO - c:\Users\Tianyu Wang\Documents\Notebooks\cyberdata\src\cyberdata\process\synthetic_generator.py:464 - execute_generation_task() - Task phishing_ben_165 completed: 4 unique samples (1 duplicates filtered) in 11.34s
2025-06-17 18:36:31,256 - cyberdata.scripts.generator - INFO - c:\Users\Tianyu Wang\Documents\Notebooks\cyberdata\src\cyberdata\process\synthetic_generator.py:418 - execute_generation_task() - Executing task phishing_ben_171 (attempt 1): 5 benign samples (schema-aware: False)
2025-06-17 18:36:31,257 - cyberdata.scripts.generator - INFO - c:\Users\Tianyu Wang\Documents\Notebooks\cyberdata\src\cyberdata\process\synthetic_generator.py:841 - generate_parallel() - Task phishing_ben_165 contributed 4 samples
2025-06-17 18:36:33,528 - cyberdata.scripts.generator - INFO - c:\Users\Tianyu Wang\Documents\Notebooks\cyberdata\src\cyberdata\process\synthetic_generator.py:464 - execute_generation_task() - Task phishing_ben_163 completed: 5 unique samples (0 duplicates filtered) in 14.90s
2025-06-17 18:36:33,529 - cyberdata.scripts.generator - INFO - c:\Users\Tianyu Wang\Documents\Notebooks\cyberdata\src\cyberdata\process\synthetic_generator.py:418 - execute_generation_task() - Executing task phishing_ben_172 (attempt 1): 5 benign samples (schema-aware: False)
2025-06-17 18:36:33,530 - cyberdata.scripts.generator - INFO - c:\Users\Tianyu Wang\Documents\Notebooks\cyberdata\src\cyberdata\process\synthetic_generator.py:841 - generate_parallel() - Task phishing_ben_163 contributed 5 samples
2025-06-17 18:36:35,532 - cyberdata.scripts.generator - INFO - c:\Users\Tianyu Wang\Documents\Notebooks\cyberdata\src\cyberdata\process\synthetic_generator.py:464 - execute_generation_task() - Task phishing_ben_162 completed: 5 unique samples (0 duplicates filtered) in 17.67s
2025-06-17 18:36:35,533 - cyberdata.scripts.generator - INFO - c:\Users\Tianyu Wang\Documents\Notebooks\cyberdata\src\cyberdata\process\synthetic_generator.py:418 - execute_generation_task() - Executing task phishing_ben_173 (attempt 1): 5 benign samples (schema-aware: False)
2025-06-17 18:36:35,534 - cyberdata.scripts.generator - INFO - c:\Users\Tianyu Wang\Documents\Notebooks\cyberdata\src\cyberdata\process\synthetic_generator.py:841 - generate_parallel() - Task phishing_ben_162 contributed 5 samples
2025-06-17 18:36:36,030 - cyberdata.scripts.generator - INFO - c:\Users\Tianyu Wang\Documents\Notebooks\cyberdata\src\cyberdata\process\synthetic_generator.py:464 - execute_generation_task() - Task phishing_ben_169 completed: 5 unique samples (0 duplicates filtered) in 9.93s
2025-06-17 18:36:36,031 - cyberdata.scripts.generator - INFO - c:\Users\Tianyu Wang\Documents\Notebooks\cyberdata\src\cyberdata\process\synthetic_generator.py:418 - execute_generation_task() - Executing task phishing_ben_174 (attempt 1): 5 benign samples (schema-aware: False)
2025-06-17 18:36:36,031 - cyberdata.scripts.generator - INFO - c:\Users\Tianyu Wang\Documents\Notebooks\cyberdata\src\cyberdata\process\synthetic_generator.py:841 - generate_parallel() - Task phishing_ben_169 contributed 5 samples
2025-06-17 18:36:37,483 - cyberdata.scripts.generator - INFO - c:\Users\Tianyu Wang\Documents\Notebooks\cyberdata\src\cyberdata\process\synthetic_generator.py:464 - execute_generation_task() - Task phishing_ben_167 completed: 5 unique samples (0 duplicates filtered) in 14.23s
2025-06-17 18:36:37,484 - cyberdata.scripts.generator - INFO - c:\Users\Tianyu Wang\Documents\Notebooks\cyberdata\src\cyberdata\process\synthetic_generator.py:418 - execute_generation_task() - Executing task phishing_ben_175 (attempt 1): 5 benign samples (schema-aware: False)
2025-06-17 18:36:37,484 - cyberdata.scripts.generator - INFO - c:\Users\Tianyu Wang\Documents\Notebooks\cyberdata\src\cyberdata\process\synthetic_generator.py:841 - generate_parallel() - Task phishing_ben_167 contributed 5 samples
2025-06-17 18:36:37,941 - cyberdata.scripts.generator - INFO - c:\Users\Tianyu Wang\Documents\Notebooks\cyberdata\src\cyberdata\process\synthetic_generator.py:464 - execute_generation_task() - Task phishing_ben_166 completed: 5 unique samples (0 duplicates filtered) in 16.29s
2025-06-17 18:36:37,942 - cyberdata.scripts.generator - INFO - c:\Users\Tianyu Wang\Documents\Notebooks\cyberdata\src\cyberdata\process\synthetic_generator.py:418 - execute_generation_task() - Executing task phishing_ben_176 (attempt 1): 5 benign samples (schema-aware: False)
2025-06-17 18:36:37,942 - cyberdata.scripts.generator - INFO - c:\Users\Tianyu Wang\Documents\Notebooks\cyberdata\src\cyberdata\process\synthetic_generator.py:841 - generate_parallel() - Task phishing_ben_166 contributed 5 samples
2025-06-17 18:36:39,292 - cyberdata.scripts.generator - INFO - c:\Users\Tianyu Wang\Documents\Notebooks\cyberdata\src\cyberdata\process\synthetic_generator.py:464 - execute_generation_task() - Task phishing_ben_168 completed: 5 unique samples (0 duplicates filtered) in 13.36s
2025-06-17 18:36:39,292 - cyberdata.scripts.generator - INFO - c:\Users\Tianyu Wang\Documents\Notebooks\cyberdata\src\cyberdata\process\synthetic_generator.py:418 - execute_generation_task() - Executing task phishing_ben_177 (attempt 1): 5 benign samples (schema-aware: False)
2025-06-17 18:36:39,292 - cyberdata.scripts.generator - INFO - c:\Users\Tianyu Wang\Documents\Notebooks\cyberdata\src\cyberdata\process\synthetic_generator.py:841 - generate_parallel() - Task phishing_ben_168 contributed 5 samples
2025-06-17 18:36:40,434 - cyberdata.scripts.generator - INFO - c:\Users\Tianyu Wang\Documents\Notebooks\cyberdata\src\cyberdata\process\synthetic_generator.py:464 - execute_generation_task() - Task phishing_ben_171 completed: 5 unique samples (0 duplicates filtered) in 9.18s
2025-06-17 18:36:40,437 - cyberdata.scripts.generator - INFO - c:\Users\Tianyu Wang\Documents\Notebooks\cyberdata\src\cyberdata\process\synthetic_generator.py:418 - execute_generation_task() - Executing task phishing_ben_178 (attempt 1): 5 benign samples (schema-aware: False)
2025-06-17 18:36:40,437 - cyberdata.scripts.generator - INFO - c:\Users\Tianyu Wang\Documents\Notebooks\cyberdata\src\cyberdata\process\synthetic_generator.py:841 - generate_parallel() - Task phishing_ben_171 contributed 5 samples
2025-06-17 18:36:44,443 - cyberdata.scripts.generator - INFO - c:\Users\Tianyu Wang\Documents\Notebooks\cyberdata\src\cyberdata\process\synthetic_generator.py:464 - execute_generation_task() - Task phishing_ben_170 completed: 5 unique samples (0 duplicates filtered) in 15.47s
2025-06-17 18:36:44,443 - cyberdata.scripts.generator - INFO - c:\Users\Tianyu Wang\Documents\Notebooks\cyberdata\src\cyberdata\process\synthetic_generator.py:418 - execute_generation_task() - Executing task phishing_ben_179 (attempt 1): 5 benign samples (schema-aware: False)
2025-06-17 18:36:44,443 - cyberdata.scripts.generator - INFO - c:\Users\Tianyu Wang\Documents\Notebooks\cyberdata\src\cyberdata\process\synthetic_generator.py:841 - generate_parallel() - Task phishing_ben_170 contributed 5 samples
2025-06-17 18:36:44,710 - cyberdata.scripts.generator - INFO - c:\Users\Tianyu Wang\Documents\Notebooks\cyberdata\src\cyberdata\process\synthetic_generator.py:464 - execute_generation_task() - Task phishing_ben_173 completed: 5 unique samples (0 duplicates filtered) in 9.18s
2025-06-17 18:36:44,712 - cyberdata.scripts.generator - INFO - c:\Users\Tianyu Wang\Documents\Notebooks\cyberdata\src\cyberdata\process\synthetic_generator.py:418 - execute_generation_task() - Executing task phishing_ben_180 (attempt 1): 5 benign samples (schema-aware: False)
2025-06-17 18:36:44,712 - cyberdata.scripts.generator - INFO - c:\Users\Tianyu Wang\Documents\Notebooks\cyberdata\src\cyberdata\process\synthetic_generator.py:841 - generate_parallel() - Task phishing_ben_173 contributed 5 samples
2025-06-17 18:36:45,055 - cyberdata.scripts.generator - INFO - c:\Users\Tianyu Wang\Documents\Notebooks\cyberdata\src\cyberdata\process\synthetic_generator.py:464 - execute_generation_task() - Task phishing_ben_172 completed: 5 unique samples (0 duplicates filtered) in 11.52s
2025-06-17 18:36:45,056 - cyberdata.scripts.generator - INFO - c:\Users\Tianyu Wang\Documents\Notebooks\cyberdata\src\cyberdata\process\synthetic_generator.py:418 - execute_generation_task() - Executing task phishing_ben_181 (attempt 1): 5 benign samples (schema-aware: False)
2025-06-17 18:36:45,056 - cyberdata.scripts.generator - INFO - c:\Users\Tianyu Wang\Documents\Notebooks\cyberdata\src\cyberdata\process\synthetic_generator.py:841 - generate_parallel() - Task phishing_ben_172 contributed 5 samples
2025-06-17 18:36:47,046 - cyberdata.scripts.generator - INFO - c:\Users\Tianyu Wang\Documents\Notebooks\cyberdata\src\cyberdata\process\synthetic_generator.py:464 - execute_generation_task() - Task phishing_ben_175 completed: 5 unique samples (0 duplicates filtered) in 9.56s
2025-06-17 18:36:47,047 - cyberdata.scripts.generator - INFO - c:\Users\Tianyu Wang\Documents\Notebooks\cyberdata\src\cyberdata\process\synthetic_generator.py:418 - execute_generation_task() - Executing task phishing_ben_182 (attempt 1): 5 benign samples (schema-aware: False)
2025-06-17 18:36:47,047 - cyberdata.scripts.generator - INFO - c:\Users\Tianyu Wang\Documents\Notebooks\cyberdata\src\cyberdata\process\synthetic_generator.py:841 - generate_parallel() - Task phishing_ben_175 contributed 5 samples
2025-06-17 18:36:49,414 - cyberdata.scripts.generator - INFO - c:\Users\Tianyu Wang\Documents\Notebooks\cyberdata\src\cyberdata\process\synthetic_generator.py:464 - execute_generation_task() - Task phishing_ben_176 completed: 5 unique samples (0 duplicates filtered) in 11.47s
2025-06-17 18:36:49,415 - cyberdata.scripts.generator - INFO - c:\Users\Tianyu Wang\Documents\Notebooks\cyberdata\src\cyberdata\process\synthetic_generator.py:418 - execute_generation_task() - Executing task phishing_ben_183 (attempt 1): 5 benign samples (schema-aware: False)
2025-06-17 18:36:49,416 - cyberdata.scripts.generator - INFO - c:\Users\Tianyu Wang\Documents\Notebooks\cyberdata\src\cyberdata\process\synthetic_generator.py:841 - generate_parallel() - Task phishing_ben_176 contributed 5 samples
2025-06-17 18:36:50,746 - cyberdata.scripts.generator - INFO - c:\Users\Tianyu Wang\Documents\Notebooks\cyberdata\src\cyberdata\process\synthetic_generator.py:464 - execute_generation_task() - Task phishing_ben_174 completed: 5 unique samples (0 duplicates filtered) in 14.71s
2025-06-17 18:36:50,747 - cyberdata.scripts.generator - INFO - c:\Users\Tianyu Wang\Documents\Notebooks\cyberdata\src\cyberdata\process\synthetic_generator.py:418 - execute_generation_task() - Executing task phishing_ben_184 (attempt 1): 5 benign samples (schema-aware: False)
2025-06-17 18:36:50,747 - cyberdata.scripts.generator - INFO - c:\Users\Tianyu Wang\Documents\Notebooks\cyberdata\src\cyberdata\process\synthetic_generator.py:841 - generate_parallel() - Task phishing_ben_174 contributed 5 samples
2025-06-17 18:36:51,547 - cyberdata.scripts.generator - INFO - c:\Users\Tianyu Wang\Documents\Notebooks\cyberdata\src\cyberdata\process\synthetic_generator.py:464 - execute_generation_task() - Task phishing_ben_177 completed: 5 unique samples (0 duplicates filtered) in 12.25s
2025-06-17 18:36:51,549 - cyberdata.scripts.generator - INFO - c:\Users\Tianyu Wang\Documents\Notebooks\cyberdata\src\cyberdata\process\synthetic_generator.py:418 - execute_generation_task() - Executing task phishing_ben_185 (attempt 1): 5 benign samples (schema-aware: False)
2025-06-17 18:36:51,549 - cyberdata.scripts.generator - INFO - c:\Users\Tianyu Wang\Documents\Notebooks\cyberdata\src\cyberdata\process\synthetic_generator.py:841 - generate_parallel() - Task phishing_ben_177 contributed 5 samples
2025-06-17 18:36:53,282 - cyberdata.scripts.generator - INFO - c:\Users\Tianyu Wang\Documents\Notebooks\cyberdata\src\cyberdata\process\synthetic_generator.py:464 - execute_generation_task() - Task phishing_ben_178 completed: 5 unique samples (0 duplicates filtered) in 12.85s
2025-06-17 18:36:53,284 - cyberdata.scripts.generator - INFO - c:\Users\Tianyu Wang\Documents\Notebooks\cyberdata\src\cyberdata\process\synthetic_generator.py:418 - execute_generation_task() - Executing task phishing_ben_186 (attempt 1): 5 benign samples (schema-aware: False)
2025-06-17 18:36:53,284 - cyberdata.scripts.generator - INFO - c:\Users\Tianyu Wang\Documents\Notebooks\cyberdata\src\cyberdata\process\synthetic_generator.py:841 - generate_parallel() - Task phishing_ben_178 contributed 5 samples
2025-06-17 18:36:56,915 - cyberdata.scripts.generator - INFO - c:\Users\Tianyu Wang\Documents\Notebooks\cyberdata\src\cyberdata\process\synthetic_generator.py:464 - execute_generation_task() - Task phishing_ben_181 completed: 5 unique samples (0 duplicates filtered) in 11.86s
2025-06-17 18:36:56,917 - cyberdata.scripts.generator - INFO - c:\Users\Tianyu Wang\Documents\Notebooks\cyberdata\src\cyberdata\process\synthetic_generator.py:418 - execute_generation_task() - Executing task phishing_ben_187 (attempt 1): 5 benign samples (schema-aware: False)
2025-06-17 18:36:56,917 - cyberdata.scripts.generator - INFO - c:\Users\Tianyu Wang\Documents\Notebooks\cyberdata\src\cyberdata\process\synthetic_generator.py:841 - generate_parallel() - Task phishing_ben_181 contributed 5 samples
2025-06-17 18:36:58,122 - cyberdata.scripts.generator - INFO - c:\Users\Tianyu Wang\Documents\Notebooks\cyberdata\src\cyberdata\process\synthetic_generator.py:464 - execute_generation_task() - Task phishing_ben_179 completed: 5 unique samples (0 duplicates filtered) in 13.68s
2025-06-17 18:36:58,123 - cyberdata.scripts.generator - INFO - c:\Users\Tianyu Wang\Documents\Notebooks\cyberdata\src\cyberdata\process\synthetic_generator.py:418 - execute_generation_task() - Executing task phishing_ben_188 (attempt 1): 5 benign samples (schema-aware: False)
2025-06-17 18:36:58,123 - cyberdata.scripts.generator - INFO - c:\Users\Tianyu Wang\Documents\Notebooks\cyberdata\src\cyberdata\process\synthetic_generator.py:841 - generate_parallel() - Task phishing_ben_179 contributed 5 samples
2025-06-17 18:36:58,398 - cyberdata.scripts.generator - INFO - c:\Users\Tianyu Wang\Documents\Notebooks\cyberdata\src\cyberdata\process\synthetic_generator.py:464 - execute_generation_task() - Task phishing_ben_180 completed: 5 unique samples (0 duplicates filtered) in 13.69s
2025-06-17 18:36:58,399 - cyberdata.scripts.generator - INFO - c:\Users\Tianyu Wang\Documents\Notebooks\cyberdata\src\cyberdata\process\synthetic_generator.py:418 - execute_generation_task() - Executing task phishing_ben_189 (attempt 1): 5 benign samples (schema-aware: False)
2025-06-17 18:36:58,399 - cyberdata.scripts.generator - INFO - c:\Users\Tianyu Wang\Documents\Notebooks\cyberdata\src\cyberdata\process\synthetic_generator.py:841 - generate_parallel() - Task phishing_ben_180 contributed 5 samples
2025-06-17 18:36:58,942 - cyberdata.scripts.generator - INFO - c:\Users\Tianyu Wang\Documents\Notebooks\cyberdata\src\cyberdata\process\synthetic_generator.py:464 - execute_generation_task() - Task phishing_ben_182 completed: 5 unique samples (0 duplicates filtered) in 11.90s
2025-06-17 18:36:58,942 - cyberdata.scripts.generator - INFO - c:\Users\Tianyu Wang\Documents\Notebooks\cyberdata\src\cyberdata\process\synthetic_generator.py:418 - execute_generation_task() - Executing task phishing_ben_190 (attempt 1): 5 benign samples (schema-aware: False)
2025-06-17 18:36:58,942 - cyberdata.scripts.generator - INFO - c:\Users\Tianyu Wang\Documents\Notebooks\cyberdata\src\cyberdata\process\synthetic_generator.py:841 - generate_parallel() - Task phishing_ben_182 contributed 5 samples
2025-06-17 18:37:06,703 - cyberdata.scripts.generator - INFO - c:\Users\Tianyu Wang\Documents\Notebooks\cyberdata\src\cyberdata\process\synthetic_generator.py:464 - execute_generation_task() - Task phishing_ben_185 completed: 5 unique samples (0 duplicates filtered) in 15.15s
2025-06-17 18:37:06,704 - cyberdata.scripts.generator - INFO - c:\Users\Tianyu Wang\Documents\Notebooks\cyberdata\src\cyberdata\process\synthetic_generator.py:418 - execute_generation_task() - Executing task phishing_ben_191 (attempt 1): 5 benign samples (schema-aware: False)
2025-06-17 18:37:06,704 - cyberdata.scripts.generator - INFO - c:\Users\Tianyu Wang\Documents\Notebooks\cyberdata\src\cyberdata\process\synthetic_generator.py:841 - generate_parallel() - Task phishing_ben_185 contributed 5 samples
2025-06-17 18:37:06,960 - cyberdata.scripts.generator - INFO - c:\Users\Tianyu Wang\Documents\Notebooks\cyberdata\src\cyberdata\process\synthetic_generator.py:464 - execute_generation_task() - Task phishing_ben_186 completed: 5 unique samples (0 duplicates filtered) in 13.68s
2025-06-17 18:37:06,962 - cyberdata.scripts.generator - INFO - c:\Users\Tianyu Wang\Documents\Notebooks\cyberdata\src\cyberdata\process\synthetic_generator.py:418 - execute_generation_task() - Executing task phishing_ben_192 (attempt 1): 5 benign samples (schema-aware: False)
2025-06-17 18:37:08,326 - cyberdata.scripts.generator - INFO - c:\Users\Tianyu Wang\Documents\Notebooks\cyberdata\src\cyberdata\process\synthetic_generator.py:464 - execute_generation_task() - Task phishing_ben_188 completed: 5 unique samples (0 duplicates filtered) in 10.20s
2025-06-17 18:37:08,327 - cyberdata.scripts.generator - INFO - c:\Users\Tianyu Wang\Documents\Notebooks\cyberdata\src\cyberdata\process\synthetic_generator.py:418 - execute_generation_task() - Executing task phishing_ben_193 (attempt 1): 5 benign samples (schema-aware: False)
2025-06-17 18:37:08,626 - cyberdata.scripts.generator - INFO - c:\Users\Tianyu Wang\Documents\Notebooks\cyberdata\src\cyberdata\process\synthetic_generator.py:464 - execute_generation_task() - Task phishing_ben_187 completed: 5 unique samples (0 duplicates filtered) in 11.71s
2025-06-17 18:37:08,627 - cyberdata.scripts.generator - INFO - c:\Users\Tianyu Wang\Documents\Notebooks\cyberdata\src\cyberdata\process\synthetic_generator.py:418 - execute_generation_task() - Executing task phishing_ben_194 (attempt 1): 5 benign samples (schema-aware: False)
2025-06-17 18:37:09,641 - cyberdata.scripts.generator - INFO - c:\Users\Tianyu Wang\Documents\Notebooks\cyberdata\src\cyberdata\process\synthetic_generator.py:464 - execute_generation_task() - Task phishing_ben_183 completed: 5 unique samples (0 duplicates filtered) in 20.23s
2025-06-17 18:37:09,642 - cyberdata.scripts.generator - INFO - c:\Users\Tianyu Wang\Documents\Notebooks\cyberdata\src\cyberdata\process\synthetic_generator.py:418 - execute_generation_task() - Executing task phishing_ben_195 (attempt 1): 5 benign samples (schema-aware: False)
2025-06-17 18:37:10,091 - cyberdata.scripts.generator - INFO - c:\Users\Tianyu Wang\Documents\Notebooks\cyberdata\src\cyberdata\process\synthetic_generator.py:464 - execute_generation_task() - Task phishing_ben_184 completed: 5 unique samples (0 duplicates filtered) in 19.34s
2025-06-17 18:37:10,092 - cyberdata.scripts.generator - INFO - c:\Users\Tianyu Wang\Documents\Notebooks\cyberdata\src\cyberdata\process\synthetic_generator.py:418 - execute_generation_task() - Executing task phishing_ben_196 (attempt 1): 5 benign samples (schema-aware: False)
2025-06-17 18:37:11,232 - cyberdata.scripts.generator - INFO - c:\Users\Tianyu Wang\Documents\Notebooks\cyberdata\src\cyberdata\process\synthetic_generator.py:464 - execute_generation_task() - Task phishing_ben_189 completed: 5 unique samples (0 duplicates filtered) in 12.83s
2025-06-17 18:37:11,232 - cyberdata.scripts.generator - INFO - c:\Users\Tianyu Wang\Documents\Notebooks\cyberdata\src\cyberdata\process\synthetic_generator.py:418 - execute_generation_task() - Executing task phishing_ben_197 (attempt 1): 5 benign samples (schema-aware: False)
2025-06-17 18:37:12,687 - cyberdata.scripts.generator - INFO - c:\Users\Tianyu Wang\Documents\Notebooks\cyberdata\src\cyberdata\process\synthetic_generator.py:464 - execute_generation_task() - Task phishing_ben_190 completed: 5 unique samples (0 duplicates filtered) in 13.74s
2025-06-17 18:37:12,688 - cyberdata.scripts.generator - INFO - c:\Users\Tianyu Wang\Documents\Notebooks\cyberdata\src\cyberdata\process\synthetic_generator.py:418 - execute_generation_task() - Executing task phishing_ben_198 (attempt 1): 5 benign samples (schema-aware: False)
2025-06-17 18:37:16,936 - cyberdata.scripts.generator - INFO - c:\Users\Tianyu Wang\Documents\Notebooks\cyberdata\src\cyberdata\process\synthetic_generator.py:464 - execute_generation_task() - Task phishing_ben_193 completed: 5 unique samples (0 duplicates filtered) in 8.61s
2025-06-17 18:37:16,937 - cyberdata.scripts.generator - INFO - c:\Users\Tianyu Wang\Documents\Notebooks\cyberdata\src\cyberdata\process\synthetic_generator.py:418 - execute_generation_task() - Executing task phishing_ben_199 (attempt 1): 5 benign samples (schema-aware: False)
2025-06-17 18:37:17,512 - cyberdata.scripts.generator - INFO - c:\Users\Tianyu Wang\Documents\Notebooks\cyberdata\src\cyberdata\process\synthetic_generator.py:464 - execute_generation_task() - Task phishing_ben_196 completed: 5 unique samples (0 duplicates filtered) in 7.42s
2025-06-17 18:37:17,515 - cyberdata.scripts.generator - INFO - c:\Users\Tianyu Wang\Documents\Notebooks\cyberdata\src\cyberdata\process\synthetic_generator.py:464 - execute_generation_task() - Task phishing_ben_192 completed: 5 unique samples (0 duplicates filtered) in 10.55s
2025-06-17 18:37:19,048 - cyberdata.scripts.generator - INFO - c:\Users\Tianyu Wang\Documents\Notebooks\cyberdata\src\cyberdata\process\synthetic_generator.py:464 - execute_generation_task() - Task phishing_ben_194 completed: 5 unique samples (0 duplicates filtered) in 10.42s
2025-06-17 18:37:19,675 - cyberdata.scripts.generator - INFO - c:\Users\Tianyu Wang\Documents\Notebooks\cyberdata\src\cyberdata\process\synthetic_generator.py:464 - execute_generation_task() - Task phishing_ben_191 completed: 5 unique samples (0 duplicates filtered) in 12.97s
2025-06-17 18:37:20,331 - cyberdata.scripts.generator - INFO - c:\Users\Tianyu Wang\Documents\Notebooks\cyberdata\src\cyberdata\process\synthetic_generator.py:464 - execute_generation_task() - Task phishing_ben_197 completed: 5 unique samples (0 duplicates filtered) in 9.10s
2025-06-17 18:37:24,018 - cyberdata.scripts.generator - INFO - c:\Users\Tianyu Wang\Documents\Notebooks\cyberdata\src\cyberdata\process\synthetic_generator.py:464 - execute_generation_task() - Task phishing_ben_195 completed: 5 unique samples (0 duplicates filtered) in 14.38s
2025-06-17 18:37:30,549 - cyberdata.scripts.generator - INFO - c:\Users\Tianyu Wang\Documents\Notebooks\cyberdata\src\cyberdata\process\synthetic_generator.py:464 - execute_generation_task() - Task phishing_ben_199 completed: 5 unique samples (0 duplicates filtered) in 13.61s
2025-06-17 18:37:33,103 - cyberdata.scripts.generator - INFO - c:\Users\Tianyu Wang\Documents\Notebooks\cyberdata\src\cyberdata\process\synthetic_generator.py:464 - execute_generation_task() - Task phishing_ben_198 completed: 5 unique samples (0 duplicates filtered) in 20.42s
2025-06-17 18:37:33,104 - cyberdata.scripts.generator - ERROR - c:\Users\Tianyu Wang\Documents\Notebooks\cyberdata\src\cyberdata\process\synthetic_generator.py:1073 - main() - Error processing phishing: 16 (of 200) futures unfinished
Traceback (most recent call last):
  File "c:\Users\Tianyu Wang\Documents\Notebooks\cyberdata\src\cyberdata\process\synthetic_generator.py", line 1049, in main
    new_samples = generator.generate_parallel(problem, malicious_count, benign_count)
                  ^^^^^^^^^^^^^^^^^^^^^^^^^^^^^^^^^^^^^^^^^^^^^^^^^^^^^^^^^^^^^^^^^^^
  File "c:\Users\Tianyu Wang\Documents\Notebooks\cyberdata\src\cyberdata\process\synthetic_generator.py", line 835, in generate_parallel
    for future in concurrent.futures.as_completed(future_to_task, timeout=300):  # 5 minute timeout
                  ^^^^^^^^^^^^^^^^^^^^^^^^^^^^^^^^^^^^^^^^^^^^^^^^^^^^^^^^^^^^
  File "C:\Program Files\Python312\Lib\concurrent\futures\_base.py", line 239, in as_completed
    raise TimeoutError(
TimeoutError: 16 (of 200) futures unfinished
2025-06-17 18:37:33,127 - cyberdata.scripts.generator - INFO - c:\Users\Tianyu Wang\Documents\Notebooks\cyberdata\src\cyberdata\process\synthetic_generator.py:1032 - main() - 
============================================================
2025-06-17 18:37:33,127 - cyberdata.scripts.generator - INFO - c:\Users\Tianyu Wang\Documents\Notebooks\cyberdata\src\cyberdata\process\synthetic_generator.py:1033 - main() - Processing problem 2/2: Social Engineering/Phishing and Spam Email Campaigns
2025-06-17 18:37:33,128 - cyberdata.scripts.generator - INFO - c:\Users\Tianyu Wang\Documents\Notebooks\cyberdata\src\cyberdata\process\synthetic_generator.py:1034 - main() - ============================================================
2025-06-17 18:37:33,128 - cyberdata.scripts.generator - INFO - c:\Users\Tianyu Wang\Documents\Notebooks\cyberdata\src\cyberdata\process\synthetic_generator.py:809 - generate_parallel() - Starting parallel generation for Phishing and Spam Email Campaigns: 500 malicious, 500 benign
2025-06-17 18:37:33,140 - cyberdata.scripts.generator - INFO - c:\Users\Tianyu Wang\Documents\Notebooks\cyberdata\src\cyberdata\process\synthetic_generator.py:323 - load_examples() - Loaded 10 examples for Phishing and Spam Email Campaigns (real-world: True)
2025-06-17 18:37:33,141 - cyberdata.scripts.generator - INFO - c:\Users\Tianyu Wang\Documents\Notebooks\cyberdata\src\cyberdata\process\synthetic_generator.py:405 - create_generation_tasks() - Created 200 generation tasks for Phishing and Spam Email Campaigns (real-world: True)
2025-06-17 18:37:33,142 - cyberdata.scripts.generator - INFO - c:\Users\Tianyu Wang\Documents\Notebooks\cyberdata\src\cyberdata\process\synthetic_generator.py:418 - execute_generation_task() - Executing task Phishing and Spam Email Campaigns_mal_0 (attempt 1): 5 malicious samples (schema-aware: True)
2025-06-17 18:37:33,143 - cyberdata.scripts.generator - INFO - c:\Users\Tianyu Wang\Documents\Notebooks\cyberdata\src\cyberdata\process\synthetic_generator.py:418 - execute_generation_task() - Executing task Phishing and Spam Email Campaigns_mal_1 (attempt 1): 5 malicious samples (schema-aware: True)
2025-06-17 18:37:33,143 - cyberdata.scripts.generator - INFO - c:\Users\Tianyu Wang\Documents\Notebooks\cyberdata\src\cyberdata\process\synthetic_generator.py:418 - execute_generation_task() - Executing task Phishing and Spam Email Campaigns_mal_2 (attempt 1): 5 malicious samples (schema-aware: True)
2025-06-17 18:37:33,144 - cyberdata.scripts.generator - INFO - c:\Users\Tianyu Wang\Documents\Notebooks\cyberdata\src\cyberdata\process\synthetic_generator.py:418 - execute_generation_task() - Executing task Phishing and Spam Email Campaigns_mal_3 (attempt 1): 5 malicious samples (schema-aware: True)
2025-06-17 18:37:33,145 - cyberdata.scripts.generator - INFO - c:\Users\Tianyu Wang\Documents\Notebooks\cyberdata\src\cyberdata\process\synthetic_generator.py:418 - execute_generation_task() - Executing task Phishing and Spam Email Campaigns_mal_4 (attempt 1): 5 malicious samples (schema-aware: True)
2025-06-17 18:37:33,145 - cyberdata.scripts.generator - INFO - c:\Users\Tianyu Wang\Documents\Notebooks\cyberdata\src\cyberdata\process\synthetic_generator.py:418 - execute_generation_task() - Executing task Phishing and Spam Email Campaigns_mal_5 (attempt 1): 5 malicious samples (schema-aware: True)
2025-06-17 18:37:33,147 - cyberdata.scripts.generator - INFO - c:\Users\Tianyu Wang\Documents\Notebooks\cyberdata\src\cyberdata\process\synthetic_generator.py:418 - execute_generation_task() - Executing task Phishing and Spam Email Campaigns_mal_6 (attempt 1): 5 malicious samples (schema-aware: True)
2025-06-17 18:37:33,148 - cyberdata.scripts.generator - INFO - c:\Users\Tianyu Wang\Documents\Notebooks\cyberdata\src\cyberdata\process\synthetic_generator.py:418 - execute_generation_task() - Executing task Phishing and Spam Email Campaigns_mal_7 (attempt 1): 5 malicious samples (schema-aware: True)
2025-06-17 18:37:41,351 - cyberdata.scripts.generator - INFO - c:\Users\Tianyu Wang\Documents\Notebooks\cyberdata\src\cyberdata\process\synthetic_generator.py:464 - execute_generation_task() - Task Phishing and Spam Email Campaigns_mal_7 completed: 5 unique samples (0 duplicates filtered) in 8.20s
2025-06-17 18:37:41,352 - cyberdata.scripts.generator - INFO - c:\Users\Tianyu Wang\Documents\Notebooks\cyberdata\src\cyberdata\process\synthetic_generator.py:418 - execute_generation_task() - Executing task Phishing and Spam Email Campaigns_mal_8 (attempt 1): 5 malicious samples (schema-aware: True)
2025-06-17 18:37:41,352 - cyberdata.scripts.generator - INFO - c:\Users\Tianyu Wang\Documents\Notebooks\cyberdata\src\cyberdata\process\synthetic_generator.py:841 - generate_parallel() - Task Phishing and Spam Email Campaigns_mal_7 contributed 5 samples
2025-06-17 18:37:41,877 - cyberdata.scripts.generator - INFO - c:\Users\Tianyu Wang\Documents\Notebooks\cyberdata\src\cyberdata\process\synthetic_generator.py:464 - execute_generation_task() - Task Phishing and Spam Email Campaigns_mal_3 completed: 5 unique samples (0 duplicates filtered) in 8.73s
2025-06-17 18:37:41,877 - cyberdata.scripts.generator - INFO - c:\Users\Tianyu Wang\Documents\Notebooks\cyberdata\src\cyberdata\process\synthetic_generator.py:418 - execute_generation_task() - Executing task Phishing and Spam Email Campaigns_mal_9 (attempt 1): 5 malicious samples (schema-aware: True)
2025-06-17 18:37:41,877 - cyberdata.scripts.generator - INFO - c:\Users\Tianyu Wang\Documents\Notebooks\cyberdata\src\cyberdata\process\synthetic_generator.py:841 - generate_parallel() - Task Phishing and Spam Email Campaigns_mal_3 contributed 5 samples
2025-06-17 18:37:42,137 - cyberdata.scripts.generator - INFO - c:\Users\Tianyu Wang\Documents\Notebooks\cyberdata\src\cyberdata\process\synthetic_generator.py:464 - execute_generation_task() - Task Phishing and Spam Email Campaigns_mal_6 completed: 5 unique samples (0 duplicates filtered) in 8.99s
2025-06-17 18:37:42,138 - cyberdata.scripts.generator - INFO - c:\Users\Tianyu Wang\Documents\Notebooks\cyberdata\src\cyberdata\process\synthetic_generator.py:418 - execute_generation_task() - Executing task Phishing and Spam Email Campaigns_mal_10 (attempt 1): 5 malicious samples (schema-aware: True)
2025-06-17 18:37:42,138 - cyberdata.scripts.generator - INFO - c:\Users\Tianyu Wang\Documents\Notebooks\cyberdata\src\cyberdata\process\synthetic_generator.py:841 - generate_parallel() - Task Phishing and Spam Email Campaigns_mal_6 contributed 5 samples
2025-06-17 18:37:42,375 - cyberdata.scripts.generator - INFO - c:\Users\Tianyu Wang\Documents\Notebooks\cyberdata\src\cyberdata\process\synthetic_generator.py:464 - execute_generation_task() - Task Phishing and Spam Email Campaigns_mal_2 completed: 5 unique samples (0 duplicates filtered) in 9.23s
2025-06-17 18:37:42,376 - cyberdata.scripts.generator - INFO - c:\Users\Tianyu Wang\Documents\Notebooks\cyberdata\src\cyberdata\process\synthetic_generator.py:418 - execute_generation_task() - Executing task Phishing and Spam Email Campaigns_mal_11 (attempt 1): 5 malicious samples (schema-aware: True)
2025-06-17 18:37:42,376 - cyberdata.scripts.generator - INFO - c:\Users\Tianyu Wang\Documents\Notebooks\cyberdata\src\cyberdata\process\synthetic_generator.py:841 - generate_parallel() - Task Phishing and Spam Email Campaigns_mal_2 contributed 5 samples
2025-06-17 18:37:43,040 - cyberdata.scripts.generator - INFO - c:\Users\Tianyu Wang\Documents\Notebooks\cyberdata\src\cyberdata\process\synthetic_generator.py:464 - execute_generation_task() - Task Phishing and Spam Email Campaigns_mal_4 completed: 5 unique samples (0 duplicates filtered) in 9.90s
2025-06-17 18:37:43,041 - cyberdata.scripts.generator - INFO - c:\Users\Tianyu Wang\Documents\Notebooks\cyberdata\src\cyberdata\process\synthetic_generator.py:418 - execute_generation_task() - Executing task Phishing and Spam Email Campaigns_mal_12 (attempt 1): 5 malicious samples (schema-aware: True)
2025-06-17 18:37:43,041 - cyberdata.scripts.generator - INFO - c:\Users\Tianyu Wang\Documents\Notebooks\cyberdata\src\cyberdata\process\synthetic_generator.py:841 - generate_parallel() - Task Phishing and Spam Email Campaigns_mal_4 contributed 5 samples
2025-06-17 18:37:43,321 - cyberdata.scripts.generator - INFO - c:\Users\Tianyu Wang\Documents\Notebooks\cyberdata\src\cyberdata\process\synthetic_generator.py:464 - execute_generation_task() - Task Phishing and Spam Email Campaigns_mal_0 completed: 5 unique samples (0 duplicates filtered) in 10.18s
2025-06-17 18:37:43,322 - cyberdata.scripts.generator - INFO - c:\Users\Tianyu Wang\Documents\Notebooks\cyberdata\src\cyberdata\process\synthetic_generator.py:418 - execute_generation_task() - Executing task Phishing and Spam Email Campaigns_mal_13 (attempt 1): 5 malicious samples (schema-aware: True)
2025-06-17 18:37:43,322 - cyberdata.scripts.generator - INFO - c:\Users\Tianyu Wang\Documents\Notebooks\cyberdata\src\cyberdata\process\synthetic_generator.py:841 - generate_parallel() - Task Phishing and Spam Email Campaigns_mal_0 contributed 5 samples
2025-06-17 18:37:43,552 - cyberdata.scripts.generator - INFO - c:\Users\Tianyu Wang\Documents\Notebooks\cyberdata\src\cyberdata\process\synthetic_generator.py:464 - execute_generation_task() - Task Phishing and Spam Email Campaigns_mal_1 completed: 5 unique samples (0 duplicates filtered) in 10.41s
2025-06-17 18:37:43,552 - cyberdata.scripts.generator - INFO - c:\Users\Tianyu Wang\Documents\Notebooks\cyberdata\src\cyberdata\process\synthetic_generator.py:418 - execute_generation_task() - Executing task Phishing and Spam Email Campaigns_mal_14 (attempt 1): 5 malicious samples (schema-aware: True)
2025-06-17 18:37:43,552 - cyberdata.scripts.generator - INFO - c:\Users\Tianyu Wang\Documents\Notebooks\cyberdata\src\cyberdata\process\synthetic_generator.py:841 - generate_parallel() - Task Phishing and Spam Email Campaigns_mal_1 contributed 5 samples
2025-06-17 18:37:43,937 - cyberdata.scripts.generator - INFO - c:\Users\Tianyu Wang\Documents\Notebooks\cyberdata\src\cyberdata\process\synthetic_generator.py:464 - execute_generation_task() - Task Phishing and Spam Email Campaigns_mal_5 completed: 5 unique samples (0 duplicates filtered) in 10.79s
2025-06-17 18:37:43,937 - cyberdata.scripts.generator - INFO - c:\Users\Tianyu Wang\Documents\Notebooks\cyberdata\src\cyberdata\process\synthetic_generator.py:418 - execute_generation_task() - Executing task Phishing and Spam Email Campaigns_mal_15 (attempt 1): 5 malicious samples (schema-aware: True)
2025-06-17 18:37:43,937 - cyberdata.scripts.generator - INFO - c:\Users\Tianyu Wang\Documents\Notebooks\cyberdata\src\cyberdata\process\synthetic_generator.py:841 - generate_parallel() - Task Phishing and Spam Email Campaigns_mal_5 contributed 5 samples
2025-06-17 18:37:50,477 - cyberdata.scripts.generator - INFO - c:\Users\Tianyu Wang\Documents\Notebooks\cyberdata\src\cyberdata\process\synthetic_generator.py:464 - execute_generation_task() - Task Phishing and Spam Email Campaigns_mal_8 completed: 5 unique samples (0 duplicates filtered) in 9.12s
2025-06-17 18:37:50,478 - cyberdata.scripts.generator - INFO - c:\Users\Tianyu Wang\Documents\Notebooks\cyberdata\src\cyberdata\process\synthetic_generator.py:418 - execute_generation_task() - Executing task Phishing and Spam Email Campaigns_mal_16 (attempt 1): 5 malicious samples (schema-aware: True)
2025-06-17 18:37:50,478 - cyberdata.scripts.generator - INFO - c:\Users\Tianyu Wang\Documents\Notebooks\cyberdata\src\cyberdata\process\synthetic_generator.py:841 - generate_parallel() - Task Phishing and Spam Email Campaigns_mal_8 contributed 5 samples
2025-06-17 18:37:50,600 - cyberdata.scripts.generator - INFO - c:\Users\Tianyu Wang\Documents\Notebooks\cyberdata\src\cyberdata\process\synthetic_generator.py:464 - execute_generation_task() - Task Phishing and Spam Email Campaigns_mal_10 completed: 5 unique samples (0 duplicates filtered) in 8.46s
2025-06-17 18:37:50,601 - cyberdata.scripts.generator - INFO - c:\Users\Tianyu Wang\Documents\Notebooks\cyberdata\src\cyberdata\process\synthetic_generator.py:418 - execute_generation_task() - Executing task Phishing and Spam Email Campaigns_mal_17 (attempt 1): 5 malicious samples (schema-aware: True)
2025-06-17 18:37:50,601 - cyberdata.scripts.generator - INFO - c:\Users\Tianyu Wang\Documents\Notebooks\cyberdata\src\cyberdata\process\synthetic_generator.py:841 - generate_parallel() - Task Phishing and Spam Email Campaigns_mal_10 contributed 5 samples
2025-06-17 18:37:51,527 - cyberdata.scripts.generator - INFO - c:\Users\Tianyu Wang\Documents\Notebooks\cyberdata\src\cyberdata\process\synthetic_generator.py:464 - execute_generation_task() - Task Phishing and Spam Email Campaigns_mal_12 completed: 5 unique samples (0 duplicates filtered) in 8.49s
2025-06-17 18:37:51,528 - cyberdata.scripts.generator - INFO - c:\Users\Tianyu Wang\Documents\Notebooks\cyberdata\src\cyberdata\process\synthetic_generator.py:418 - execute_generation_task() - Executing task Phishing and Spam Email Campaigns_mal_18 (attempt 1): 5 malicious samples (schema-aware: True)
2025-06-17 18:37:51,528 - cyberdata.scripts.generator - INFO - c:\Users\Tianyu Wang\Documents\Notebooks\cyberdata\src\cyberdata\process\synthetic_generator.py:841 - generate_parallel() - Task Phishing and Spam Email Campaigns_mal_12 contributed 5 samples
2025-06-17 18:37:52,309 - cyberdata.scripts.generator - INFO - c:\Users\Tianyu Wang\Documents\Notebooks\cyberdata\src\cyberdata\process\synthetic_generator.py:464 - execute_generation_task() - Task Phishing and Spam Email Campaigns_mal_13 completed: 5 unique samples (0 duplicates filtered) in 8.99s
2025-06-17 18:37:52,311 - cyberdata.scripts.generator - INFO - c:\Users\Tianyu Wang\Documents\Notebooks\cyberdata\src\cyberdata\process\synthetic_generator.py:418 - execute_generation_task() - Executing task Phishing and Spam Email Campaigns_mal_19 (attempt 1): 5 malicious samples (schema-aware: True)
2025-06-17 18:37:52,311 - cyberdata.scripts.generator - INFO - c:\Users\Tianyu Wang\Documents\Notebooks\cyberdata\src\cyberdata\process\synthetic_generator.py:841 - generate_parallel() - Task Phishing and Spam Email Campaigns_mal_13 contributed 5 samples
2025-06-17 18:37:52,846 - cyberdata.scripts.generator - INFO - c:\Users\Tianyu Wang\Documents\Notebooks\cyberdata\src\cyberdata\process\synthetic_generator.py:464 - execute_generation_task() - Task Phishing and Spam Email Campaigns_mal_9 completed: 5 unique samples (0 duplicates filtered) in 10.97s
2025-06-17 18:37:52,846 - cyberdata.scripts.generator - INFO - c:\Users\Tianyu Wang\Documents\Notebooks\cyberdata\src\cyberdata\process\synthetic_generator.py:418 - execute_generation_task() - Executing task Phishing and Spam Email Campaigns_mal_20 (attempt 1): 5 malicious samples (schema-aware: True)
2025-06-17 18:37:52,846 - cyberdata.scripts.generator - INFO - c:\Users\Tianyu Wang\Documents\Notebooks\cyberdata\src\cyberdata\process\synthetic_generator.py:841 - generate_parallel() - Task Phishing and Spam Email Campaigns_mal_9 contributed 5 samples
2025-06-17 18:37:53,858 - cyberdata.scripts.generator - INFO - c:\Users\Tianyu Wang\Documents\Notebooks\cyberdata\src\cyberdata\process\synthetic_generator.py:464 - execute_generation_task() - Task Phishing and Spam Email Campaigns_mal_11 completed: 5 unique samples (0 duplicates filtered) in 11.48s
2025-06-17 18:37:53,859 - cyberdata.scripts.generator - INFO - c:\Users\Tianyu Wang\Documents\Notebooks\cyberdata\src\cyberdata\process\synthetic_generator.py:418 - execute_generation_task() - Executing task Phishing and Spam Email Campaigns_mal_21 (attempt 1): 5 malicious samples (schema-aware: True)
2025-06-17 18:37:53,859 - cyberdata.scripts.generator - INFO - c:\Users\Tianyu Wang\Documents\Notebooks\cyberdata\src\cyberdata\process\synthetic_generator.py:841 - generate_parallel() - Task Phishing and Spam Email Campaigns_mal_11 contributed 5 samples
2025-06-17 18:37:53,898 - cyberdata.scripts.generator - INFO - c:\Users\Tianyu Wang\Documents\Notebooks\cyberdata\src\cyberdata\process\synthetic_generator.py:464 - execute_generation_task() - Task Phishing and Spam Email Campaigns_mal_14 completed: 5 unique samples (0 duplicates filtered) in 10.35s
2025-06-17 18:37:53,899 - cyberdata.scripts.generator - INFO - c:\Users\Tianyu Wang\Documents\Notebooks\cyberdata\src\cyberdata\process\synthetic_generator.py:418 - execute_generation_task() - Executing task Phishing and Spam Email Campaigns_mal_22 (attempt 1): 5 malicious samples (schema-aware: True)
2025-06-17 18:37:53,899 - cyberdata.scripts.generator - INFO - c:\Users\Tianyu Wang\Documents\Notebooks\cyberdata\src\cyberdata\process\synthetic_generator.py:841 - generate_parallel() - Task Phishing and Spam Email Campaigns_mal_14 contributed 5 samples
2025-06-17 18:37:54,610 - cyberdata.scripts.generator - INFO - c:\Users\Tianyu Wang\Documents\Notebooks\cyberdata\src\cyberdata\process\synthetic_generator.py:464 - execute_generation_task() - Task Phishing and Spam Email Campaigns_mal_15 completed: 5 unique samples (0 duplicates filtered) in 10.67s
2025-06-17 18:37:54,611 - cyberdata.scripts.generator - INFO - c:\Users\Tianyu Wang\Documents\Notebooks\cyberdata\src\cyberdata\process\synthetic_generator.py:418 - execute_generation_task() - Executing task Phishing and Spam Email Campaigns_mal_23 (attempt 1): 5 malicious samples (schema-aware: True)
2025-06-17 18:37:54,611 - cyberdata.scripts.generator - INFO - c:\Users\Tianyu Wang\Documents\Notebooks\cyberdata\src\cyberdata\process\synthetic_generator.py:841 - generate_parallel() - Task Phishing and Spam Email Campaigns_mal_15 contributed 5 samples
2025-06-17 18:37:58,128 - cyberdata.scripts.generator - INFO - c:\Users\Tianyu Wang\Documents\Notebooks\cyberdata\src\cyberdata\process\synthetic_generator.py:464 - execute_generation_task() - Task Phishing and Spam Email Campaigns_mal_16 completed: 5 unique samples (0 duplicates filtered) in 7.65s
2025-06-17 18:37:58,129 - cyberdata.scripts.generator - INFO - c:\Users\Tianyu Wang\Documents\Notebooks\cyberdata\src\cyberdata\process\synthetic_generator.py:418 - execute_generation_task() - Executing task Phishing and Spam Email Campaigns_mal_24 (attempt 1): 5 malicious samples (schema-aware: True)
2025-06-17 18:37:58,129 - cyberdata.scripts.generator - INFO - c:\Users\Tianyu Wang\Documents\Notebooks\cyberdata\src\cyberdata\process\synthetic_generator.py:841 - generate_parallel() - Task Phishing and Spam Email Campaigns_mal_16 contributed 5 samples
2025-06-17 18:37:58,589 - cyberdata.scripts.generator - INFO - c:\Users\Tianyu Wang\Documents\Notebooks\cyberdata\src\cyberdata\process\synthetic_generator.py:464 - execute_generation_task() - Task Phishing and Spam Email Campaigns_mal_19 completed: 5 unique samples (0 duplicates filtered) in 6.28s
2025-06-17 18:37:58,590 - cyberdata.scripts.generator - INFO - c:\Users\Tianyu Wang\Documents\Notebooks\cyberdata\src\cyberdata\process\synthetic_generator.py:418 - execute_generation_task() - Executing task Phishing and Spam Email Campaigns_mal_25 (attempt 1): 5 malicious samples (schema-aware: True)
2025-06-17 18:37:58,590 - cyberdata.scripts.generator - INFO - c:\Users\Tianyu Wang\Documents\Notebooks\cyberdata\src\cyberdata\process\synthetic_generator.py:841 - generate_parallel() - Task Phishing and Spam Email Campaigns_mal_19 contributed 5 samples
2025-06-17 18:37:59,351 - cyberdata.scripts.generator - INFO - c:\Users\Tianyu Wang\Documents\Notebooks\cyberdata\src\cyberdata\process\synthetic_generator.py:464 - execute_generation_task() - Task Phishing and Spam Email Campaigns_mal_17 completed: 5 unique samples (0 duplicates filtered) in 8.75s
2025-06-17 18:37:59,352 - cyberdata.scripts.generator - INFO - c:\Users\Tianyu Wang\Documents\Notebooks\cyberdata\src\cyberdata\process\synthetic_generator.py:418 - execute_generation_task() - Executing task Phishing and Spam Email Campaigns_mal_26 (attempt 1): 5 malicious samples (schema-aware: True)
2025-06-17 18:37:59,352 - cyberdata.scripts.generator - INFO - c:\Users\Tianyu Wang\Documents\Notebooks\cyberdata\src\cyberdata\process\synthetic_generator.py:841 - generate_parallel() - Task Phishing and Spam Email Campaigns_mal_17 contributed 5 samples
2025-06-17 18:38:00,481 - cyberdata.scripts.generator - INFO - c:\Users\Tianyu Wang\Documents\Notebooks\cyberdata\src\cyberdata\process\synthetic_generator.py:464 - execute_generation_task() - Task Phishing and Spam Email Campaigns_mal_18 completed: 5 unique samples (0 duplicates filtered) in 8.95s
2025-06-17 18:38:00,482 - cyberdata.scripts.generator - INFO - c:\Users\Tianyu Wang\Documents\Notebooks\cyberdata\src\cyberdata\process\synthetic_generator.py:418 - execute_generation_task() - Executing task Phishing and Spam Email Campaigns_mal_27 (attempt 1): 5 malicious samples (schema-aware: True)
2025-06-17 18:38:00,482 - cyberdata.scripts.generator - INFO - c:\Users\Tianyu Wang\Documents\Notebooks\cyberdata\src\cyberdata\process\synthetic_generator.py:841 - generate_parallel() - Task Phishing and Spam Email Campaigns_mal_18 contributed 5 samples
2025-06-17 18:38:02,924 - cyberdata.scripts.generator - INFO - c:\Users\Tianyu Wang\Documents\Notebooks\cyberdata\src\cyberdata\process\synthetic_generator.py:464 - execute_generation_task() - Task Phishing and Spam Email Campaigns_mal_21 completed: 5 unique samples (0 duplicates filtered) in 9.07s
2025-06-17 18:38:02,924 - cyberdata.scripts.generator - INFO - c:\Users\Tianyu Wang\Documents\Notebooks\cyberdata\src\cyberdata\process\synthetic_generator.py:418 - execute_generation_task() - Executing task Phishing and Spam Email Campaigns_mal_28 (attempt 1): 5 malicious samples (schema-aware: True)
2025-06-17 18:38:02,925 - cyberdata.scripts.generator - INFO - c:\Users\Tianyu Wang\Documents\Notebooks\cyberdata\src\cyberdata\process\synthetic_generator.py:841 - generate_parallel() - Task Phishing and Spam Email Campaigns_mal_21 contributed 5 samples
2025-06-17 18:38:03,064 - cyberdata.scripts.generator - INFO - c:\Users\Tianyu Wang\Documents\Notebooks\cyberdata\src\cyberdata\process\synthetic_generator.py:464 - execute_generation_task() - Task Phishing and Spam Email Campaigns_mal_20 completed: 5 unique samples (0 duplicates filtered) in 10.22s
2025-06-17 18:38:03,064 - cyberdata.scripts.generator - INFO - c:\Users\Tianyu Wang\Documents\Notebooks\cyberdata\src\cyberdata\process\synthetic_generator.py:418 - execute_generation_task() - Executing task Phishing and Spam Email Campaigns_mal_29 (attempt 1): 5 malicious samples (schema-aware: True)
2025-06-17 18:38:03,064 - cyberdata.scripts.generator - INFO - c:\Users\Tianyu Wang\Documents\Notebooks\cyberdata\src\cyberdata\process\synthetic_generator.py:841 - generate_parallel() - Task Phishing and Spam Email Campaigns_mal_20 contributed 5 samples
2025-06-17 18:38:04,501 - cyberdata.scripts.generator - INFO - c:\Users\Tianyu Wang\Documents\Notebooks\cyberdata\src\cyberdata\process\synthetic_generator.py:464 - execute_generation_task() - Task Phishing and Spam Email Campaigns_mal_23 completed: 5 unique samples (0 duplicates filtered) in 9.89s
2025-06-17 18:38:04,502 - cyberdata.scripts.generator - INFO - c:\Users\Tianyu Wang\Documents\Notebooks\cyberdata\src\cyberdata\process\synthetic_generator.py:418 - execute_generation_task() - Executing task Phishing and Spam Email Campaigns_mal_30 (attempt 1): 5 malicious samples (schema-aware: True)
2025-06-17 18:38:04,502 - cyberdata.scripts.generator - INFO - c:\Users\Tianyu Wang\Documents\Notebooks\cyberdata\src\cyberdata\process\synthetic_generator.py:841 - generate_parallel() - Task Phishing and Spam Email Campaigns_mal_23 contributed 5 samples
2025-06-17 18:38:04,775 - cyberdata.scripts.generator - INFO - c:\Users\Tianyu Wang\Documents\Notebooks\cyberdata\src\cyberdata\process\synthetic_generator.py:464 - execute_generation_task() - Task Phishing and Spam Email Campaigns_mal_22 completed: 5 unique samples (0 duplicates filtered) in 10.88s
2025-06-17 18:38:04,776 - cyberdata.scripts.generator - INFO - c:\Users\Tianyu Wang\Documents\Notebooks\cyberdata\src\cyberdata\process\synthetic_generator.py:418 - execute_generation_task() - Executing task Phishing and Spam Email Campaigns_mal_31 (attempt 1): 5 malicious samples (schema-aware: True)
2025-06-17 18:38:04,776 - cyberdata.scripts.generator - INFO - c:\Users\Tianyu Wang\Documents\Notebooks\cyberdata\src\cyberdata\process\synthetic_generator.py:841 - generate_parallel() - Task Phishing and Spam Email Campaigns_mal_22 contributed 5 samples
2025-06-17 18:38:08,531 - cyberdata.scripts.generator - INFO - c:\Users\Tianyu Wang\Documents\Notebooks\cyberdata\src\cyberdata\process\synthetic_generator.py:464 - execute_generation_task() - Task Phishing and Spam Email Campaigns_mal_26 completed: 5 unique samples (0 duplicates filtered) in 9.18s
2025-06-17 18:38:08,532 - cyberdata.scripts.generator - INFO - c:\Users\Tianyu Wang\Documents\Notebooks\cyberdata\src\cyberdata\process\synthetic_generator.py:418 - execute_generation_task() - Executing task Phishing and Spam Email Campaigns_mal_32 (attempt 1): 5 malicious samples (schema-aware: True)
2025-06-17 18:38:08,532 - cyberdata.scripts.generator - INFO - c:\Users\Tianyu Wang\Documents\Notebooks\cyberdata\src\cyberdata\process\synthetic_generator.py:841 - generate_parallel() - Task Phishing and Spam Email Campaigns_mal_26 contributed 5 samples
2025-06-17 18:38:08,737 - cyberdata.scripts.generator - INFO - c:\Users\Tianyu Wang\Documents\Notebooks\cyberdata\src\cyberdata\process\synthetic_generator.py:464 - execute_generation_task() - Task Phishing and Spam Email Campaigns_mal_25 completed: 5 unique samples (0 duplicates filtered) in 10.15s
2025-06-17 18:38:08,737 - cyberdata.scripts.generator - INFO - c:\Users\Tianyu Wang\Documents\Notebooks\cyberdata\src\cyberdata\process\synthetic_generator.py:418 - execute_generation_task() - Executing task Phishing and Spam Email Campaigns_mal_33 (attempt 1): 5 malicious samples (schema-aware: True)
2025-06-17 18:38:08,738 - cyberdata.scripts.generator - INFO - c:\Users\Tianyu Wang\Documents\Notebooks\cyberdata\src\cyberdata\process\synthetic_generator.py:841 - generate_parallel() - Task Phishing and Spam Email Campaigns_mal_25 contributed 5 samples
2025-06-17 18:38:10,432 - cyberdata.scripts.generator - INFO - c:\Users\Tianyu Wang\Documents\Notebooks\cyberdata\src\cyberdata\process\synthetic_generator.py:464 - execute_generation_task() - Task Phishing and Spam Email Campaigns_mal_27 completed: 5 unique samples (0 duplicates filtered) in 9.95s
2025-06-17 18:38:10,433 - cyberdata.scripts.generator - INFO - c:\Users\Tianyu Wang\Documents\Notebooks\cyberdata\src\cyberdata\process\synthetic_generator.py:418 - execute_generation_task() - Executing task Phishing and Spam Email Campaigns_mal_34 (attempt 1): 5 malicious samples (schema-aware: True)
2025-06-17 18:38:10,433 - cyberdata.scripts.generator - INFO - c:\Users\Tianyu Wang\Documents\Notebooks\cyberdata\src\cyberdata\process\synthetic_generator.py:841 - generate_parallel() - Task Phishing and Spam Email Campaigns_mal_27 contributed 5 samples
2025-06-17 18:38:10,848 - cyberdata.scripts.generator - INFO - c:\Users\Tianyu Wang\Documents\Notebooks\cyberdata\src\cyberdata\process\synthetic_generator.py:464 - execute_generation_task() - Task Phishing and Spam Email Campaigns_mal_24 completed: 5 unique samples (0 duplicates filtered) in 12.72s
2025-06-17 18:38:10,849 - cyberdata.scripts.generator - INFO - c:\Users\Tianyu Wang\Documents\Notebooks\cyberdata\src\cyberdata\process\synthetic_generator.py:418 - execute_generation_task() - Executing task Phishing and Spam Email Campaigns_mal_35 (attempt 1): 5 malicious samples (schema-aware: True)
2025-06-17 18:38:10,849 - cyberdata.scripts.generator - INFO - c:\Users\Tianyu Wang\Documents\Notebooks\cyberdata\src\cyberdata\process\synthetic_generator.py:841 - generate_parallel() - Task Phishing and Spam Email Campaigns_mal_24 contributed 5 samples
2025-06-17 18:38:11,509 - cyberdata.scripts.generator - INFO - c:\Users\Tianyu Wang\Documents\Notebooks\cyberdata\src\cyberdata\process\synthetic_generator.py:464 - execute_generation_task() - Task Phishing and Spam Email Campaigns_mal_29 completed: 5 unique samples (0 duplicates filtered) in 8.44s
2025-06-17 18:38:11,509 - cyberdata.scripts.generator - INFO - c:\Users\Tianyu Wang\Documents\Notebooks\cyberdata\src\cyberdata\process\synthetic_generator.py:418 - execute_generation_task() - Executing task Phishing and Spam Email Campaigns_mal_36 (attempt 1): 5 malicious samples (schema-aware: True)
2025-06-17 18:38:11,510 - cyberdata.scripts.generator - INFO - c:\Users\Tianyu Wang\Documents\Notebooks\cyberdata\src\cyberdata\process\synthetic_generator.py:841 - generate_parallel() - Task Phishing and Spam Email Campaigns_mal_29 contributed 5 samples
2025-06-17 18:38:11,724 - cyberdata.scripts.generator - INFO - c:\Users\Tianyu Wang\Documents\Notebooks\cyberdata\src\cyberdata\process\synthetic_generator.py:464 - execute_generation_task() - Task Phishing and Spam Email Campaigns_mal_30 completed: 5 unique samples (0 duplicates filtered) in 7.22s
2025-06-17 18:38:11,725 - cyberdata.scripts.generator - INFO - c:\Users\Tianyu Wang\Documents\Notebooks\cyberdata\src\cyberdata\process\synthetic_generator.py:418 - execute_generation_task() - Executing task Phishing and Spam Email Campaigns_mal_37 (attempt 1): 5 malicious samples (schema-aware: True)
2025-06-17 18:38:11,725 - cyberdata.scripts.generator - INFO - c:\Users\Tianyu Wang\Documents\Notebooks\cyberdata\src\cyberdata\process\synthetic_generator.py:841 - generate_parallel() - Task Phishing and Spam Email Campaigns_mal_30 contributed 5 samples
2025-06-17 18:38:13,289 - cyberdata.scripts.generator - INFO - c:\Users\Tianyu Wang\Documents\Notebooks\cyberdata\src\cyberdata\process\synthetic_generator.py:464 - execute_generation_task() - Task Phishing and Spam Email Campaigns_mal_28 completed: 5 unique samples (0 duplicates filtered) in 10.36s
2025-06-17 18:38:13,290 - cyberdata.scripts.generator - INFO - c:\Users\Tianyu Wang\Documents\Notebooks\cyberdata\src\cyberdata\process\synthetic_generator.py:418 - execute_generation_task() - Executing task Phishing and Spam Email Campaigns_mal_38 (attempt 1): 5 malicious samples (schema-aware: True)
2025-06-17 18:38:13,290 - cyberdata.scripts.generator - INFO - c:\Users\Tianyu Wang\Documents\Notebooks\cyberdata\src\cyberdata\process\synthetic_generator.py:841 - generate_parallel() - Task Phishing and Spam Email Campaigns_mal_28 contributed 5 samples
2025-06-17 18:38:18,717 - cyberdata.scripts.generator - INFO - c:\Users\Tianyu Wang\Documents\Notebooks\cyberdata\src\cyberdata\process\synthetic_generator.py:464 - execute_generation_task() - Task Phishing and Spam Email Campaigns_mal_31 completed: 5 unique samples (0 duplicates filtered) in 13.94s
2025-06-17 18:38:18,718 - cyberdata.scripts.generator - INFO - c:\Users\Tianyu Wang\Documents\Notebooks\cyberdata\src\cyberdata\process\synthetic_generator.py:418 - execute_generation_task() - Executing task Phishing and Spam Email Campaigns_mal_39 (attempt 1): 5 malicious samples (schema-aware: True)
2025-06-17 18:38:18,718 - cyberdata.scripts.generator - INFO - c:\Users\Tianyu Wang\Documents\Notebooks\cyberdata\src\cyberdata\process\synthetic_generator.py:841 - generate_parallel() - Task Phishing and Spam Email Campaigns_mal_31 contributed 5 samples
2025-06-17 18:38:19,621 - cyberdata.scripts.generator - INFO - c:\Users\Tianyu Wang\Documents\Notebooks\cyberdata\src\cyberdata\process\synthetic_generator.py:464 - execute_generation_task() - Task Phishing and Spam Email Campaigns_mal_33 completed: 5 unique samples (0 duplicates filtered) in 10.88s
2025-06-17 18:38:19,622 - cyberdata.scripts.generator - INFO - c:\Users\Tianyu Wang\Documents\Notebooks\cyberdata\src\cyberdata\process\synthetic_generator.py:418 - execute_generation_task() - Executing task Phishing and Spam Email Campaigns_mal_40 (attempt 1): 5 malicious samples (schema-aware: True)
2025-06-17 18:38:19,623 - cyberdata.scripts.generator - INFO - c:\Users\Tianyu Wang\Documents\Notebooks\cyberdata\src\cyberdata\process\synthetic_generator.py:841 - generate_parallel() - Task Phishing and Spam Email Campaigns_mal_33 contributed 5 samples
2025-06-17 18:38:19,680 - cyberdata.scripts.generator - INFO - c:\Users\Tianyu Wang\Documents\Notebooks\cyberdata\src\cyberdata\process\synthetic_generator.py:464 - execute_generation_task() - Task Phishing and Spam Email Campaigns_mal_34 completed: 5 unique samples (0 duplicates filtered) in 9.25s
2025-06-17 18:38:19,681 - cyberdata.scripts.generator - INFO - c:\Users\Tianyu Wang\Documents\Notebooks\cyberdata\src\cyberdata\process\synthetic_generator.py:418 - execute_generation_task() - Executing task Phishing and Spam Email Campaigns_mal_41 (attempt 1): 5 malicious samples (schema-aware: True)
2025-06-17 18:38:19,681 - cyberdata.scripts.generator - INFO - c:\Users\Tianyu Wang\Documents\Notebooks\cyberdata\src\cyberdata\process\synthetic_generator.py:841 - generate_parallel() - Task Phishing and Spam Email Campaigns_mal_34 contributed 5 samples
2025-06-17 18:38:19,879 - cyberdata.scripts.generator - INFO - c:\Users\Tianyu Wang\Documents\Notebooks\cyberdata\src\cyberdata\process\synthetic_generator.py:464 - execute_generation_task() - Task Phishing and Spam Email Campaigns_mal_32 completed: 5 unique samples (0 duplicates filtered) in 11.35s
2025-06-17 18:38:19,880 - cyberdata.scripts.generator - INFO - c:\Users\Tianyu Wang\Documents\Notebooks\cyberdata\src\cyberdata\process\synthetic_generator.py:418 - execute_generation_task() - Executing task Phishing and Spam Email Campaigns_mal_42 (attempt 1): 5 malicious samples (schema-aware: True)
2025-06-17 18:38:19,880 - cyberdata.scripts.generator - INFO - c:\Users\Tianyu Wang\Documents\Notebooks\cyberdata\src\cyberdata\process\synthetic_generator.py:841 - generate_parallel() - Task Phishing and Spam Email Campaigns_mal_32 contributed 5 samples
2025-06-17 18:38:20,978 - cyberdata.scripts.generator - INFO - c:\Users\Tianyu Wang\Documents\Notebooks\cyberdata\src\cyberdata\process\synthetic_generator.py:464 - execute_generation_task() - Task Phishing and Spam Email Campaigns_mal_37 completed: 5 unique samples (0 duplicates filtered) in 9.25s
2025-06-17 18:38:20,979 - cyberdata.scripts.generator - INFO - c:\Users\Tianyu Wang\Documents\Notebooks\cyberdata\src\cyberdata\process\synthetic_generator.py:418 - execute_generation_task() - Executing task Phishing and Spam Email Campaigns_mal_43 (attempt 1): 5 malicious samples (schema-aware: True)
2025-06-17 18:38:20,979 - cyberdata.scripts.generator - INFO - c:\Users\Tianyu Wang\Documents\Notebooks\cyberdata\src\cyberdata\process\synthetic_generator.py:841 - generate_parallel() - Task Phishing and Spam Email Campaigns_mal_37 contributed 5 samples
2025-06-17 18:38:21,249 - cyberdata.scripts.generator - INFO - c:\Users\Tianyu Wang\Documents\Notebooks\cyberdata\src\cyberdata\process\synthetic_generator.py:464 - execute_generation_task() - Task Phishing and Spam Email Campaigns_mal_38 completed: 5 unique samples (0 duplicates filtered) in 7.96s
2025-06-17 18:38:21,250 - cyberdata.scripts.generator - INFO - c:\Users\Tianyu Wang\Documents\Notebooks\cyberdata\src\cyberdata\process\synthetic_generator.py:418 - execute_generation_task() - Executing task Phishing and Spam Email Campaigns_mal_44 (attempt 1): 5 malicious samples (schema-aware: True)
2025-06-17 18:38:21,250 - cyberdata.scripts.generator - INFO - c:\Users\Tianyu Wang\Documents\Notebooks\cyberdata\src\cyberdata\process\synthetic_generator.py:841 - generate_parallel() - Task Phishing and Spam Email Campaigns_mal_38 contributed 5 samples
2025-06-17 18:38:21,872 - cyberdata.scripts.generator - INFO - c:\Users\Tianyu Wang\Documents\Notebooks\cyberdata\src\cyberdata\process\synthetic_generator.py:464 - execute_generation_task() - Task Phishing and Spam Email Campaigns_mal_36 completed: 5 unique samples (0 duplicates filtered) in 10.36s
2025-06-17 18:38:21,872 - cyberdata.scripts.generator - INFO - c:\Users\Tianyu Wang\Documents\Notebooks\cyberdata\src\cyberdata\process\synthetic_generator.py:418 - execute_generation_task() - Executing task Phishing and Spam Email Campaigns_mal_45 (attempt 1): 5 malicious samples (schema-aware: True)
2025-06-17 18:38:21,873 - cyberdata.scripts.generator - INFO - c:\Users\Tianyu Wang\Documents\Notebooks\cyberdata\src\cyberdata\process\synthetic_generator.py:841 - generate_parallel() - Task Phishing and Spam Email Campaigns_mal_36 contributed 5 samples
2025-06-17 18:38:22,710 - cyberdata.scripts.generator - INFO - c:\Users\Tianyu Wang\Documents\Notebooks\cyberdata\src\cyberdata\process\synthetic_generator.py:464 - execute_generation_task() - Task Phishing and Spam Email Campaigns_mal_35 completed: 5 unique samples (0 duplicates filtered) in 11.86s
2025-06-17 18:38:22,712 - cyberdata.scripts.generator - INFO - c:\Users\Tianyu Wang\Documents\Notebooks\cyberdata\src\cyberdata\process\synthetic_generator.py:418 - execute_generation_task() - Executing task Phishing and Spam Email Campaigns_mal_46 (attempt 1): 5 malicious samples (schema-aware: True)
2025-06-17 18:38:22,712 - cyberdata.scripts.generator - INFO - c:\Users\Tianyu Wang\Documents\Notebooks\cyberdata\src\cyberdata\process\synthetic_generator.py:841 - generate_parallel() - Task Phishing and Spam Email Campaigns_mal_35 contributed 5 samples
2025-06-17 18:38:28,501 - cyberdata.scripts.generator - INFO - c:\Users\Tianyu Wang\Documents\Notebooks\cyberdata\src\cyberdata\process\synthetic_generator.py:464 - execute_generation_task() - Task Phishing and Spam Email Campaigns_mal_39 completed: 5 unique samples (0 duplicates filtered) in 9.78s
2025-06-17 18:38:28,501 - cyberdata.scripts.generator - INFO - c:\Users\Tianyu Wang\Documents\Notebooks\cyberdata\src\cyberdata\process\synthetic_generator.py:418 - execute_generation_task() - Executing task Phishing and Spam Email Campaigns_mal_47 (attempt 1): 5 malicious samples (schema-aware: True)
2025-06-17 18:38:28,501 - cyberdata.scripts.generator - INFO - c:\Users\Tianyu Wang\Documents\Notebooks\cyberdata\src\cyberdata\process\synthetic_generator.py:841 - generate_parallel() - Task Phishing and Spam Email Campaigns_mal_39 contributed 5 samples
2025-06-17 18:38:28,571 - cyberdata.scripts.generator - INFO - c:\Users\Tianyu Wang\Documents\Notebooks\cyberdata\src\cyberdata\process\synthetic_generator.py:464 - execute_generation_task() - Task Phishing and Spam Email Campaigns_mal_41 completed: 5 unique samples (0 duplicates filtered) in 8.89s
2025-06-17 18:38:28,571 - cyberdata.scripts.generator - INFO - c:\Users\Tianyu Wang\Documents\Notebooks\cyberdata\src\cyberdata\process\synthetic_generator.py:418 - execute_generation_task() - Executing task Phishing and Spam Email Campaigns_mal_48 (attempt 1): 5 malicious samples (schema-aware: True)
2025-06-17 18:38:28,571 - cyberdata.scripts.generator - INFO - c:\Users\Tianyu Wang\Documents\Notebooks\cyberdata\src\cyberdata\process\synthetic_generator.py:841 - generate_parallel() - Task Phishing and Spam Email Campaigns_mal_41 contributed 5 samples
2025-06-17 18:38:29,260 - cyberdata.scripts.generator - INFO - c:\Users\Tianyu Wang\Documents\Notebooks\cyberdata\src\cyberdata\process\synthetic_generator.py:464 - execute_generation_task() - Task Phishing and Spam Email Campaigns_mal_45 completed: 5 unique samples (0 duplicates filtered) in 7.39s
2025-06-17 18:38:29,262 - cyberdata.scripts.generator - INFO - c:\Users\Tianyu Wang\Documents\Notebooks\cyberdata\src\cyberdata\process\synthetic_generator.py:418 - execute_generation_task() - Executing task Phishing and Spam Email Campaigns_mal_49 (attempt 1): 5 malicious samples (schema-aware: True)
2025-06-17 18:38:29,263 - cyberdata.scripts.generator - INFO - c:\Users\Tianyu Wang\Documents\Notebooks\cyberdata\src\cyberdata\process\synthetic_generator.py:841 - generate_parallel() - Task Phishing and Spam Email Campaigns_mal_45 contributed 5 samples
2025-06-17 18:38:29,469 - cyberdata.scripts.generator - INFO - c:\Users\Tianyu Wang\Documents\Notebooks\cyberdata\src\cyberdata\process\synthetic_generator.py:464 - execute_generation_task() - Task Phishing and Spam Email Campaigns_mal_44 completed: 5 unique samples (0 duplicates filtered) in 8.22s
2025-06-17 18:38:29,469 - cyberdata.scripts.generator - INFO - c:\Users\Tianyu Wang\Documents\Notebooks\cyberdata\src\cyberdata\process\synthetic_generator.py:418 - execute_generation_task() - Executing task Phishing and Spam Email Campaigns_mal_50 (attempt 1): 5 malicious samples (schema-aware: True)
2025-06-17 18:38:29,470 - cyberdata.scripts.generator - INFO - c:\Users\Tianyu Wang\Documents\Notebooks\cyberdata\src\cyberdata\process\synthetic_generator.py:841 - generate_parallel() - Task Phishing and Spam Email Campaigns_mal_44 contributed 5 samples
2025-06-17 18:38:29,871 - cyberdata.scripts.generator - INFO - c:\Users\Tianyu Wang\Documents\Notebooks\cyberdata\src\cyberdata\process\synthetic_generator.py:464 - execute_generation_task() - Task Phishing and Spam Email Campaigns_mal_40 completed: 5 unique samples (0 duplicates filtered) in 10.25s
2025-06-17 18:38:29,872 - cyberdata.scripts.generator - INFO - c:\Users\Tianyu Wang\Documents\Notebooks\cyberdata\src\cyberdata\process\synthetic_generator.py:418 - execute_generation_task() - Executing task Phishing and Spam Email Campaigns_mal_51 (attempt 1): 5 malicious samples (schema-aware: True)
2025-06-17 18:38:29,873 - cyberdata.scripts.generator - INFO - c:\Users\Tianyu Wang\Documents\Notebooks\cyberdata\src\cyberdata\process\synthetic_generator.py:841 - generate_parallel() - Task Phishing and Spam Email Campaigns_mal_40 contributed 5 samples
2025-06-17 18:38:31,263 - cyberdata.scripts.generator - INFO - c:\Users\Tianyu Wang\Documents\Notebooks\cyberdata\src\cyberdata\process\synthetic_generator.py:464 - execute_generation_task() - Task Phishing and Spam Email Campaigns_mal_42 completed: 5 unique samples (0 duplicates filtered) in 11.38s
2025-06-17 18:38:31,265 - cyberdata.scripts.generator - INFO - c:\Users\Tianyu Wang\Documents\Notebooks\cyberdata\src\cyberdata\process\synthetic_generator.py:418 - execute_generation_task() - Executing task Phishing and Spam Email Campaigns_mal_52 (attempt 1): 5 malicious samples (schema-aware: True)
2025-06-17 18:38:31,265 - cyberdata.scripts.generator - INFO - c:\Users\Tianyu Wang\Documents\Notebooks\cyberdata\src\cyberdata\process\synthetic_generator.py:841 - generate_parallel() - Task Phishing and Spam Email Campaigns_mal_42 contributed 5 samples
2025-06-17 18:38:31,406 - cyberdata.scripts.generator - INFO - c:\Users\Tianyu Wang\Documents\Notebooks\cyberdata\src\cyberdata\process\synthetic_generator.py:464 - execute_generation_task() - Task Phishing and Spam Email Campaigns_mal_43 completed: 5 unique samples (0 duplicates filtered) in 10.43s
2025-06-17 18:38:31,406 - cyberdata.scripts.generator - INFO - c:\Users\Tianyu Wang\Documents\Notebooks\cyberdata\src\cyberdata\process\synthetic_generator.py:418 - execute_generation_task() - Executing task Phishing and Spam Email Campaigns_mal_53 (attempt 1): 5 malicious samples (schema-aware: True)
2025-06-17 18:38:31,406 - cyberdata.scripts.generator - INFO - c:\Users\Tianyu Wang\Documents\Notebooks\cyberdata\src\cyberdata\process\synthetic_generator.py:841 - generate_parallel() - Task Phishing and Spam Email Campaigns_mal_43 contributed 5 samples
2025-06-17 18:38:32,638 - cyberdata.scripts.generator - INFO - c:\Users\Tianyu Wang\Documents\Notebooks\cyberdata\src\cyberdata\process\synthetic_generator.py:464 - execute_generation_task() - Task Phishing and Spam Email Campaigns_mal_46 completed: 5 unique samples (0 duplicates filtered) in 9.93s
2025-06-17 18:38:32,639 - cyberdata.scripts.generator - INFO - c:\Users\Tianyu Wang\Documents\Notebooks\cyberdata\src\cyberdata\process\synthetic_generator.py:418 - execute_generation_task() - Executing task Phishing and Spam Email Campaigns_mal_54 (attempt 1): 5 malicious samples (schema-aware: True)
2025-06-17 18:38:32,639 - cyberdata.scripts.generator - INFO - c:\Users\Tianyu Wang\Documents\Notebooks\cyberdata\src\cyberdata\process\synthetic_generator.py:841 - generate_parallel() - Task Phishing and Spam Email Campaigns_mal_46 contributed 5 samples
2025-06-17 18:38:36,658 - cyberdata.scripts.generator - INFO - c:\Users\Tianyu Wang\Documents\Notebooks\cyberdata\src\cyberdata\process\synthetic_generator.py:464 - execute_generation_task() - Task Phishing and Spam Email Campaigns_mal_48 completed: 5 unique samples (0 duplicates filtered) in 8.09s
2025-06-17 18:38:36,659 - cyberdata.scripts.generator - INFO - c:\Users\Tianyu Wang\Documents\Notebooks\cyberdata\src\cyberdata\process\synthetic_generator.py:418 - execute_generation_task() - Executing task Phishing and Spam Email Campaigns_mal_55 (attempt 1): 5 malicious samples (schema-aware: True)
2025-06-17 18:38:36,659 - cyberdata.scripts.generator - INFO - c:\Users\Tianyu Wang\Documents\Notebooks\cyberdata\src\cyberdata\process\synthetic_generator.py:841 - generate_parallel() - Task Phishing and Spam Email Campaigns_mal_48 contributed 5 samples
2025-06-17 18:38:37,767 - cyberdata.scripts.generator - INFO - c:\Users\Tianyu Wang\Documents\Notebooks\cyberdata\src\cyberdata\process\synthetic_generator.py:464 - execute_generation_task() - Task Phishing and Spam Email Campaigns_mal_49 completed: 5 unique samples (0 duplicates filtered) in 8.50s
2025-06-17 18:38:37,767 - cyberdata.scripts.generator - INFO - c:\Users\Tianyu Wang\Documents\Notebooks\cyberdata\src\cyberdata\process\synthetic_generator.py:418 - execute_generation_task() - Executing task Phishing and Spam Email Campaigns_mal_56 (attempt 1): 5 malicious samples (schema-aware: True)
2025-06-17 18:38:37,767 - cyberdata.scripts.generator - INFO - c:\Users\Tianyu Wang\Documents\Notebooks\cyberdata\src\cyberdata\process\synthetic_generator.py:841 - generate_parallel() - Task Phishing and Spam Email Campaigns_mal_49 contributed 5 samples
2025-06-17 18:38:38,574 - cyberdata.scripts.generator - INFO - c:\Users\Tianyu Wang\Documents\Notebooks\cyberdata\src\cyberdata\process\synthetic_generator.py:464 - execute_generation_task() - Task Phishing and Spam Email Campaigns_mal_47 completed: 5 unique samples (0 duplicates filtered) in 10.07s
2025-06-17 18:38:38,575 - cyberdata.scripts.generator - INFO - c:\Users\Tianyu Wang\Documents\Notebooks\cyberdata\src\cyberdata\process\synthetic_generator.py:418 - execute_generation_task() - Executing task Phishing and Spam Email Campaigns_mal_57 (attempt 1): 5 malicious samples (schema-aware: True)
2025-06-17 18:38:38,575 - cyberdata.scripts.generator - INFO - c:\Users\Tianyu Wang\Documents\Notebooks\cyberdata\src\cyberdata\process\synthetic_generator.py:841 - generate_parallel() - Task Phishing and Spam Email Campaigns_mal_47 contributed 5 samples
2025-06-17 18:38:38,906 - cyberdata.scripts.generator - INFO - c:\Users\Tianyu Wang\Documents\Notebooks\cyberdata\src\cyberdata\process\synthetic_generator.py:464 - execute_generation_task() - Task Phishing and Spam Email Campaigns_mal_50 completed: 5 unique samples (0 duplicates filtered) in 9.44s
2025-06-17 18:38:38,907 - cyberdata.scripts.generator - INFO - c:\Users\Tianyu Wang\Documents\Notebooks\cyberdata\src\cyberdata\process\synthetic_generator.py:418 - execute_generation_task() - Executing task Phishing and Spam Email Campaigns_mal_58 (attempt 1): 5 malicious samples (schema-aware: True)
2025-06-17 18:38:38,907 - cyberdata.scripts.generator - INFO - c:\Users\Tianyu Wang\Documents\Notebooks\cyberdata\src\cyberdata\process\synthetic_generator.py:841 - generate_parallel() - Task Phishing and Spam Email Campaigns_mal_50 contributed 5 samples
2025-06-17 18:38:39,120 - cyberdata.scripts.generator - INFO - c:\Users\Tianyu Wang\Documents\Notebooks\cyberdata\src\cyberdata\process\synthetic_generator.py:464 - execute_generation_task() - Task Phishing and Spam Email Campaigns_mal_53 completed: 5 unique samples (0 duplicates filtered) in 7.71s
2025-06-17 18:38:39,121 - cyberdata.scripts.generator - INFO - c:\Users\Tianyu Wang\Documents\Notebooks\cyberdata\src\cyberdata\process\synthetic_generator.py:418 - execute_generation_task() - Executing task Phishing and Spam Email Campaigns_mal_59 (attempt 1): 5 malicious samples (schema-aware: True)
2025-06-17 18:38:39,121 - cyberdata.scripts.generator - INFO - c:\Users\Tianyu Wang\Documents\Notebooks\cyberdata\src\cyberdata\process\synthetic_generator.py:841 - generate_parallel() - Task Phishing and Spam Email Campaigns_mal_53 contributed 5 samples
2025-06-17 18:38:39,207 - cyberdata.scripts.generator - INFO - c:\Users\Tianyu Wang\Documents\Notebooks\cyberdata\src\cyberdata\process\synthetic_generator.py:464 - execute_generation_task() - Task Phishing and Spam Email Campaigns_mal_51 completed: 5 unique samples (0 duplicates filtered) in 9.34s
2025-06-17 18:38:39,207 - cyberdata.scripts.generator - INFO - c:\Users\Tianyu Wang\Documents\Notebooks\cyberdata\src\cyberdata\process\synthetic_generator.py:418 - execute_generation_task() - Executing task Phishing and Spam Email Campaigns_mal_60 (attempt 1): 5 malicious samples (schema-aware: True)
2025-06-17 18:38:39,207 - cyberdata.scripts.generator - INFO - c:\Users\Tianyu Wang\Documents\Notebooks\cyberdata\src\cyberdata\process\synthetic_generator.py:841 - generate_parallel() - Task Phishing and Spam Email Campaigns_mal_51 contributed 5 samples
2025-06-17 18:38:39,302 - cyberdata.scripts.generator - INFO - c:\Users\Tianyu Wang\Documents\Notebooks\cyberdata\src\cyberdata\process\synthetic_generator.py:464 - execute_generation_task() - Task Phishing and Spam Email Campaigns_mal_52 completed: 5 unique samples (0 duplicates filtered) in 8.04s
2025-06-17 18:38:39,303 - cyberdata.scripts.generator - INFO - c:\Users\Tianyu Wang\Documents\Notebooks\cyberdata\src\cyberdata\process\synthetic_generator.py:418 - execute_generation_task() - Executing task Phishing and Spam Email Campaigns_mal_61 (attempt 1): 5 malicious samples (schema-aware: True)
2025-06-17 18:38:39,303 - cyberdata.scripts.generator - INFO - c:\Users\Tianyu Wang\Documents\Notebooks\cyberdata\src\cyberdata\process\synthetic_generator.py:841 - generate_parallel() - Task Phishing and Spam Email Campaigns_mal_52 contributed 5 samples
2025-06-17 18:38:41,397 - cyberdata.scripts.generator - INFO - c:\Users\Tianyu Wang\Documents\Notebooks\cyberdata\src\cyberdata\process\synthetic_generator.py:464 - execute_generation_task() - Task Phishing and Spam Email Campaigns_mal_54 completed: 5 unique samples (0 duplicates filtered) in 8.76s
2025-06-17 18:38:41,397 - cyberdata.scripts.generator - INFO - c:\Users\Tianyu Wang\Documents\Notebooks\cyberdata\src\cyberdata\process\synthetic_generator.py:418 - execute_generation_task() - Executing task Phishing and Spam Email Campaigns_mal_62 (attempt 1): 5 malicious samples (schema-aware: True)
2025-06-17 18:38:41,398 - cyberdata.scripts.generator - INFO - c:\Users\Tianyu Wang\Documents\Notebooks\cyberdata\src\cyberdata\process\synthetic_generator.py:841 - generate_parallel() - Task Phishing and Spam Email Campaigns_mal_54 contributed 5 samples
2025-06-17 18:38:46,833 - cyberdata.scripts.generator - INFO - c:\Users\Tianyu Wang\Documents\Notebooks\cyberdata\src\cyberdata\process\synthetic_generator.py:464 - execute_generation_task() - Task Phishing and Spam Email Campaigns_mal_61 completed: 5 unique samples (0 duplicates filtered) in 7.53s
2025-06-17 18:38:46,834 - cyberdata.scripts.generator - INFO - c:\Users\Tianyu Wang\Documents\Notebooks\cyberdata\src\cyberdata\process\synthetic_generator.py:418 - execute_generation_task() - Executing task Phishing and Spam Email Campaigns_mal_63 (attempt 1): 5 malicious samples (schema-aware: True)
2025-06-17 18:38:46,834 - cyberdata.scripts.generator - INFO - c:\Users\Tianyu Wang\Documents\Notebooks\cyberdata\src\cyberdata\process\synthetic_generator.py:841 - generate_parallel() - Task Phishing and Spam Email Campaigns_mal_61 contributed 5 samples
2025-06-17 18:38:46,895 - cyberdata.scripts.generator - INFO - c:\Users\Tianyu Wang\Documents\Notebooks\cyberdata\src\cyberdata\process\synthetic_generator.py:464 - execute_generation_task() - Task Phishing and Spam Email Campaigns_mal_58 completed: 5 unique samples (0 duplicates filtered) in 7.99s
2025-06-17 18:38:46,895 - cyberdata.scripts.generator - INFO - c:\Users\Tianyu Wang\Documents\Notebooks\cyberdata\src\cyberdata\process\synthetic_generator.py:418 - execute_generation_task() - Executing task Phishing and Spam Email Campaigns_mal_64 (attempt 1): 5 malicious samples (schema-aware: True)
2025-06-17 18:38:46,895 - cyberdata.scripts.generator - INFO - c:\Users\Tianyu Wang\Documents\Notebooks\cyberdata\src\cyberdata\process\synthetic_generator.py:841 - generate_parallel() - Task Phishing and Spam Email Campaigns_mal_58 contributed 5 samples
2025-06-17 18:38:47,015 - cyberdata.scripts.generator - INFO - c:\Users\Tianyu Wang\Documents\Notebooks\cyberdata\src\cyberdata\process\synthetic_generator.py:464 - execute_generation_task() - Task Phishing and Spam Email Campaigns_mal_60 completed: 5 unique samples (0 duplicates filtered) in 7.81s
2025-06-17 18:38:47,015 - cyberdata.scripts.generator - INFO - c:\Users\Tianyu Wang\Documents\Notebooks\cyberdata\src\cyberdata\process\synthetic_generator.py:418 - execute_generation_task() - Executing task Phishing and Spam Email Campaigns_mal_65 (attempt 1): 5 malicious samples (schema-aware: True)
2025-06-17 18:38:47,015 - cyberdata.scripts.generator - INFO - c:\Users\Tianyu Wang\Documents\Notebooks\cyberdata\src\cyberdata\process\synthetic_generator.py:841 - generate_parallel() - Task Phishing and Spam Email Campaigns_mal_60 contributed 5 samples
2025-06-17 18:38:47,495 - cyberdata.scripts.generator - INFO - c:\Users\Tianyu Wang\Documents\Notebooks\cyberdata\src\cyberdata\process\synthetic_generator.py:464 - execute_generation_task() - Task Phishing and Spam Email Campaigns_mal_56 completed: 5 unique samples (0 duplicates filtered) in 9.73s
2025-06-17 18:38:47,496 - cyberdata.scripts.generator - INFO - c:\Users\Tianyu Wang\Documents\Notebooks\cyberdata\src\cyberdata\process\synthetic_generator.py:418 - execute_generation_task() - Executing task Phishing and Spam Email Campaigns_mal_66 (attempt 1): 5 malicious samples (schema-aware: True)
2025-06-17 18:38:47,496 - cyberdata.scripts.generator - INFO - c:\Users\Tianyu Wang\Documents\Notebooks\cyberdata\src\cyberdata\process\synthetic_generator.py:841 - generate_parallel() - Task Phishing and Spam Email Campaigns_mal_56 contributed 5 samples
2025-06-17 18:38:47,628 - cyberdata.scripts.generator - INFO - c:\Users\Tianyu Wang\Documents\Notebooks\cyberdata\src\cyberdata\process\synthetic_generator.py:464 - execute_generation_task() - Task Phishing and Spam Email Campaigns_mal_55 completed: 5 unique samples (0 duplicates filtered) in 10.97s
2025-06-17 18:38:47,630 - cyberdata.scripts.generator - INFO - c:\Users\Tianyu Wang\Documents\Notebooks\cyberdata\src\cyberdata\process\synthetic_generator.py:418 - execute_generation_task() - Executing task Phishing and Spam Email Campaigns_mal_67 (attempt 1): 5 malicious samples (schema-aware: True)
2025-06-17 18:38:47,630 - cyberdata.scripts.generator - INFO - c:\Users\Tianyu Wang\Documents\Notebooks\cyberdata\src\cyberdata\process\synthetic_generator.py:841 - generate_parallel() - Task Phishing and Spam Email Campaigns_mal_55 contributed 5 samples
2025-06-17 18:38:47,870 - cyberdata.scripts.generator - INFO - c:\Users\Tianyu Wang\Documents\Notebooks\cyberdata\src\cyberdata\process\synthetic_generator.py:464 - execute_generation_task() - Task Phishing and Spam Email Campaigns_mal_59 completed: 5 unique samples (0 duplicates filtered) in 8.75s
2025-06-17 18:38:47,872 - cyberdata.scripts.generator - INFO - c:\Users\Tianyu Wang\Documents\Notebooks\cyberdata\src\cyberdata\process\synthetic_generator.py:418 - execute_generation_task() - Executing task Phishing and Spam Email Campaigns_mal_68 (attempt 1): 5 malicious samples (schema-aware: True)
2025-06-17 18:38:47,872 - cyberdata.scripts.generator - INFO - c:\Users\Tianyu Wang\Documents\Notebooks\cyberdata\src\cyberdata\process\synthetic_generator.py:841 - generate_parallel() - Task Phishing and Spam Email Campaigns_mal_59 contributed 5 samples
2025-06-17 18:38:49,832 - cyberdata.scripts.generator - INFO - c:\Users\Tianyu Wang\Documents\Notebooks\cyberdata\src\cyberdata\process\synthetic_generator.py:464 - execute_generation_task() - Task Phishing and Spam Email Campaigns_mal_57 completed: 5 unique samples (0 duplicates filtered) in 11.26s
2025-06-17 18:38:49,833 - cyberdata.scripts.generator - INFO - c:\Users\Tianyu Wang\Documents\Notebooks\cyberdata\src\cyberdata\process\synthetic_generator.py:418 - execute_generation_task() - Executing task Phishing and Spam Email Campaigns_mal_69 (attempt 1): 5 malicious samples (schema-aware: True)
2025-06-17 18:38:49,833 - cyberdata.scripts.generator - INFO - c:\Users\Tianyu Wang\Documents\Notebooks\cyberdata\src\cyberdata\process\synthetic_generator.py:841 - generate_parallel() - Task Phishing and Spam Email Campaigns_mal_57 contributed 5 samples
2025-06-17 18:38:50,274 - cyberdata.scripts.generator - INFO - c:\Users\Tianyu Wang\Documents\Notebooks\cyberdata\src\cyberdata\process\synthetic_generator.py:464 - execute_generation_task() - Task Phishing and Spam Email Campaigns_mal_62 completed: 5 unique samples (0 duplicates filtered) in 8.88s
2025-06-17 18:38:50,275 - cyberdata.scripts.generator - INFO - c:\Users\Tianyu Wang\Documents\Notebooks\cyberdata\src\cyberdata\process\synthetic_generator.py:418 - execute_generation_task() - Executing task Phishing and Spam Email Campaigns_mal_70 (attempt 1): 5 malicious samples (schema-aware: True)
2025-06-17 18:38:50,275 - cyberdata.scripts.generator - INFO - c:\Users\Tianyu Wang\Documents\Notebooks\cyberdata\src\cyberdata\process\synthetic_generator.py:841 - generate_parallel() - Task Phishing and Spam Email Campaigns_mal_62 contributed 5 samples
2025-06-17 18:38:56,768 - cyberdata.scripts.generator - INFO - c:\Users\Tianyu Wang\Documents\Notebooks\cyberdata\src\cyberdata\process\synthetic_generator.py:464 - execute_generation_task() - Task Phishing and Spam Email Campaigns_mal_67 completed: 5 unique samples (0 duplicates filtered) in 9.14s
2025-06-17 18:38:56,768 - cyberdata.scripts.generator - INFO - c:\Users\Tianyu Wang\Documents\Notebooks\cyberdata\src\cyberdata\process\synthetic_generator.py:418 - execute_generation_task() - Executing task Phishing and Spam Email Campaigns_mal_71 (attempt 1): 5 malicious samples (schema-aware: True)
2025-06-17 18:38:56,769 - cyberdata.scripts.generator - INFO - c:\Users\Tianyu Wang\Documents\Notebooks\cyberdata\src\cyberdata\process\synthetic_generator.py:841 - generate_parallel() - Task Phishing and Spam Email Campaigns_mal_67 contributed 5 samples
2025-06-17 18:38:56,891 - cyberdata.scripts.generator - INFO - c:\Users\Tianyu Wang\Documents\Notebooks\cyberdata\src\cyberdata\process\synthetic_generator.py:464 - execute_generation_task() - Task Phishing and Spam Email Campaigns_mal_66 completed: 5 unique samples (0 duplicates filtered) in 9.39s
2025-06-17 18:38:56,891 - cyberdata.scripts.generator - INFO - c:\Users\Tianyu Wang\Documents\Notebooks\cyberdata\src\cyberdata\process\synthetic_generator.py:418 - execute_generation_task() - Executing task Phishing and Spam Email Campaigns_mal_72 (attempt 1): 5 malicious samples (schema-aware: True)
2025-06-17 18:38:56,891 - cyberdata.scripts.generator - INFO - c:\Users\Tianyu Wang\Documents\Notebooks\cyberdata\src\cyberdata\process\synthetic_generator.py:841 - generate_parallel() - Task Phishing and Spam Email Campaigns_mal_66 contributed 5 samples
2025-06-17 18:38:57,173 - cyberdata.scripts.generator - INFO - c:\Users\Tianyu Wang\Documents\Notebooks\cyberdata\src\cyberdata\process\synthetic_generator.py:464 - execute_generation_task() - Task Phishing and Spam Email Campaigns_mal_63 completed: 5 unique samples (0 duplicates filtered) in 10.34s
2025-06-17 18:38:57,175 - cyberdata.scripts.generator - INFO - c:\Users\Tianyu Wang\Documents\Notebooks\cyberdata\src\cyberdata\process\synthetic_generator.py:418 - execute_generation_task() - Executing task Phishing and Spam Email Campaigns_mal_73 (attempt 1): 5 malicious samples (schema-aware: True)
2025-06-17 18:38:57,175 - cyberdata.scripts.generator - INFO - c:\Users\Tianyu Wang\Documents\Notebooks\cyberdata\src\cyberdata\process\synthetic_generator.py:841 - generate_parallel() - Task Phishing and Spam Email Campaigns_mal_63 contributed 5 samples
2025-06-17 18:38:57,223 - cyberdata.scripts.generator - INFO - c:\Users\Tianyu Wang\Documents\Notebooks\cyberdata\src\cyberdata\process\synthetic_generator.py:464 - execute_generation_task() - Task Phishing and Spam Email Campaigns_mal_65 completed: 5 unique samples (0 duplicates filtered) in 10.21s
2025-06-17 18:38:57,224 - cyberdata.scripts.generator - INFO - c:\Users\Tianyu Wang\Documents\Notebooks\cyberdata\src\cyberdata\process\synthetic_generator.py:418 - execute_generation_task() - Executing task Phishing and Spam Email Campaigns_mal_74 (attempt 1): 5 malicious samples (schema-aware: True)
2025-06-17 18:38:57,224 - cyberdata.scripts.generator - INFO - c:\Users\Tianyu Wang\Documents\Notebooks\cyberdata\src\cyberdata\process\synthetic_generator.py:841 - generate_parallel() - Task Phishing and Spam Email Campaigns_mal_65 contributed 5 samples
2025-06-17 18:38:57,699 - cyberdata.scripts.generator - INFO - c:\Users\Tianyu Wang\Documents\Notebooks\cyberdata\src\cyberdata\process\synthetic_generator.py:464 - execute_generation_task() - Task Phishing and Spam Email Campaigns_mal_68 completed: 5 unique samples (0 duplicates filtered) in 9.83s
2025-06-17 18:38:57,700 - cyberdata.scripts.generator - INFO - c:\Users\Tianyu Wang\Documents\Notebooks\cyberdata\src\cyberdata\process\synthetic_generator.py:418 - execute_generation_task() - Executing task Phishing and Spam Email Campaigns_mal_75 (attempt 1): 5 malicious samples (schema-aware: True)
2025-06-17 18:38:57,700 - cyberdata.scripts.generator - INFO - c:\Users\Tianyu Wang\Documents\Notebooks\cyberdata\src\cyberdata\process\synthetic_generator.py:841 - generate_parallel() - Task Phishing and Spam Email Campaigns_mal_68 contributed 5 samples
2025-06-17 18:38:58,315 - cyberdata.scripts.generator - INFO - c:\Users\Tianyu Wang\Documents\Notebooks\cyberdata\src\cyberdata\process\synthetic_generator.py:464 - execute_generation_task() - Task Phishing and Spam Email Campaigns_mal_64 completed: 5 unique samples (0 duplicates filtered) in 11.42s
2025-06-17 18:38:58,315 - cyberdata.scripts.generator - INFO - c:\Users\Tianyu Wang\Documents\Notebooks\cyberdata\src\cyberdata\process\synthetic_generator.py:418 - execute_generation_task() - Executing task Phishing and Spam Email Campaigns_mal_76 (attempt 1): 5 malicious samples (schema-aware: True)
2025-06-17 18:38:58,315 - cyberdata.scripts.generator - INFO - c:\Users\Tianyu Wang\Documents\Notebooks\cyberdata\src\cyberdata\process\synthetic_generator.py:841 - generate_parallel() - Task Phishing and Spam Email Campaigns_mal_64 contributed 5 samples
2025-06-17 18:38:59,819 - cyberdata.scripts.generator - INFO - c:\Users\Tianyu Wang\Documents\Notebooks\cyberdata\src\cyberdata\process\synthetic_generator.py:464 - execute_generation_task() - Task Phishing and Spam Email Campaigns_mal_70 completed: 5 unique samples (0 duplicates filtered) in 9.54s
2025-06-17 18:38:59,820 - cyberdata.scripts.generator - INFO - c:\Users\Tianyu Wang\Documents\Notebooks\cyberdata\src\cyberdata\process\synthetic_generator.py:418 - execute_generation_task() - Executing task Phishing and Spam Email Campaigns_mal_77 (attempt 1): 5 malicious samples (schema-aware: True)
2025-06-17 18:38:59,820 - cyberdata.scripts.generator - INFO - c:\Users\Tianyu Wang\Documents\Notebooks\cyberdata\src\cyberdata\process\synthetic_generator.py:841 - generate_parallel() - Task Phishing and Spam Email Campaigns_mal_70 contributed 5 samples
2025-06-17 18:38:59,870 - cyberdata.scripts.generator - INFO - c:\Users\Tianyu Wang\Documents\Notebooks\cyberdata\src\cyberdata\process\synthetic_generator.py:464 - execute_generation_task() - Task Phishing and Spam Email Campaigns_mal_69 completed: 5 unique samples (0 duplicates filtered) in 10.04s
2025-06-17 18:38:59,871 - cyberdata.scripts.generator - INFO - c:\Users\Tianyu Wang\Documents\Notebooks\cyberdata\src\cyberdata\process\synthetic_generator.py:418 - execute_generation_task() - Executing task Phishing and Spam Email Campaigns_mal_78 (attempt 1): 5 malicious samples (schema-aware: True)
2025-06-17 18:38:59,871 - cyberdata.scripts.generator - INFO - c:\Users\Tianyu Wang\Documents\Notebooks\cyberdata\src\cyberdata\process\synthetic_generator.py:841 - generate_parallel() - Task Phishing and Spam Email Campaigns_mal_69 contributed 5 samples
2025-06-17 18:39:04,228 - cyberdata.scripts.generator - INFO - c:\Users\Tianyu Wang\Documents\Notebooks\cyberdata\src\cyberdata\process\synthetic_generator.py:464 - execute_generation_task() - Task Phishing and Spam Email Campaigns_mal_73 completed: 5 unique samples (0 duplicates filtered) in 7.05s
2025-06-17 18:39:04,229 - cyberdata.scripts.generator - INFO - c:\Users\Tianyu Wang\Documents\Notebooks\cyberdata\src\cyberdata\process\synthetic_generator.py:418 - execute_generation_task() - Executing task Phishing and Spam Email Campaigns_mal_79 (attempt 1): 5 malicious samples (schema-aware: True)
2025-06-17 18:39:04,229 - cyberdata.scripts.generator - INFO - c:\Users\Tianyu Wang\Documents\Notebooks\cyberdata\src\cyberdata\process\synthetic_generator.py:841 - generate_parallel() - Task Phishing and Spam Email Campaigns_mal_73 contributed 5 samples
2025-06-17 18:39:04,244 - cyberdata.scripts.generator - INFO - c:\Users\Tianyu Wang\Documents\Notebooks\cyberdata\src\cyberdata\process\synthetic_generator.py:464 - execute_generation_task() - Task Phishing and Spam Email Campaigns_mal_72 completed: 5 unique samples (0 duplicates filtered) in 7.35s
2025-06-17 18:39:04,245 - cyberdata.scripts.generator - INFO - c:\Users\Tianyu Wang\Documents\Notebooks\cyberdata\src\cyberdata\process\synthetic_generator.py:418 - execute_generation_task() - Executing task Phishing and Spam Email Campaigns_mal_80 (attempt 1): 5 malicious samples (schema-aware: True)
2025-06-17 18:39:04,245 - cyberdata.scripts.generator - INFO - c:\Users\Tianyu Wang\Documents\Notebooks\cyberdata\src\cyberdata\process\synthetic_generator.py:841 - generate_parallel() - Task Phishing and Spam Email Campaigns_mal_72 contributed 5 samples
2025-06-17 18:39:05,838 - cyberdata.scripts.generator - INFO - c:\Users\Tianyu Wang\Documents\Notebooks\cyberdata\src\cyberdata\process\synthetic_generator.py:464 - execute_generation_task() - Task Phishing and Spam Email Campaigns_mal_71 completed: 5 unique samples (0 duplicates filtered) in 9.07s
2025-06-17 18:39:05,838 - cyberdata.scripts.generator - INFO - c:\Users\Tianyu Wang\Documents\Notebooks\cyberdata\src\cyberdata\process\synthetic_generator.py:418 - execute_generation_task() - Executing task Phishing and Spam Email Campaigns_mal_81 (attempt 1): 5 malicious samples (schema-aware: True)
2025-06-17 18:39:05,838 - cyberdata.scripts.generator - INFO - c:\Users\Tianyu Wang\Documents\Notebooks\cyberdata\src\cyberdata\process\synthetic_generator.py:841 - generate_parallel() - Task Phishing and Spam Email Campaigns_mal_71 contributed 5 samples
2025-06-17 18:39:08,148 - cyberdata.scripts.generator - INFO - c:\Users\Tianyu Wang\Documents\Notebooks\cyberdata\src\cyberdata\process\synthetic_generator.py:464 - execute_generation_task() - Task Phishing and Spam Email Campaigns_mal_74 completed: 5 unique samples (0 duplicates filtered) in 10.92s
2025-06-17 18:39:08,149 - cyberdata.scripts.generator - INFO - c:\Users\Tianyu Wang\Documents\Notebooks\cyberdata\src\cyberdata\process\synthetic_generator.py:418 - execute_generation_task() - Executing task Phishing and Spam Email Campaigns_mal_82 (attempt 1): 5 malicious samples (schema-aware: True)
2025-06-17 18:39:08,149 - cyberdata.scripts.generator - INFO - c:\Users\Tianyu Wang\Documents\Notebooks\cyberdata\src\cyberdata\process\synthetic_generator.py:841 - generate_parallel() - Task Phishing and Spam Email Campaigns_mal_74 contributed 5 samples
2025-06-17 18:39:09,137 - cyberdata.scripts.generator - INFO - c:\Users\Tianyu Wang\Documents\Notebooks\cyberdata\src\cyberdata\process\synthetic_generator.py:464 - execute_generation_task() - Task Phishing and Spam Email Campaigns_mal_78 completed: 5 unique samples (0 duplicates filtered) in 9.27s
2025-06-17 18:39:09,138 - cyberdata.scripts.generator - INFO - c:\Users\Tianyu Wang\Documents\Notebooks\cyberdata\src\cyberdata\process\synthetic_generator.py:418 - execute_generation_task() - Executing task Phishing and Spam Email Campaigns_mal_83 (attempt 1): 5 malicious samples (schema-aware: True)
2025-06-17 18:39:09,138 - cyberdata.scripts.generator - INFO - c:\Users\Tianyu Wang\Documents\Notebooks\cyberdata\src\cyberdata\process\synthetic_generator.py:841 - generate_parallel() - Task Phishing and Spam Email Campaigns_mal_78 contributed 5 samples
2025-06-17 18:39:09,265 - cyberdata.scripts.generator - INFO - c:\Users\Tianyu Wang\Documents\Notebooks\cyberdata\src\cyberdata\process\synthetic_generator.py:464 - execute_generation_task() - Task Phishing and Spam Email Campaigns_mal_76 completed: 5 unique samples (0 duplicates filtered) in 10.95s
2025-06-17 18:39:09,266 - cyberdata.scripts.generator - INFO - c:\Users\Tianyu Wang\Documents\Notebooks\cyberdata\src\cyberdata\process\synthetic_generator.py:418 - execute_generation_task() - Executing task Phishing and Spam Email Campaigns_mal_84 (attempt 1): 5 malicious samples (schema-aware: True)
2025-06-17 18:39:09,266 - cyberdata.scripts.generator - INFO - c:\Users\Tianyu Wang\Documents\Notebooks\cyberdata\src\cyberdata\process\synthetic_generator.py:841 - generate_parallel() - Task Phishing and Spam Email Campaigns_mal_76 contributed 5 samples
2025-06-17 18:39:09,451 - cyberdata.scripts.generator - INFO - c:\Users\Tianyu Wang\Documents\Notebooks\cyberdata\src\cyberdata\process\synthetic_generator.py:464 - execute_generation_task() - Task Phishing and Spam Email Campaigns_mal_77 completed: 5 unique samples (0 duplicates filtered) in 9.63s
2025-06-17 18:39:09,452 - cyberdata.scripts.generator - INFO - c:\Users\Tianyu Wang\Documents\Notebooks\cyberdata\src\cyberdata\process\synthetic_generator.py:418 - execute_generation_task() - Executing task Phishing and Spam Email Campaigns_mal_85 (attempt 1): 5 malicious samples (schema-aware: True)
2025-06-17 18:39:09,453 - cyberdata.scripts.generator - INFO - c:\Users\Tianyu Wang\Documents\Notebooks\cyberdata\src\cyberdata\process\synthetic_generator.py:841 - generate_parallel() - Task Phishing and Spam Email Campaigns_mal_77 contributed 5 samples
2025-06-17 18:39:09,528 - cyberdata.scripts.generator - INFO - c:\Users\Tianyu Wang\Documents\Notebooks\cyberdata\src\cyberdata\process\synthetic_generator.py:464 - execute_generation_task() - Task Phishing and Spam Email Campaigns_mal_75 completed: 5 unique samples (0 duplicates filtered) in 11.83s
2025-06-17 18:39:09,529 - cyberdata.scripts.generator - INFO - c:\Users\Tianyu Wang\Documents\Notebooks\cyberdata\src\cyberdata\process\synthetic_generator.py:418 - execute_generation_task() - Executing task Phishing and Spam Email Campaigns_mal_86 (attempt 1): 5 malicious samples (schema-aware: True)
2025-06-17 18:39:09,529 - cyberdata.scripts.generator - INFO - c:\Users\Tianyu Wang\Documents\Notebooks\cyberdata\src\cyberdata\process\synthetic_generator.py:841 - generate_parallel() - Task Phishing and Spam Email Campaigns_mal_75 contributed 5 samples
2025-06-17 18:39:12,368 - cyberdata.scripts.generator - INFO - c:\Users\Tianyu Wang\Documents\Notebooks\cyberdata\src\cyberdata\process\synthetic_generator.py:464 - execute_generation_task() - Task Phishing and Spam Email Campaigns_mal_79 completed: 5 unique samples (0 duplicates filtered) in 8.14s
2025-06-17 18:39:12,368 - cyberdata.scripts.generator - INFO - c:\Users\Tianyu Wang\Documents\Notebooks\cyberdata\src\cyberdata\process\synthetic_generator.py:418 - execute_generation_task() - Executing task Phishing and Spam Email Campaigns_mal_87 (attempt 1): 5 malicious samples (schema-aware: True)
2025-06-17 18:39:12,368 - cyberdata.scripts.generator - INFO - c:\Users\Tianyu Wang\Documents\Notebooks\cyberdata\src\cyberdata\process\synthetic_generator.py:841 - generate_parallel() - Task Phishing and Spam Email Campaigns_mal_79 contributed 5 samples
2025-06-17 18:39:12,991 - cyberdata.scripts.generator - INFO - c:\Users\Tianyu Wang\Documents\Notebooks\cyberdata\src\cyberdata\process\synthetic_generator.py:464 - execute_generation_task() - Task Phishing and Spam Email Campaigns_mal_81 completed: 5 unique samples (0 duplicates filtered) in 7.15s
2025-06-17 18:39:12,992 - cyberdata.scripts.generator - INFO - c:\Users\Tianyu Wang\Documents\Notebooks\cyberdata\src\cyberdata\process\synthetic_generator.py:418 - execute_generation_task() - Executing task Phishing and Spam Email Campaigns_mal_88 (attempt 1): 5 malicious samples (schema-aware: True)
2025-06-17 18:39:12,992 - cyberdata.scripts.generator - INFO - c:\Users\Tianyu Wang\Documents\Notebooks\cyberdata\src\cyberdata\process\synthetic_generator.py:841 - generate_parallel() - Task Phishing and Spam Email Campaigns_mal_81 contributed 5 samples
2025-06-17 18:39:14,353 - cyberdata.scripts.generator - INFO - c:\Users\Tianyu Wang\Documents\Notebooks\cyberdata\src\cyberdata\process\synthetic_generator.py:464 - execute_generation_task() - Task Phishing and Spam Email Campaigns_mal_80 completed: 5 unique samples (0 duplicates filtered) in 10.11s
2025-06-17 18:39:14,354 - cyberdata.scripts.generator - INFO - c:\Users\Tianyu Wang\Documents\Notebooks\cyberdata\src\cyberdata\process\synthetic_generator.py:418 - execute_generation_task() - Executing task Phishing and Spam Email Campaigns_mal_89 (attempt 1): 5 malicious samples (schema-aware: True)
2025-06-17 18:39:14,355 - cyberdata.scripts.generator - INFO - c:\Users\Tianyu Wang\Documents\Notebooks\cyberdata\src\cyberdata\process\synthetic_generator.py:841 - generate_parallel() - Task Phishing and Spam Email Campaigns_mal_80 contributed 5 samples
2025-06-17 18:39:17,196 - cyberdata.scripts.generator - INFO - c:\Users\Tianyu Wang\Documents\Notebooks\cyberdata\src\cyberdata\process\synthetic_generator.py:464 - execute_generation_task() - Task Phishing and Spam Email Campaigns_mal_82 completed: 5 unique samples (0 duplicates filtered) in 9.05s
2025-06-17 18:39:17,196 - cyberdata.scripts.generator - INFO - c:\Users\Tianyu Wang\Documents\Notebooks\cyberdata\src\cyberdata\process\synthetic_generator.py:418 - execute_generation_task() - Executing task Phishing and Spam Email Campaigns_mal_90 (attempt 1): 5 malicious samples (schema-aware: True)
2025-06-17 18:39:17,196 - cyberdata.scripts.generator - INFO - c:\Users\Tianyu Wang\Documents\Notebooks\cyberdata\src\cyberdata\process\synthetic_generator.py:841 - generate_parallel() - Task Phishing and Spam Email Campaigns_mal_82 contributed 5 samples
2025-06-17 18:39:17,372 - cyberdata.scripts.generator - INFO - c:\Users\Tianyu Wang\Documents\Notebooks\cyberdata\src\cyberdata\process\synthetic_generator.py:464 - execute_generation_task() - Task Phishing and Spam Email Campaigns_mal_85 completed: 5 unique samples (0 duplicates filtered) in 7.92s
2025-06-17 18:39:17,372 - cyberdata.scripts.generator - INFO - c:\Users\Tianyu Wang\Documents\Notebooks\cyberdata\src\cyberdata\process\synthetic_generator.py:418 - execute_generation_task() - Executing task Phishing and Spam Email Campaigns_mal_91 (attempt 1): 5 malicious samples (schema-aware: True)
2025-06-17 18:39:17,372 - cyberdata.scripts.generator - INFO - c:\Users\Tianyu Wang\Documents\Notebooks\cyberdata\src\cyberdata\process\synthetic_generator.py:841 - generate_parallel() - Task Phishing and Spam Email Campaigns_mal_85 contributed 5 samples
2025-06-17 18:39:17,684 - cyberdata.scripts.generator - INFO - c:\Users\Tianyu Wang\Documents\Notebooks\cyberdata\src\cyberdata\process\synthetic_generator.py:464 - execute_generation_task() - Task Phishing and Spam Email Campaigns_mal_84 completed: 5 unique samples (0 duplicates filtered) in 8.42s
2025-06-17 18:39:17,685 - cyberdata.scripts.generator - INFO - c:\Users\Tianyu Wang\Documents\Notebooks\cyberdata\src\cyberdata\process\synthetic_generator.py:418 - execute_generation_task() - Executing task Phishing and Spam Email Campaigns_mal_92 (attempt 1): 5 malicious samples (schema-aware: True)
2025-06-17 18:39:17,685 - cyberdata.scripts.generator - INFO - c:\Users\Tianyu Wang\Documents\Notebooks\cyberdata\src\cyberdata\process\synthetic_generator.py:841 - generate_parallel() - Task Phishing and Spam Email Campaigns_mal_84 contributed 5 samples
2025-06-17 18:39:18,434 - cyberdata.scripts.generator - INFO - c:\Users\Tianyu Wang\Documents\Notebooks\cyberdata\src\cyberdata\process\synthetic_generator.py:464 - execute_generation_task() - Task Phishing and Spam Email Campaigns_mal_86 completed: 5 unique samples (0 duplicates filtered) in 8.91s
2025-06-17 18:39:18,434 - cyberdata.scripts.generator - INFO - c:\Users\Tianyu Wang\Documents\Notebooks\cyberdata\src\cyberdata\process\synthetic_generator.py:418 - execute_generation_task() - Executing task Phishing and Spam Email Campaigns_mal_93 (attempt 1): 5 malicious samples (schema-aware: True)
2025-06-17 18:39:18,435 - cyberdata.scripts.generator - INFO - c:\Users\Tianyu Wang\Documents\Notebooks\cyberdata\src\cyberdata\process\synthetic_generator.py:841 - generate_parallel() - Task Phishing and Spam Email Campaigns_mal_86 contributed 5 samples
2025-06-17 18:39:19,501 - cyberdata.scripts.generator - INFO - c:\Users\Tianyu Wang\Documents\Notebooks\cyberdata\src\cyberdata\process\synthetic_generator.py:464 - execute_generation_task() - Task Phishing and Spam Email Campaigns_mal_83 completed: 5 unique samples (0 duplicates filtered) in 10.36s
2025-06-17 18:39:19,501 - cyberdata.scripts.generator - INFO - c:\Users\Tianyu Wang\Documents\Notebooks\cyberdata\src\cyberdata\process\synthetic_generator.py:418 - execute_generation_task() - Executing task Phishing and Spam Email Campaigns_mal_94 (attempt 1): 5 malicious samples (schema-aware: True)
2025-06-17 18:39:19,501 - cyberdata.scripts.generator - INFO - c:\Users\Tianyu Wang\Documents\Notebooks\cyberdata\src\cyberdata\process\synthetic_generator.py:841 - generate_parallel() - Task Phishing and Spam Email Campaigns_mal_83 contributed 5 samples
2025-06-17 18:39:20,928 - cyberdata.scripts.generator - INFO - c:\Users\Tianyu Wang\Documents\Notebooks\cyberdata\src\cyberdata\process\synthetic_generator.py:464 - execute_generation_task() - Task Phishing and Spam Email Campaigns_mal_87 completed: 5 unique samples (0 duplicates filtered) in 8.56s
2025-06-17 18:39:20,928 - cyberdata.scripts.generator - INFO - c:\Users\Tianyu Wang\Documents\Notebooks\cyberdata\src\cyberdata\process\synthetic_generator.py:418 - execute_generation_task() - Executing task Phishing and Spam Email Campaigns_mal_95 (attempt 1): 5 malicious samples (schema-aware: True)
2025-06-17 18:39:20,928 - cyberdata.scripts.generator - INFO - c:\Users\Tianyu Wang\Documents\Notebooks\cyberdata\src\cyberdata\process\synthetic_generator.py:841 - generate_parallel() - Task Phishing and Spam Email Campaigns_mal_87 contributed 5 samples
2025-06-17 18:39:22,098 - cyberdata.scripts.generator - INFO - c:\Users\Tianyu Wang\Documents\Notebooks\cyberdata\src\cyberdata\process\synthetic_generator.py:464 - execute_generation_task() - Task Phishing and Spam Email Campaigns_mal_88 completed: 5 unique samples (0 duplicates filtered) in 9.11s
2025-06-17 18:39:22,099 - cyberdata.scripts.generator - INFO - c:\Users\Tianyu Wang\Documents\Notebooks\cyberdata\src\cyberdata\process\synthetic_generator.py:418 - execute_generation_task() - Executing task Phishing and Spam Email Campaigns_mal_96 (attempt 1): 5 malicious samples (schema-aware: True)
2025-06-17 18:39:22,099 - cyberdata.scripts.generator - INFO - c:\Users\Tianyu Wang\Documents\Notebooks\cyberdata\src\cyberdata\process\synthetic_generator.py:841 - generate_parallel() - Task Phishing and Spam Email Campaigns_mal_88 contributed 5 samples
2025-06-17 18:39:24,277 - cyberdata.scripts.generator - INFO - c:\Users\Tianyu Wang\Documents\Notebooks\cyberdata\src\cyberdata\process\synthetic_generator.py:464 - execute_generation_task() - Task Phishing and Spam Email Campaigns_mal_89 completed: 5 unique samples (0 duplicates filtered) in 9.92s
2025-06-17 18:39:24,277 - cyberdata.scripts.generator - INFO - c:\Users\Tianyu Wang\Documents\Notebooks\cyberdata\src\cyberdata\process\synthetic_generator.py:418 - execute_generation_task() - Executing task Phishing and Spam Email Campaigns_mal_97 (attempt 1): 5 malicious samples (schema-aware: True)
2025-06-17 18:39:24,277 - cyberdata.scripts.generator - INFO - c:\Users\Tianyu Wang\Documents\Notebooks\cyberdata\src\cyberdata\process\synthetic_generator.py:841 - generate_parallel() - Task Phishing and Spam Email Campaigns_mal_89 contributed 5 samples
2025-06-17 18:39:25,419 - cyberdata.scripts.generator - INFO - c:\Users\Tianyu Wang\Documents\Notebooks\cyberdata\src\cyberdata\process\synthetic_generator.py:464 - execute_generation_task() - Task Phishing and Spam Email Campaigns_mal_91 completed: 5 unique samples (0 duplicates filtered) in 8.05s
2025-06-17 18:39:25,420 - cyberdata.scripts.generator - INFO - c:\Users\Tianyu Wang\Documents\Notebooks\cyberdata\src\cyberdata\process\synthetic_generator.py:418 - execute_generation_task() - Executing task Phishing and Spam Email Campaigns_mal_98 (attempt 1): 5 malicious samples (schema-aware: True)
2025-06-17 18:39:25,420 - cyberdata.scripts.generator - INFO - c:\Users\Tianyu Wang\Documents\Notebooks\cyberdata\src\cyberdata\process\synthetic_generator.py:841 - generate_parallel() - Task Phishing and Spam Email Campaigns_mal_91 contributed 5 samples
2025-06-17 18:39:26,528 - cyberdata.scripts.generator - INFO - c:\Users\Tianyu Wang\Documents\Notebooks\cyberdata\src\cyberdata\process\synthetic_generator.py:464 - execute_generation_task() - Task Phishing and Spam Email Campaigns_mal_92 completed: 5 unique samples (0 duplicates filtered) in 8.84s
2025-06-17 18:39:26,528 - cyberdata.scripts.generator - INFO - c:\Users\Tianyu Wang\Documents\Notebooks\cyberdata\src\cyberdata\process\synthetic_generator.py:418 - execute_generation_task() - Executing task Phishing and Spam Email Campaigns_mal_99 (attempt 1): 5 malicious samples (schema-aware: True)
2025-06-17 18:39:26,529 - cyberdata.scripts.generator - INFO - c:\Users\Tianyu Wang\Documents\Notebooks\cyberdata\src\cyberdata\process\synthetic_generator.py:841 - generate_parallel() - Task Phishing and Spam Email Campaigns_mal_92 contributed 5 samples
2025-06-17 18:39:27,398 - cyberdata.scripts.generator - INFO - c:\Users\Tianyu Wang\Documents\Notebooks\cyberdata\src\cyberdata\process\synthetic_generator.py:464 - execute_generation_task() - Task Phishing and Spam Email Campaigns_mal_93 completed: 5 unique samples (0 duplicates filtered) in 8.96s
2025-06-17 18:39:27,399 - cyberdata.scripts.generator - INFO - c:\Users\Tianyu Wang\Documents\Notebooks\cyberdata\src\cyberdata\process\synthetic_generator.py:418 - execute_generation_task() - Executing task Phishing and Spam Email Campaigns_ben_100 (attempt 1): 5 benign samples (schema-aware: True)
2025-06-17 18:39:27,399 - cyberdata.scripts.generator - INFO - c:\Users\Tianyu Wang\Documents\Notebooks\cyberdata\src\cyberdata\process\synthetic_generator.py:841 - generate_parallel() - Task Phishing and Spam Email Campaigns_mal_93 contributed 5 samples
2025-06-17 18:39:27,951 - cyberdata.scripts.generator - INFO - c:\Users\Tianyu Wang\Documents\Notebooks\cyberdata\src\cyberdata\process\synthetic_generator.py:464 - execute_generation_task() - Task Phishing and Spam Email Campaigns_mal_90 completed: 5 unique samples (0 duplicates filtered) in 10.76s
2025-06-17 18:39:27,952 - cyberdata.scripts.generator - INFO - c:\Users\Tianyu Wang\Documents\Notebooks\cyberdata\src\cyberdata\process\synthetic_generator.py:418 - execute_generation_task() - Executing task Phishing and Spam Email Campaigns_ben_101 (attempt 1): 5 benign samples (schema-aware: True)
2025-06-17 18:39:27,952 - cyberdata.scripts.generator - INFO - c:\Users\Tianyu Wang\Documents\Notebooks\cyberdata\src\cyberdata\process\synthetic_generator.py:841 - generate_parallel() - Task Phishing and Spam Email Campaigns_mal_90 contributed 5 samples
2025-06-17 18:39:30,522 - cyberdata.scripts.generator - INFO - c:\Users\Tianyu Wang\Documents\Notebooks\cyberdata\src\cyberdata\process\synthetic_generator.py:464 - execute_generation_task() - Task Phishing and Spam Email Campaigns_mal_95 completed: 5 unique samples (0 duplicates filtered) in 9.59s
2025-06-17 18:39:30,523 - cyberdata.scripts.generator - INFO - c:\Users\Tianyu Wang\Documents\Notebooks\cyberdata\src\cyberdata\process\synthetic_generator.py:418 - execute_generation_task() - Executing task Phishing and Spam Email Campaigns_ben_102 (attempt 1): 5 benign samples (schema-aware: True)
2025-06-17 18:39:30,523 - cyberdata.scripts.generator - INFO - c:\Users\Tianyu Wang\Documents\Notebooks\cyberdata\src\cyberdata\process\synthetic_generator.py:841 - generate_parallel() - Task Phishing and Spam Email Campaigns_mal_95 contributed 5 samples
2025-06-17 18:39:30,708 - cyberdata.scripts.generator - INFO - c:\Users\Tianyu Wang\Documents\Notebooks\cyberdata\src\cyberdata\process\synthetic_generator.py:464 - execute_generation_task() - Task Phishing and Spam Email Campaigns_mal_96 completed: 5 unique samples (0 duplicates filtered) in 8.61s
2025-06-17 18:39:30,710 - cyberdata.scripts.generator - INFO - c:\Users\Tianyu Wang\Documents\Notebooks\cyberdata\src\cyberdata\process\synthetic_generator.py:418 - execute_generation_task() - Executing task Phishing and Spam Email Campaigns_ben_103 (attempt 1): 5 benign samples (schema-aware: True)
2025-06-17 18:39:30,710 - cyberdata.scripts.generator - INFO - c:\Users\Tianyu Wang\Documents\Notebooks\cyberdata\src\cyberdata\process\synthetic_generator.py:841 - generate_parallel() - Task Phishing and Spam Email Campaigns_mal_96 contributed 5 samples
2025-06-17 18:39:31,846 - cyberdata.scripts.generator - INFO - c:\Users\Tianyu Wang\Documents\Notebooks\cyberdata\src\cyberdata\process\synthetic_generator.py:464 - execute_generation_task() - Task Phishing and Spam Email Campaigns_mal_94 completed: 5 unique samples (0 duplicates filtered) in 12.35s
2025-06-17 18:39:31,847 - cyberdata.scripts.generator - INFO - c:\Users\Tianyu Wang\Documents\Notebooks\cyberdata\src\cyberdata\process\synthetic_generator.py:418 - execute_generation_task() - Executing task Phishing and Spam Email Campaigns_ben_104 (attempt 1): 5 benign samples (schema-aware: True)
2025-06-17 18:39:31,847 - cyberdata.scripts.generator - INFO - c:\Users\Tianyu Wang\Documents\Notebooks\cyberdata\src\cyberdata\process\synthetic_generator.py:841 - generate_parallel() - Task Phishing and Spam Email Campaigns_mal_94 contributed 5 samples
2025-06-17 18:39:34,117 - cyberdata.scripts.generator - INFO - c:\Users\Tianyu Wang\Documents\Notebooks\cyberdata\src\cyberdata\process\synthetic_generator.py:464 - execute_generation_task() - Task Phishing and Spam Email Campaigns_mal_97 completed: 5 unique samples (0 duplicates filtered) in 9.84s
2025-06-17 18:39:34,117 - cyberdata.scripts.generator - INFO - c:\Users\Tianyu Wang\Documents\Notebooks\cyberdata\src\cyberdata\process\synthetic_generator.py:418 - execute_generation_task() - Executing task Phishing and Spam Email Campaigns_ben_105 (attempt 1): 5 benign samples (schema-aware: True)
2025-06-17 18:39:34,117 - cyberdata.scripts.generator - INFO - c:\Users\Tianyu Wang\Documents\Notebooks\cyberdata\src\cyberdata\process\synthetic_generator.py:841 - generate_parallel() - Task Phishing and Spam Email Campaigns_mal_97 contributed 5 samples
2025-06-17 18:39:34,459 - cyberdata.scripts.generator - INFO - c:\Users\Tianyu Wang\Documents\Notebooks\cyberdata\src\cyberdata\process\synthetic_generator.py:464 - execute_generation_task() - Task Phishing and Spam Email Campaigns_mal_99 completed: 5 unique samples (0 duplicates filtered) in 7.93s
2025-06-17 18:39:34,460 - cyberdata.scripts.generator - INFO - c:\Users\Tianyu Wang\Documents\Notebooks\cyberdata\src\cyberdata\process\synthetic_generator.py:418 - execute_generation_task() - Executing task Phishing and Spam Email Campaigns_ben_106 (attempt 1): 5 benign samples (schema-aware: True)
2025-06-17 18:39:34,460 - cyberdata.scripts.generator - INFO - c:\Users\Tianyu Wang\Documents\Notebooks\cyberdata\src\cyberdata\process\synthetic_generator.py:841 - generate_parallel() - Task Phishing and Spam Email Campaigns_mal_99 contributed 5 samples
2025-06-17 18:39:34,594 - cyberdata.scripts.generator - INFO - c:\Users\Tianyu Wang\Documents\Notebooks\cyberdata\src\cyberdata\process\synthetic_generator.py:464 - execute_generation_task() - Task Phishing and Spam Email Campaigns_mal_98 completed: 5 unique samples (0 duplicates filtered) in 9.17s
2025-06-17 18:39:34,594 - cyberdata.scripts.generator - INFO - c:\Users\Tianyu Wang\Documents\Notebooks\cyberdata\src\cyberdata\process\synthetic_generator.py:418 - execute_generation_task() - Executing task Phishing and Spam Email Campaigns_ben_107 (attempt 1): 5 benign samples (schema-aware: True)
2025-06-17 18:39:34,594 - cyberdata.scripts.generator - INFO - c:\Users\Tianyu Wang\Documents\Notebooks\cyberdata\src\cyberdata\process\synthetic_generator.py:841 - generate_parallel() - Task Phishing and Spam Email Campaigns_mal_98 contributed 5 samples
2025-06-17 18:39:35,212 - cyberdata.scripts.generator - INFO - c:\Users\Tianyu Wang\Documents\Notebooks\cyberdata\src\cyberdata\process\synthetic_generator.py:464 - execute_generation_task() - Task Phishing and Spam Email Campaigns_ben_101 completed: 5 unique samples (0 duplicates filtered) in 7.26s
2025-06-17 18:39:35,213 - cyberdata.scripts.generator - INFO - c:\Users\Tianyu Wang\Documents\Notebooks\cyberdata\src\cyberdata\process\synthetic_generator.py:418 - execute_generation_task() - Executing task Phishing and Spam Email Campaigns_ben_108 (attempt 1): 5 benign samples (schema-aware: True)
2025-06-17 18:39:35,213 - cyberdata.scripts.generator - INFO - c:\Users\Tianyu Wang\Documents\Notebooks\cyberdata\src\cyberdata\process\synthetic_generator.py:841 - generate_parallel() - Task Phishing and Spam Email Campaigns_ben_101 contributed 5 samples
2025-06-17 18:39:36,041 - cyberdata.scripts.generator - INFO - c:\Users\Tianyu Wang\Documents\Notebooks\cyberdata\src\cyberdata\process\synthetic_generator.py:464 - execute_generation_task() - Task Phishing and Spam Email Campaigns_ben_100 completed: 5 unique samples (0 duplicates filtered) in 8.64s
2025-06-17 18:39:36,042 - cyberdata.scripts.generator - INFO - c:\Users\Tianyu Wang\Documents\Notebooks\cyberdata\src\cyberdata\process\synthetic_generator.py:418 - execute_generation_task() - Executing task Phishing and Spam Email Campaigns_ben_109 (attempt 1): 5 benign samples (schema-aware: True)
2025-06-17 18:39:36,042 - cyberdata.scripts.generator - INFO - c:\Users\Tianyu Wang\Documents\Notebooks\cyberdata\src\cyberdata\process\synthetic_generator.py:841 - generate_parallel() - Task Phishing and Spam Email Campaigns_ben_100 contributed 5 samples
2025-06-17 18:39:38,598 - cyberdata.scripts.generator - INFO - c:\Users\Tianyu Wang\Documents\Notebooks\cyberdata\src\cyberdata\process\synthetic_generator.py:464 - execute_generation_task() - Task Phishing and Spam Email Campaigns_ben_103 completed: 5 unique samples (0 duplicates filtered) in 7.89s
2025-06-17 18:39:38,599 - cyberdata.scripts.generator - INFO - c:\Users\Tianyu Wang\Documents\Notebooks\cyberdata\src\cyberdata\process\synthetic_generator.py:418 - execute_generation_task() - Executing task Phishing and Spam Email Campaigns_ben_110 (attempt 1): 5 benign samples (schema-aware: True)
2025-06-17 18:39:38,599 - cyberdata.scripts.generator - INFO - c:\Users\Tianyu Wang\Documents\Notebooks\cyberdata\src\cyberdata\process\synthetic_generator.py:841 - generate_parallel() - Task Phishing and Spam Email Campaigns_ben_103 contributed 5 samples
2025-06-17 18:39:39,716 - cyberdata.scripts.generator - INFO - c:\Users\Tianyu Wang\Documents\Notebooks\cyberdata\src\cyberdata\process\synthetic_generator.py:464 - execute_generation_task() - Task Phishing and Spam Email Campaigns_ben_102 completed: 5 unique samples (0 duplicates filtered) in 9.19s
2025-06-17 18:39:39,718 - cyberdata.scripts.generator - INFO - c:\Users\Tianyu Wang\Documents\Notebooks\cyberdata\src\cyberdata\process\synthetic_generator.py:418 - execute_generation_task() - Executing task Phishing and Spam Email Campaigns_ben_111 (attempt 1): 5 benign samples (schema-aware: True)
2025-06-17 18:39:39,718 - cyberdata.scripts.generator - INFO - c:\Users\Tianyu Wang\Documents\Notebooks\cyberdata\src\cyberdata\process\synthetic_generator.py:841 - generate_parallel() - Task Phishing and Spam Email Campaigns_ben_102 contributed 5 samples
2025-06-17 18:39:40,524 - cyberdata.scripts.generator - INFO - c:\Users\Tianyu Wang\Documents\Notebooks\cyberdata\src\cyberdata\process\synthetic_generator.py:464 - execute_generation_task() - Task Phishing and Spam Email Campaigns_ben_104 completed: 5 unique samples (0 duplicates filtered) in 8.68s
2025-06-17 18:39:40,525 - cyberdata.scripts.generator - INFO - c:\Users\Tianyu Wang\Documents\Notebooks\cyberdata\src\cyberdata\process\synthetic_generator.py:418 - execute_generation_task() - Executing task Phishing and Spam Email Campaigns_ben_112 (attempt 1): 5 benign samples (schema-aware: True)
2025-06-17 18:39:40,525 - cyberdata.scripts.generator - INFO - c:\Users\Tianyu Wang\Documents\Notebooks\cyberdata\src\cyberdata\process\synthetic_generator.py:841 - generate_parallel() - Task Phishing and Spam Email Campaigns_ben_104 contributed 5 samples
2025-06-17 18:39:41,136 - cyberdata.scripts.generator - INFO - c:\Users\Tianyu Wang\Documents\Notebooks\cyberdata\src\cyberdata\process\synthetic_generator.py:464 - execute_generation_task() - Task Phishing and Spam Email Campaigns_ben_106 completed: 5 unique samples (0 duplicates filtered) in 6.68s
2025-06-17 18:39:41,137 - cyberdata.scripts.generator - INFO - c:\Users\Tianyu Wang\Documents\Notebooks\cyberdata\src\cyberdata\process\synthetic_generator.py:418 - execute_generation_task() - Executing task Phishing and Spam Email Campaigns_ben_113 (attempt 1): 5 benign samples (schema-aware: True)
2025-06-17 18:39:41,138 - cyberdata.scripts.generator - INFO - c:\Users\Tianyu Wang\Documents\Notebooks\cyberdata\src\cyberdata\process\synthetic_generator.py:841 - generate_parallel() - Task Phishing and Spam Email Campaigns_ben_106 contributed 5 samples
2025-06-17 18:39:43,226 - cyberdata.scripts.generator - INFO - c:\Users\Tianyu Wang\Documents\Notebooks\cyberdata\src\cyberdata\process\synthetic_generator.py:464 - execute_generation_task() - Task Phishing and Spam Email Campaigns_ben_109 completed: 5 unique samples (0 duplicates filtered) in 7.18s
2025-06-17 18:39:43,227 - cyberdata.scripts.generator - INFO - c:\Users\Tianyu Wang\Documents\Notebooks\cyberdata\src\cyberdata\process\synthetic_generator.py:418 - execute_generation_task() - Executing task Phishing and Spam Email Campaigns_ben_114 (attempt 1): 5 benign samples (schema-aware: True)
2025-06-17 18:39:43,227 - cyberdata.scripts.generator - INFO - c:\Users\Tianyu Wang\Documents\Notebooks\cyberdata\src\cyberdata\process\synthetic_generator.py:841 - generate_parallel() - Task Phishing and Spam Email Campaigns_ben_109 contributed 5 samples
2025-06-17 18:39:43,322 - cyberdata.scripts.generator - INFO - c:\Users\Tianyu Wang\Documents\Notebooks\cyberdata\src\cyberdata\process\synthetic_generator.py:464 - execute_generation_task() - Task Phishing and Spam Email Campaigns_ben_107 completed: 5 unique samples (0 duplicates filtered) in 8.73s
2025-06-17 18:39:43,323 - cyberdata.scripts.generator - INFO - c:\Users\Tianyu Wang\Documents\Notebooks\cyberdata\src\cyberdata\process\synthetic_generator.py:418 - execute_generation_task() - Executing task Phishing and Spam Email Campaigns_ben_115 (attempt 1): 5 benign samples (schema-aware: True)
2025-06-17 18:39:43,324 - cyberdata.scripts.generator - INFO - c:\Users\Tianyu Wang\Documents\Notebooks\cyberdata\src\cyberdata\process\synthetic_generator.py:841 - generate_parallel() - Task Phishing and Spam Email Campaigns_ben_107 contributed 5 samples
2025-06-17 18:39:43,877 - cyberdata.scripts.generator - INFO - c:\Users\Tianyu Wang\Documents\Notebooks\cyberdata\src\cyberdata\process\synthetic_generator.py:464 - execute_generation_task() - Task Phishing and Spam Email Campaigns_ben_105 completed: 5 unique samples (0 duplicates filtered) in 9.76s
2025-06-17 18:39:43,877 - cyberdata.scripts.generator - INFO - c:\Users\Tianyu Wang\Documents\Notebooks\cyberdata\src\cyberdata\process\synthetic_generator.py:418 - execute_generation_task() - Executing task Phishing and Spam Email Campaigns_ben_116 (attempt 1): 5 benign samples (schema-aware: True)
2025-06-17 18:39:43,878 - cyberdata.scripts.generator - INFO - c:\Users\Tianyu Wang\Documents\Notebooks\cyberdata\src\cyberdata\process\synthetic_generator.py:841 - generate_parallel() - Task Phishing and Spam Email Campaigns_ben_105 contributed 5 samples
2025-06-17 18:39:45,306 - cyberdata.scripts.generator - INFO - c:\Users\Tianyu Wang\Documents\Notebooks\cyberdata\src\cyberdata\process\synthetic_generator.py:464 - execute_generation_task() - Task Phishing and Spam Email Campaigns_ben_108 completed: 5 unique samples (0 duplicates filtered) in 10.09s
2025-06-17 18:39:45,307 - cyberdata.scripts.generator - INFO - c:\Users\Tianyu Wang\Documents\Notebooks\cyberdata\src\cyberdata\process\synthetic_generator.py:418 - execute_generation_task() - Executing task Phishing and Spam Email Campaigns_ben_117 (attempt 1): 5 benign samples (schema-aware: True)
2025-06-17 18:39:45,307 - cyberdata.scripts.generator - INFO - c:\Users\Tianyu Wang\Documents\Notebooks\cyberdata\src\cyberdata\process\synthetic_generator.py:841 - generate_parallel() - Task Phishing and Spam Email Campaigns_ben_108 contributed 5 samples
2025-06-17 18:39:48,726 - cyberdata.scripts.generator - INFO - c:\Users\Tianyu Wang\Documents\Notebooks\cyberdata\src\cyberdata\process\synthetic_generator.py:464 - execute_generation_task() - Task Phishing and Spam Email Campaigns_ben_110 completed: 5 unique samples (0 duplicates filtered) in 10.13s
2025-06-17 18:39:48,727 - cyberdata.scripts.generator - INFO - c:\Users\Tianyu Wang\Documents\Notebooks\cyberdata\src\cyberdata\process\synthetic_generator.py:418 - execute_generation_task() - Executing task Phishing and Spam Email Campaigns_ben_118 (attempt 1): 5 benign samples (schema-aware: True)
2025-06-17 18:39:48,727 - cyberdata.scripts.generator - INFO - c:\Users\Tianyu Wang\Documents\Notebooks\cyberdata\src\cyberdata\process\synthetic_generator.py:841 - generate_parallel() - Task Phishing and Spam Email Campaigns_ben_110 contributed 5 samples
2025-06-17 18:39:48,883 - cyberdata.scripts.generator - INFO - c:\Users\Tianyu Wang\Documents\Notebooks\cyberdata\src\cyberdata\process\synthetic_generator.py:464 - execute_generation_task() - Task Phishing and Spam Email Campaigns_ben_112 completed: 5 unique samples (0 duplicates filtered) in 8.36s
2025-06-17 18:39:48,885 - cyberdata.scripts.generator - INFO - c:\Users\Tianyu Wang\Documents\Notebooks\cyberdata\src\cyberdata\process\synthetic_generator.py:418 - execute_generation_task() - Executing task Phishing and Spam Email Campaigns_ben_119 (attempt 1): 5 benign samples (schema-aware: True)
2025-06-17 18:39:48,886 - cyberdata.scripts.generator - INFO - c:\Users\Tianyu Wang\Documents\Notebooks\cyberdata\src\cyberdata\process\synthetic_generator.py:841 - generate_parallel() - Task Phishing and Spam Email Campaigns_ben_112 contributed 5 samples
2025-06-17 18:39:49,959 - cyberdata.scripts.generator - INFO - c:\Users\Tianyu Wang\Documents\Notebooks\cyberdata\src\cyberdata\process\synthetic_generator.py:464 - execute_generation_task() - Task Phishing and Spam Email Campaigns_ben_111 completed: 5 unique samples (0 duplicates filtered) in 10.24s
2025-06-17 18:39:49,960 - cyberdata.scripts.generator - INFO - c:\Users\Tianyu Wang\Documents\Notebooks\cyberdata\src\cyberdata\process\synthetic_generator.py:418 - execute_generation_task() - Executing task Phishing and Spam Email Campaigns_ben_120 (attempt 1): 5 benign samples (schema-aware: True)
2025-06-17 18:39:49,960 - cyberdata.scripts.generator - INFO - c:\Users\Tianyu Wang\Documents\Notebooks\cyberdata\src\cyberdata\process\synthetic_generator.py:841 - generate_parallel() - Task Phishing and Spam Email Campaigns_ben_111 contributed 5 samples
2025-06-17 18:39:50,447 - cyberdata.scripts.generator - INFO - c:\Users\Tianyu Wang\Documents\Notebooks\cyberdata\src\cyberdata\process\synthetic_generator.py:464 - execute_generation_task() - Task Phishing and Spam Email Campaigns_ben_113 completed: 5 unique samples (0 duplicates filtered) in 9.31s
2025-06-17 18:39:50,449 - cyberdata.scripts.generator - INFO - c:\Users\Tianyu Wang\Documents\Notebooks\cyberdata\src\cyberdata\process\synthetic_generator.py:418 - execute_generation_task() - Executing task Phishing and Spam Email Campaigns_ben_121 (attempt 1): 5 benign samples (schema-aware: True)
2025-06-17 18:39:50,449 - cyberdata.scripts.generator - INFO - c:\Users\Tianyu Wang\Documents\Notebooks\cyberdata\src\cyberdata\process\synthetic_generator.py:841 - generate_parallel() - Task Phishing and Spam Email Campaigns_ben_113 contributed 5 samples
2025-06-17 18:39:51,662 - cyberdata.scripts.generator - INFO - c:\Users\Tianyu Wang\Documents\Notebooks\cyberdata\src\cyberdata\process\synthetic_generator.py:464 - execute_generation_task() - Task Phishing and Spam Email Campaigns_ben_116 completed: 5 unique samples (0 duplicates filtered) in 7.78s
2025-06-17 18:39:51,663 - cyberdata.scripts.generator - INFO - c:\Users\Tianyu Wang\Documents\Notebooks\cyberdata\src\cyberdata\process\synthetic_generator.py:418 - execute_generation_task() - Executing task Phishing and Spam Email Campaigns_ben_122 (attempt 1): 5 benign samples (schema-aware: True)
2025-06-17 18:39:51,663 - cyberdata.scripts.generator - INFO - c:\Users\Tianyu Wang\Documents\Notebooks\cyberdata\src\cyberdata\process\synthetic_generator.py:841 - generate_parallel() - Task Phishing and Spam Email Campaigns_ben_116 contributed 5 samples
2025-06-17 18:39:52,555 - cyberdata.scripts.generator - INFO - c:\Users\Tianyu Wang\Documents\Notebooks\cyberdata\src\cyberdata\process\synthetic_generator.py:464 - execute_generation_task() - Task Phishing and Spam Email Campaigns_ben_114 completed: 5 unique samples (0 duplicates filtered) in 9.33s
2025-06-17 18:39:52,555 - cyberdata.scripts.generator - INFO - c:\Users\Tianyu Wang\Documents\Notebooks\cyberdata\src\cyberdata\process\synthetic_generator.py:418 - execute_generation_task() - Executing task Phishing and Spam Email Campaigns_ben_123 (attempt 1): 5 benign samples (schema-aware: True)
2025-06-17 18:39:52,555 - cyberdata.scripts.generator - INFO - c:\Users\Tianyu Wang\Documents\Notebooks\cyberdata\src\cyberdata\process\synthetic_generator.py:841 - generate_parallel() - Task Phishing and Spam Email Campaigns_ben_114 contributed 5 samples
2025-06-17 18:39:53,587 - cyberdata.scripts.generator - INFO - c:\Users\Tianyu Wang\Documents\Notebooks\cyberdata\src\cyberdata\process\synthetic_generator.py:464 - execute_generation_task() - Task Phishing and Spam Email Campaigns_ben_115 completed: 5 unique samples (0 duplicates filtered) in 10.26s
2025-06-17 18:39:53,588 - cyberdata.scripts.generator - INFO - c:\Users\Tianyu Wang\Documents\Notebooks\cyberdata\src\cyberdata\process\synthetic_generator.py:418 - execute_generation_task() - Executing task Phishing and Spam Email Campaigns_ben_124 (attempt 1): 5 benign samples (schema-aware: True)
2025-06-17 18:39:53,588 - cyberdata.scripts.generator - INFO - c:\Users\Tianyu Wang\Documents\Notebooks\cyberdata\src\cyberdata\process\synthetic_generator.py:841 - generate_parallel() - Task Phishing and Spam Email Campaigns_ben_115 contributed 5 samples
2025-06-17 18:39:56,416 - cyberdata.scripts.generator - INFO - c:\Users\Tianyu Wang\Documents\Notebooks\cyberdata\src\cyberdata\process\synthetic_generator.py:464 - execute_generation_task() - Task Phishing and Spam Email Campaigns_ben_119 completed: 5 unique samples (0 duplicates filtered) in 7.53s
2025-06-17 18:39:56,416 - cyberdata.scripts.generator - INFO - c:\Users\Tianyu Wang\Documents\Notebooks\cyberdata\src\cyberdata\process\synthetic_generator.py:418 - execute_generation_task() - Executing task Phishing and Spam Email Campaigns_ben_125 (attempt 1): 5 benign samples (schema-aware: True)
2025-06-17 18:39:56,419 - cyberdata.scripts.generator - INFO - c:\Users\Tianyu Wang\Documents\Notebooks\cyberdata\src\cyberdata\process\synthetic_generator.py:841 - generate_parallel() - Task Phishing and Spam Email Campaigns_ben_119 contributed 5 samples
2025-06-17 18:39:56,977 - cyberdata.scripts.generator - INFO - c:\Users\Tianyu Wang\Documents\Notebooks\cyberdata\src\cyberdata\process\synthetic_generator.py:464 - execute_generation_task() - Task Phishing and Spam Email Campaigns_ben_118 completed: 5 unique samples (0 duplicates filtered) in 8.25s
2025-06-17 18:39:56,977 - cyberdata.scripts.generator - INFO - c:\Users\Tianyu Wang\Documents\Notebooks\cyberdata\src\cyberdata\process\synthetic_generator.py:418 - execute_generation_task() - Executing task Phishing and Spam Email Campaigns_ben_126 (attempt 1): 5 benign samples (schema-aware: True)
2025-06-17 18:39:56,978 - cyberdata.scripts.generator - INFO - c:\Users\Tianyu Wang\Documents\Notebooks\cyberdata\src\cyberdata\process\synthetic_generator.py:841 - generate_parallel() - Task Phishing and Spam Email Campaigns_ben_118 contributed 5 samples
2025-06-17 18:39:57,259 - cyberdata.scripts.generator - INFO - c:\Users\Tianyu Wang\Documents\Notebooks\cyberdata\src\cyberdata\process\synthetic_generator.py:464 - execute_generation_task() - Task Phishing and Spam Email Campaigns_ben_121 completed: 5 unique samples (0 duplicates filtered) in 6.81s
2025-06-17 18:39:57,260 - cyberdata.scripts.generator - INFO - c:\Users\Tianyu Wang\Documents\Notebooks\cyberdata\src\cyberdata\process\synthetic_generator.py:418 - execute_generation_task() - Executing task Phishing and Spam Email Campaigns_ben_127 (attempt 1): 5 benign samples (schema-aware: True)
2025-06-17 18:39:57,260 - cyberdata.scripts.generator - INFO - c:\Users\Tianyu Wang\Documents\Notebooks\cyberdata\src\cyberdata\process\synthetic_generator.py:841 - generate_parallel() - Task Phishing and Spam Email Campaigns_ben_121 contributed 5 samples
2025-06-17 18:39:57,278 - cyberdata.scripts.generator - INFO - c:\Users\Tianyu Wang\Documents\Notebooks\cyberdata\src\cyberdata\process\synthetic_generator.py:464 - execute_generation_task() - Task Phishing and Spam Email Campaigns_ben_120 completed: 5 unique samples (0 duplicates filtered) in 7.32s
2025-06-17 18:39:57,279 - cyberdata.scripts.generator - INFO - c:\Users\Tianyu Wang\Documents\Notebooks\cyberdata\src\cyberdata\process\synthetic_generator.py:418 - execute_generation_task() - Executing task Phishing and Spam Email Campaigns_ben_128 (attempt 1): 5 benign samples (schema-aware: True)
2025-06-17 18:39:57,279 - cyberdata.scripts.generator - INFO - c:\Users\Tianyu Wang\Documents\Notebooks\cyberdata\src\cyberdata\process\synthetic_generator.py:841 - generate_parallel() - Task Phishing and Spam Email Campaigns_ben_120 contributed 5 samples
2025-06-17 18:39:58,022 - cyberdata.scripts.generator - INFO - c:\Users\Tianyu Wang\Documents\Notebooks\cyberdata\src\cyberdata\process\synthetic_generator.py:464 - execute_generation_task() - Task Phishing and Spam Email Campaigns_ben_117 completed: 5 unique samples (0 duplicates filtered) in 12.71s
2025-06-17 18:39:58,022 - cyberdata.scripts.generator - INFO - c:\Users\Tianyu Wang\Documents\Notebooks\cyberdata\src\cyberdata\process\synthetic_generator.py:418 - execute_generation_task() - Executing task Phishing and Spam Email Campaigns_ben_129 (attempt 1): 5 benign samples (schema-aware: True)
2025-06-17 18:39:58,022 - cyberdata.scripts.generator - INFO - c:\Users\Tianyu Wang\Documents\Notebooks\cyberdata\src\cyberdata\process\synthetic_generator.py:841 - generate_parallel() - Task Phishing and Spam Email Campaigns_ben_117 contributed 5 samples
2025-06-17 18:40:00,564 - cyberdata.scripts.generator - INFO - c:\Users\Tianyu Wang\Documents\Notebooks\cyberdata\src\cyberdata\process\synthetic_generator.py:464 - execute_generation_task() - Task Phishing and Spam Email Campaigns_ben_122 completed: 5 unique samples (0 duplicates filtered) in 8.90s
2025-06-17 18:40:00,565 - cyberdata.scripts.generator - INFO - c:\Users\Tianyu Wang\Documents\Notebooks\cyberdata\src\cyberdata\process\synthetic_generator.py:418 - execute_generation_task() - Executing task Phishing and Spam Email Campaigns_ben_130 (attempt 1): 5 benign samples (schema-aware: True)
2025-06-17 18:40:00,565 - cyberdata.scripts.generator - INFO - c:\Users\Tianyu Wang\Documents\Notebooks\cyberdata\src\cyberdata\process\synthetic_generator.py:841 - generate_parallel() - Task Phishing and Spam Email Campaigns_ben_122 contributed 5 samples
2025-06-17 18:40:01,705 - cyberdata.scripts.generator - INFO - c:\Users\Tianyu Wang\Documents\Notebooks\cyberdata\src\cyberdata\process\synthetic_generator.py:464 - execute_generation_task() - Task Phishing and Spam Email Campaigns_ben_123 completed: 5 unique samples (0 duplicates filtered) in 9.15s
2025-06-17 18:40:01,706 - cyberdata.scripts.generator - INFO - c:\Users\Tianyu Wang\Documents\Notebooks\cyberdata\src\cyberdata\process\synthetic_generator.py:418 - execute_generation_task() - Executing task Phishing and Spam Email Campaigns_ben_131 (attempt 1): 5 benign samples (schema-aware: True)
2025-06-17 18:40:01,706 - cyberdata.scripts.generator - INFO - c:\Users\Tianyu Wang\Documents\Notebooks\cyberdata\src\cyberdata\process\synthetic_generator.py:841 - generate_parallel() - Task Phishing and Spam Email Campaigns_ben_123 contributed 5 samples
2025-06-17 18:40:03,056 - cyberdata.scripts.generator - INFO - c:\Users\Tianyu Wang\Documents\Notebooks\cyberdata\src\cyberdata\process\synthetic_generator.py:464 - execute_generation_task() - Task Phishing and Spam Email Campaigns_ben_124 completed: 5 unique samples (0 duplicates filtered) in 9.47s
2025-06-17 18:40:03,057 - cyberdata.scripts.generator - INFO - c:\Users\Tianyu Wang\Documents\Notebooks\cyberdata\src\cyberdata\process\synthetic_generator.py:418 - execute_generation_task() - Executing task Phishing and Spam Email Campaigns_ben_132 (attempt 1): 5 benign samples (schema-aware: True)
2025-06-17 18:40:03,057 - cyberdata.scripts.generator - INFO - c:\Users\Tianyu Wang\Documents\Notebooks\cyberdata\src\cyberdata\process\synthetic_generator.py:841 - generate_parallel() - Task Phishing and Spam Email Campaigns_ben_124 contributed 5 samples
2025-06-17 18:40:04,969 - cyberdata.scripts.generator - INFO - c:\Users\Tianyu Wang\Documents\Notebooks\cyberdata\src\cyberdata\process\synthetic_generator.py:464 - execute_generation_task() - Task Phishing and Spam Email Campaigns_ben_127 completed: 5 unique samples (0 duplicates filtered) in 7.71s
2025-06-17 18:40:04,970 - cyberdata.scripts.generator - INFO - c:\Users\Tianyu Wang\Documents\Notebooks\cyberdata\src\cyberdata\process\synthetic_generator.py:418 - execute_generation_task() - Executing task Phishing and Spam Email Campaigns_ben_133 (attempt 1): 5 benign samples (schema-aware: True)
2025-06-17 18:40:04,970 - cyberdata.scripts.generator - INFO - c:\Users\Tianyu Wang\Documents\Notebooks\cyberdata\src\cyberdata\process\synthetic_generator.py:841 - generate_parallel() - Task Phishing and Spam Email Campaigns_ben_127 contributed 5 samples
2025-06-17 18:40:05,873 - cyberdata.scripts.generator - INFO - c:\Users\Tianyu Wang\Documents\Notebooks\cyberdata\src\cyberdata\process\synthetic_generator.py:464 - execute_generation_task() - Task Phishing and Spam Email Campaigns_ben_125 completed: 5 unique samples (0 duplicates filtered) in 9.46s
2025-06-17 18:40:05,874 - cyberdata.scripts.generator - INFO - c:\Users\Tianyu Wang\Documents\Notebooks\cyberdata\src\cyberdata\process\synthetic_generator.py:418 - execute_generation_task() - Executing task Phishing and Spam Email Campaigns_ben_134 (attempt 1): 5 benign samples (schema-aware: True)
2025-06-17 18:40:05,874 - cyberdata.scripts.generator - INFO - c:\Users\Tianyu Wang\Documents\Notebooks\cyberdata\src\cyberdata\process\synthetic_generator.py:841 - generate_parallel() - Task Phishing and Spam Email Campaigns_ben_125 contributed 5 samples
2025-06-17 18:40:05,952 - cyberdata.scripts.generator - INFO - c:\Users\Tianyu Wang\Documents\Notebooks\cyberdata\src\cyberdata\process\synthetic_generator.py:464 - execute_generation_task() - Task Phishing and Spam Email Campaigns_ben_129 completed: 5 unique samples (0 duplicates filtered) in 7.93s
2025-06-17 18:40:05,952 - cyberdata.scripts.generator - INFO - c:\Users\Tianyu Wang\Documents\Notebooks\cyberdata\src\cyberdata\process\synthetic_generator.py:418 - execute_generation_task() - Executing task Phishing and Spam Email Campaigns_ben_135 (attempt 1): 5 benign samples (schema-aware: True)
2025-06-17 18:40:05,952 - cyberdata.scripts.generator - INFO - c:\Users\Tianyu Wang\Documents\Notebooks\cyberdata\src\cyberdata\process\synthetic_generator.py:841 - generate_parallel() - Task Phishing and Spam Email Campaigns_ben_129 contributed 5 samples
2025-06-17 18:40:06,406 - cyberdata.scripts.generator - INFO - c:\Users\Tianyu Wang\Documents\Notebooks\cyberdata\src\cyberdata\process\synthetic_generator.py:464 - execute_generation_task() - Task Phishing and Spam Email Campaigns_ben_126 completed: 5 unique samples (0 duplicates filtered) in 9.43s
2025-06-17 18:40:06,407 - cyberdata.scripts.generator - INFO - c:\Users\Tianyu Wang\Documents\Notebooks\cyberdata\src\cyberdata\process\synthetic_generator.py:418 - execute_generation_task() - Executing task Phishing and Spam Email Campaigns_ben_136 (attempt 1): 5 benign samples (schema-aware: True)
2025-06-17 18:40:06,407 - cyberdata.scripts.generator - INFO - c:\Users\Tianyu Wang\Documents\Notebooks\cyberdata\src\cyberdata\process\synthetic_generator.py:841 - generate_parallel() - Task Phishing and Spam Email Campaigns_ben_126 contributed 5 samples
2025-06-17 18:40:06,549 - cyberdata.scripts.generator - INFO - c:\Users\Tianyu Wang\Documents\Notebooks\cyberdata\src\cyberdata\process\synthetic_generator.py:464 - execute_generation_task() - Task Phishing and Spam Email Campaigns_ben_128 completed: 5 unique samples (0 duplicates filtered) in 9.27s
2025-06-17 18:40:06,549 - cyberdata.scripts.generator - INFO - c:\Users\Tianyu Wang\Documents\Notebooks\cyberdata\src\cyberdata\process\synthetic_generator.py:418 - execute_generation_task() - Executing task Phishing and Spam Email Campaigns_ben_137 (attempt 1): 5 benign samples (schema-aware: True)
2025-06-17 18:40:06,549 - cyberdata.scripts.generator - INFO - c:\Users\Tianyu Wang\Documents\Notebooks\cyberdata\src\cyberdata\process\synthetic_generator.py:841 - generate_parallel() - Task Phishing and Spam Email Campaigns_ben_128 contributed 5 samples
2025-06-17 18:40:07,466 - cyberdata.scripts.generator - INFO - c:\Users\Tianyu Wang\Documents\Notebooks\cyberdata\src\cyberdata\process\synthetic_generator.py:464 - execute_generation_task() - Task Phishing and Spam Email Campaigns_ben_130 completed: 5 unique samples (0 duplicates filtered) in 6.90s
2025-06-17 18:40:07,467 - cyberdata.scripts.generator - INFO - c:\Users\Tianyu Wang\Documents\Notebooks\cyberdata\src\cyberdata\process\synthetic_generator.py:418 - execute_generation_task() - Executing task Phishing and Spam Email Campaigns_ben_138 (attempt 1): 5 benign samples (schema-aware: True)
2025-06-17 18:40:07,467 - cyberdata.scripts.generator - INFO - c:\Users\Tianyu Wang\Documents\Notebooks\cyberdata\src\cyberdata\process\synthetic_generator.py:841 - generate_parallel() - Task Phishing and Spam Email Campaigns_ben_130 contributed 5 samples
2025-06-17 18:40:08,978 - cyberdata.scripts.generator - INFO - c:\Users\Tianyu Wang\Documents\Notebooks\cyberdata\src\cyberdata\process\synthetic_generator.py:464 - execute_generation_task() - Task Phishing and Spam Email Campaigns_ben_131 completed: 5 unique samples (0 duplicates filtered) in 7.27s
2025-06-17 18:40:08,979 - cyberdata.scripts.generator - INFO - c:\Users\Tianyu Wang\Documents\Notebooks\cyberdata\src\cyberdata\process\synthetic_generator.py:418 - execute_generation_task() - Executing task Phishing and Spam Email Campaigns_ben_139 (attempt 1): 5 benign samples (schema-aware: True)
2025-06-17 18:40:08,979 - cyberdata.scripts.generator - INFO - c:\Users\Tianyu Wang\Documents\Notebooks\cyberdata\src\cyberdata\process\synthetic_generator.py:841 - generate_parallel() - Task Phishing and Spam Email Campaigns_ben_131 contributed 5 samples
2025-06-17 18:40:11,090 - cyberdata.scripts.generator - INFO - c:\Users\Tianyu Wang\Documents\Notebooks\cyberdata\src\cyberdata\process\synthetic_generator.py:464 - execute_generation_task() - Task Phishing and Spam Email Campaigns_ben_132 completed: 5 unique samples (0 duplicates filtered) in 8.03s
2025-06-17 18:40:11,091 - cyberdata.scripts.generator - INFO - c:\Users\Tianyu Wang\Documents\Notebooks\cyberdata\src\cyberdata\process\synthetic_generator.py:418 - execute_generation_task() - Executing task Phishing and Spam Email Campaigns_ben_140 (attempt 1): 5 benign samples (schema-aware: True)
2025-06-17 18:40:11,091 - cyberdata.scripts.generator - INFO - c:\Users\Tianyu Wang\Documents\Notebooks\cyberdata\src\cyberdata\process\synthetic_generator.py:841 - generate_parallel() - Task Phishing and Spam Email Campaigns_ben_132 contributed 5 samples
2025-06-17 18:40:13,257 - cyberdata.scripts.generator - INFO - c:\Users\Tianyu Wang\Documents\Notebooks\cyberdata\src\cyberdata\process\synthetic_generator.py:464 - execute_generation_task() - Task Phishing and Spam Email Campaigns_ben_133 completed: 5 unique samples (0 duplicates filtered) in 8.29s
2025-06-17 18:40:13,258 - cyberdata.scripts.generator - INFO - c:\Users\Tianyu Wang\Documents\Notebooks\cyberdata\src\cyberdata\process\synthetic_generator.py:418 - execute_generation_task() - Executing task Phishing and Spam Email Campaigns_ben_141 (attempt 1): 5 benign samples (schema-aware: True)
2025-06-17 18:40:13,259 - cyberdata.scripts.generator - INFO - c:\Users\Tianyu Wang\Documents\Notebooks\cyberdata\src\cyberdata\process\synthetic_generator.py:841 - generate_parallel() - Task Phishing and Spam Email Campaigns_ben_133 contributed 5 samples
2025-06-17 18:40:13,691 - cyberdata.scripts.generator - INFO - c:\Users\Tianyu Wang\Documents\Notebooks\cyberdata\src\cyberdata\process\synthetic_generator.py:464 - execute_generation_task() - Task Phishing and Spam Email Campaigns_ben_135 completed: 5 unique samples (0 duplicates filtered) in 7.74s
2025-06-17 18:40:13,692 - cyberdata.scripts.generator - INFO - c:\Users\Tianyu Wang\Documents\Notebooks\cyberdata\src\cyberdata\process\synthetic_generator.py:418 - execute_generation_task() - Executing task Phishing and Spam Email Campaigns_ben_142 (attempt 1): 5 benign samples (schema-aware: True)
2025-06-17 18:40:13,693 - cyberdata.scripts.generator - INFO - c:\Users\Tianyu Wang\Documents\Notebooks\cyberdata\src\cyberdata\process\synthetic_generator.py:841 - generate_parallel() - Task Phishing and Spam Email Campaigns_ben_135 contributed 5 samples
2025-06-17 18:40:14,424 - cyberdata.scripts.generator - INFO - c:\Users\Tianyu Wang\Documents\Notebooks\cyberdata\src\cyberdata\process\synthetic_generator.py:464 - execute_generation_task() - Task Phishing and Spam Email Campaigns_ben_134 completed: 5 unique samples (0 duplicates filtered) in 8.55s
2025-06-17 18:40:14,425 - cyberdata.scripts.generator - INFO - c:\Users\Tianyu Wang\Documents\Notebooks\cyberdata\src\cyberdata\process\synthetic_generator.py:418 - execute_generation_task() - Executing task Phishing and Spam Email Campaigns_ben_143 (attempt 1): 5 benign samples (schema-aware: True)
2025-06-17 18:40:14,425 - cyberdata.scripts.generator - INFO - c:\Users\Tianyu Wang\Documents\Notebooks\cyberdata\src\cyberdata\process\synthetic_generator.py:841 - generate_parallel() - Task Phishing and Spam Email Campaigns_ben_134 contributed 5 samples
2025-06-17 18:40:14,459 - cyberdata.scripts.generator - INFO - c:\Users\Tianyu Wang\Documents\Notebooks\cyberdata\src\cyberdata\process\synthetic_generator.py:464 - execute_generation_task() - Task Phishing and Spam Email Campaigns_ben_137 completed: 5 unique samples (0 duplicates filtered) in 7.91s
2025-06-17 18:40:14,460 - cyberdata.scripts.generator - INFO - c:\Users\Tianyu Wang\Documents\Notebooks\cyberdata\src\cyberdata\process\synthetic_generator.py:418 - execute_generation_task() - Executing task Phishing and Spam Email Campaigns_ben_144 (attempt 1): 5 benign samples (schema-aware: True)
2025-06-17 18:40:14,460 - cyberdata.scripts.generator - INFO - c:\Users\Tianyu Wang\Documents\Notebooks\cyberdata\src\cyberdata\process\synthetic_generator.py:841 - generate_parallel() - Task Phishing and Spam Email Campaigns_ben_137 contributed 5 samples
2025-06-17 18:40:14,504 - cyberdata.scripts.generator - INFO - c:\Users\Tianyu Wang\Documents\Notebooks\cyberdata\src\cyberdata\process\synthetic_generator.py:464 - execute_generation_task() - Task Phishing and Spam Email Campaigns_ben_136 completed: 5 unique samples (0 duplicates filtered) in 8.10s
2025-06-17 18:40:14,504 - cyberdata.scripts.generator - INFO - c:\Users\Tianyu Wang\Documents\Notebooks\cyberdata\src\cyberdata\process\synthetic_generator.py:418 - execute_generation_task() - Executing task Phishing and Spam Email Campaigns_ben_145 (attempt 1): 5 benign samples (schema-aware: True)
2025-06-17 18:40:14,504 - cyberdata.scripts.generator - INFO - c:\Users\Tianyu Wang\Documents\Notebooks\cyberdata\src\cyberdata\process\synthetic_generator.py:841 - generate_parallel() - Task Phishing and Spam Email Campaigns_ben_136 contributed 5 samples
2025-06-17 18:40:15,370 - cyberdata.scripts.generator - INFO - c:\Users\Tianyu Wang\Documents\Notebooks\cyberdata\src\cyberdata\process\synthetic_generator.py:464 - execute_generation_task() - Task Phishing and Spam Email Campaigns_ben_138 completed: 5 unique samples (0 duplicates filtered) in 7.90s
2025-06-17 18:40:15,370 - cyberdata.scripts.generator - INFO - c:\Users\Tianyu Wang\Documents\Notebooks\cyberdata\src\cyberdata\process\synthetic_generator.py:418 - execute_generation_task() - Executing task Phishing and Spam Email Campaigns_ben_146 (attempt 1): 5 benign samples (schema-aware: True)
2025-06-17 18:40:15,370 - cyberdata.scripts.generator - INFO - c:\Users\Tianyu Wang\Documents\Notebooks\cyberdata\src\cyberdata\process\synthetic_generator.py:841 - generate_parallel() - Task Phishing and Spam Email Campaigns_ben_138 contributed 5 samples
2025-06-17 18:40:17,429 - cyberdata.scripts.generator - INFO - c:\Users\Tianyu Wang\Documents\Notebooks\cyberdata\src\cyberdata\process\synthetic_generator.py:464 - execute_generation_task() - Task Phishing and Spam Email Campaigns_ben_139 completed: 5 unique samples (0 duplicates filtered) in 8.45s
2025-06-17 18:40:17,431 - cyberdata.scripts.generator - INFO - c:\Users\Tianyu Wang\Documents\Notebooks\cyberdata\src\cyberdata\process\synthetic_generator.py:418 - execute_generation_task() - Executing task Phishing and Spam Email Campaigns_ben_147 (attempt 1): 5 benign samples (schema-aware: True)
2025-06-17 18:40:17,431 - cyberdata.scripts.generator - INFO - c:\Users\Tianyu Wang\Documents\Notebooks\cyberdata\src\cyberdata\process\synthetic_generator.py:841 - generate_parallel() - Task Phishing and Spam Email Campaigns_ben_139 contributed 5 samples
2025-06-17 18:40:19,134 - cyberdata.scripts.generator - INFO - c:\Users\Tianyu Wang\Documents\Notebooks\cyberdata\src\cyberdata\process\synthetic_generator.py:464 - execute_generation_task() - Task Phishing and Spam Email Campaigns_ben_140 completed: 5 unique samples (0 duplicates filtered) in 8.04s
2025-06-17 18:40:19,135 - cyberdata.scripts.generator - INFO - c:\Users\Tianyu Wang\Documents\Notebooks\cyberdata\src\cyberdata\process\synthetic_generator.py:418 - execute_generation_task() - Executing task Phishing and Spam Email Campaigns_ben_148 (attempt 1): 5 benign samples (schema-aware: True)
2025-06-17 18:40:19,136 - cyberdata.scripts.generator - INFO - c:\Users\Tianyu Wang\Documents\Notebooks\cyberdata\src\cyberdata\process\synthetic_generator.py:841 - generate_parallel() - Task Phishing and Spam Email Campaigns_ben_140 contributed 5 samples
2025-06-17 18:40:22,012 - cyberdata.scripts.generator - INFO - c:\Users\Tianyu Wang\Documents\Notebooks\cyberdata\src\cyberdata\process\synthetic_generator.py:464 - execute_generation_task() - Task Phishing and Spam Email Campaigns_ben_143 completed: 5 unique samples (0 duplicates filtered) in 7.59s
2025-06-17 18:40:22,013 - cyberdata.scripts.generator - INFO - c:\Users\Tianyu Wang\Documents\Notebooks\cyberdata\src\cyberdata\process\synthetic_generator.py:418 - execute_generation_task() - Executing task Phishing and Spam Email Campaigns_ben_149 (attempt 1): 5 benign samples (schema-aware: True)
2025-06-17 18:40:22,013 - cyberdata.scripts.generator - INFO - c:\Users\Tianyu Wang\Documents\Notebooks\cyberdata\src\cyberdata\process\synthetic_generator.py:841 - generate_parallel() - Task Phishing and Spam Email Campaigns_ben_143 contributed 5 samples
2025-06-17 18:40:22,841 - cyberdata.scripts.generator - INFO - c:\Users\Tianyu Wang\Documents\Notebooks\cyberdata\src\cyberdata\process\synthetic_generator.py:464 - execute_generation_task() - Task Phishing and Spam Email Campaigns_ben_145 completed: 5 unique samples (0 duplicates filtered) in 8.34s
2025-06-17 18:40:22,842 - cyberdata.scripts.generator - INFO - c:\Users\Tianyu Wang\Documents\Notebooks\cyberdata\src\cyberdata\process\synthetic_generator.py:418 - execute_generation_task() - Executing task Phishing and Spam Email Campaigns_ben_150 (attempt 1): 5 benign samples (schema-aware: True)
2025-06-17 18:40:22,842 - cyberdata.scripts.generator - INFO - c:\Users\Tianyu Wang\Documents\Notebooks\cyberdata\src\cyberdata\process\synthetic_generator.py:841 - generate_parallel() - Task Phishing and Spam Email Campaigns_ben_145 contributed 5 samples
2025-06-17 18:40:23,437 - cyberdata.scripts.generator - INFO - c:\Users\Tianyu Wang\Documents\Notebooks\cyberdata\src\cyberdata\process\synthetic_generator.py:464 - execute_generation_task() - Task Phishing and Spam Email Campaigns_ben_144 completed: 5 unique samples (0 duplicates filtered) in 8.98s
2025-06-17 18:40:23,437 - cyberdata.scripts.generator - INFO - c:\Users\Tianyu Wang\Documents\Notebooks\cyberdata\src\cyberdata\process\synthetic_generator.py:418 - execute_generation_task() - Executing task Phishing and Spam Email Campaigns_ben_151 (attempt 1): 5 benign samples (schema-aware: True)
2025-06-17 18:40:23,437 - cyberdata.scripts.generator - INFO - c:\Users\Tianyu Wang\Documents\Notebooks\cyberdata\src\cyberdata\process\synthetic_generator.py:841 - generate_parallel() - Task Phishing and Spam Email Campaigns_ben_144 contributed 5 samples
2025-06-17 18:40:23,900 - cyberdata.scripts.generator - INFO - c:\Users\Tianyu Wang\Documents\Notebooks\cyberdata\src\cyberdata\process\synthetic_generator.py:464 - execute_generation_task() - Task Phishing and Spam Email Campaigns_ben_146 completed: 5 unique samples (0 duplicates filtered) in 8.53s
2025-06-17 18:40:23,901 - cyberdata.scripts.generator - INFO - c:\Users\Tianyu Wang\Documents\Notebooks\cyberdata\src\cyberdata\process\synthetic_generator.py:418 - execute_generation_task() - Executing task Phishing and Spam Email Campaigns_ben_152 (attempt 1): 5 benign samples (schema-aware: True)
2025-06-17 18:40:23,901 - cyberdata.scripts.generator - INFO - c:\Users\Tianyu Wang\Documents\Notebooks\cyberdata\src\cyberdata\process\synthetic_generator.py:841 - generate_parallel() - Task Phishing and Spam Email Campaigns_ben_146 contributed 5 samples
2025-06-17 18:40:26,152 - cyberdata.scripts.generator - INFO - c:\Users\Tianyu Wang\Documents\Notebooks\cyberdata\src\cyberdata\process\synthetic_generator.py:464 - execute_generation_task() - Task Phishing and Spam Email Campaigns_ben_148 completed: 5 unique samples (0 duplicates filtered) in 7.02s
2025-06-17 18:40:26,153 - cyberdata.scripts.generator - INFO - c:\Users\Tianyu Wang\Documents\Notebooks\cyberdata\src\cyberdata\process\synthetic_generator.py:418 - execute_generation_task() - Executing task Phishing and Spam Email Campaigns_ben_153 (attempt 1): 5 benign samples (schema-aware: True)
2025-06-17 18:40:26,153 - cyberdata.scripts.generator - INFO - c:\Users\Tianyu Wang\Documents\Notebooks\cyberdata\src\cyberdata\process\synthetic_generator.py:841 - generate_parallel() - Task Phishing and Spam Email Campaigns_ben_148 contributed 5 samples
2025-06-17 18:40:28,199 - cyberdata.scripts.generator - INFO - c:\Users\Tianyu Wang\Documents\Notebooks\cyberdata\src\cyberdata\process\synthetic_generator.py:464 - execute_generation_task() - Task Phishing and Spam Email Campaigns_ben_147 completed: 5 unique samples (0 duplicates filtered) in 10.77s
2025-06-17 18:40:28,200 - cyberdata.scripts.generator - INFO - c:\Users\Tianyu Wang\Documents\Notebooks\cyberdata\src\cyberdata\process\synthetic_generator.py:418 - execute_generation_task() - Executing task Phishing and Spam Email Campaigns_ben_154 (attempt 1): 5 benign samples (schema-aware: True)
2025-06-17 18:40:28,200 - cyberdata.scripts.generator - INFO - c:\Users\Tianyu Wang\Documents\Notebooks\cyberdata\src\cyberdata\process\synthetic_generator.py:841 - generate_parallel() - Task Phishing and Spam Email Campaigns_ben_147 contributed 5 samples
2025-06-17 18:40:29,055 - cyberdata.scripts.generator - INFO - c:\Users\Tianyu Wang\Documents\Notebooks\cyberdata\src\cyberdata\process\synthetic_generator.py:464 - execute_generation_task() - Task Phishing and Spam Email Campaigns_ben_149 completed: 5 unique samples (0 duplicates filtered) in 7.04s
2025-06-17 18:40:29,055 - cyberdata.scripts.generator - INFO - c:\Users\Tianyu Wang\Documents\Notebooks\cyberdata\src\cyberdata\process\synthetic_generator.py:418 - execute_generation_task() - Executing task Phishing and Spam Email Campaigns_ben_155 (attempt 1): 5 benign samples (schema-aware: True)
2025-06-17 18:40:29,055 - cyberdata.scripts.generator - INFO - c:\Users\Tianyu Wang\Documents\Notebooks\cyberdata\src\cyberdata\process\synthetic_generator.py:841 - generate_parallel() - Task Phishing and Spam Email Campaigns_ben_149 contributed 5 samples
2025-06-17 18:40:29,570 - cyberdata.scripts.generator - INFO - c:\Users\Tianyu Wang\Documents\Notebooks\cyberdata\src\cyberdata\process\synthetic_generator.py:464 - execute_generation_task() - Task Phishing and Spam Email Campaigns_ben_141 completed: 5 unique samples (0 duplicates filtered) in 16.31s
2025-06-17 18:40:29,571 - cyberdata.scripts.generator - INFO - c:\Users\Tianyu Wang\Documents\Notebooks\cyberdata\src\cyberdata\process\synthetic_generator.py:418 - execute_generation_task() - Executing task Phishing and Spam Email Campaigns_ben_156 (attempt 1): 5 benign samples (schema-aware: True)
2025-06-17 18:40:29,571 - cyberdata.scripts.generator - INFO - c:\Users\Tianyu Wang\Documents\Notebooks\cyberdata\src\cyberdata\process\synthetic_generator.py:841 - generate_parallel() - Task Phishing and Spam Email Campaigns_ben_141 contributed 5 samples
2025-06-17 18:40:31,273 - cyberdata.scripts.generator - INFO - c:\Users\Tianyu Wang\Documents\Notebooks\cyberdata\src\cyberdata\process\synthetic_generator.py:464 - execute_generation_task() - Task Phishing and Spam Email Campaigns_ben_142 completed: 5 unique samples (0 duplicates filtered) in 17.58s
2025-06-17 18:40:31,274 - cyberdata.scripts.generator - INFO - c:\Users\Tianyu Wang\Documents\Notebooks\cyberdata\src\cyberdata\process\synthetic_generator.py:418 - execute_generation_task() - Executing task Phishing and Spam Email Campaigns_ben_157 (attempt 1): 5 benign samples (schema-aware: True)
2025-06-17 18:40:31,274 - cyberdata.scripts.generator - INFO - c:\Users\Tianyu Wang\Documents\Notebooks\cyberdata\src\cyberdata\process\synthetic_generator.py:841 - generate_parallel() - Task Phishing and Spam Email Campaigns_ben_142 contributed 5 samples
2025-06-17 18:40:31,497 - cyberdata.scripts.generator - INFO - c:\Users\Tianyu Wang\Documents\Notebooks\cyberdata\src\cyberdata\process\synthetic_generator.py:464 - execute_generation_task() - Task Phishing and Spam Email Campaigns_ben_150 completed: 5 unique samples (0 duplicates filtered) in 8.66s
2025-06-17 18:40:31,497 - cyberdata.scripts.generator - INFO - c:\Users\Tianyu Wang\Documents\Notebooks\cyberdata\src\cyberdata\process\synthetic_generator.py:418 - execute_generation_task() - Executing task Phishing and Spam Email Campaigns_ben_158 (attempt 1): 5 benign samples (schema-aware: True)
2025-06-17 18:40:31,497 - cyberdata.scripts.generator - INFO - c:\Users\Tianyu Wang\Documents\Notebooks\cyberdata\src\cyberdata\process\synthetic_generator.py:841 - generate_parallel() - Task Phishing and Spam Email Campaigns_ben_150 contributed 5 samples
2025-06-17 18:40:32,105 - cyberdata.scripts.generator - INFO - c:\Users\Tianyu Wang\Documents\Notebooks\cyberdata\src\cyberdata\process\synthetic_generator.py:464 - execute_generation_task() - Task Phishing and Spam Email Campaigns_ben_151 completed: 5 unique samples (0 duplicates filtered) in 8.67s
2025-06-17 18:40:32,105 - cyberdata.scripts.generator - INFO - c:\Users\Tianyu Wang\Documents\Notebooks\cyberdata\src\cyberdata\process\synthetic_generator.py:418 - execute_generation_task() - Executing task Phishing and Spam Email Campaigns_ben_159 (attempt 1): 5 benign samples (schema-aware: True)
2025-06-17 18:40:32,105 - cyberdata.scripts.generator - INFO - c:\Users\Tianyu Wang\Documents\Notebooks\cyberdata\src\cyberdata\process\synthetic_generator.py:841 - generate_parallel() - Task Phishing and Spam Email Campaigns_ben_151 contributed 5 samples
2025-06-17 18:40:33,295 - cyberdata.scripts.generator - INFO - c:\Users\Tianyu Wang\Documents\Notebooks\cyberdata\src\cyberdata\process\synthetic_generator.py:464 - execute_generation_task() - Task Phishing and Spam Email Campaigns_ben_152 completed: 5 unique samples (0 duplicates filtered) in 9.39s
2025-06-17 18:40:33,297 - cyberdata.scripts.generator - INFO - c:\Users\Tianyu Wang\Documents\Notebooks\cyberdata\src\cyberdata\process\synthetic_generator.py:418 - execute_generation_task() - Executing task Phishing and Spam Email Campaigns_ben_160 (attempt 1): 5 benign samples (schema-aware: True)
2025-06-17 18:40:33,297 - cyberdata.scripts.generator - INFO - c:\Users\Tianyu Wang\Documents\Notebooks\cyberdata\src\cyberdata\process\synthetic_generator.py:841 - generate_parallel() - Task Phishing and Spam Email Campaigns_ben_152 contributed 5 samples
2025-06-17 18:40:35,929 - cyberdata.scripts.generator - INFO - c:\Users\Tianyu Wang\Documents\Notebooks\cyberdata\src\cyberdata\process\synthetic_generator.py:464 - execute_generation_task() - Task Phishing and Spam Email Campaigns_ben_153 completed: 5 unique samples (0 duplicates filtered) in 9.78s
2025-06-17 18:40:35,931 - cyberdata.scripts.generator - INFO - c:\Users\Tianyu Wang\Documents\Notebooks\cyberdata\src\cyberdata\process\synthetic_generator.py:418 - execute_generation_task() - Executing task Phishing and Spam Email Campaigns_ben_161 (attempt 1): 5 benign samples (schema-aware: True)
2025-06-17 18:40:35,932 - cyberdata.scripts.generator - INFO - c:\Users\Tianyu Wang\Documents\Notebooks\cyberdata\src\cyberdata\process\synthetic_generator.py:841 - generate_parallel() - Task Phishing and Spam Email Campaigns_ben_153 contributed 5 samples
2025-06-17 18:40:36,443 - cyberdata.scripts.generator - INFO - c:\Users\Tianyu Wang\Documents\Notebooks\cyberdata\src\cyberdata\process\synthetic_generator.py:464 - execute_generation_task() - Task Phishing and Spam Email Campaigns_ben_154 completed: 5 unique samples (0 duplicates filtered) in 8.24s
2025-06-17 18:40:36,444 - cyberdata.scripts.generator - INFO - c:\Users\Tianyu Wang\Documents\Notebooks\cyberdata\src\cyberdata\process\synthetic_generator.py:418 - execute_generation_task() - Executing task Phishing and Spam Email Campaigns_ben_162 (attempt 1): 5 benign samples (schema-aware: True)
2025-06-17 18:40:36,444 - cyberdata.scripts.generator - INFO - c:\Users\Tianyu Wang\Documents\Notebooks\cyberdata\src\cyberdata\process\synthetic_generator.py:841 - generate_parallel() - Task Phishing and Spam Email Campaigns_ben_154 contributed 5 samples
2025-06-17 18:40:38,312 - cyberdata.scripts.generator - INFO - c:\Users\Tianyu Wang\Documents\Notebooks\cyberdata\src\cyberdata\process\synthetic_generator.py:464 - execute_generation_task() - Task Phishing and Spam Email Campaigns_ben_157 completed: 5 unique samples (0 duplicates filtered) in 7.04s
2025-06-17 18:40:38,313 - cyberdata.scripts.generator - INFO - c:\Users\Tianyu Wang\Documents\Notebooks\cyberdata\src\cyberdata\process\synthetic_generator.py:418 - execute_generation_task() - Executing task Phishing and Spam Email Campaigns_ben_163 (attempt 1): 5 benign samples (schema-aware: True)
2025-06-17 18:40:38,313 - cyberdata.scripts.generator - INFO - c:\Users\Tianyu Wang\Documents\Notebooks\cyberdata\src\cyberdata\process\synthetic_generator.py:841 - generate_parallel() - Task Phishing and Spam Email Campaigns_ben_157 contributed 5 samples
2025-06-17 18:40:38,340 - cyberdata.scripts.generator - INFO - c:\Users\Tianyu Wang\Documents\Notebooks\cyberdata\src\cyberdata\process\synthetic_generator.py:464 - execute_generation_task() - Task Phishing and Spam Email Campaigns_ben_156 completed: 5 unique samples (0 duplicates filtered) in 8.77s
2025-06-17 18:40:38,341 - cyberdata.scripts.generator - INFO - c:\Users\Tianyu Wang\Documents\Notebooks\cyberdata\src\cyberdata\process\synthetic_generator.py:418 - execute_generation_task() - Executing task Phishing and Spam Email Campaigns_ben_164 (attempt 1): 5 benign samples (schema-aware: True)
2025-06-17 18:40:38,341 - cyberdata.scripts.generator - INFO - c:\Users\Tianyu Wang\Documents\Notebooks\cyberdata\src\cyberdata\process\synthetic_generator.py:841 - generate_parallel() - Task Phishing and Spam Email Campaigns_ben_156 contributed 5 samples
2025-06-17 18:40:40,267 - cyberdata.scripts.generator - INFO - c:\Users\Tianyu Wang\Documents\Notebooks\cyberdata\src\cyberdata\process\synthetic_generator.py:464 - execute_generation_task() - Task Phishing and Spam Email Campaigns_ben_155 completed: 5 unique samples (0 duplicates filtered) in 11.21s
2025-06-17 18:40:40,268 - cyberdata.scripts.generator - INFO - c:\Users\Tianyu Wang\Documents\Notebooks\cyberdata\src\cyberdata\process\synthetic_generator.py:418 - execute_generation_task() - Executing task Phishing and Spam Email Campaigns_ben_165 (attempt 1): 5 benign samples (schema-aware: True)
2025-06-17 18:40:40,268 - cyberdata.scripts.generator - INFO - c:\Users\Tianyu Wang\Documents\Notebooks\cyberdata\src\cyberdata\process\synthetic_generator.py:841 - generate_parallel() - Task Phishing and Spam Email Campaigns_ben_155 contributed 5 samples
2025-06-17 18:40:41,705 - cyberdata.scripts.generator - INFO - c:\Users\Tianyu Wang\Documents\Notebooks\cyberdata\src\cyberdata\process\synthetic_generator.py:464 - execute_generation_task() - Task Phishing and Spam Email Campaigns_ben_159 completed: 5 unique samples (0 duplicates filtered) in 9.60s
2025-06-17 18:40:41,706 - cyberdata.scripts.generator - INFO - c:\Users\Tianyu Wang\Documents\Notebooks\cyberdata\src\cyberdata\process\synthetic_generator.py:418 - execute_generation_task() - Executing task Phishing and Spam Email Campaigns_ben_166 (attempt 1): 5 benign samples (schema-aware: True)
2025-06-17 18:40:41,706 - cyberdata.scripts.generator - INFO - c:\Users\Tianyu Wang\Documents\Notebooks\cyberdata\src\cyberdata\process\synthetic_generator.py:841 - generate_parallel() - Task Phishing and Spam Email Campaigns_ben_159 contributed 5 samples
2025-06-17 18:40:41,840 - cyberdata.scripts.generator - INFO - c:\Users\Tianyu Wang\Documents\Notebooks\cyberdata\src\cyberdata\process\synthetic_generator.py:464 - execute_generation_task() - Task Phishing and Spam Email Campaigns_ben_158 completed: 5 unique samples (0 duplicates filtered) in 10.34s
2025-06-17 18:40:41,841 - cyberdata.scripts.generator - INFO - c:\Users\Tianyu Wang\Documents\Notebooks\cyberdata\src\cyberdata\process\synthetic_generator.py:418 - execute_generation_task() - Executing task Phishing and Spam Email Campaigns_ben_167 (attempt 1): 5 benign samples (schema-aware: True)
2025-06-17 18:40:41,841 - cyberdata.scripts.generator - INFO - c:\Users\Tianyu Wang\Documents\Notebooks\cyberdata\src\cyberdata\process\synthetic_generator.py:841 - generate_parallel() - Task Phishing and Spam Email Campaigns_ben_158 contributed 5 samples
2025-06-17 18:40:42,806 - cyberdata.scripts.generator - INFO - c:\Users\Tianyu Wang\Documents\Notebooks\cyberdata\src\cyberdata\process\synthetic_generator.py:464 - execute_generation_task() - Task Phishing and Spam Email Campaigns_ben_160 completed: 5 unique samples (0 duplicates filtered) in 9.51s
2025-06-17 18:40:42,807 - cyberdata.scripts.generator - INFO - c:\Users\Tianyu Wang\Documents\Notebooks\cyberdata\src\cyberdata\process\synthetic_generator.py:418 - execute_generation_task() - Executing task Phishing and Spam Email Campaigns_ben_168 (attempt 1): 5 benign samples (schema-aware: True)
2025-06-17 18:40:42,807 - cyberdata.scripts.generator - INFO - c:\Users\Tianyu Wang\Documents\Notebooks\cyberdata\src\cyberdata\process\synthetic_generator.py:841 - generate_parallel() - Task Phishing and Spam Email Campaigns_ben_160 contributed 5 samples
2025-06-17 18:40:43,237 - cyberdata.scripts.generator - INFO - c:\Users\Tianyu Wang\Documents\Notebooks\cyberdata\src\cyberdata\process\synthetic_generator.py:464 - execute_generation_task() - Task Phishing and Spam Email Campaigns_ben_161 completed: 5 unique samples (0 duplicates filtered) in 7.31s
2025-06-17 18:40:43,238 - cyberdata.scripts.generator - INFO - c:\Users\Tianyu Wang\Documents\Notebooks\cyberdata\src\cyberdata\process\synthetic_generator.py:418 - execute_generation_task() - Executing task Phishing and Spam Email Campaigns_ben_169 (attempt 1): 5 benign samples (schema-aware: True)
2025-06-17 18:40:43,238 - cyberdata.scripts.generator - INFO - c:\Users\Tianyu Wang\Documents\Notebooks\cyberdata\src\cyberdata\process\synthetic_generator.py:841 - generate_parallel() - Task Phishing and Spam Email Campaigns_ben_161 contributed 5 samples
2025-06-17 18:40:44,102 - cyberdata.scripts.generator - INFO - c:\Users\Tianyu Wang\Documents\Notebooks\cyberdata\src\cyberdata\process\synthetic_generator.py:464 - execute_generation_task() - Task Phishing and Spam Email Campaigns_ben_162 completed: 5 unique samples (0 duplicates filtered) in 7.66s
2025-06-17 18:40:44,103 - cyberdata.scripts.generator - INFO - c:\Users\Tianyu Wang\Documents\Notebooks\cyberdata\src\cyberdata\process\synthetic_generator.py:418 - execute_generation_task() - Executing task Phishing and Spam Email Campaigns_ben_170 (attempt 1): 5 benign samples (schema-aware: True)
2025-06-17 18:40:44,103 - cyberdata.scripts.generator - INFO - c:\Users\Tianyu Wang\Documents\Notebooks\cyberdata\src\cyberdata\process\synthetic_generator.py:841 - generate_parallel() - Task Phishing and Spam Email Campaigns_ben_162 contributed 5 samples
2025-06-17 18:40:46,358 - cyberdata.scripts.generator - INFO - c:\Users\Tianyu Wang\Documents\Notebooks\cyberdata\src\cyberdata\process\synthetic_generator.py:464 - execute_generation_task() - Task Phishing and Spam Email Campaigns_ben_163 completed: 5 unique samples (0 duplicates filtered) in 8.05s
2025-06-17 18:40:46,359 - cyberdata.scripts.generator - INFO - c:\Users\Tianyu Wang\Documents\Notebooks\cyberdata\src\cyberdata\process\synthetic_generator.py:418 - execute_generation_task() - Executing task Phishing and Spam Email Campaigns_ben_171 (attempt 1): 5 benign samples (schema-aware: True)
2025-06-17 18:40:46,359 - cyberdata.scripts.generator - INFO - c:\Users\Tianyu Wang\Documents\Notebooks\cyberdata\src\cyberdata\process\synthetic_generator.py:841 - generate_parallel() - Task Phishing and Spam Email Campaigns_ben_163 contributed 5 samples
2025-06-17 18:40:46,568 - cyberdata.scripts.generator - INFO - c:\Users\Tianyu Wang\Documents\Notebooks\cyberdata\src\cyberdata\process\synthetic_generator.py:464 - execute_generation_task() - Task Phishing and Spam Email Campaigns_ben_164 completed: 5 unique samples (0 duplicates filtered) in 8.23s
2025-06-17 18:40:46,569 - cyberdata.scripts.generator - INFO - c:\Users\Tianyu Wang\Documents\Notebooks\cyberdata\src\cyberdata\process\synthetic_generator.py:418 - execute_generation_task() - Executing task Phishing and Spam Email Campaigns_ben_172 (attempt 1): 5 benign samples (schema-aware: True)
2025-06-17 18:40:46,569 - cyberdata.scripts.generator - INFO - c:\Users\Tianyu Wang\Documents\Notebooks\cyberdata\src\cyberdata\process\synthetic_generator.py:841 - generate_parallel() - Task Phishing and Spam Email Campaigns_ben_164 contributed 5 samples
2025-06-17 18:40:49,379 - cyberdata.scripts.generator - INFO - c:\Users\Tianyu Wang\Documents\Notebooks\cyberdata\src\cyberdata\process\synthetic_generator.py:464 - execute_generation_task() - Task Phishing and Spam Email Campaigns_ben_165 completed: 5 unique samples (0 duplicates filtered) in 9.11s
2025-06-17 18:40:49,380 - cyberdata.scripts.generator - INFO - c:\Users\Tianyu Wang\Documents\Notebooks\cyberdata\src\cyberdata\process\synthetic_generator.py:418 - execute_generation_task() - Executing task Phishing and Spam Email Campaigns_ben_173 (attempt 1): 5 benign samples (schema-aware: True)
2025-06-17 18:40:49,380 - cyberdata.scripts.generator - INFO - c:\Users\Tianyu Wang\Documents\Notebooks\cyberdata\src\cyberdata\process\synthetic_generator.py:841 - generate_parallel() - Task Phishing and Spam Email Campaigns_ben_165 contributed 5 samples
2025-06-17 18:40:50,320 - cyberdata.scripts.generator - INFO - c:\Users\Tianyu Wang\Documents\Notebooks\cyberdata\src\cyberdata\process\synthetic_generator.py:464 - execute_generation_task() - Task Phishing and Spam Email Campaigns_ben_167 completed: 5 unique samples (0 duplicates filtered) in 8.48s
2025-06-17 18:40:50,321 - cyberdata.scripts.generator - INFO - c:\Users\Tianyu Wang\Documents\Notebooks\cyberdata\src\cyberdata\process\synthetic_generator.py:418 - execute_generation_task() - Executing task Phishing and Spam Email Campaigns_ben_174 (attempt 1): 5 benign samples (schema-aware: True)
2025-06-17 18:40:50,321 - cyberdata.scripts.generator - INFO - c:\Users\Tianyu Wang\Documents\Notebooks\cyberdata\src\cyberdata\process\synthetic_generator.py:841 - generate_parallel() - Task Phishing and Spam Email Campaigns_ben_167 contributed 5 samples
2025-06-17 18:40:51,048 - cyberdata.scripts.generator - INFO - c:\Users\Tianyu Wang\Documents\Notebooks\cyberdata\src\cyberdata\process\synthetic_generator.py:464 - execute_generation_task() - Task Phishing and Spam Email Campaigns_ben_166 completed: 5 unique samples (0 duplicates filtered) in 9.34s
2025-06-17 18:40:51,049 - cyberdata.scripts.generator - INFO - c:\Users\Tianyu Wang\Documents\Notebooks\cyberdata\src\cyberdata\process\synthetic_generator.py:418 - execute_generation_task() - Executing task Phishing and Spam Email Campaigns_ben_175 (attempt 1): 5 benign samples (schema-aware: True)
2025-06-17 18:40:51,050 - cyberdata.scripts.generator - INFO - c:\Users\Tianyu Wang\Documents\Notebooks\cyberdata\src\cyberdata\process\synthetic_generator.py:841 - generate_parallel() - Task Phishing and Spam Email Campaigns_ben_166 contributed 5 samples
2025-06-17 18:40:52,868 - cyberdata.scripts.generator - INFO - c:\Users\Tianyu Wang\Documents\Notebooks\cyberdata\src\cyberdata\process\synthetic_generator.py:464 - execute_generation_task() - Task Phishing and Spam Email Campaigns_ben_168 completed: 5 unique samples (0 duplicates filtered) in 10.06s
2025-06-17 18:40:52,869 - cyberdata.scripts.generator - INFO - c:\Users\Tianyu Wang\Documents\Notebooks\cyberdata\src\cyberdata\process\synthetic_generator.py:418 - execute_generation_task() - Executing task Phishing and Spam Email Campaigns_ben_176 (attempt 1): 5 benign samples (schema-aware: True)
2025-06-17 18:40:52,869 - cyberdata.scripts.generator - INFO - c:\Users\Tianyu Wang\Documents\Notebooks\cyberdata\src\cyberdata\process\synthetic_generator.py:841 - generate_parallel() - Task Phishing and Spam Email Campaigns_ben_168 contributed 5 samples
2025-06-17 18:40:54,281 - cyberdata.scripts.generator - INFO - c:\Users\Tianyu Wang\Documents\Notebooks\cyberdata\src\cyberdata\process\synthetic_generator.py:464 - execute_generation_task() - Task Phishing and Spam Email Campaigns_ben_170 completed: 5 unique samples (0 duplicates filtered) in 10.18s
2025-06-17 18:40:54,282 - cyberdata.scripts.generator - INFO - c:\Users\Tianyu Wang\Documents\Notebooks\cyberdata\src\cyberdata\process\synthetic_generator.py:418 - execute_generation_task() - Executing task Phishing and Spam Email Campaigns_ben_177 (attempt 1): 5 benign samples (schema-aware: True)
2025-06-17 18:40:54,282 - cyberdata.scripts.generator - INFO - c:\Users\Tianyu Wang\Documents\Notebooks\cyberdata\src\cyberdata\process\synthetic_generator.py:841 - generate_parallel() - Task Phishing and Spam Email Campaigns_ben_170 contributed 5 samples
2025-06-17 18:40:55,347 - cyberdata.scripts.generator - INFO - c:\Users\Tianyu Wang\Documents\Notebooks\cyberdata\src\cyberdata\process\synthetic_generator.py:464 - execute_generation_task() - Task Phishing and Spam Email Campaigns_ben_169 completed: 5 unique samples (0 duplicates filtered) in 12.11s
2025-06-17 18:40:55,349 - cyberdata.scripts.generator - INFO - c:\Users\Tianyu Wang\Documents\Notebooks\cyberdata\src\cyberdata\process\synthetic_generator.py:418 - execute_generation_task() - Executing task Phishing and Spam Email Campaigns_ben_178 (attempt 1): 5 benign samples (schema-aware: True)
2025-06-17 18:40:55,349 - cyberdata.scripts.generator - INFO - c:\Users\Tianyu Wang\Documents\Notebooks\cyberdata\src\cyberdata\process\synthetic_generator.py:841 - generate_parallel() - Task Phishing and Spam Email Campaigns_ben_169 contributed 5 samples
2025-06-17 18:40:55,462 - cyberdata.scripts.generator - INFO - c:\Users\Tianyu Wang\Documents\Notebooks\cyberdata\src\cyberdata\process\synthetic_generator.py:464 - execute_generation_task() - Task Phishing and Spam Email Campaigns_ben_171 completed: 5 unique samples (0 duplicates filtered) in 9.10s
2025-06-17 18:40:55,463 - cyberdata.scripts.generator - INFO - c:\Users\Tianyu Wang\Documents\Notebooks\cyberdata\src\cyberdata\process\synthetic_generator.py:418 - execute_generation_task() - Executing task Phishing and Spam Email Campaigns_ben_179 (attempt 1): 5 benign samples (schema-aware: True)
2025-06-17 18:40:55,463 - cyberdata.scripts.generator - INFO - c:\Users\Tianyu Wang\Documents\Notebooks\cyberdata\src\cyberdata\process\synthetic_generator.py:841 - generate_parallel() - Task Phishing and Spam Email Campaigns_ben_171 contributed 5 samples
2025-06-17 18:40:59,629 - cyberdata.scripts.generator - INFO - c:\Users\Tianyu Wang\Documents\Notebooks\cyberdata\src\cyberdata\process\synthetic_generator.py:464 - execute_generation_task() - Task Phishing and Spam Email Campaigns_ben_175 completed: 5 unique samples (0 duplicates filtered) in 8.58s
2025-06-17 18:40:59,630 - cyberdata.scripts.generator - INFO - c:\Users\Tianyu Wang\Documents\Notebooks\cyberdata\src\cyberdata\process\synthetic_generator.py:418 - execute_generation_task() - Executing task Phishing and Spam Email Campaigns_ben_180 (attempt 1): 5 benign samples (schema-aware: True)
2025-06-17 18:40:59,630 - cyberdata.scripts.generator - INFO - c:\Users\Tianyu Wang\Documents\Notebooks\cyberdata\src\cyberdata\process\synthetic_generator.py:841 - generate_parallel() - Task Phishing and Spam Email Campaigns_ben_175 contributed 5 samples
2025-06-17 18:40:59,953 - cyberdata.scripts.generator - INFO - c:\Users\Tianyu Wang\Documents\Notebooks\cyberdata\src\cyberdata\process\synthetic_generator.py:464 - execute_generation_task() - Task Phishing and Spam Email Campaigns_ben_173 completed: 5 unique samples (0 duplicates filtered) in 10.57s
2025-06-17 18:40:59,954 - cyberdata.scripts.generator - INFO - c:\Users\Tianyu Wang\Documents\Notebooks\cyberdata\src\cyberdata\process\synthetic_generator.py:418 - execute_generation_task() - Executing task Phishing and Spam Email Campaigns_ben_181 (attempt 1): 5 benign samples (schema-aware: True)
2025-06-17 18:40:59,954 - cyberdata.scripts.generator - INFO - c:\Users\Tianyu Wang\Documents\Notebooks\cyberdata\src\cyberdata\process\synthetic_generator.py:841 - generate_parallel() - Task Phishing and Spam Email Campaigns_ben_173 contributed 5 samples
2025-06-17 18:41:00,798 - cyberdata.scripts.generator - INFO - c:\Users\Tianyu Wang\Documents\Notebooks\cyberdata\src\cyberdata\process\synthetic_generator.py:464 - execute_generation_task() - Task Phishing and Spam Email Campaigns_ben_174 completed: 5 unique samples (0 duplicates filtered) in 10.48s
2025-06-17 18:41:00,800 - cyberdata.scripts.generator - INFO - c:\Users\Tianyu Wang\Documents\Notebooks\cyberdata\src\cyberdata\process\synthetic_generator.py:418 - execute_generation_task() - Executing task Phishing and Spam Email Campaigns_ben_182 (attempt 1): 5 benign samples (schema-aware: True)
2025-06-17 18:41:00,800 - cyberdata.scripts.generator - INFO - c:\Users\Tianyu Wang\Documents\Notebooks\cyberdata\src\cyberdata\process\synthetic_generator.py:841 - generate_parallel() - Task Phishing and Spam Email Campaigns_ben_174 contributed 5 samples
2025-06-17 18:41:02,282 - cyberdata.scripts.generator - INFO - c:\Users\Tianyu Wang\Documents\Notebooks\cyberdata\src\cyberdata\process\synthetic_generator.py:464 - execute_generation_task() - Task Phishing and Spam Email Campaigns_ben_176 completed: 5 unique samples (0 duplicates filtered) in 9.41s
2025-06-17 18:41:02,283 - cyberdata.scripts.generator - INFO - c:\Users\Tianyu Wang\Documents\Notebooks\cyberdata\src\cyberdata\process\synthetic_generator.py:418 - execute_generation_task() - Executing task Phishing and Spam Email Campaigns_ben_183 (attempt 1): 5 benign samples (schema-aware: True)
2025-06-17 18:41:02,283 - cyberdata.scripts.generator - INFO - c:\Users\Tianyu Wang\Documents\Notebooks\cyberdata\src\cyberdata\process\synthetic_generator.py:841 - generate_parallel() - Task Phishing and Spam Email Campaigns_ben_176 contributed 5 samples
2025-06-17 18:41:06,123 - cyberdata.scripts.generator - INFO - c:\Users\Tianyu Wang\Documents\Notebooks\cyberdata\src\cyberdata\process\synthetic_generator.py:464 - execute_generation_task() - Task Phishing and Spam Email Campaigns_ben_177 completed: 5 unique samples (0 duplicates filtered) in 11.84s
2025-06-17 18:41:06,123 - cyberdata.scripts.generator - INFO - c:\Users\Tianyu Wang\Documents\Notebooks\cyberdata\src\cyberdata\process\synthetic_generator.py:418 - execute_generation_task() - Executing task Phishing and Spam Email Campaigns_ben_184 (attempt 1): 5 benign samples (schema-aware: True)
2025-06-17 18:41:06,123 - cyberdata.scripts.generator - INFO - c:\Users\Tianyu Wang\Documents\Notebooks\cyberdata\src\cyberdata\process\synthetic_generator.py:841 - generate_parallel() - Task Phishing and Spam Email Campaigns_ben_177 contributed 5 samples
2025-06-17 18:41:06,749 - cyberdata.scripts.generator - INFO - c:\Users\Tianyu Wang\Documents\Notebooks\cyberdata\src\cyberdata\process\synthetic_generator.py:464 - execute_generation_task() - Task Phishing and Spam Email Campaigns_ben_179 completed: 5 unique samples (0 duplicates filtered) in 11.29s
2025-06-17 18:41:06,750 - cyberdata.scripts.generator - INFO - c:\Users\Tianyu Wang\Documents\Notebooks\cyberdata\src\cyberdata\process\synthetic_generator.py:418 - execute_generation_task() - Executing task Phishing and Spam Email Campaigns_ben_185 (attempt 1): 5 benign samples (schema-aware: True)
2025-06-17 18:41:06,750 - cyberdata.scripts.generator - INFO - c:\Users\Tianyu Wang\Documents\Notebooks\cyberdata\src\cyberdata\process\synthetic_generator.py:841 - generate_parallel() - Task Phishing and Spam Email Campaigns_ben_179 contributed 5 samples
2025-06-17 18:41:07,025 - cyberdata.scripts.generator - INFO - c:\Users\Tianyu Wang\Documents\Notebooks\cyberdata\src\cyberdata\process\synthetic_generator.py:464 - execute_generation_task() - Task Phishing and Spam Email Campaigns_ben_178 completed: 5 unique samples (0 duplicates filtered) in 11.68s
2025-06-17 18:41:07,026 - cyberdata.scripts.generator - INFO - c:\Users\Tianyu Wang\Documents\Notebooks\cyberdata\src\cyberdata\process\synthetic_generator.py:418 - execute_generation_task() - Executing task Phishing and Spam Email Campaigns_ben_186 (attempt 1): 5 benign samples (schema-aware: True)
2025-06-17 18:41:07,026 - cyberdata.scripts.generator - INFO - c:\Users\Tianyu Wang\Documents\Notebooks\cyberdata\src\cyberdata\process\synthetic_generator.py:841 - generate_parallel() - Task Phishing and Spam Email Campaigns_ben_178 contributed 5 samples
2025-06-17 18:41:08,882 - cyberdata.scripts.generator - INFO - c:\Users\Tianyu Wang\Documents\Notebooks\cyberdata\src\cyberdata\process\synthetic_generator.py:464 - execute_generation_task() - Task Phishing and Spam Email Campaigns_ben_180 completed: 5 unique samples (0 duplicates filtered) in 9.25s
2025-06-17 18:41:08,883 - cyberdata.scripts.generator - INFO - c:\Users\Tianyu Wang\Documents\Notebooks\cyberdata\src\cyberdata\process\synthetic_generator.py:418 - execute_generation_task() - Executing task Phishing and Spam Email Campaigns_ben_187 (attempt 1): 5 benign samples (schema-aware: True)
2025-06-17 18:41:08,883 - cyberdata.scripts.generator - INFO - c:\Users\Tianyu Wang\Documents\Notebooks\cyberdata\src\cyberdata\process\synthetic_generator.py:841 - generate_parallel() - Task Phishing and Spam Email Campaigns_ben_180 contributed 5 samples
2025-06-17 18:41:09,060 - cyberdata.scripts.generator - INFO - c:\Users\Tianyu Wang\Documents\Notebooks\cyberdata\src\cyberdata\process\synthetic_generator.py:464 - execute_generation_task() - Task Phishing and Spam Email Campaigns_ben_181 completed: 5 unique samples (0 duplicates filtered) in 9.11s
2025-06-17 18:41:09,060 - cyberdata.scripts.generator - INFO - c:\Users\Tianyu Wang\Documents\Notebooks\cyberdata\src\cyberdata\process\synthetic_generator.py:418 - execute_generation_task() - Executing task Phishing and Spam Email Campaigns_ben_188 (attempt 1): 5 benign samples (schema-aware: True)
2025-06-17 18:41:09,060 - cyberdata.scripts.generator - INFO - c:\Users\Tianyu Wang\Documents\Notebooks\cyberdata\src\cyberdata\process\synthetic_generator.py:841 - generate_parallel() - Task Phishing and Spam Email Campaigns_ben_181 contributed 5 samples
2025-06-17 18:41:10,840 - cyberdata.scripts.generator - INFO - c:\Users\Tianyu Wang\Documents\Notebooks\cyberdata\src\cyberdata\process\synthetic_generator.py:464 - execute_generation_task() - Task Phishing and Spam Email Campaigns_ben_182 completed: 5 unique samples (0 duplicates filtered) in 10.04s
2025-06-17 18:41:10,842 - cyberdata.scripts.generator - INFO - c:\Users\Tianyu Wang\Documents\Notebooks\cyberdata\src\cyberdata\process\synthetic_generator.py:418 - execute_generation_task() - Executing task Phishing and Spam Email Campaigns_ben_189 (attempt 1): 5 benign samples (schema-aware: True)
2025-06-17 18:41:10,846 - cyberdata.scripts.generator - INFO - c:\Users\Tianyu Wang\Documents\Notebooks\cyberdata\src\cyberdata\process\synthetic_generator.py:841 - generate_parallel() - Task Phishing and Spam Email Campaigns_ben_182 contributed 5 samples
2025-06-17 18:41:11,331 - cyberdata.scripts.generator - INFO - c:\Users\Tianyu Wang\Documents\Notebooks\cyberdata\src\cyberdata\process\synthetic_generator.py:464 - execute_generation_task() - Task Phishing and Spam Email Campaigns_ben_183 completed: 5 unique samples (0 duplicates filtered) in 9.05s
2025-06-17 18:41:11,331 - cyberdata.scripts.generator - INFO - c:\Users\Tianyu Wang\Documents\Notebooks\cyberdata\src\cyberdata\process\synthetic_generator.py:418 - execute_generation_task() - Executing task Phishing and Spam Email Campaigns_ben_190 (attempt 1): 5 benign samples (schema-aware: True)
2025-06-17 18:41:11,331 - cyberdata.scripts.generator - INFO - c:\Users\Tianyu Wang\Documents\Notebooks\cyberdata\src\cyberdata\process\synthetic_generator.py:841 - generate_parallel() - Task Phishing and Spam Email Campaigns_ben_183 contributed 5 samples
2025-06-17 18:41:14,484 - cyberdata.scripts.generator - INFO - c:\Users\Tianyu Wang\Documents\Notebooks\cyberdata\src\cyberdata\process\synthetic_generator.py:464 - execute_generation_task() - Task Phishing and Spam Email Campaigns_ben_185 completed: 5 unique samples (0 duplicates filtered) in 7.73s
2025-06-17 18:41:14,485 - cyberdata.scripts.generator - INFO - c:\Users\Tianyu Wang\Documents\Notebooks\cyberdata\src\cyberdata\process\synthetic_generator.py:418 - execute_generation_task() - Executing task Phishing and Spam Email Campaigns_ben_191 (attempt 1): 5 benign samples (schema-aware: True)
2025-06-17 18:41:14,486 - cyberdata.scripts.generator - INFO - c:\Users\Tianyu Wang\Documents\Notebooks\cyberdata\src\cyberdata\process\synthetic_generator.py:841 - generate_parallel() - Task Phishing and Spam Email Campaigns_ben_185 contributed 5 samples
2025-06-17 18:41:14,995 - cyberdata.scripts.generator - INFO - c:\Users\Tianyu Wang\Documents\Notebooks\cyberdata\src\cyberdata\process\synthetic_generator.py:464 - execute_generation_task() - Task Phishing and Spam Email Campaigns_ben_184 completed: 5 unique samples (0 duplicates filtered) in 8.87s
2025-06-17 18:41:14,996 - cyberdata.scripts.generator - INFO - c:\Users\Tianyu Wang\Documents\Notebooks\cyberdata\src\cyberdata\process\synthetic_generator.py:418 - execute_generation_task() - Executing task Phishing and Spam Email Campaigns_ben_192 (attempt 1): 5 benign samples (schema-aware: True)
2025-06-17 18:41:14,996 - cyberdata.scripts.generator - INFO - c:\Users\Tianyu Wang\Documents\Notebooks\cyberdata\src\cyberdata\process\synthetic_generator.py:841 - generate_parallel() - Task Phishing and Spam Email Campaigns_ben_184 contributed 5 samples
2025-06-17 18:41:15,742 - cyberdata.scripts.generator - INFO - c:\Users\Tianyu Wang\Documents\Notebooks\cyberdata\src\cyberdata\process\synthetic_generator.py:464 - execute_generation_task() - Task Phishing and Spam Email Campaigns_ben_186 completed: 5 unique samples (0 duplicates filtered) in 8.72s
2025-06-17 18:41:15,744 - cyberdata.scripts.generator - INFO - c:\Users\Tianyu Wang\Documents\Notebooks\cyberdata\src\cyberdata\process\synthetic_generator.py:418 - execute_generation_task() - Executing task Phishing and Spam Email Campaigns_ben_193 (attempt 1): 5 benign samples (schema-aware: True)
2025-06-17 18:41:15,744 - cyberdata.scripts.generator - INFO - c:\Users\Tianyu Wang\Documents\Notebooks\cyberdata\src\cyberdata\process\synthetic_generator.py:841 - generate_parallel() - Task Phishing and Spam Email Campaigns_ben_186 contributed 5 samples
2025-06-17 18:41:18,542 - cyberdata.scripts.generator - INFO - c:\Users\Tianyu Wang\Documents\Notebooks\cyberdata\src\cyberdata\process\synthetic_generator.py:464 - execute_generation_task() - Task Phishing and Spam Email Campaigns_ben_188 completed: 5 unique samples (0 duplicates filtered) in 9.48s
2025-06-17 18:41:18,544 - cyberdata.scripts.generator - INFO - c:\Users\Tianyu Wang\Documents\Notebooks\cyberdata\src\cyberdata\process\synthetic_generator.py:418 - execute_generation_task() - Executing task Phishing and Spam Email Campaigns_ben_194 (attempt 1): 5 benign samples (schema-aware: True)
2025-06-17 18:41:18,544 - cyberdata.scripts.generator - INFO - c:\Users\Tianyu Wang\Documents\Notebooks\cyberdata\src\cyberdata\process\synthetic_generator.py:841 - generate_parallel() - Task Phishing and Spam Email Campaigns_ben_188 contributed 5 samples
2025-06-17 18:41:20,037 - cyberdata.scripts.generator - INFO - c:\Users\Tianyu Wang\Documents\Notebooks\cyberdata\src\cyberdata\process\synthetic_generator.py:464 - execute_generation_task() - Task Phishing and Spam Email Campaigns_ben_187 completed: 5 unique samples (0 duplicates filtered) in 11.15s
2025-06-17 18:41:20,037 - cyberdata.scripts.generator - INFO - c:\Users\Tianyu Wang\Documents\Notebooks\cyberdata\src\cyberdata\process\synthetic_generator.py:418 - execute_generation_task() - Executing task Phishing and Spam Email Campaigns_ben_195 (attempt 1): 5 benign samples (schema-aware: True)
2025-06-17 18:41:20,037 - cyberdata.scripts.generator - INFO - c:\Users\Tianyu Wang\Documents\Notebooks\cyberdata\src\cyberdata\process\synthetic_generator.py:841 - generate_parallel() - Task Phishing and Spam Email Campaigns_ben_187 contributed 5 samples
2025-06-17 18:41:22,058 - cyberdata.scripts.generator - INFO - c:\Users\Tianyu Wang\Documents\Notebooks\cyberdata\src\cyberdata\process\synthetic_generator.py:464 - execute_generation_task() - Task Phishing and Spam Email Campaigns_ben_190 completed: 5 unique samples (0 duplicates filtered) in 10.73s
2025-06-17 18:41:22,060 - cyberdata.scripts.generator - INFO - c:\Users\Tianyu Wang\Documents\Notebooks\cyberdata\src\cyberdata\process\synthetic_generator.py:418 - execute_generation_task() - Executing task Phishing and Spam Email Campaigns_ben_196 (attempt 1): 5 benign samples (schema-aware: True)
2025-06-17 18:41:22,060 - cyberdata.scripts.generator - INFO - c:\Users\Tianyu Wang\Documents\Notebooks\cyberdata\src\cyberdata\process\synthetic_generator.py:841 - generate_parallel() - Task Phishing and Spam Email Campaigns_ben_190 contributed 5 samples
2025-06-17 18:41:22,377 - cyberdata.scripts.generator - INFO - c:\Users\Tianyu Wang\Documents\Notebooks\cyberdata\src\cyberdata\process\synthetic_generator.py:464 - execute_generation_task() - Task Phishing and Spam Email Campaigns_ben_172 completed: 5 unique samples (0 duplicates filtered) in 35.81s
2025-06-17 18:41:22,378 - cyberdata.scripts.generator - INFO - c:\Users\Tianyu Wang\Documents\Notebooks\cyberdata\src\cyberdata\process\synthetic_generator.py:418 - execute_generation_task() - Executing task Phishing and Spam Email Campaigns_ben_197 (attempt 1): 5 benign samples (schema-aware: True)
2025-06-17 18:41:22,379 - cyberdata.scripts.generator - INFO - c:\Users\Tianyu Wang\Documents\Notebooks\cyberdata\src\cyberdata\process\synthetic_generator.py:841 - generate_parallel() - Task Phishing and Spam Email Campaigns_ben_172 contributed 5 samples
2025-06-17 18:41:22,490 - cyberdata.scripts.generator - INFO - c:\Users\Tianyu Wang\Documents\Notebooks\cyberdata\src\cyberdata\process\synthetic_generator.py:464 - execute_generation_task() - Task Phishing and Spam Email Campaigns_ben_191 completed: 5 unique samples (0 duplicates filtered) in 8.01s
2025-06-17 18:41:22,491 - cyberdata.scripts.generator - INFO - c:\Users\Tianyu Wang\Documents\Notebooks\cyberdata\src\cyberdata\process\synthetic_generator.py:418 - execute_generation_task() - Executing task Phishing and Spam Email Campaigns_ben_198 (attempt 1): 5 benign samples (schema-aware: True)
2025-06-17 18:41:22,491 - cyberdata.scripts.generator - INFO - c:\Users\Tianyu Wang\Documents\Notebooks\cyberdata\src\cyberdata\process\synthetic_generator.py:841 - generate_parallel() - Task Phishing and Spam Email Campaigns_ben_191 contributed 5 samples
2025-06-17 18:41:23,263 - cyberdata.scripts.generator - INFO - c:\Users\Tianyu Wang\Documents\Notebooks\cyberdata\src\cyberdata\process\synthetic_generator.py:464 - execute_generation_task() - Task Phishing and Spam Email Campaigns_ben_189 completed: 5 unique samples (0 duplicates filtered) in 12.42s
2025-06-17 18:41:23,263 - cyberdata.scripts.generator - INFO - c:\Users\Tianyu Wang\Documents\Notebooks\cyberdata\src\cyberdata\process\synthetic_generator.py:418 - execute_generation_task() - Executing task Phishing and Spam Email Campaigns_ben_199 (attempt 1): 5 benign samples (schema-aware: True)
2025-06-17 18:41:23,263 - cyberdata.scripts.generator - INFO - c:\Users\Tianyu Wang\Documents\Notebooks\cyberdata\src\cyberdata\process\synthetic_generator.py:841 - generate_parallel() - Task Phishing and Spam Email Campaigns_ben_189 contributed 5 samples
2025-06-17 18:41:23,774 - cyberdata.scripts.generator - INFO - c:\Users\Tianyu Wang\Documents\Notebooks\cyberdata\src\cyberdata\process\synthetic_generator.py:464 - execute_generation_task() - Task Phishing and Spam Email Campaigns_ben_193 completed: 5 unique samples (0 duplicates filtered) in 8.03s
2025-06-17 18:41:23,776 - cyberdata.scripts.generator - INFO - c:\Users\Tianyu Wang\Documents\Notebooks\cyberdata\src\cyberdata\process\synthetic_generator.py:841 - generate_parallel() - Task Phishing and Spam Email Campaigns_ben_193 contributed 5 samples
2025-06-17 18:41:23,984 - cyberdata.scripts.generator - INFO - c:\Users\Tianyu Wang\Documents\Notebooks\cyberdata\src\cyberdata\process\synthetic_generator.py:464 - execute_generation_task() - Task Phishing and Spam Email Campaigns_ben_192 completed: 5 unique samples (0 duplicates filtered) in 8.99s
2025-06-17 18:41:23,985 - cyberdata.scripts.generator - INFO - c:\Users\Tianyu Wang\Documents\Notebooks\cyberdata\src\cyberdata\process\synthetic_generator.py:841 - generate_parallel() - Task Phishing and Spam Email Campaigns_ben_192 contributed 5 samples
2025-06-17 18:41:26,433 - cyberdata.scripts.generator - INFO - c:\Users\Tianyu Wang\Documents\Notebooks\cyberdata\src\cyberdata\process\synthetic_generator.py:464 - execute_generation_task() - Task Phishing and Spam Email Campaigns_ben_194 completed: 5 unique samples (0 duplicates filtered) in 7.89s
2025-06-17 18:41:26,433 - cyberdata.scripts.generator - INFO - c:\Users\Tianyu Wang\Documents\Notebooks\cyberdata\src\cyberdata\process\synthetic_generator.py:841 - generate_parallel() - Task Phishing and Spam Email Campaigns_ben_194 contributed 5 samples
2025-06-17 18:41:31,209 - cyberdata.scripts.generator - INFO - c:\Users\Tianyu Wang\Documents\Notebooks\cyberdata\src\cyberdata\process\synthetic_generator.py:464 - execute_generation_task() - Task Phishing and Spam Email Campaigns_ben_195 completed: 5 unique samples (0 duplicates filtered) in 11.17s
2025-06-17 18:41:31,210 - cyberdata.scripts.generator - INFO - c:\Users\Tianyu Wang\Documents\Notebooks\cyberdata\src\cyberdata\process\synthetic_generator.py:841 - generate_parallel() - Task Phishing and Spam Email Campaigns_ben_195 contributed 5 samples
2025-06-17 18:41:31,409 - cyberdata.scripts.generator - INFO - c:\Users\Tianyu Wang\Documents\Notebooks\cyberdata\src\cyberdata\process\synthetic_generator.py:464 - execute_generation_task() - Task Phishing and Spam Email Campaigns_ben_197 completed: 5 unique samples (0 duplicates filtered) in 9.03s
2025-06-17 18:41:31,410 - cyberdata.scripts.generator - INFO - c:\Users\Tianyu Wang\Documents\Notebooks\cyberdata\src\cyberdata\process\synthetic_generator.py:841 - generate_parallel() - Task Phishing and Spam Email Campaigns_ben_197 contributed 5 samples
2025-06-17 18:41:34,500 - cyberdata.scripts.generator - INFO - c:\Users\Tianyu Wang\Documents\Notebooks\cyberdata\src\cyberdata\process\synthetic_generator.py:464 - execute_generation_task() - Task Phishing and Spam Email Campaigns_ben_199 completed: 5 unique samples (0 duplicates filtered) in 11.24s
2025-06-17 18:41:34,503 - cyberdata.scripts.generator - INFO - c:\Users\Tianyu Wang\Documents\Notebooks\cyberdata\src\cyberdata\process\synthetic_generator.py:841 - generate_parallel() - Task Phishing and Spam Email Campaigns_ben_199 contributed 5 samples
2025-06-17 18:41:34,506 - cyberdata.scripts.generator - INFO - c:\Users\Tianyu Wang\Documents\Notebooks\cyberdata\src\cyberdata\process\synthetic_generator.py:464 - execute_generation_task() - Task Phishing and Spam Email Campaigns_ben_196 completed: 5 unique samples (0 duplicates filtered) in 12.45s
2025-06-17 18:41:34,507 - cyberdata.scripts.generator - INFO - c:\Users\Tianyu Wang\Documents\Notebooks\cyberdata\src\cyberdata\process\synthetic_generator.py:841 - generate_parallel() - Task Phishing and Spam Email Campaigns_ben_196 contributed 5 samples
2025-06-17 18:41:36,212 - cyberdata.scripts.generator - INFO - c:\Users\Tianyu Wang\Documents\Notebooks\cyberdata\src\cyberdata\process\synthetic_generator.py:464 - execute_generation_task() - Task Phishing and Spam Email Campaigns_ben_198 completed: 5 unique samples (0 duplicates filtered) in 13.72s
2025-06-17 18:41:36,215 - cyberdata.scripts.generator - INFO - c:\Users\Tianyu Wang\Documents\Notebooks\cyberdata\src\cyberdata\process\synthetic_generator.py:841 - generate_parallel() - Task Phishing and Spam Email Campaigns_ben_198 contributed 5 samples
2025-06-17 18:41:36,217 - cyberdata.scripts.generator - INFO - c:\Users\Tianyu Wang\Documents\Notebooks\cyberdata\src\cyberdata\process\synthetic_generator.py:853 - generate_parallel() - Parallel generation completed for Phishing and Spam Email Campaigns: 1000 total samples generated in 243.09 seconds
2025-06-17 18:41:36,226 - cyberdata.scripts.generator - INFO - c:\Users\Tianyu Wang\Documents\Notebooks\cyberdata\src\cyberdata\process\synthetic_generator.py:909 - save_samples() - Saved 1000 new samples to C:\Users\Tianyu Wang\Documents\Notebooks\cyberdata\data\large_samples\Social_Engineering\Phishing_and_Spam_Email_Campaigns_large.json
2025-06-17 18:41:36,227 - cyberdata.scripts.generator - INFO - c:\Users\Tianyu Wang\Documents\Notebooks\cyberdata\src\cyberdata\process\synthetic_generator.py:910 - save_samples() - Total samples in file: 1000 (schema preserved: False)
2025-06-17 18:41:36,227 - cyberdata.scripts.generator - INFO - c:\Users\Tianyu Wang\Documents\Notebooks\cyberdata\src\cyberdata\process\synthetic_generator.py:911 - save_samples() - Generation rate: 246.8 samples/minute
2025-06-17 18:41:36,228 - cyberdata.scripts.generator - INFO - c:\Users\Tianyu Wang\Documents\Notebooks\cyberdata\src\cyberdata\process\synthetic_generator.py:1067 - main() - Successfully generated 1000 samples for Phishing and Spam Email Campaigns
2025-06-17 18:41:36,228 - cyberdata.scripts.generator - INFO - c:\Users\Tianyu Wang\Documents\Notebooks\cyberdata\src\cyberdata\process\synthetic_generator.py:1081 - main() - 
============================================================
2025-06-17 18:41:36,229 - cyberdata.scripts.generator - INFO - c:\Users\Tianyu Wang\Documents\Notebooks\cyberdata\src\cyberdata\process\synthetic_generator.py:1082 - main() - GENERATION COMPLETED
2025-06-17 18:41:36,229 - cyberdata.scripts.generator - INFO - c:\Users\Tianyu Wang\Documents\Notebooks\cyberdata\src\cyberdata\process\synthetic_generator.py:1083 - main() - ============================================================
2025-06-17 18:41:36,230 - cyberdata.scripts.generator - INFO - c:\Users\Tianyu Wang\Documents\Notebooks\cyberdata\src\cyberdata\process\synthetic_generator.py:1084 - main() - Problems processed: 1/2
2025-06-17 18:41:36,230 - cyberdata.scripts.generator - INFO - c:\Users\Tianyu Wang\Documents\Notebooks\cyberdata\src\cyberdata\process\synthetic_generator.py:1085 - main() - Schema preserved: 0/1
2025-06-17 18:41:36,230 - cyberdata.scripts.generator - INFO - c:\Users\Tianyu Wang\Documents\Notebooks\cyberdata\src\cyberdata\process\synthetic_generator.py:1086 - main() - Total samples generated: 1000
2025-06-17 18:41:36,230 - cyberdata.scripts.generator - INFO - c:\Users\Tianyu Wang\Documents\Notebooks\cyberdata\src\cyberdata\process\synthetic_generator.py:1087 - main() - Total duplicates filtered: 0
2025-06-17 18:41:36,231 - cyberdata.scripts.generator - INFO - c:\Users\Tianyu Wang\Documents\Notebooks\cyberdata\src\cyberdata\process\synthetic_generator.py:1088 - main() - Total generation time: 569.47 seconds
2025-06-17 18:41:36,231 - cyberdata.scripts.generator - INFO - c:\Users\Tianyu Wang\Documents\Notebooks\cyberdata\src\cyberdata\process\synthetic_generator.py:1092 - main() - Overall generation rate: 105.4 samples/minute
2025-06-17 18:41:36,231 - cyberdata.scripts.generator - INFO - c:\Users\Tianyu Wang\Documents\Notebooks\cyberdata\src\cyberdata\process\synthetic_generator.py:1094 - main() - ============================================================
