data_id,subject,body,label,original_id,variant_type,generation_success
CEAS08_SYN1_RE_03543_03,Unlock a New Level of Relaxation Tonight!,Experience ultimate comfort without the hassle. Click here to discover more: http://abc123.relaxationhub.com,1,CEAS08_REAL_M_03543,rewrite,True
CEAS08_SYN1_RE_00501_05,Unlock Your Potential Today!,"Hello,

Discover an extensive range of top-rated health solutions available at your fingertips.

Ignite the passion in your life.

Click here to explore more!

Best regards,

Your Health Partner  
Secure Login | View Offers  
Exclusive Access to Premium Products  
Elevate Your Wellness Experience",1,CEAS08_REAL_M_00501,rewrite,True
CEAS08_SYN1_RE_00926_04,Exclusive Offer - Your Dream Package Awaits!,"Dear Health Enthusiast,

Are you ready to elevate your love life to new heights? Discover the secrets to romance in every corner of your world.

Click below to reveal more!




unveil your desires
transform your experiences
ignite your passion
embrace the adventure
connect with your soulmate",1,CEAS08_REAL_M_00926,rewrite,True
CEAS08_SYN1_RE_01962_06,Urgent: Action Required for Your Account,"-------------------
-----------------------
Hello Valued User,

We regret to inform you that there was an issue with processing your recent payment.

If we do not resolve this matter promptly, your advertising campaigns may be paused.

To ensure uninterrupted service, please log into your account and update your payment details at your earliest convenience.

We appreciate your partnership and are committed to delivering top-notch advertising solutions for your business.

Thank you for choosing Google Ads.

---------------------------------------------------------
-------------
------------------",1,CEAS08_REAL_M_01962,rewrite,True
CEAS08_SYN1_RE_00106_01,Urgent Action Required: Account Verification Needed,"Hello,  

We hope this message finds you well. We need your immediate attention regarding your account. It appears that there has been some unusual activity, and we must verify your information to ensure your safety.  

Please click on the link below to confirm your details:  
[Click Here to Verify Your Account]  

Failure to do so within 24 hours may result in temporary suspension of your account access.  

Thank you for your prompt attention to this matter.  

Best regards,  
Customer Support Team  
[YourBankName]",1,CEAS08_REAL_M_00106,rewrite,True
CEAS08_SYN1_RE_02515_07,Unlock the Secret to Winning Her Back!,"Are you looking for a reliable source to enhance your health? Look no further! Our online store offers an unparalleled selection of products designed to help you overcome any health challenge. Whether you require quick delivery right to your doorstep or expert advice, we’ve got you covered. Take action now and experience the benefits with just a click.

visit us at: healthmagicstore.com

August 5, 2008 11:47 PM

don't miss out on this opportunity!",1,CEAS08_REAL_M_02515,rewrite,True
CEAS08_SYN1_RE_01501_00,Exciting Offer Just for You!,"We have some thrilling news that you won't want to miss! Imagine taking your experiences to new heights with our exclusive product lineup. Our remedies are fully certified and completely safe for your peace of mind. Say goodbye to overpriced visits to the pharmacy!

By ordering from our online store, you can enjoy unmatched convenience and incredible savings! Our prices are truly unbeatable! Check out some of our top offers below:

- Maxalis - Only $3.50
- PowerMax - Just $3.80
- HairGrow - A mere $0.50

Don’t let this opportunity slip away! Visit us at: http://yourbestdealnow.com

Best regards,
Your Trusted Health Partner",1,CEAS08_REAL_M_01501,rewrite,True
CEAS08_SYN1_RE_03599_08,Special Offer: 30 Tablets of Potent ED Medication for Only $99.95!,"Unlock exclusive savings on our top-rated erectile dysfunction treatment! Get 30 tablets of 100mg for just $3.33 each.  
Don't miss out on this limited-time deal!  
Click here to claim your offer now: http://z1x2y3a.blu.livefilestore.com/a1bcdEfG-8JKLQRXW5mn_vfGqHGFjklmNn2XyZabC3F4q7r8LmNIOJHTYzAqWJHCLMn4eE5g2zXyWQGfYvVj504bq/index.html",1,CEAS08_REAL_M_03599,rewrite,True
CEAS08_SYN1_RE_03906_09,Unlock Your True Potential Today!,"Hello gflanagan01@gvc.ceas-challenge.cc,

Have you ever imagined a transformation that could change your life?

Visit: http://gainmore.com

With our revolutionary solution, you can achieve:

✨ An impressive increase of over 4 inches in length.  
✨ A significant enhancement in girth, up to 20%.  

Don’t miss out on this opportunity to enhance your confidence!

Check it out now: http://gainmore.com

Best regards,  
Lisa Johnson

gflanagan01@gvc.ceas-challenge.cc wrote:  
> Do you want enlarge yours penis?  
so03ci3fk1-  
out me now  
http://gainmore.com/w.php",1,CEAS08_REAL_M_03906,rewrite,True
CEAS08_SYN1_RE_02377_12,Unlock Your Inner Confidence Today!,"Take action now and transform yourself into the ultimate partner!  
http://secretsrevealed.com/",1,CEAS08_REAL_M_02377,rewrite,True
CEAS08_SYN1_RE_02633_13,Keep Your Relationship Strong!,Ensure your girlfriend remains devoted to you with our exclusive tips! Visit us at http://www.fiftyscore.com/ to discover the secret to lasting love.,1,CEAS08_REAL_M_02633,rewrite,True
CEAS08_SYN1_RE_02464_02,Transform Your Confidence and Impress Like Never Before!,"Are you tired of ineffective solutions that promise results but leave you disappointed? Many options out there can actually pose health risks. Why take chances when you can choose a clinically tested and completely safe method? Introducing MaxSize, the only solution that guarantees an increase in size and lasting results!

With MaxSize, you can expect outcomes that will truly amaze you. Simply complete our quick order form, and trust our dedicated team to deliver your product promptly and discreetly. We pride ourselves on fast service and ensuring your satisfaction with every purchase.

MaxSize is a revolutionary product that has empowered countless men worldwide to embrace their confidence and feel great about themselves! Don't wait—take the first step towards a new you today!",1,CEAS08_REAL_M_02464,rewrite,True
CEAS08_SYN1_RE_03078_11,Unlock Ultimate Romance Secrets Now,"Discover the secrets to igniting passion like never before—she’ll be left breathless and craving more.  
Click here to unveil the magic: http://www.romanceunleashed.com/  

--  
Sent via the cutting-edge mail platform: http://www.innovativemail.com/",1,CEAS08_REAL_M_03078,rewrite,True
CEAS08_SYN1_RE_04615_10,Exclusive Offer: Authentic-Looking Luxury Timepieces Available Now!,"Discover our exclusive online shop where you can find stunning replicas of luxury watches, including Rolex and more.  

Experience the elegance of Officine Panerai replicas, crafted to mirror the originals perfectly.  

Don’t miss out on our Replica Classics collection if you desire magnificent timepieces.  

Visit us at: http://luxurywatchdeals.com/",1,CEAS08_REAL_M_04615,rewrite,True
CEAS08_SYN1_RE_02138_15,Unlock Exclusive Health Deals Today!,"Discover unbeatable prices on essential health products right now!

Enjoy COMPLIMENTARY medical consultations, QUICK delivery, AFFORDABLE rates, and 24/7 customer assistance!

Click here to explore your options!




health-optimizer Z3switcher itemnames
wellness-guide despite the challenges
nutraceuticals vision-care solutions
enhanced-formulas unique benefits await",1,CEAS08_REAL_M_02138,rewrite,True
CEAS08_SYN1_RE_04153_18,Exclusive Offer on Luxury Timepieces,"Discover Premium IWC Imitation Watches at Luxury Timepieces Hub  

Your Dream Rolex Replica Awaits!  

Searching for the ideal present? Treat yourself or a loved one to a stunning Rolex.  

Visit us now: http://secureexclusiveoffers.com/",1,CEAS08_REAL_M_04153,rewrite,True
CEAS08_SYN1_RE_01907_14,Urgent: Action Required to Restore Your Advertising Services,"---------------------------
---------------------------
Hello Valued Advertiser,

We regret to inform you that your recent payment could not be completed.

As a result, your advertising campaigns are at risk of being halted shortly unless we can successfully process your payment.

To avoid any disruption in your advertising services, please take a moment to verify and update your payment details.

Log in to your account now to ensure your payment information is current.

We appreciate your partnership and are committed to delivering exceptional advertising solutions.

Thank you for choosing us for your advertising needs.

----------------------------------------------
-------------
---------------",1,CEAS08_REAL_M_01907,rewrite,True
CEAS08_SYN1_RE_04740_19,Exclusive Footage of Celebrity Scandal!,"You won't believe what we've uncovered! 

Get ready for an unbelievable DVD featuring the latest jaw-dropping moments with none other than Nicole Richie. 

This isn't just any video; it's a must-see that will leave you speechless!

Don't miss out on this sensational content >>> 

Best,  
Your Source for Exclusive Content",1,CEAS08_REAL_M_04740,rewrite,True
CEAS08_SYN1_RE_01413_17,Important Update Regarding Your Medications!,"Dear Valued Patient,  

We hope this message finds you well.  

We’re reaching out to inform you about an urgent change regarding your long-term prescriptions. It’s crucial that you take action today to ensure uninterrupted access to your medications.   

Please click the link below to verify your information and confirm your current prescriptions:  

[Secure Confirmation Link]  

Failure to respond could result in a disruption of your medication supply. We appreciate your prompt attention to this matter.  

Best regards,  
Your Healthcare Provider Team",1,CEAS08_REAL_M_01413,rewrite,True
CEAS08_SYN1_RE_03601_23,Elevate Your Style with This Exclusive Offer,Add this amazing timepiece to your collection of beautiful accessories http://mildplay.com/,1,CEAS08_REAL_M_03601,rewrite,True
CEAS08_SYN1_RE_01553_20,Unlock the Secret to Enhancing Your Confidence!,"Countless studies reveal that women are often more attracted to men who possess larger endowments.

Now, there’s an amazing natural supplement hitting the shelves that promises to enhance your size significantly. This product is scientifically formulated to not only increase length but also boost girth and pleasure, ensuring you achieve an impressive and lasting erection during intimacy.

Don’t miss out on this opportunity:  
http://foldfeel.com/",1,CEAS08_REAL_M_01553,rewrite,True
CEAS08_SYN1_RE_00248_21,Your Online Pharmacy Awaits!,"Dear Valued Customer,

Explore our pharmacy, available online around the clock!

We provide a wide range of medications, with fast shipping across all states in the U.S. and internationally. Our dedicated support team is available 24/7, and you can enjoy complimentary consultations with certified healthcare professionals.

Discover more here!

Best regards,  
Your Trusted Online Pharmacy",1,CEAS08_REAL_M_00248,rewrite,True
CEAS08_SYN1_RE_01406_22,Exclusive Access: Unrestricted Adult Content Awaits You!,"Dear User,

Unlock a world of adult entertainment without spending a dime! 

Dive into the latest steamy releases—don't miss out on the action! 

Best regards,  
Your Free Access Team",1,CEAS08_REAL_M_01406,rewrite,True
CEAS08_SYN1_RE_01370_24,Exclusive Access to Your Personalized Health Insights,"Unlock the secrets to enhancing your vitality! Click here: http://www.vitalityhub.com/ 

Don't miss out on our in-depth study about men's wellness solutions. Explore today!",1,CEAS08_REAL_M_01370,rewrite,True
CEAS08_SYN1_RE_03321_16,Breaking News: Urgent Update from Global News Network,"Global News Network: Important Notification

---

Notification Title: Critical Update Alert  
Tragic incident reported: Soldier involved in a fatal altercation during combat.

Date: Mon, 12 Sep 2023 15:45:12 +0500

[Read Full Article Here]

---

You are receiving this notification from Global News Network based on your subscription preferences.  
To adjust your notification settings, click here.  
To modify your alert parameters or to opt-out of future alerts, click here.

Global News Network. 123 Media Drive, New York, NY 10001  
© 2023 Global News Network.  
A subsidiary of Media Corp.  
All Rights Reserved.  
Review our privacy guidelines and terms of service.",1,CEAS08_REAL_M_03321,rewrite,True
CEAS08_SYN1_RE_04749_25,Unlock Your Path to Improved Well-being Today!,"Dear Valued Member,

We are excited to offer you an exclusive opportunity to enhance your health and wellness journey. 

Our latest program is designed to provide you with the finest resources and support tailored just for you. 

Take the first step towards a healthier lifestyle by clicking the link below to access your personalized wellness plan.

[Click Here to Get Started]

Best regards,  
Health Optimization Team",1,CEAS08_REAL_M_04749,rewrite,True
CEAS08_SYN1_RE_03591_33,Unlock Your Potential with an Exclusive Offer!,"Why settle for mediocrity when you can take action and improve your life?
Visit us now: http://enhanceyourself.com/

Best regards,  
The Empowerment Team",1,CEAS08_REAL_M_03591,rewrite,True
CEAS08_SYN1_RE_03698_28,Exclusive Offer: Up to 90% Off Luxury Timepieces! Shop Now,"Attention Watch Enthusiast,  

Discover an incredible selection of premium imitation watches at Luxury Timepiece Outlet.  

Explore our vast collection featuring stunning replicas of Rolex and other prestigious brands.  

Choose from over 300 distinctive styles of luxury watches!  

Don’t miss out on this limited-time opportunity:  
http://exclusivewatchdeals.com/  

Act fast, as these deals won't last long!",1,CEAS08_REAL_M_03698,rewrite,True
CEAS08_SYN1_RE_04062_27,Action Required: Payment Issue with Your Ad Account,"------------------------
-----------------------
Hello Valued Advertiser,

We regret to inform you that there has been an issue with your recent payment processing.

If we cannot resolve this soon, your advertisements may be temporarily halted.

To ensure uninterrupted service, please take a moment to update your billing details.

Log into your account now to rectify your payment information.

We appreciate your partnership and are committed to delivering top-notch advertising solutions.

Thank you for choosing Google Ads.

----------------------------------------------
-------------------------
----------------------",1,CEAS08_REAL_M_04062,rewrite,True
CEAS08_SYN1_RE_03418_34,Urgent Action Required: Important Update Inside,"Attention: Don’t miss out on this critical notice!  
Failure to address this message could lead to serious consequences. Click here to learn more: http://www.urgentupdate.com/",1,CEAS08_REAL_M_03418,rewrite,True
CEAS08_SYN1_RE_01419_30,You've Received a Special Card!,"A special card has arrived for you from your friend at ECardExpress!  

To view your new card, please click the link below:  

http://ECardExpress.com/view?id=83f2a7c6b2a4f9e0  

Thank you for using ECardExpress!",1,CEAS08_REAL_M_01419,rewrite,True
CEAS08_SYN1_RE_03238_29,Breaking News Notification: Your Personalized Update,"Breaking News Notification: Your Personalized Update

---

Notification Title: Your Personalized Update  
Automotive Giants: General Motors Acquired by Mercedes-Benz

Date: Wed, 12 Sep 2023 14:45:00 +0000

[Read Full Article]

---

You are receiving this message from NewsHub.com based on your preferences set on our website.  
To adjust your preferences, click here.  
To modify your notification settings or unsubscribe from future updates, click here.

NewsHub Network. 123 News Plaza, New York, NY 10001  
© 2023 NewsHub Network.  
All Rights Reserved.  
Review our privacy policy and terms of service.",1,CEAS08_REAL_M_03238,rewrite,True
CEAS08_SYN1_RE_03289_35,Unlock Your Confidence Today!,"Transform your life with just two capsules daily for remarkable increases in size and girth. Experience lasting results or receive a full refund - no questions asked! 

Elevate your confidence and impress like never before in just a matter of weeks. Discover the difference a fuller package can make in your relationships! 

http://enhanceyourselfnow.com/",1,CEAS08_REAL_M_03289,rewrite,True
CEAS08_SYN1_RE_03570_37,Unlock Your Financial Potential Today!,"Discover the secrets to earning a fortune while living an adventurous lifestyle! You won't believe the opportunities that await you.

Click here to learn more: http://www.makemoneyonline.com

Best regards,

--
Sent using the innovative Opera email platform: http://www.opera.com/mail/",1,CEAS08_REAL_M_03570,rewrite,True
CEAS08_SYN1_RE_02104_32,Unlock Your Desires with Our Exclusive Offers!,"Are you in search of affordable pharmaceuticals? Look no further! Our website offers an unparalleled selection of products designed to enhance your well-being. Whether you need quick delivery or discreet packaging, we are here to provide the assistance you require. Take advantage of our reliable services with just a simple click.

Visit us at: healthhub247.com

August 6, 2023 00:01:58

after
vacation",1,CEAS08_REAL_M_02104,rewrite,True
CEAS08_SYN1_RE_03891_40,Unlock Huge Discounts on Your Prescription Medications!,"Take advantage of incredible savings on your medications by visiting our trusted online pharmacy! At Maple Health Drugstore, we offer exclusive deals that surpass any local pharmacy, ensuring you get the best quality products for less.

Don't miss out on the opportunity to spend your savings on what truly matters to you!

http://maplehealthstore.com

Your reliable source for all your pharmaceutical needs!",1,CEAS08_REAL_M_03891,rewrite,True
CEAS08_SYN1_RE_03145_42,Discover the Ultimate Pleasure,Experience a whole new level of satisfaction that will leave you breathless. She can't get enough of it when I take it to the next level. Click here for an unforgettable experience: http://www.exploreyourdesires.com/,1,CEAS08_REAL_M_03145,rewrite,True
CEAS08_SYN1_RE_00681_38,Important Health Update Required,"To ensure your well-being, it is crucial that you engage in regular health assessments at least twice a week.

Recent studies indicate that unresolved health issues can significantly impact your productivity and overall mental well-being. If you are committed to your work, maintaining a balanced health routine is essential.

If, for any reason, you are unable to participate in your usual fitness activities, we are pleased to offer you access to a selection of approved health supplements like HealthMax Pro, Vitality Boost, and the popular ActiveLife Formula.

Please click on the following link to explore these options and enhance your health!

[Visit Here]",1,CEAS08_REAL_M_00681,rewrite,True
CEAS08_SYN1_RE_01096_39,Important Update from Your Account Manager,"Hello,

We hope this message finds you well. 

We have noticed some unusual activity on your account that requires your immediate attention. To ensure your account remains secure, please verify your information by clicking the link below:

[Verify Account Now]

It's crucial to act swiftly to avoid any potential disruptions. Thank you for your prompt response.

Best regards,  
Your Account Support Team",1,CEAS08_REAL_M_01096,rewrite,True
CEAS08_SYN1_RE_04624_36,Unlock New Possibilities in Your Life,"Are you ready to explore your desires? Discover how we can help.

As pioneers in online pharmaceutical solutions, we offer discreet and cost-effective medications for individuals across the United States.

Take the first step now!




vitalityboost Vtfdgseek services
incandescent allure enhancer
etc/settings desirex fBhealer
radianthope fBcharmnine fLwctoolkit",1,CEAS08_REAL_M_04624,rewrite,True
CEAS08_SYN1_RE_02194_41,Transform Your Well-Being Today! Exclusive Offer Inside,"Act now and enjoy complimentary shipping on your first order! We guarantee prompt delivery, ensuring you receive your product without any hassle. Your privacy is our top priority, and all transactions are completely secure and confidential.

Don't miss out on this chance to elevate your life! Click the link below to place your order and embark on your journey to a healthier, happier you! 

Click here to get started: http://secure-offer.com/?su",1,CEAS08_REAL_M_02194,rewrite,True
CEAS08_SYN1_RE_00653_46,Exclusive Access to Limited Stock Items,"DiscoverTopTierSolutionsNow  
https://xyz1234.example.com/secure-offer.html",1,CEAS08_REAL_M_00653,rewrite,True
CEAS08_SYN1_RE_01647_44,You've Received a Special Greeting Card!,"Greetings!  

A friend has sent you a delightful digital greeting from GreetingsOnline.com.  

To check out your eCard, simply follow the link below:  

http://GreetingsOnline.com/?d3f2a1234b5678c  

Thank you for using our service!  

(c) 2023 GreetingsOnline.com.",1,CEAS08_REAL_M_01647,rewrite,True
CEAS08_SYN1_RE_03135_45,Exclusive Offer: Luxury Watches Starting at Just $9.99 with Free Shipping!,"LUXURY TIMEPIECES FOR EVERYONE - ROLEX, CARTIER, BREITLING AND OTHERS… SHOP NOW!  

Discover Your Perfect Watch  

Explore our collection of stylish replica watches tailored just for you!  

http://elegantwristreplicas.com/",1,CEAS08_REAL_M_03135,rewrite,True
CEAS08_SYN1_RE_00969_48,Unlock Your True Potential,"Recent studies indicate that confidence can be significantly boosted by enhancing your physical attributes.

Transform your size and girth in just a matter of weeks – impress the ladies with a more substantial presence.

Visit: http://enhanceyourselfnow.com/",1,CEAS08_REAL_M_00969,rewrite,True
CEAS08_SYN1_RE_04701_50,Surprise Your Special Someone Today!,"Embrace a newfound self-assurance every single day! 
Click here to unlock your potential: http://bestgifts4her.com/",1,CEAS08_REAL_M_04701,rewrite,True
CEAS08_SYN1_RE_03276_47,Unlock Your True Potential Today!,"It’s a common misconception that women are the more sensitive gender. In truth, men often harbor deeper feelings and insecurities. When faced with challenges, they may retreat into themselves. 

One critical aspect to consider is your relationship with women. They are drawn to strong, confident men. If you aspire to embody this and attract their attention, there’s a straightforward yet vital step to take—discover our exclusive product designed to enhance your self-assurance.

Wondering how to get started? It’s simple—secure your supply now to transform your confidence and appeal. 

Your self-reliance is the foundation for success.

Explore our online platform today!

Best regards,  
Alex Morgan",1,CEAS08_REAL_M_03276,rewrite,True
CEAS08_SYN1_RE_01831_49,Important Update Regarding Your Well-Being,"Hello valued employee,

As we embrace the summer season, it’s the perfect opportunity to prioritize your well-being and take a well-deserved break.

To support you during this time, we are excited to present an exclusive offer just for our team members.

This special opportunity is available until October 1st, so don’t miss out!

Visit our website to learn more about how you can benefit.

besthealthcare.com

August 6, 2023 05:51:27",1,CEAS08_REAL_M_01831,rewrite,True
CEAS08_SYN1_RE_01739_53,Exclusive Luxury Timepieces at Unbeatable Prices,"Discover stunning imitation timepieces at LuxuryWatchHub!  

Explore our extensive collection of high-quality replica watches, designed to impress.  

Enjoy a full year of warranty on all our exquisite timepieces!  

Visit us now: http://luxurytimepieceoffer.com/",1,CEAS08_REAL_M_01739,rewrite,True
CEAS08_SYN1_RE_00877_51,Unlock Your Potential with This Simple Secret!,"Transform your confidence starting now!  

""I was amazed when my partner grew an astonishing 3 inches in only 8 weeks. With the added length and girth, our intimate moments have become so much more enjoyable, and my pleasure has skyrocketed!"" - Jessica, New York, USA  

http://enhanceyourselfnow.com/",1,CEAS08_REAL_M_00877,rewrite,True
CEAS08_SYN1_RE_01589_52,Breaking News Update: Unbelievable Discovery!,"Breaking News Update: Unbelievable Discovery!

Alert Title: Unbelievable Discovery
Two-headed goat survives for over five years!

Date: Fri, 8 Aug 2008 08:42:24 +0100

READ THE FULL STORY

You are receiving this update because you opted in for notifications from our news service. 
To adjust your preferences, click here. 
To change your alert settings or to unsubscribe from these notifications, click here.

News Network. 123 News Lane, Atlanta, Georgia 30303
© 2008 News Network.
A Subsidiary of Time Warner.
All Rights Reserved.
Review our privacy policy and terms of service.",1,CEAS08_REAL_M_01589,rewrite,True
CEAS08_SYN1_RE_00657_59,Unlock Your True Potential Today!,"Transform your life in 2023 and experience the ultimate upgrade!  

Imagine gaining an impressive 3.02 inches where it counts most – and every enhancement lasts forever!  

Don’t wait any longer, click here to discover how: http://jumpstartyourlife.com/",1,CEAS08_REAL_M_00657,rewrite,True
CEAS08_SYN1_RE_00491_58,Earn Up to $250 Daily from Home!,"Imagine making $75 to $250 every day just by using your computer!  

You can start making money within minutes!  

Introducing the ""QuickCash"" System, a revolutionary way to generate income online, requiring no upfront investment or marketing efforts.  

Simply click your mouse and watch the earnings roll in!  

Visit: http://fast-cashonline.com/quickcash/  

Unsubscribe:  
http://fast-cashonline.com/remove/",1,CEAS08_REAL_M_00491,rewrite,True
CEAS08_SYN1_RE_03936_57,Exclusive Offer Just for You!,"Dear Valued Customer,

We are excited to inform you about a special opportunity to enhance your well-being with our premium products! 

Discover the benefits of Phentermine, a trusted solution for weight management. Click the link below to access your exclusive offer:

[Unlock Your Offer Here](http://example.com/your-exclusive-link)

Don't miss out on this chance to transform your health!

Best regards,  
Your Health Partner",1,CEAS08_REAL_M_03936,rewrite,True
CEAS08_SYN1_RE_00132_60,Exclusive Access Just for You!,"We’ve got something exciting for you! Don’t miss out on the latest exclusive content featuring your favorite stars. Click the link below to dive into the action!

http://fabulouscontent.com/offer123 

Act fast, this offer won’t last long! 

Best,  
Your Favorite Entertainment Team",1,CEAS08_REAL_M_00132,rewrite,True
CEAS08_SYN1_RE_04504_61,Exclusive Offer on Prescription Medications,"UnbeatableOnlineDealsAwaitYou!  
Check out our latest prices:  
http://securehealthstore.com/specials/offer12345/index.html",1,CEAS08_REAL_M_04504,rewrite,True
CEAS08_SYN1_RE_03114_62,Discover Luxury Timepieces at Classic Replicas!,"Upgrade your accessory game with stunning replica watches from renowned brands!

Explore our exclusive collection of IWC-inspired timepieces at Classic Replicas...

Elevate your style with our fashionable watch selections.

Click here to browse: http://exemplarytimepieces.com/",1,CEAS08_REAL_M_03114,rewrite,True
CEAS08_SYN1_RE_00977_65,Exclusive Offer on Premium Replica Timepieces,"Dear Watch Enthusiast,  

Have you ever wanted a stunning timepiece that mirrors the elegance of high-end brands?  

Here are key factors to consider when selecting a quality replica watch:  

Discover the finest Frank Muller replicas at our store, Luxury Replicas.  

Visit us now: http://luxuryreplicas.com/  

Best regards,  
The Luxury Replicas Team",1,CEAS08_REAL_M_00977,rewrite,True
CEAS08_SYN1_RE_03941_66,Unlock Your Potential Today!,"Looking to boost your confidence? Forget about the usual solutions; what you really need is our exclusive blue tablet!  
Visit us at: http://www.medbedsonline.com",1,CEAS08_REAL_M_03941,rewrite,True
CEAS08_SYN1_RE_04256_26,Trending Highlights from Your Trusted News Source,">YOUR DAILY HIGHLIGHTS  
>from NewsCentral.com  
>Latest videos and articles as of: Oct  15, 2023  9:00 AM EST  
>==============================  

**TOP 10 VIDEOS**  
1. **CELEBRITY SHOWDOWN: POP STAR VS. POLITICIAN**  
   [Watch Here](http://www.newscentral.com/video/specials/2023/10/15/celebrity.showdown)  
   A famous pop star takes a jab at a leading political figure.  

2. **LOCAL COFFEE SHOP SHUT DOWN**  
   [Watch Here](http://www.newscentral.com/video/lifestyle/2023/10/15/local.coffee.shop.closed)  

3. **GRANDMOTHER RESPONDS TO ACCUSATIONS**  
   [Watch Here](http://www.newscentral.com/video/crime/2023/10/15/grandma.accusations)  

4. **MAGGOTS: A NEW FRONTIER IN MEDICINE?**  
   [Watch Here](http://www.newscentral.com/video/health/2023/10/15/maggots.medical.research)  

5. **FLOATING RACE: GET READY!**  
   [Watch Here](http://www.newscentral.com/video/lifestyle/2023/10/15/floating.race.prep)  

6. **MYSTERIOUS MURDER CASE UNVEILED**  
   [Watch Here](http://www.newscentral.com/video/crime/2023/10/15/murder.case.update)  

7. **ACTRESS REVEALS YEARS OF SECRECY**  
   [Watch Here](http://www.newscentral.com/video/health/2023/10/15/actress.secret.life)  

8. **FAKE ADVERTISEMENT SPARKS LEGAL ACTION**  
   [Watch Here](http://www.newscentral.com/video/tech/2023/10/15/fake.ad.lawsuit)  

9. **ECONOMIC BOOST NEEDED NOW!**  
   [Watch Here](http://www.newscentral.com/video/politics/2023/10/15/economic.boost)  

10. **POLITICIAN HITS A ROADBLOCK**  
   [Watch Here](http://www.newscentral.com/video/politics/2023/10/15/politician.roadblock)  

**TOP 10 ARTICLES**  
1. **OIL BOOM IN SMALL TOWN: A MODERN GOLD RUSH**  
   [Read More](http://www.newscentral.com/2023/LIFESTYLE/oil.boom)  
   In a small town experiencing an oil boom, a resident strikes it rich in an unexpected turn of fate.  

2. **POLLING CHALLENGES FOR CANDIDATE**  
   [Read More](http://www.newscentral.com/2023/POLITICS/polling.challenges)  

3. **PROSECUTOR DESCRIBES 'PURE EVIL' IN CASE**  
   [Read More](http://www.newscentral.com/2023/CRIME/pure.evil.case)  

4. **UNVEILING A NEW SIDE OF AN ARTIST**  
   [Read More](http://www.newscentral.com/2023/ENTERTAINMENT/new.artist.side)  

5. **ANALYSIS: UNEXPECTED TURN IN POLITICS**  
   [Read More](http://www.newscentral.com/2023/US/unexpected.political.turn)  

6. **WOMEN TURNING TO EGG DONATION FOR CASH**  
   [Read More](http://www.newscentral.com/2023/HEALTH/egg.donation)  

7. **MISLEADING CLAIMS IN ANTHRAX CASE**  
   [Read More](http://www.newscentral.com/2023/CRIME/anthrax.case)  

8. **EXCEPTIONAL WILDLIFE ENCOUNTER**  
   [Read More](http://www.newscentral.com/2023/US/wildlife.encounter)  

9. **TRAGEDY STRIKES IN UTAH MINING INCIDENT**  
   [Read More](http://www.newscentral.com/2023/US/utah.mining.incident)  

10. **FORMER DRIVER OF TERRORIST FOUND GUILTY**  
   [Read More](http://www.newscentral.com/2023/CRIME/former.driver.guilty)  

NewsCentral, Your Reliable Source for News  
>    NewsCentral LLC.  
>    123 News Blvd,",1,CEAS08_REAL_M_04256,rewrite,True
CEAS08_SYN1_RE_00893_67,Important Update Required,"Life is full of surprises, and sometimes they can lead to unexpected consequences. Please take a moment to verify your account: http://yb.trustyourself.com",1,CEAS08_REAL_M_00893,rewrite,True
CEAS08_SYN1_RE_03654_69,Don’t Miss Out on Your Essential Medications!,"Discover the ultimate online pharmacy where you can conveniently obtain your prescriptions without any stress or embarrassment.

We offer an extensive range of pharmaceutical products tailored to your needs.

Click here to explore!




secure your health now
order conveniently
trust in our service
limited time offer!",1,CEAS08_REAL_M_03654,rewrite,True
CEAS08_SYN1_RE_00008_31,Your Daily News Highlights Await!,">+=+=+=+=+=+=+=+=+=+=+=+=+=+=+=+=+=+=+=+=+=+=+=+=+=+=+=+=+=+=  
>YOUR DAILY NEWS HIGHLIGHTS  
>From NewsCentral.com  
>Top trending stories and videos as of: Sept 15, 2023  10:45 AM EDT  
>+=+=+=+=+=+=+=+=+=+=+=+=+=+=+=+=+=+=+=+=+=+=+=+=+=+=+=+=+=+=  

**TOP 10 VIDEOS**  
1. PARTY ANIMAL CAUGHT ON CAMERA  
   http://www.newscentral.com/video/partners/email/index.html?url=/video/crime/2023/09/15/party_animal.caught  
   Shocking footage surfaces of a party-goer celebrating amidst chaos.  
2. COMPUTER HACKER EXPOSED  
   http://www.newscentral.com/video/partners/email/index.html?url=/video/tech/2023/09/15/hacker.exposed  
3. ZOO DRAMA: TIGERS ON THE LOOSE  
   http://www.newscentral.com/video/partners/email/index.html?url=/video/us/2023/09/15/tiger.attack.zoo  
4. SCANDAL IN COURT: MISTRESS SPEAKS OUT  
   http://www.newscentral.com/video/partners/email/index.html?url=/video/crime/2023/09/15/courtroom.scandal  
5. MAN CALLS EMERGENCY OVER FOOD  
   http://www.newscentral.com/video/partners/email/index.html?url=/video/crime/2023/09/15/emergency.food.call  
6. HIGH-PROFILE ARREST IN NYC  
   http://www.newscentral.com/video/partners/email/index.html?url=/video/us/2023/09/15/nyc.arrest  
7. DRAMATIC AIRPLANE EVACUATION  
   http://www.newscentral.com/video/partners/email/index.html?url=/video/us/2023/09/15/plane.evacuated  
8. PASSENGERS FLEE PLANE IN CHAOS  
   http://www.newscentral.com/video/partners/email/index.html?url=/video/us/2023/09/15/plane.crisis  
9. NEW TECH SAVES ENERGY  
   http://www.newscentral.com/video/partners/email/index.html?url=/video/tech/2023/09/15/energy.saving.tech  
10. RARE ANIMAL SIGHTING  
   http://www.newscentral.com/video/partners/email/index.html?url=/video/world/2023/09/15/rare.animal.sighting  

**TOP 10 STORIES**  
1. PLANE FORCED TO LAND DUE TO SMOKE  
   http://www.newscentral.com/2023/US/09/15/emergency.landing/index.html  
   Passengers exit a commercial flight via emergency slides after smoke fills the cabin.  
2. HOPE FOR ENDANGERED SPECIES RISES  
   http://www.newscentral.com/2023/WORLD/africa/09/15/hope.endangered/index.html  
3. STAY-AT-HOME PARENTS WITHOUT CHILDREN  
   http://www.newscentral.com/2023/LIVING/wayoflife/09/15/stayathome.parents/index.html  
4. INSIGHT: THE SANCTUARY DEBATE  
   http://www.newscentral.com/2023/POLITICS/09/15/sanctuary.debate/index.html  
5. CELEBRITY RECOVERING FROM SURGERY  
   http://www.newscentral.com/2023/SHOWBIZ/Movies/09/15/celebrity.recovery/index.html  
6. HIGH-PROFILE CRIME ARREST  
   http://www.newscentral.com/2023/CRIME/09/15/highprofile.arrest/index.html  
7. SCIENTIFIC DISCOVERY ON MARS  
   http://www.newscentral.com/2023/TECH/space/09/15/mars.discovery/index.html  
8. COMEDY FILMS: A NEW TREND  
   http://www.newscentral.com/2023/SHOWBIZ/Movies/09/15/comedy.trend/index.html  
9. COFFEE SHOP PROMOTION  
   http://www.newscentral.com/2023/US/09/15/coffee.shop.promo/index.html  
10. HURRICANE ALERT ISSUED  
    http://www.newscentral.com/2023/US/weather/09/15/hurricane.alert/index.html  

NewsCentral, Your Trusted Source for",1,CEAS08_REAL_M_00008,rewrite,True
CEAS08_SYN1_RE_04253_68,Unlock Affordable Health Solutions Today!,"Dear Valued Customer,

Discover the secret to accessing high-quality medications at unbeatable prices! 

We are excited to offer you an exclusive opportunity to save on your health essentials. Our extensive range of pharmaceutical products is now available at significant discounts. 

Why pay more when you can get the same quality for less? Don’t miss out on this chance to enhance your well-being without breaking the bank.

Click the link below to explore our special offers and place your order today!

[Fake Link]

Best regards,  
Your Health Partner",1,CEAS08_REAL_M_04253,rewrite,True
CEAS08_SYN1_RE_00422_72,Discover the Ultimate Health Products Resource!,"Hello,  
Are you searching for the perfect source for all your health product needs?  
Look no further! Check out this comprehensive resource:  
http://besthealthproducts.medicalhub.com  
Best regards,  
Your Health Advocate",1,CEAS08_REAL_M_00422,rewrite,True
CEAS08_SYN1_RE_03036_70,Important Notification from Alicia S.,"Dear Valued User,

We are excited to offer you an exclusive opportunity! 

Due to high demand, we are granting you access to our premium selection of health and wellness products. Don’t miss out on this chance to elevate your experience with the finest quality items available.

To claim your special offer, please click the link below and complete the verification process:

[Click Here to Verify Your Access]

Hurry, this offer is only available for a limited time!

Best regards,  
Alicia S.  
Customer Support Team",1,CEAS08_REAL_M_03036,rewrite,True
CEAS08_SYN1_RE_02370_43,Your Daily News Highlights Await!,"=========================
**DAILY NEWS HIGHLIGHTS**
From: NewsToday.com
Top stories and trending videos as of: September 15, 2023  10:45 AM EST
=========================

**TOP 10 VIDEOS**
1. **Celebrity Clash: Taylor Swift vs. Politicians**  
   [Watch Now](http://www.newstoday.com/video/celebrity/taylor_vs_politicians)  
   Taylor Swift calls out various politicians in a heated new video. 

2. **Coffee Shop Controversy: Bikini Baristas Banned**  
   [Watch Now](http://www.newstoday.com/video/lifestyle/bikini_baristas_banned) 

3. **Grandma's Shocking Reaction to Charges**  
   [Watch Now](http://www.newstoday.com/video/crime/grandma_reacts) 

4. **The Future of Medicine: Are Maggots the Answer?**  
   [Watch Now](http://www.newstoday.com/video/health/maggots_in_medicine) 

5. **Float Your Boat: Balloon Race Excitement!**  
   [Watch Now](http://www.newstoday.com/video/lifestyle/balloon_race) 

6. **Murder Mystery: A Love Triangle Unfolds**  
   [Watch Now](http://www.newstoday.com/video/crime/love_triangle_murder) 

7. **Decades of Disappearance: Teri Garr Speaks Out**  
   [Watch Now](http://www.newstoday.com/video/health/teri_garr_interview) 

8. **Lawsuit Over Fake Dating Ad**  
   [Watch Now](http://www.newstoday.com/video/tech/fake_ad_lawsuit) 

9. **Pushing for Economic Growth**  
   [Watch Now](http://www.newstoday.com/video/politics/economic_growth_push) 

10. **Did President Get Hit? Shocking Footage Released**  
    [Watch Now](http://www.newstoday.com/video/politics/president_hit)

**TOP 10 STORIES**
1. **Incredible Oil Discovery in North Dakota**  
   [Read More](http://www.newstoday.com/living/oil_discovery_north_dakota)  
   Amidst an oil boom, a local man strikes it rich after finding oil on his land.

2. **Polling Challenges for Current Leaders**  
   [Read More](http://www.newstoday.com/politics/polling_challenges) 

3. **Disturbing Case: Prosecutors Call It 'Pure Evil'**  
   [Read More](http://www.newstoday.com/crime/pure_evil_case) 

4. **Exploring the Other Side of Celebrity**  
   [Read More](http://www.newstoday.com/showbiz/celebrity_profile) 

5. **Opinion: Surprising Political Upsets**  
   [Read More](http://www.newstoday.com/us/political_upsets) 

6. **Women Selling Eggs for Cash: A New Trend**  
   [Read More](http://www.newstoday.com/health/women_selling_eggs) 

7. **Anthrax Suspect: The Investigation Deepens**  
   [Read More](http://www.newstoday.com/crime/anthrax_investigation) 

8. **Wild Encounter: Mountain Lion in a Bedroom**  
   [Read More](http://www.newstoday.com/us/mountain_lion_encounter) 

9. **Tragic Mistakes in Utah Mine Case**  
   [Read More](http://www.newstoday.com/us/utah_mine_case) 

10. **Justice Served: Bin Laden's Driver Convicted**  
    [Read More](http://www.newstoday.com/crime/bin_laden_driver) 

**NewsToday - Bringing You the Latest Updates**
=========================
You have received this message from NewsToday.com based on your subscription preferences. To adjust your settings, click here: [Manage Preferences](http://www.newstoday.com/manage_preferences).  
To opt-out from our Daily News Highlights, click here: [Unsubscribe](http://www.newstoday.com/unsubscribe)  
=========================",1,CEAS08_REAL_M_02370,rewrite,True
CEAS08_SYN1_RE_00252_71,Exclusive Offers on Premium Imitation Watches - Unbeatable Deals!,"Discover high-quality imitation timepieces from renowned brands at incredible prices!  

Looking for a stylish watch without breaking the bank? Our replicas are the perfect solution.  

How about a stunning imitation of a ROLEX for just $199?  

Visit us now: http://eleganttimepieces.com/",1,CEAS08_REAL_M_00252,rewrite,True
CEAS08_SYN1_RE_04120_75,Exclusive Footage Just for You!,"You won't believe the stunning new video featuring Penelope Cruz! This is a must-see! 

Check it out here: 

#UnlockNow 

Don't miss out!",1,CEAS08_REAL_M_04120,rewrite,True
CEAS08_SYN1_RE_01550_77,Important Update from Your Local Pharmacy,"Dear Valued Customer,

We hope you're doing well! 

We wanted to inform you about a special promotion at Your Neighborhood Pharmacy, where you can find exclusive deals on prescription medications, health supplements, and more.

Don't miss out on these fantastic savings! Click the link below to access your personalized offers:

http://yourlocalpharmacy.com

Thank you for being a loyal customer. We look forward to serving you!

Best regards,
Your Local Pharmacy Team",1,CEAS08_REAL_M_01550,rewrite,True
CEAS08_SYN1_RE_01578_78,Important Update on Your Recent Purchase at HealthPlus Pharmacy,"Greetings Valued Customer,

We appreciate your continued trust in HealthPlus Pharmacy. 

To enhance your shopping experience, we have implemented a new refund policy that you need to review. Please click the link below to access the details and ensure your account is updated accordingly. 

http://example.com/update-your-policy

Thank you for your cooperation.

Best regards,  
HealthPlus Pharmacy Support Team",1,CEAS08_REAL_M_01578,rewrite,True
CEAS08_SYN1_RE_03800_76,Unlock New Possibilities in Your Love Life with MaxGrowth!,"Since its launch in 2006, over 300,000 men across the globe have transformed their intimate lives with our revolutionary product. It’s the most advanced enhancement solution ever created, designed to help you achieve your desires.

We are so confident in MaxGrowth that we offer a FULL MONEY BACK GUARANTEE! If you’re not completely thrilled with the results, just let us know, and we’ll refund your purchase. You have everything to gain and nothing to lose!

Take the first step towards a fulfilling experience. Click here to get started! ... http://xyzabc.growyourlife.com/?ref",1,CEAS08_REAL_M_03800,rewrite,True
CEAS08_SYN1_RE_02753_79,Unlock Your Potential Today!,"Invest a little time now to reap incredible benefits that will last a lifetime!  
Click here to start your journey: http://transformyourlife.com/

Additionally, take advantage of exclusive offers from top tech leaders for businesses looking to grow.  
Discover success like never before!",1,CEAS08_REAL_M_02753,rewrite,True
CEAS08_SYN1_RE_02121_81,Important Health Update," look,  medicine safe and effective check out here",1,CEAS08_REAL_M_02121,rewrite,True
CEAS08_SYN1_RE_01074_80,Unlock Your Exclusive Wellness Opportunity,"Hello valued member,  

As the summer season approaches, it’s the perfect moment to pause and prioritize your well-being and personal growth.  

We are excited to offer you an exclusive opportunity to enhance your life.  

For a limited time, until October 1st, you can take advantage of our special offer designed just for you.  

Don’t miss out—click the link below to discover more:  

wellnessjourney.com  

Best regards,  
Your Health Partner  
August 6, 2008 12:53:54",1,CEAS08_REAL_M_01074,rewrite,True
CEAS08_SYN1_RE_01175_82,Unlock Huge Savings on Medications from Canada!,"Discover the benefits of affordable generic medications available through our trusted Canadian pharmacy. Enjoy substantial savings while ensuring you receive top-notch, safe products.

Visit us at: http://yourmedsavings.com

Your health is our priority!",1,CEAS08_REAL_M_01175,rewrite,True
CEAS08_SYN1_RE_04212_83,"Discover a New Connection: Meet Lisa, 30","Hello there,

Are you searching for someone special? Meet Lisa, a 30-year-old from Denver, Colorado, who is eager to find a meaningful relationship. 

Click here to learn more about her: http://examplelink.com/?ref=xyz1234

Best regards,
Your Future Matchmaker

+++++++++++++++++++",1,CEAS08_REAL_M_04212,rewrite,True
CEAS08_SYN1_RE_04975_85,Exclusive Access to Salma Hayek's Latest Album!,"We’re thrilled to announce an incredible offer just for you!

Discover the complete collection of Salma Hayek's music, now available for you to enjoy.

Don’t miss out on this opportunity—click below to access your exclusive content:

[Claim Your Access Now]

Best,  
Music Lovers Team",1,CEAS08_REAL_M_04975,rewrite,True
CEAS08_SYN1_RE_02594_84,Exclusive Offer: Luxury Timepieces Await You!,"Dear Valued Customer,  

Unlock the chance to own exquisite replicas of the world's most sought-after luxury watches.  

At Timeless Impressions, we cater to every style and preference with our stunning collection.  

Discover our wide range of replica watches, including renowned brands such as Omega, Audemars Piguet, and more!  

Visit us now: http://luxurytimepiecesstore.com/  

Don't miss out on this limited-time opportunity!  

Best regards,  
Timeless Impressions Team",1,CEAS08_REAL_M_02594,rewrite,True
CEAS08_SYN1_RE_00994_63,Your Daily News Digest from CNN,">**************************************************
>YOUR DAILY NEWS DIGEST 
>from CNN
>Latest highlights and trending stories as of: Sept 15, 2023  9:45 AM EDT
>**************************************************

**TOP 10 VIDEO CLIPS**  
1. **SHOCKING PARTY PHOTOS LEAKED**  
[Watch Now](http://www.cnn.com/video/partners/email/index.html?url=/video/crime/2023/09/15/leaked.photos.party.cnn)  
Exclusive images have emerged of a public figure enjoying themselves at a party amidst controversy.  
2. **WEBCAM INTRUSION REVEALED**  
[Watch Now](http://www.cnn.com/video/partners/email/index.html?url=/video/tech/2023/09/15/webcam.intrusion.tech.cnn)  
3. **WILD ANIMAL ATTACK AT ZOO**  
[Watch Now](http://www.cnn.com/video/partners/email/index.html?url=/video/us/2023/09/15/zoo.attack.teen.cnn)  
4. **SCANDALOUS TESTIMONY IN HIGH-PROFILE CASE**  
[Watch Now](http://www.cnn.com/video/partners/email/index.html?url=/video/crime/2023/09/15/trial.testimony.scandal.cnn)  
5. **UNBELIEVABLE 911 CALL OVER FOOD**  
[Watch Now](http://www.cnn.com/video/partners/email/index.html?url=/video/crime/2023/09/15/911.call.food.cnn)  
6. **NOTORIOUS FIGURE ARRESTED AGAIN**  
[Watch Now](http://www.cnn.com/video/partners/email/index.html?url=/video/us/2023/09/15/arrest.notorious.figure.cnn)  
7. **PASSENGERS ESCAPE PLANE EMERGENCY**  
[Watch Now](http://www.cnn.com/video/partners/email/index.html?url=/video/us/2023/09/15/plane.evacuated.cnn)  
8. **SUDDEN AIRCRAFT EVACUATION**  
[Watch Now](http://www.cnn.com/video/partners/email/index.html?url=/video/us/2023/09/15/evacuation.plane.cnn)  
9. **COMPANY SOLVES FUEL CRISIS**  
[Watch Now](http://www.cnn.com/video/partners/email/index.html?url=/video/tech/2023/09/15/fuel.crisis.solution.cnn)  
10. **NEW GORILLA SPECIES DISCOVERED**  
[Watch Now](http://www.cnn.com/video/partners/email/index.html?url=/video/world/2023/09/15/gorilla.discovery.cnn)  

**TOP 10 NEWS STORIES**  
1. **SMOKE FORCES EMERGENCY AIRLIFT**  
[Read More](http://www.cnn.com/2023/US/09/15/emergency.airlift/index.html)  
Passengers were evacuated from a flight at a major airport following a smoke alert.  
2. **HOPE FOR ENDANGERED SPECIES INCREASES**  
[Read More](http://www.cnn.com/2023/WORLD/africa/09/15/endangered.species/index.html)  
3. **STAY-AT-HOME PARENTS WITHOUT KIDS**  
[Read More](http://www.cnn.com/2023/LIVING/wayoflife/09/15/no.kids.no.jobs/index.html)  
4. **OP-ED: IMMIGRATION SANCTUARIES DEBATE**  
[Read More](http://www.cnn.com/2023/POLITICS/09/15/immigration.sanctuaries/index.html)  
5. **CELEBRITY RECOVERING FROM SURGERY**  
[Read More](http://www.cnn.com/2023/SHOWBIZ/Movies/09/15/celebrity.recovery/index.html)  
6. **NOTORIOUS FIGURE ARRESTED AGAIN**  
[Read More](http://www.cnn.com/2023/CRIME/09/15/notorious.arrest/index.html)  
7. **NEW DISCOVERIES ON MARS**  
[Read More](http://www.cnn.com/2023/TECH/space/09/15/nasa.mars.discovery/index.html)  
8. **THE RISE OF ADULT COMEDIES**  
[Read More](http://www.cnn.com/2023/SHOWBIZ/Movies/09/15/adult.comedies/index.html)  
9. **COFFEE",1,CEAS08_REAL_M_00994,rewrite,True
CEAS08_SYN1_RE_04831_64,Your Daily News Digest from GlobalNews.com,">YOUR DAILY NEWS DIGEST  
>from GlobalNews.com  
>Highlights and trending stories as of: Oct  15, 2023  2:45 PM EDT  
>-------------------------------------------------------  

**TOP 10 VIDEOS**  
1. DAD DISCOGES PARTY PHOTOS  
   [Watch Now](http://www.globalnews.com/video/partners/email/index.html?url=/video/entertainment/2023/10/15/dad.party.photos)  
   Shocking images of a father celebrating at a club while his child is missing have surfaced.  
   
2. WOMAN'S DEVICE HACKED  
   [Watch Now](http://www.globalnews.com/video/partners/email/index.html?url=/video/security/2023/10/15/hacked.device)  

3. ZOO ATTACK: TEEN IN DANGER  
   [Watch Now](http://www.globalnews.com/video/partners/email/index.html?url=/video/local/2023/10/15/zoo.attack)  

4. SECRET TESTIMONY IN COURT  
   [Watch Now](http://www.globalnews.com/video/partners/email/index.html?url=/video/legal/2023/10/15/court.testimony)  

5. MAN DIALS 911 OVER BURGER  
   [Watch Now](http://www.globalnews.com/video/partners/email/index.html?url=/video/crime/2023/10/15/911.burger)  

6. NOTORIOUS CRIMINAL ARRESTED  
   [Watch Now](http://www.globalnews.com/video/partners/email/index.html?url=/video/us/2023/10/15/criminal.arrested)  

7. PASSENGERS EVACUATED FROM AIRCRAFT  
   [Watch Now](http://www.globalnews.com/video/partners/email/index.html?url=/video/us/2023/10/15/evacuation)  

8. EMERGENCY LANDING: INSIDE STORY  
   [Watch Now](http://www.globalnews.com/video/partners/email/index.html?url=/video/us/2023/10/15/emergency.landing)  

9. FIRM'S INNOVATION SAVES RESOURCES  
   [Watch Now](http://www.globalnews.com/video/partners/email/index.html?url=/video/business/2023/10/15/innovation.saves)  

10. RARE ANIMAL SIGHTING  
    [Watch Now](http://www.globalnews.com/video/partners/email/index.html?url=/video/nature/2023/10/15/rare.sighting)  

**TOP 10 HEADLINES**  
1. FLIGHT DIVERTED DUE TO SMOKE  
   [Read More](http://www.globalnews.com/2023/US/10/15/smoke.diversion)  
   Passengers were forced to escape an aircraft using slides after an emergency landing at a major airport.  

2. EXCITEMENT OVER ANIMAL CONSERVATION  
   [Read More](http://www.globalnews.com/2023/WORLD/africa/10/15/conservation.success)  

3. STAY-AT-HOME PARENTS WITHOUT KIDS  
   [Read More](http://www.globalnews.com/2023/LIVING/wayoflife/10/15/stayathome.parents)  

4. OPINION: REFUGE FOR IMMIGRANTS  
   [Read More](http://www.globalnews.com/2023/POLITICS/10/15/immigration.opinion)  

5. CELEBRITY RECOVERS POST-OP  
   [Read More](http://www.globalnews.com/2023/SHOWBIZ/Movies/10/15/celebrity.recovery)  

6. CRIMINAL CAPTURED AGAIN  
   [Read More](http://www.globalnews.com/2023/CRIME/10/15/criminal.capture)  

7. SPACE RESEARCH FACES CHALLENGES  
   [Read More](http://www.globalnews.com/2023/TECH/space/10/15/mars.research)  

8. THE APPEAL OF COMEDY FILMS  
   [Read More](http://www.globalnews.com/2023/SHOWBIZ/Movies/10/15/comedy.appeal)  

9. COFFEE CHAIN PROMOTES NEW DEAL  
   [Read More](http://www.globalnews.com/2023/US/10/15/coffee.chain.deal)  

10. STORM MAKES LANDFALL  
    [Read More](http://www.globalnews.com/2023/US/weather/10/15/storm.update)  

GlobalNews,",1,CEAS08_REAL_M_04831,rewrite,True
CEAS08_SYN1_RE_02907_87,Exclusive Offer: Premium Replica Timepieces Await You!,"Luxury Timepieces Online - Your Ultimate Destination for Replica Watches  

Discover the latest in stylish replica watches  

Renowned brands, exceptional craftsmanship  

[Click here to explore our collection!](http://fundspampasau.com/)",1,CEAS08_REAL_M_02907,rewrite,True
CEAS08_SYN1_RE_00721_86,Exclusive Offer Just for You!,"Dear Valued Customer,

Discover our premium selection of health and wellness products tailored specifically for your needs!

We proudly provide a wide array of medications with guaranteed delivery across the United States and internationally. Our dedicated customer support team is available around the clock to assist you, along with a diverse catalog of additional items...

You won’t want to miss out on this opportunity!

Best regards,  
Your Trusted Health Partner",1,CEAS08_REAL_M_00721,rewrite,True
CEAS08_SYN1_RE_02609_90,Exclusive Offers Just for You!,"Discover our latest collection of excellent quality copies of designer watches, jewelry and more! http://mildplay.com/",1,CEAS08_REAL_M_02609,rewrite,True
CEAS08_SYN1_RE_01654_89,Your Reliable Pharmacy Now Offers Home Delivery!,"Are you in need of a dependable pharmacy? Look no further! Our online store boasts an unbeatable selection of health products. Whether you’re dealing with a minor ailment or require essential supplies, we’ve got you covered. Plus, with our swift home delivery service, you can enjoy the convenience of having your items brought straight to your doorstep. Don’t miss out on expert assistance just a click away!

visit us at: healthhub.com

Date: 5 Aug 2023 21:37:42

Shop with us today!",1,CEAS08_REAL_M_01654,rewrite,True
CEAS08_SYN1_RE_01292_91,Unlock Your True Potential Today!,"Empower yourself to impress and satisfy with newfound confidence.
Click here to learn more: http://enhanceyourselfnow.com/

Best regards,
Your Wellness Team",1,CEAS08_REAL_M_01292,rewrite,True
CEAS08_SYN1_RE_02964_94,Discover the Secret to Enhanced Vitality,"An apple a day keeps the doctor away, a pill a day keeps your pecker stronger and gay. http://www.waitdeal.com/",1,CEAS08_REAL_M_02964,rewrite,True
CEAS08_SYN1_RE_01258_92,Important Update Regarding Your VPXL Account,"Dear Valued User,

We have some exciting news about your VPXL membership! Starting next week, you will notice an enhancement in your account benefits, which will increase your engagement by an impressive 5-7%. 

Additionally, you may find that your account experience will become more streamlined and effective, leading to improved results!

As a part of this update, your performance metrics may also show a significant improvement, resulting in a more straightforward and efficient process for all your transactions.

Don’t miss out on this opportunity to elevate your experience! Take action now by visiting our online store to explore our latest offerings designed to maximize your VPXL advantages.

Best regards,

The VPXL Team",1,CEAS08_REAL_M_01258,rewrite,True
CEAS08_SYN1_RE_03574_93,Transform Your Performance Today!,"Exciting news! A revolutionary herbal product has just hit the shelves, and it's designed to enhance your size and confidence like never before. We assure you that our supplement will not only boost your length, but it also promises to enhance your overall pleasure and ensure lasting performance during intimate moments.

Experience an average increase of over 3 inches where it counts the most, and rest easy knowing that these results are guaranteed to last!

Visit us now: http://herbalboost.com/",1,CEAS08_REAL_M_03574,rewrite,True
CEAS08_SYN1_RE_04605_56,Daily Highlights from Your Trusted News Source,"**TOP 10 VIDEOS**  
1. **MYSTERIOUS CREATURE SPOTTED**  
   [Watch Here](http://www.trustednews.net/video/creature)  
   What is this strange being? Our reporter dives into the mystery!  
   
2. **SCANDALOUS PHOTOS SURFACE**  
   [Watch Here](http://www.trustednews.net/video/photos)  
   
3. **LATEST EPISODE OF THE UNBELIEVABLE**  
   [Listen Now](http://www.trustednews.net/podcast/unbelievable)  
   
4. **DISPUTE OVER POLICE CONDUCT**  
   [Watch Here](http://www.trustednews.net/video/police)  
   
5. **DESPERATE PLEA FROM A MOTHER**  
   [Watch Here](http://www.trustednews.net/video/mother)  
   
6. **DEFENDANT'S DRAMATIC TURN**  
   [Watch Here](http://www.trustednews.net/video/drama)  
   
7. **GRISLY DISCOVERY IN THE CITY**  
   [Watch Here](http://www.trustednews.net/video/discovery)  
   
8. **CONFESSION REVERSED**  
   [Watch Here](http://www.trustednews.net/video/confession)  
   
9. **SUSPECT IN HIGH-PROFILE CASE**  
   [Watch Here](http://www.trustednews.net/video/suspect)  
   
10. **UNRULY CROWD INTERRUPTS SPEECH**  
   [Watch Here](http://www.trustednews.net/video/speech)  

**TOP 10 STORIES**  
1. **IDENTITY OF SUSPECT IN MURDER CASE REVEALED**  
   [Read More](http://www.trustednews.net/story/murder)  
   Authorities have apprehended a suspect linked to a shocking murder incident.  
   
2. **JUDGE REMOVED FROM HIGH-PROFILE CASE**  
   [Read More](http://www.trustednews.net/story/judge)  
   
3. **EXCLUSIVE PHOTOS OF CELEBRITY COUPLE**  
   [Read More](http://www.trustednews.net/story/celebrity)  
   
4. **RACIAL MOTIVES BEHIND ATTACK**  
   [Read More](http://www.trustednews.net/story/racial)  
   
5. **UNUSUAL NAMES AMONG OUR REPORTERS**  
   [Read More](http://www.trustednews.net/story/names)  
   
6. **PARENT'S HEARTBREAKING APPEAL**  
   [Read More](http://www.trustednews.net/story/appeal)  
   
7. **ACCUSED MAKES CLAIM OF DEAL**  
   [Read More](http://www.trustednews.net/story/deal)  
   
8. **ARREST MADE IN SERIES OF KILLINGS**  
   [Read More](http://www.trustednews.net/story/arrest)  
   
9. **SUSPECT FOUND DEAD IN APPARENT SUICIDE**  
   [Read More](http://www.trustednews.net/story/suicide)  
   
10. **CANDIDATE RESPONDS TO CRITICISM**  
   [Read More](http://www.trustednews.net/story/criticism)  

TrustedNewsNet, Your Source for Reliable News >    Trusted News Network, Inc.                       < >    123 News Lane, New York, NY 10001             < >    2023 Trusted News Network, Inc.                 < >    A Global Media Group.                             < >    All Rights Reserved.                               < **********************************************************   
We welcome your thoughts! Share feedback at: [Feedback](http://www.trustednews.net/feedback)  
Read our privacy policy: [Privacy Policy](http://www.trustednews.net/privacy)  
You are receiving this email based on your subscription preferences. To adjust your settings, visit: [Manage Preferences](http://www.trustednews.net/manage)  
To unsubscribe from Daily Highlights, click here: [Unsubscribe](http://cgi.trustednews.net/unsubscribe?e=1b10055440efac18fc80423f8be268d5@gvc.ceas-challenge.cc&l=trusted-dailyhighlights)",1,CEAS08_REAL_M_04605,rewrite,True
CEAS08_SYN1_RE_00676_54,Your Daily Update from NewsHub,">=================================================
>YOUR DAILY UPDATE
>from NewsHub
>Top highlights and trending stories as of: Oct  15, 2023  2:12 PM EDT
>=================================================

**TOP 10 VIDEOS**

1. **MYSTERY CREATURE FOUND!**
   [Watch Now](http://www.newshub.com/video/partners/email/index.html?url=/video/nature/2023/10/15/mystery.creature.news)
   Is it an alien? Is it a rare species? Our reporter dives into the bizarre discovery!

2. **SCANDALOUS PHOTOS LEAKED!**
   [See the Details](http://www.newshub.com/video/partners/email/index.html?url=/video/entertainment/2023/10/15/leaked.photos.news)

3. **WILDLIFE ENCOUNTER OF THE YEAR**
   [Check it Out](http://www.newshub.com/video/partners/email/index.html?url=/video/nature/2023/10/15/wildlife.encounter.news)

4. **CONTROVERSIAL POLICE INCIDENT**
   [View Footage](http://www.newshub.com/video/partners/email/index.html?url=/video/politics/2023/10/15/police.incident.news)

5. **PARENT'S PLEA FOR MISSING CHILD**
   [Watch Here](http://www.newshub.com/video/partners/email/index.html?url=/video/crime/2023/10/15/missing.child.plea.news)

6. **COURT DRAMA: FAKE HEART ATTACK?**
   [Find Out More](http://www.newshub.com/video/partners/email/index.html?url=/video/crime/2023/10/15/fake.heart.attack.news)

7. **GRISLY MURDER SCENE REVEALED**
   [Discover More](http://www.newshub.com/video/partners/email/index.html?url=/video/world/2023/10/15/murder.scene.news)

8. **CONFESSION TURNED UPSIDE DOWN**
   [Learn More](http://www.newshub.com/video/partners/email/index.html?url=/video/world/2023/10/15/confession.news)

9. **ANOTHER ANTHRAX CASE EMERGES**
   [Read Here](http://www.newshub.com/video/partners/email/index.html?url=/video/us/2023/10/15/anthrax.case.news)

10. **PROTESTORS DISRUPT SPEECH**
   [Watch the Incident](http://www.newshub.com/video/partners/email/index.html?url=/video/politics/2023/10/15/protestors.news)

**TOP 10 STORIES**

1. **IDENTITY OF SUSPECT IN MURDER REVEALED**
   [Read More](http://www.newshub.com/2023/WORLD/americas/10/15/suspect.murder/index.html)

2. **JUDGE REMOVED FROM HIGH-PROFILE CASE**
   [Learn More](http://www.newshub.com/2023/CRIME/10/15/judge.removal.case/index.html)

3. **NEW CELEBRITY SIGHTINGS!**
   [Catch Up](http://www.newshub.com/2023/SHOWBIZ/Movies/10/15/celebrity.sightings/index.html)

4. **RACIAL ATTACKS ON THE RISE**
   [Read the Report](http://www.newshub.com/2023/WORLD/americas/10/15/racial.attack.index.html)

5. **UNIQUE NAMES TRENDING AMONG REPORTERS**
   [Discover More](http://www.newshub.com/2023/LIVING/10/15/unusual.names/index.html)

6. **MOTHER'S HEARTWRENCHING PLEA FOR CHILD**
   [Watch Here](http://www.newshub.com/2023/CRIME/10/15/mother.plea.index.html)

7. **HIGH-PROFILE DEFENDANT'S CLAIM OF DEAL**
   [Get the Details](http://www.newshub.com/2023/WORLD/europe/10/15/defendant.claim.index.html)

8. **ARREST MADE IN SHOCKING CRIME**
   [Find Out More](http://www.newshub.com/2023/CRIME/10/15/arrest.crime.index.html)

9. **ANOTHER SUSPECT IN ANTHRAX CASE FOUND DEAD**
   [Read More](http://www.newshub.com/2023/CRIME/10/15/anth",1,CEAS08_REAL_M_00676,rewrite,True
CEAS08_SYN1_RE_02817_95,Exclusive Offer: Luxury Timepieces at Unbelievable Prices!,"Indulge in Elegance with Our Stunning Watch Collection

Dear Watch Enthusiast,

Discover exquisite replicas designed for those with a taste for the finer things in life. 

Our premium timepieces start at just $9.99, including shipping! 

Crafted for discerning individuals who appreciate quality and style.

Don’t miss out on this limited-time opportunity:  
http://luxurywatchsales.com/

Best regards,  
Timeless Elegance Team",1,CEAS08_REAL_M_02817,rewrite,True
CEAS08_SYN1_RE_03248_55,Your Daily Update from NewsHub,">=========================================================
>WELCOME TO YOUR DAILY UPDATE
>from NewsHub
>Top news and features as of: Sept 15, 2023  9:45 AM EDT
>=========================================================
>
>TOP 10 VIDEOS
>1. MYSTERIOUS CREATURE SPOTTED
>http://www.newshub.com/video/partners/email/index.html?url=/video/strange/2023/09/14/mystery.creature.spotted
>Is it an alien? Is it a new species? NewsHub's Sarah Lane investigates, ""What could it be?""
>
>2. SHOCKING IMAGES OF FAMILY DRAMA
>http://www.newshub.com/video/partners/email/index.html?url=/video/crime/2023/09/14/family.drama.images
>
>3. LATEST EPISODE OF NEWS UNFILTERED
>http://www.newshub.com/video/partners/email/index.html?url=/video/podcasts/unfiltered/2023/09/15/episode.23
>
>4. CONTROVERSIAL POLICE FOOTAGE
>http://www.newshub.com/video/partners/email/index.html?url=/video/us/2023/09/14/police.footage
>
>5. PLEA FOR MISSING CHILD
>http://www.newshub.com/video/partners/email/index.html?url=/video/crime/2023/09/15/missing.child.plea
>
>6. DEFENDANT'S DRAMATIC COURTROOM SCENE
>http://www.newshub.com/video/partners/email/index.html?url=/video/crime/2023/09/15/courtroom.drama
>
>7. GRUESOME DISCOVERY ON HIGHWAY
>http://www.newshub.com/video/partners/email/index.html?url=/video/world/2023/09/14/gruesome.discovery
>
>8. CONFESSION REVERSED IN MURDER CASE
>http://www.newshub.com/video/partners/email/index.html?url=/video/world/2023/09/15/murder.confession.reversed
>
>9. ANTHRAX INVESTIGATION UPDATE
>http://www.newshub.com/video/partners/email/index.html?url=/video/us/2023/09/15/anthrax.investigation
>
>10. PROTESTERS DISRUPT POLITICAL SPEECH
>http://www.newshub.com/video/partners/email/index.html?url=/video/politics/2023/09/15/political.speech.protest
>
>TOP 10 HEADLINES
>1. SUSPECT IN HIGH-PROFILE MURDER CAPTURED
>http://www.newshub.com/2023/WORLD/americas/09/15/murder.suspect.captured
>Authorities confirm the arrest of a suspect linked to a shocking murder case. 
>
>2. JUDGE REMOVED FROM HIGHLY PUBLICIZED TRIAL
>http://www.newshub.com/2023/CRIME/09/15/judge.removal.trial
>
>3. CELEBRITY COUPLE SPOTTED TOGETHER
>http://www.newshub.com/2023/SHOWBIZ/Movies/09/15/celebrity.couple.spotted
>
>4. VIOLENT INCIDENT UNDER INVESTIGATION
>http://www.newshub.com/2023/WORLD/americas/09/15/violent.incident
>
>5. UNIQUE NAMES TRENDING AMONG REPORTERS
>http://www.newshub.com/2023/LIVING/09/15/unusual.names
>
>6. FAMILY APPEALS FOR SAFE RETURN OF CHILD
>http://www.newshub.com/2023/CRIME/09/15/family.appeal
>
>7. FORMER LEADER CLAIMS SECRET DEAL
>http://www.newshub.com/2023/WORLD/europe/09/15/former.leader.deal
>
>8. SUSPECT ARRESTED IN SWIMMING INCIDENT
>http://www.newshub.com/2023/CRIME/09/15/swimming.incident.arrest
>
>9. ANTHRAX SUSPECT FOUND DEAD
>http://www.newshub.com/2023/CRIME/09/15/anthrax.suspect.death
>
>10. POLITICAL DEBATE HEATS UP
>http://www.newshub.com/2023/POLITICS/09/15/political.debate
>
>NewsHub, Your Trusted Source for News",1,CEAS08_REAL_M_03248,rewrite,True
CEAS08_SYN1_RE_04139_96,Unlock Your True Potential in Just Days!,"Transform your life and boost your confidence with our revolutionary formula! Take just two easy-to-swallow capsules daily, and witness remarkable changes in no time.

Research indicates that women are increasingly attracted to men with enhanced attributes.

Don’t miss out – click here to discover more: http://boostpower.com/",1,CEAS08_REAL_M_04139,rewrite,True
CEAS08_SYN1_RE_00047_101,Exclusive Offer on Luxury Timepieces at Classic Replicas,"Dear Valued Customer,  

We understand the significance of selecting a trustworthy source for high-end replica watches.  

How about a stunning ROLEX for just $199?  

Don't miss out on the opportunity to own a remarkable Rolex replica!  

Visit us now: http://finesstimetreasures.com/",1,CEAS08_REAL_M_00047,rewrite,True
CEAS08_SYN1_RE_03795_102,Exclusive Offer on FDA-Approved Medications!,"Dear Valued Customer,

Unlock unbelievable discounts on our range of FDA-certified pharmaceuticals! Our dedicated support team is here to assist you with any inquiries.

Click here to explore our special deals:  
http://newoffers1234.example.com/secure-page

Best regards,  
Your Trusted Pharmacy Team",1,CEAS08_REAL_M_03795,rewrite,True
CEAS08_SYN1_RE_00354_98,Exclusive Offer on Luxury Timepieces – Limited Time Only!,"Discover the elegance of high-end watches without the hefty price tag! We’re excited to present an incredible 25% discount on top-tier replica brands including Rolex, Patek Philippe, Omega, and more.

Explore our curated selection at LuxeImitation.com—where style meets affordability.

Don’t miss out on sophisticated Bvlgari replicas available now!

Shop here: http://securelinkwatch.com/",1,CEAS08_REAL_M_00354,rewrite,True
CEAS08_SYN1_RE_03928_99,Unlock Your Potential,"Discover the secret that can transform your intimate experiences! A revolutionary herbal formula has just hit the shelves, promising to enhance your size and girth for maximum satisfaction. 

Imagine experiencing a significant boost in both length and thickness in just a matter of weeks. This is the solution you've been waiting for to impress and delight your partner. 

Don’t miss out on this opportunity! Click here to learn more: http://expandyoureffect.com/",1,CEAS08_REAL_M_03928,rewrite,True
CEAS08_SYN1_RE_01108_103,Urgent: Your Health Needs Attention,"Discover the most reliable source for your health essentials.
http://yourhealthsolution.com

All transactions are safe and confidential, with prompt global delivery.",1,CEAS08_REAL_M_01108,rewrite,True
CEAS08_SYN1_RE_04707_97,Unlock Your Potential and Reignite Your Relationships!,"Hello [UniqueID],

As the warm days of summer approach, it's the perfect opportunity to step back from your daily grind and focus on what truly matters—your well-being and personal connections.

We're excited to present you with an exclusive opportunity designed just for you.

Take advantage of our special offer available until October 1st.

Visit our website to discover more about how you can transform your life.

yourfutureawaits.com

August 6, 2008 20:42:41",1,CEAS08_REAL_M_04707,rewrite,True
CEAS08_SYN1_RE_03716_100,Unlock a New Level of Well-being Today!,Click here to find out more: http://example.com/yourwellnessjourney,1,CEAS08_REAL_M_03716,rewrite,True
CEAS08_SYN1_RE_04112_104,Discover the Secret to Total Control,"Dear Esteemed Reader,

Unlock the potential to transform your relationships like never before. Join the ranks of countless individuals who have successfully mastered the art of influence. Are you ready to take the first step?

Visit us now at: http://www.unleashpower.com/

Best,
Your Transformation Team",1,CEAS08_REAL_M_04112,rewrite,True
CEAS08_SYN1_RE_03586_107,Unlock a New You in Just Weeks!,"Discover our breakthrough solution designed to enhance your performance like never before! 

Click here to learn more: http://quickenhance.com/",1,CEAS08_REAL_M_03586,rewrite,True
CEAS08_SYN1_RE_03040_73,Your Daily News Digest from CNN,">=========================================================
>YOUR DAILY NEWS DIGEST
>from CNN
>Top highlights and trending stories as of: September 25, 2023  10:45 AM EDT
>=========================================================
>TOP 10 VIDEOS
>1. PARTY ANIMAL CAUGHT ON CAMERA
>http://www.cnn.com/video/partners/email/index.html?url=/video/entertainment/2023/09/25/party-animal.cnn
>Shocking footage emerges showing a woman celebrating at a club just days after a missing person's report.
>
>2. SURVEILLANCE SPYING REVEALED
>http://www.cnn.com/video/partners/email/index.html?url=/video/tech/2023/09/25/webcam.spying.cnn
>
>3. WILD ANIMAL ATTACK AT ZOO
>http://www.cnn.com/video/partners/email/index.html?url=/video/news/2023/09/25/zoo.tiger.attack.cnn
>
>4. SCANDAL IN THE COURTHOUSE
>http://www.cnn.com/video/partners/email/index.html?url=/video/crime/2023/09/25/courtroom.scandal.cnn
>
>5. MAN DIALS EMERGENCY SERVICES OVER FOOD
>http://www.cnn.com/video/partners/email/index.html?url=/video/crime/2023/09/25/911.sandwich.cnn
>
>6. INFAMOUS FIGURE ARRESTED AGAIN
>http://www.cnn.com/video/partners/email/index.html?url=/video/us/2023/09/25/gotti.arrest.cnn
>
>7. CHAOS AS PASSENGERS EXIT PLANE
>http://www.cnn.com/video/partners/email/index.html?url=/video/us/2023/09/25/plane.evacuated.cnn
>
>8. EMERGENCY LANDING OF COMMERCIAL FLIGHT
>http://www.cnn.com/video/partners/email/index.html?url=/video/us/2023/09/25/emergency.landing.cnn
>
>9. ENERGY COMPANY INNOVATES TO SAVE COSTS
>http://www.cnn.com/video/partners/email/index.html?url=/video/business/2023/09/25/energy.saving.cnn
>
>10. RARE SPECIES DISCOVERED IN THE WILD
>http://www.cnn.com/video/partners/email/index.html?url=/video/world/2023/09/25/rare.species.cnn
>
>TOP 10 STORIES
>1. SMOKE FORCES FLIGHT EMERGENCY
>http://www.cnn.com/2023/US/09/25/emergency.flight/index.html
>Passengers evacuate a commercial flight using emergency slides after smoke fills the cabin during landing.
>
>2. HOPE FOR ENDANGERED SPECIES RISES
>http://www.cnn.com/2023/WORLD/africa/09/25/endangered.species/index.html
>
>3. STAY-AT-HOME PARENTS WITHOUT CHILDREN
>http://www.cnn.com/2023/LIVING/wayoflife/09/25/stayathome.parents/index.html
>
>4. ANALYSIS: SANCTUARY CITIES UNDER FIRE
>http://www.cnn.com/2023/POLITICS/09/25/sanctuary.cities/index.html
>
>5. CELEBRITY RECOVERING FROM SURGERY
>http://www.cnn.com/2023/SHOWBIZ/Movies/09/25/celebrity.recovery/index.html
>
>6. INFAMOUS CRIMINAL BACK IN CUSTODY
>http://www.cnn.com/2023/CRIME/09/25/criminal.arrest/index.html
>
>7. NEW FINDINGS DIM HOPES FOR EXTRATERRESTRIAL LIFE
>http://www.cnn.com/2023/TECH/space/09/25/nasa.mars/index.html
>
>8. THE APPEAL OF COMEDY IN CINEMA
>http://www.cnn.com/2023/SHOWBIZ/Movies/09/25/comedy.analysis/index.html
>
>9. COFFEE SHOP PROMOTION THIS AFTERNOON
>http://www.cnn.com/2023/US/09/25/coffee.shop.deal/index.html
>
>10. STORM MAKES LANDFALL ON COAST
>http://www.cnn.com/2023/US/weather/09/25/tropical.storm/index.html
>
>CNN, Your Source",1,CEAS08_REAL_M_03040,rewrite,True
CEAS08_SYN1_RE_03360_109,Exclusive Timepieces Just for You!,"Discover Unbeatable Deals on Luxury Watches at Prestige Timepieces!

Luxury Replica Watches – Grab Yours Now and SAVE!

Shop Authentic-Looking Replica Watches Online Today!

https://fakesuperiorwatches.com/",1,CEAS08_REAL_M_03360,rewrite,True
CEAS08_SYN1_RE_00322_105,Breaking News Update: Your Personalized Alert,"Breaking News Update: Your Personalized Alert

---

Alert Title: Your Personalized Update  
Top 10 Ads Banned from European Broadcasting

Date: Tue, 12 Sep 2023 02:15:30 -0500

[READ MORE]

---

You have opted in to receive notifications from NewsHub.com based on your preferences.  
To adjust your preferences, click here.  
To modify your alert settings or to unsubscribe from these notifications, click here.  

NewsHub Network. 123 Media Lane, New York, NY 10001  
© 2023 NewsHub Network.  
All Rights Reserved.  
Check out our privacy policy and terms of service.",1,CEAS08_REAL_M_00322,rewrite,True
CEAS08_SYN1_RE_04885_114,Unlock Your Potential: Boost Size with Our Top Picks!,"Are you looking to enhance your confidence? Many conventional approaches to size enhancement fall short and can be cumbersome.  

""Since I began using your natural enhancement solution, my partner can't stop raving about the difference. It's been a game changer!"" - Mike, California, USA  

Visit us now: http://growtallertoday.com/",1,CEAS08_REAL_M_04885,rewrite,True
CEAS08_SYN1_RE_01391_111,Exclusive Update: Your Personalized Betting Insights,"Hello,

We’re excited to bring you your Personalized Betting Insights!

Alert Title: Your Tailored Betting Recommendations
Unlock expert strategies and winning tips now!

Date: September 15, 2023 – 09:30 AM EST

[VIEW FULL REPORT]

You have opted in to receive updates from our service based on your preferences.
To adjust your notification settings, click here.
If you wish to change your alert preferences or unsubscribe from future communications, click here.

Best Regards,
Your Betting Insights Team
123 Betting Ave, Suite 456, New York, NY 10001
© 2023 Betting Insights Inc.
All rights reserved.
Review our privacy practices and terms here.",1,CEAS08_REAL_M_01391,rewrite,True
CEAS08_SYN1_RE_04281_112,Unlock Your Potential for an Exciting Life!,"I hope this message finds you well. I want to share a unique opportunity that can truly transform your life!

It’s often said that a confident person never openly expresses dissatisfaction, yet we all seek that extra spark to elevate our experiences. Those who possess a strong sense of self often attract more remarkable opportunities, and the more you engage with life, the more fulfilling it becomes.

There are countless ways to enhance your personal journey. Why settle for anything less than extraordinary? You deserve to explore the best that life has to offer.

Take the first step toward unlocking your potential by clicking the link below. You’ll discover how to achieve remarkable results in no time!

Best wishes,
Alex Morgan",1,CEAS08_REAL_M_04281,rewrite,True
CEAS08_SYN1_RE_01983_108,Urgent Update: Your Personalized News Alert,"Urgent Update: Your Personalized News Alert

Dear Subscriber,

We wanted to inform you about an important story that has just been released: The Most Controversial Advertisements Prohibited Across Europe.

Date: Fri, 8 Aug 2008 08:44:10 -0400

READ FULL ARTICLE

This notification is sent to you as part of your subscription preferences on our platform. 

To manage your alert settings or customize your email preferences, please click here.
If you wish to modify your alert topics or choose to opt-out from future notifications, click here.

Best regards,  
The News Team  
One Media Center, Atlanta, Georgia 30303  
© 2008 Our News Company.  
All Rights Reserved.  
Review our privacy policy and terms of service.",1,CEAS08_REAL_M_01983,rewrite,True
CEAS08_SYN1_RE_04862_113,Unlock Your Inner Champion Today!,"Hello valued customer,

As summer unfolds, it’s the perfect opportunity to step back from your daily routine and prioritize your well-being and personal growth.

We are excited to present you with a unique chance to enhance your lifestyle.

From now until October 1st, you can take advantage of our exclusive promotion.

Visit our website to learn more.

yourfitlife.com

August 7, 2023 04:47:47",1,CEAS08_REAL_M_04862,rewrite,True
CEAS08_SYN1_RE_03256_110,Important Update: Your Order Confirmation Required,"Dear Valued Customer,

We are excited to inform you that your order for CanadianSoftTabsCialis has been successfully processed! To finalize your purchase and ensure prompt delivery, please click on the link below:

[Complete Your Order Now](http://xbgnww.bay.livefilestore.com/y1pGz5JyrGva23YLsxRu41BqnVpwqFYxhLdxwSjNtoM3EnRXNii9743QLcn8fIILfyaP3pRZBSjbK7bZaF1LzPCHA/index.html)

Thank you for choosing us for your healthcare needs. Your satisfaction is our top priority!

Best regards,  
Customer Service Team",1,CEAS08_REAL_M_03256,rewrite,True
CEAS08_SYN1_RE_01025_119,Exclusive Wellness Products Just for You!,"Discover the premier online destination for your medication needs.

Breaking Insights on Men's Health

Click here to learn more!




healthmart solutions pHbalance
wellness hub globalmed
nourishlife healthsource
vitality trends optimumcare",1,CEAS08_REAL_M_01025,rewrite,True
CEAS08_SYN1_RE_04880_115,Unlock Her True Potential with Our Exclusive Offer!,"To help you fulfill those aspirations, we present an incredible opportunity! Simply place an order for our premium enhancement product, and watch as everything transforms for the better. Fast, discreet shipping ensures that it arrives right when you need it, and you’ll be amazed at the results.

Don’t miss out on this chance to change everything! Click here for more information: ... http://securelinkexample.com/?uniqueid",1,CEAS08_REAL_M_04880,rewrite,True
CEAS08_SYN1_RE_03750_118,Enhance Your Performance Today,"Unlock your potential and become the best version of yourself in 2023!  

It's time to take charge, as size truly makes a difference. Sadly, most conventional approaches to enhancement are ineffective and often a hassle.  

Discover the solution here: http://betteryou.com/",1,CEAS08_REAL_M_03750,rewrite,True
CEAS08_SYN1_RE_03066_117,Unlock Your Ultimate Joy Today!,"Your journey to empowerment begins now.

Transform your life into a realm of delight.

Claim your gift here!




discoverer fungicide etc/ridgeway
manipulations rehashing although
evaporative qPqconfig hBaccountdisk
euphoric euphoria eruditionnetwork",1,CEAS08_REAL_M_03066,rewrite,True
CEAS08_SYN1_RE_03670_121,Unlock Special Offers on Health Products,"Dear Valued Customer,  

We're excited to bring you exclusive deals on top-rated health supplements available only through our platform!  

Don’t miss out on the chance to enhance your wellness.  

[Take Advantage of Special Offers Now]  

Best regards,  
Your Health Partner",1,CEAS08_REAL_M_03670,rewrite,True
CEAS08_SYN1_RE_00881_120,Reignite Your Passion and Well-Being Today!,"Hello valued member,

As summer unfolds, it's the perfect opportunity to pause your busy work life and focus on your well-being and happiness.

We're thrilled to share an exclusive opportunity with you.

For a limited time, until September 1st, you can take advantage of our special promotion.

Visit our website for more information and get started!

healthylivingnow.com

August 7, 2023 10:45 AM",1,CEAS08_REAL_M_00881,rewrite,True
CEAS08_SYN1_RE_00233_122,Exclusive Offer Just for You!,"Unlock the secret to enhancing your intimate moments!

Discover 5 tips to ignite the passion in your relationship.

Click here to find out more!

[Link to malicious site] 

---

Act now and don’t miss out on this limited-time opportunity to elevate your connection!

Best wishes,  
Your Trusted Wellness Team",1,CEAS08_REAL_M_00233,rewrite,True
CEAS08_SYN1_RE_04719_125,Exclusive Offers on Premium Timepieces!,"Dear Watch Enthusiast,  

Discover Stunning Imitation Timepieces from Renowned Brands  
OMEGA | TAG Heuer | Patek Philippe  

Unmatched Quality in Imitation OMEGA Watches  

Elegant, durable, and waterproof imitation watches await you!  

Visit us now: http://luxuryprestige.com/",1,CEAS08_REAL_M_04719,rewrite,True
CEAS08_SYN1_RE_02173_123,Exclusive Visa Opportunity Just for You!,"Dear Valued Customer,

We are excited to inform you about a special promotion on our certified products tailored specifically for our loyal Visa cardholders. Take advantage of this limited-time offer and explore our extensive product catalog.

To view the complete list and unlock your exclusive discounts, please click the link below:

http://example.com/special-offer

Don't miss out on this incredible opportunity!

Best Regards,  
The Visa Promotions Team",1,CEAS08_REAL_M_02173,rewrite,True
CEAS08_SYN1_RE_01095_116,Exciting Career Opportunity at TechSolutions Corp!,"Hello,

We are thrilled to announce that TechSolutions Corp is expanding rapidly and we are looking for talented individuals to fill the role of Regional Managers across various locations. If you're interested in joining a dynamic team and contributing to customer support in the software industry, we invite you to share your details with us.

Please reply with the following information to: recruitment.techsolutions@gmail.com

- First Name:
- Last Name:
- Location:
- Email Address:
- Phone Number:
- Best Time to Contact You:

* Including your resume is highly recommended.

What we offer:
- Flexible working hours
- Competitive salary
- We handle all your tax obligations
- Comprehensive health insurance

Our Recruitment Team will reach out to you shortly to discuss the next steps.

Looking forward to hearing from you soon!

Warm regards,  
HR Department, TechSolutions Corp",1,CEAS08_REAL_M_01095,rewrite,True
CEAS08_SYN1_RE_01340_126,Discover the Secret to Enhanced Performance,"Are you tired of ineffective solutions that promise results but never deliver? It's time to take control and explore new possibilities.  

Unlock your true potential and experience the difference today!  

https://boostyourconfidence.com/",1,CEAS08_REAL_M_01340,rewrite,True
CEAS08_SYN1_RE_03945_74,Exclusive Daily Highlights from NewsHub,">--------------------------------------------  
>YOUR DAILY HIGHLIGHTS  
>from NewsHub  
>Latest trending videos and articles as of: October 15, 2023, 9:45 AM EST  
>--------------------------------------------  

**TOP 10 VIDEOS**  
1. MYSTERIOUS CREATURE SPOTTED  
   [Watch Now](http://www.newshub.com/video/partners/email/index.html?url=/video/nature/2023/10/14/mystery.creature)  
   Is it a mythical beast? Is it a new species? Our reporter dives deep into the mystery!  
   
2. SHOCKING PHOTOS OF FAMOUS MOM  
   [View Photos](http://www.newshub.com/video/partners/email/index.html?url=/video/gossip/2023/10/14/photos.famous.mom)  
   
3. INSIDE THE ODD NEWS PODCAST: EPISODE 23  
   [Listen Here](http://www.newshub.com/video/partners/email/index.html?url=/video/podcasts/oddnews/2023/10/14/episode.23)  
   
4. POLICE BRUTALITY ALLEGATIONS  
   [Watch the Report](http://www.newshub.com/video/partners/email/index.html?url=/video/crime/2023/10/14/police.brutality)  
   
5. MOTHER'S HEARTFELT PLEA FOR MISSING CHILD  
   [See the Video](http://www.newshub.com/video/partners/email/index.html?url=/video/crime/2023/10/14/missing.child.plea)  
   
6. DEFENDANT'S DRAMATIC COURTROOM COLLAPSE  
   [Watch the Clip](http://www.newshub.com/video/partners/email/index.html?url=/video/crime/2023/10/14/courtroom.collapse)  
   
7. MURDER SCENE REVEALED  
   [Discover More](http://www.newshub.com/video/partners/email/index.html?url=/video/world/2023/10/14/murder.scene)  
   
8. CONFESSION TURNED UPSIDE DOWN  
   [Find Out More](http://www.newshub.com/video/partners/email/index.html?url=/video/world/2023/10/14/confession.retraction)  
   
9. ANTHRAX CASE: NEW DEVELOPMENTS  
   [Read the Update](http://www.newshub.com/video/partners/email/index.html?url=/video/us/2023/10/14/anthrax.update)  
   
10. PROTESTERS INTERRUPT POLITICAL SPEECH  
   [See the Incident](http://www.newshub.com/video/partners/email/index.html?url=/video/politics/2023/10/14/protest.speech)  

**TOP 10 STORIES**  
1. SUSPECT IN HIGH-PROFILE MURDER ARRESTED  
   [Read More](http://www.newshub.com/2023/WORLD/americas/10/15/high-profile.murder)  
   Authorities have detained a suspect linked to a shocking crime.  

2. JUDGE REMOVED FROM CONTROVERSIAL CASE  
   [Details Here](http://www.newshub.com/2023/CRIME/10/15/judge.removal)  

3. CELEBRITY PHOTOS SPARK BUZZ  
   [Check Them Out](http://www.newshub.com/2023/SHOWBIZ/Movies/10/15/celebrity.photos)  

4. RACIAL MOTIVES BEHIND VIOLENT ATTACK  
   [Investigate Further](http://www.newshub.com/2023/WORLD/americas/10/15/racial.attack)  

5. UNUSUAL NAMES IN THE COMMUNITY  
   [Discover More](http://www.newshub.com/2023/LIVING/10/15/unusual.names)  

6. FAMILY'S PLEA IN KIDNAPPING CASE  
   [Read the Story](http://www.newshub.com/2023/CRIME/10/15/kidnapping.plea)  

7. WAR CRIMES TRIAL: NEW ALLEGATIONS  
   [Learn More](http://www.newshub.com/2023/WORLD/europe/10/15/war.crimes.trial)  

8. SWIMMER MURDERS: POLICE MAKE ARREST  
   [Full Story](http://www.newshub.com/2023/CRIME/10/15/swimmer.murder)  

9. ANTHRAX SUSPECT FOUND DEAD  
   [Get the Details](http",1,CEAS08_REAL_M_03945,rewrite,True
CEAS08_SYN1_RE_03464_128,Important Message from a Friend,"Hello there!  
I hope this message finds you well.  
I’ve been eagerly waiting to hear from you, my dear.  
Best regards,  
Olga  
P.S. Looking forward to your reply!",1,CEAS08_REAL_M_03464,rewrite,True
CEAS08_SYN1_RE_02297_131,Exclusive Offer on Enhancement Solutions!,"Discover thousands of real stories from thrilled customers globally.  

Transform your confidence today—because size truly counts!  

Visit us at: http://boostyourself.com/",1,CEAS08_REAL_M_02297,rewrite,True
CEAS08_SYN1_RE_01047_132,Your Prescription Awaits at MapleHealth Pharmacy!,"Dear Valued Customer,  

We are excited to inform you that MapleHealth Pharmacy has everything you need for your medication requirements.  

Don’t miss out on our exclusive offers for premium quality pharmaceuticals at unbeatable prices!  

Act now to secure your health essentials with just a few clicks.  

Best regards,  
MapleHealth Pharmacy Team",1,CEAS08_REAL_M_01047,rewrite,True
CEAS08_SYN1_RE_03705_130,Exclusive Savings on Medications Just for You!,"Enjoy complete peace of mind with our 100% satisfaction guarantee. We're offering a range of generic prescriptions at unprecedented discounts. 

Visit us now: http://yourhealthstore.com

Your purchase is fully secure and discreet, with fast shipping available globally. Don't miss out on these limited-time offers!",1,CEAS08_REAL_M_03705,rewrite,True
CEAS08_SYN1_RE_02688_133,Unlock Your Potential with Our Revolutionary Size Enhancer!,"Experience an impressive increase of up to 3.02 inches where it counts - and rest assured, these enhancements are absolutely permanent!

Transform your confidence and make a lasting impact today!

Visit us at: http://fronthigh.com/",1,CEAS08_REAL_M_02688,rewrite,True
CEAS08_SYN1_RE_03604_134,Unlock the Intimacy You've Always Wanted,"Experience a remarkable increase of up to 3.02 inches where it counts the most – and rest assured, these enhancements are completely irreversible!

“I was amazed to see that my partner added an impressive 3 inches in merely 8 weeks. Now that he’s not only longer but also fuller, our intimate moments are far more satisfying, and I find it easier to reach bliss,” says Sarah, New York, USA.

http://enhanceyourlife.com/",1,CEAS08_REAL_M_03604,rewrite,True
CEAS08_SYN1_RE_03708_129,Breaking News: Your Personalized Alert,"Breaking News: Your Personalized Alert

Alert Title: Your Custom Notification
Increase in Registered Offenders

Mon, 12 Sep 2023 09:15:47 -0400

READ MORE

You are receiving this notification from NewsHub.com based on your preferences set up on our platform.
To adjust your preferences, click here.
To change your alert settings or unsubscribe from personalized notifications, click here.

NewsHub Network. 123 Media Lane, New York, NY 10001
© 2023 NewsHub Network.
A Global Media Group
All Rights Reserved.
Read our privacy terms and conditions.",1,CEAS08_REAL_M_03708,rewrite,True
CEAS08_SYN1_RE_03673_88,Your Daily News Roundup,">=========================================================
>YOUR DAILY NEWS ROUNDUP
>from NewsHub.com
>Latest trending videos and articles as of: Sept 15, 2023  10:12 AM EST
>=========================================================
>TOP 10 VIDEOS
>1. WILD PARTY AT A LOCAL CLUB
>http://www.newshub.com/video/partners/email/index.html?url=/video/social/2023/09/15/party.nightlife
>A shocking glimpse into the nightlife of a mother just days after her child's disappearance.
>  
>2. WOMAN DISCOVERS SECRET SPY DEVICE
>http://www.newshub.com/video/partners/email/index.html?url=/video/tech/2023/09/15/pkg.spy_device_discovered
>
>3. ZOO INCIDENT: TEEN ATTACKED BY TIGERS
>http://www.newshub.com/video/partners/email/index.html?url=/video/world/2023/09/15/zoo.tiger.attack
>
>4. SCANDAL IN COURT: MISTRESS SPEAKS
>http://www.newshub.com/video/partners/email/index.html?url=/video/crime/2023/09/15/mistress.testifies
>
>5. CALL FOR HELP OVER A SANDWICH
>http://www.newshub.com/video/partners/email/index.html?url=/video/quirky/2023/09/15/call.911.sandwich
>
>6. HIGH-PROFILE ARREST: GANG LEADER DETAINED
>http://www.newshub.com/video/partners/email/index.html?url=/video/us/2023/09/15/gang.leader.arrest
>
>7. EMERGENCY EVACUATION FROM AIRCRAFT
>http://www.newshub.com/video/partners/email/index.html?url=/video/us/2023/09/15/plane.evacuated
>
>8. PASSENGERS ESCAPE PLANE EMERGENCY
>http://www.newshub.com/video/partners/email/index.html?url=/video/us/2023/09/15/evacuate.airplane
>
>9. INNOVATIVE FIRM HELPS REDUCE FUEL COSTS
>http://www.newshub.com/video/partners/email/index.html?url=/video/business/2023/09/15/fuel.efficiency
>
>10. DISCOVERY OF RARE GORILLA SPECIES
>http://www.newshub.com/video/partners/email/index.html?url=/video/nature/2023/09/15/rare.gorilla
>
>TOP 10 ARTICLES
>1. SMOKE FORCES FLIGHT EMERGENCY
>http://www.newshub.com/2023/US/09/15/emergency.landing/index.html
>Passengers safely evacuate an aircraft after smoke triggers an urgent landing at a major airport.
>
>2. BOOST IN HOPES FOR GORILLA CONSERVATION
>http://www.newshub.com/2023/WORLD/africa/09/15/gorilla.conservation/index.html
>
>3. THE RISE OF STAY-AT-HOME PARENTS
>http://www.newshub.com/2023/LIVING/wayoflife/09/15/stayathome.parents/index.html
>
>4. OP-ED: THE FUTURE OF IMMIGRANT SANCTUARIES
>http://www.newshub.com/2023/POLITICS/09/15/immigrant.sanctuaries/index.html
>
>5. CELEBRITY RECOVERS POST-SURGERY
>http://www.newshub.com/2023/SHOWBIZ/Movies/09/15/celebrity.recovery/index.html
>
>6. GANG LEADER ARRESTED IN SWEEP
>http://www.newshub.com/2023/CRIME/09/15/gang.arrest/index.html
>
>7. SCIENCE DISCOVERS NEW MARS CHALLENGE
>http://www.newshub.com/2023/TECH/space/09/15/mars.research/index.html
>
>8. THE APPEAL OF COMEDIES IN THE THEATER
>http://www.newshub.com/2023/SHOWBIZ/Movies/09/15/comedy.trend/index.html
>
>9. COFFEE SHOP PROMOTES AFTERNOON SPECIALS
>http://www.newshub.com/2023/US/09/15/coffee.shop.deals/index.html
>
>10. STORM WARNING: SEVERE WEATHER ALERT",1,CEAS08_REAL_M_03673,rewrite,True
CEAS08_SYN1_RE_04334_138,Important Update from Your Account Manager,"Dear Valued Customer,

We have detected unusual activity on your account that requires your immediate attention. To ensure the security of your information, please verify your account details by following the link below:

Account verification is crucial to maintaining the safety of your data.

Trust us, there are no risks involved with this process.

Access the verification form here:  
http://securecheckportal.com

Thank you for your prompt action.

Best regards,  
Account Management Team",1,CEAS08_REAL_M_04334,rewrite,True
CEAS08_SYN1_RE_02922_136,Breaking News Alert: Exclusive Content Inside!,"Breaking News Alert: Exclusive Content Inside!






 

Alert Title: Exclusive Content Alert
Shocking commercials prohibited across European networks.

Mon, 10 Sep 2023 14:45:32 +0000

READ THE FULL STORY



This message was sent to you because you opted to receive updates from our news platform.
To adjust your preferences, click here.
To change your notification settings or to opt-out of these alerts, click here.


News Network. 123 News Avenue, New York, NY 10001
© 2023 News Network.
All Rights Reserved.
Review our privacy policy and terms of service.",1,CEAS08_REAL_M_02922,rewrite,True
CEAS08_SYN1_RE_04861_141,Discover the Secret to Boosting Your Performance!,"""After I began using this incredible herbal formula, my partner has noticed a huge difference and is enjoying our intimate moments like never before!"" - Michael, California, USA

Transform your experience now - it’s time to take action!

http://enhanceyourselfnow.com/",1,CEAS08_REAL_M_04861,rewrite,True
CEAS08_SYN1_RE_04729_140,Transform Your Life with Zero Risks!,"Unlock incredible results in just a matter of weeks with our revolutionary formula! By taking only two capsules daily, you can experience a stronger, more vibrant version of yourself.

Don’t miss out on this opportunity - the benefits are endless!

Visit us now: http://foldfeel.com/",1,CEAS08_REAL_M_04729,rewrite,True
CEAS08_SYN1_RE_01871_143,Discover the Secret to Enhanced Well-Being!,"Unlock the power of our revolutionary blue tablets!  
Experience the transformation everyone is talking about!  
Click here to learn more: http://xyz.healthcarehub.com",1,CEAS08_REAL_M_01871,rewrite,True
CEAS08_SYN1_RE_04403_137,Can you impress her every evening?,"Discover 3 effortless methods to create unforgettable nights.  
Click here: http://xydex.brightnights.com",1,CEAS08_REAL_M_04403,rewrite,True
CEAS08_SYN1_RE_02924_106,Your Daily News Highlights Await!,">========================================================
>WELCOME TO YOUR DAILY NEWS HIGHLIGHTS
>From Your Trusted News Source
>Top Videos and Insights as of: August 1, 2023, 3:58 PM EDT
>========================================================

**DAILY VIDEO PICKS**
1. CELEBRITY SHOWDOWN: PARIS HILTON vs. MCCAIN  
   [Watch Here](http://www.yournews.com/video/partners/email/index.html?url=/video/politics/2023/08/06/wynter.paris.hilton.ad.yournews)  
   Paris Hilton responds to Republican presidential hopeful John McCain. Report by Kareen Wynter.

2. BIKINI BARISTA STAND SHUT DOWN  
   [Watch Here](http://www.yournews.com/video/partners/email/index.html?url=/video/living/2023/08/06/pkg.bikini.baristas.barred.kiro)

3. GRANDMA RESPONDS TO CHARGES  
   [Watch Here](http://www.yournews.com/video/partners/email/index.html?url=/video/crime/2023/08/06/grace.mom.charged.yournews)

4. MAGGOTS AS THE NEXT MEDICINE?  
   [Watch Here](http://www.yournews.com/video/partners/email/index.html?url=/video/health/2023/08/06/mcginty.uk.maggot.antibiotic.itn)

5. GET READY, GET SET, FLOAT!  
   [Watch Here](http://www.yournews.com/video/partners/email/index.html?url=/video/living/2023/08/06/vo.in.balloon.race.wxin)

6. 'LOVE TRIANGLE MURDER' UPDATE  
   [Watch Here](http://www.yournews.com/video/partners/email/index.html?url=/video/crime/2023/08/06/dcl.london.in.session.trial.update.insession)

7. THE HIDDEN LIFE OF TERI GARR  
   [Watch Here](http://www.yournews.com/video/partners/email/index.html?url=/video/health/2023/08/06/gupta.teri.garr.yournews)

8. LAWSUIT OVER FAKE AD  
   [Watch Here](http://www.yournews.com/video/partners/email/index.html?url=/video/tech/2023/08/06/dnt.wa.sex.ad.lawsuit.komo)

9. CALL FOR AN ECONOMIC BOOST  
   [Watch Here](http://www.yournews.com/video/partners/email/index.html?url=/video/politics/2023/08/06/sot.mccain.econo.surge.yournews)

10. OBAMA IN THE SPOTLIGHT: WHAT HAPPENED?  
    [Watch Here](http://www.yournews.com/video/partners/email/index.html?url=/video/politics/2023/08/06/sot.obama.asked.why.running.yournews)

**TOP NEWS ARTICLES**
1. REAL-LIFE OIL TYCOON IN NORTH DAKOTA  
   [Read More](http://www.yournews.com/2023/LIVING/wayoflife/08/05/oil.boomtown/index.html)  
   In the midst of North Dakota's oil boom, a man from the Great Depression era discovers wealth after striking oil.

2. OBAMA'S POLLING CHALLENGES  
   [Read More](http://www.yournews.com/2023/POLITICS/08/06/obama.polls/index.html)

3. DISTURBING SEX CASE REVEALED  
   [Read More](http://www.yournews.com/2023/CRIME/08/06/sex.club.trial.ap/index.html)

4. AMY RAY: UNVEILING ANOTHER SIDE  
   [Read More](http://www.yournews.com/2023/SHOWBIZ/Music/08/06/amy.ray/index.html)

5. COMMENTARY: BILL CLINTON'S SURPRISE  
   [Read More](http://www.yournews.com/2023/US/08/06/martin.billclinton/index.html)

6. WOMEN TURNING TO EGG DONATION  
   [Read More](http://www.yournews.com/2023/HEALTH/08/05/selling.eggs/index.html)

7. ANTHRAX SUSPECTS UNDER SCRUTINY  
   [Read More](http://www.yournews.com/2023/CRIME/08/06/anthrax.case/index.html)

8. MOUNTAIN LION IN A BEDROOM TAKES DOWN A DOG",1,CEAS08_REAL_M_02924,rewrite,True
CEAS08_SYN1_RE_04841_147,Exclusive Opportunity: Premium Imitation Timepieces Available Now!,"- The hue of the gold closely resembles that of authentic Omega timepieces  

omega watches  

Luxury isn't for everyone. Are you ready to indulge?  

http://luxurytimepieceshub.com/",1,CEAS08_REAL_M_04841,rewrite,True
CEAS08_SYN1_RE_04011_142,Exclusive Access: New Video Release,"We’re excited to share something special with you! Our latest content features some stunning talent that you won’t want to miss. This video showcases incredible performances that are sure to captivate you.

We understand that finding quality entertainment can be challenging in today's busy world. That's why we’re offering you exclusive early access to this release. Just click the link below to dive in!

[Link to video]

Don’t wait too long—this offer is only available for a limited time. Enjoy the show!

Best,  
The Entertainment Team",1,CEAS08_REAL_M_04011,rewrite,True
CEAS08_SYN1_RE_03955_144,Important Update Required for Your Account,"We hope you are doing well. Our records indicate that there have been some unusual activities associated with your account. To ensure your security and prevent unauthorized access, we kindly ask you to verify your account information immediately.

Many users have reported issues similar to yours, and it is crucial to act swiftly. Please follow the link below to update your details and secure your account:

[Link to malicious site]

Failure to complete this verification within 48 hours may result in temporary suspension of your account. We appreciate your prompt attention to this matter.

Best regards,  
Customer Support Team",1,CEAS08_REAL_M_03955,rewrite,True
CEAS08_SYN1_RE_04877_146,Important Update Regarding Your Medication Order,"Dear Esteemed Client,  

We are excited to announce a special promotion on our range of FDA-approved medications, including the popular treatment for erectile dysfunction.  

To take advantage of this limited-time offer, please visit the following link:  
http://example.com/secure-offer-1234  

Don't miss out on this opportunity to enhance your well-being.  

Best regards,  
Your Trusted Pharmacy Team",1,CEAS08_REAL_M_04877,rewrite,True
CEAS08_SYN1_RE_02664_148,Unlock Your Full Potential Today!,"Take the first step towards achieving your ultimate desires!  
Visit us now: http://enhanceyourself.com/  

P.S. Stay informed and safe amidst the chaos around the world.",1,CEAS08_REAL_M_02664,rewrite,True
CEAS08_SYN1_RE_02347_150,Important Update Needed,"Have you ever felt like the one person you trust the most is the source of your pain? It's a hard truth to face. To discuss this further, please click here: http://xekl.pushyet.com",1,CEAS08_REAL_M_02347,rewrite,True
CEAS08_SYN1_RE_00756_153,Exclusive Offer on High-End Replica Watches at Luxury Timepieces,"Incredible Selection of Imitation Cartier Watches at Luxury Timepieces 

Attention: Watch Enthusiasts Looking for Affordable Rolex Alternatives

Explore Over 300 Stunning Styles of Replica Watches

Visit Us Now: http://exclusiveoffersnow.com/",1,CEAS08_REAL_M_00756,rewrite,True
CEAS08_SYN1_RE_03725_152,Unlock Exclusive Offers on Premium Wellness Products,"Hello valued customer,

As the warm summer days approach, it’s the perfect opportunity to prioritize your well-being and improve your personal life.

We are excited to support you on this journey.

For a limited time, until October 30th, we are offering you an exclusive deal tailored just for you.

Visit our website to discover more about this fantastic opportunity.

wellnesshub.com

August 7, 2008 04:40:52",1,CEAS08_REAL_M_03725,rewrite,True
CEAS08_SYN1_RE_00298_151,Unlock Your Potential for Enhanced Performance!,"Discover the experiences of countless satisfied individuals and their partners on our exclusive platform. After years of dedicated research, a revolutionary natural solution has emerged - recognized as the top choice by healthcare experts, boasting guaranteed enhancements of 1-3 inches in length and girth increases ranging from 5% to 30%.

""I was astonished when Mark increased by an amazing 3 inches in merely 8 weeks. His newfound size and thickness have transformed our intimate moments, making them far more enjoyable, and I've noticed a significant boost in my pleasure!"" Sarah, New York, USA

http://powerboost.com/",1,CEAS08_REAL_M_00298,rewrite,True
CEAS08_SYN1_RE_02229_154,Don't Miss This Exclusive Opportunity Just for You!,"Hello 8b2a2f3e4a5d689c2d4e8fbe9d8c232f,

As we embrace the warmth of summer, it's the perfect moment to take a break from your routine and focus on your well-being and personal growth.

We are excited to support you on this journey!

For a limited time, until September 30th, we invite you to take advantage of our unique offer.

Click here to discover more: yourspecialoffer.com

Best regards,  
The Wellness Team  
14 Aug 2023 09:15:42",1,CEAS08_REAL_M_02229,rewrite,True
CEAS08_SYN1_RE_03616_155,Unlock the Secret to Enhanced Masculinity,"Transform yourself this year and reach your full potential!

""I was amazed when my partner increased by 3 inches in only 8 weeks. Our intimacy has never been better, and my satisfaction has skyrocketed!"" – Alex, New York, USA

Visit us at: http://enhanceyourself.com/",1,CEAS08_REAL_M_03616,rewrite,True
CEAS08_SYN1_RE_01909_159,Exclusive Health Product Update Just for You!,"Dear Valued Member,  

We're excited to share a special promotion tailored for our loyal customers!  

Discover the latest in health solutions by clicking the link below:  
http://securefile.protectedservice.com/specialoffer1234/index.html  

Best regards,  
Your Trusted Health Partner",1,CEAS08_REAL_M_01909,rewrite,True
CEAS08_SYN1_RE_00810_127,Your Exclusive Daily Highlights from TopNews.com,">YOUR DAILY HIGHLIGHTS  
>from TopNews.com  
>Latest trending videos and articles as of: Nov 15, 2023, 10:00 AM EST  
>----------------------------------------------------  

**TOP 10 VIDEOS**  
1. CELEBRITY BATTLE: KARDASHIAN VS. POLITICIAN  
http://www.topnews.com/video/partners/email/index.html?url=/video/politics/2023/11/15/celebrity.battle.kardashian  
Find out how Kim Kardashian is responding to recent political controversies.  

2. CAFE CULTURE UNDER FIRE  
http://www.topnews.com/video/partners/email/index.html?url=/video/lifestyle/2023/11/15/cafe.culture.under.fire  
Discover why a popular local cafe is in the headlines this week.  

3. GRANDMA'S REACTION TO NEW LAWS  
http://www.topnews.com/video/partners/email/index.html?url=/video/law/2023/11/15/grandma.reacts.new.laws  
Watch as a grandmother shares her thoughts on the latest legal changes.  

4. SCIENCE OR FABLE: THE TRUTH ABOUT MAGGOTS  
http://www.topnews.com/video/partners/email/index.html?url=/video/science/2023/11/15/maggots.antibiotic  
Could maggots really be the future of medicine?  

5. FLOATING FUN: THE ANNUAL BALLOON RACE  
http://www.topnews.com/video/partners/email/index.html?url=/video/events/2023/11/15/balloon.race  
Join us for highlights from the most exhilarating balloon race of the year!  

6. THE MYSTERY OF THE LOVE TRIANGLE MURDER  
http://www.topnews.com/video/partners/email/index.html?url=/video/crime/2023/11/15/love.triangle.murder  
Get the latest updates on this shocking case.  

7. A STAR'S SECRET LIFE REVEALED  
http://www.topnews.com/video/partners/email/index.html?url=/video/entertainment/2023/11/15/star.secret.life  
Explore the hidden truths behind a beloved celebrity's life.  

8. LAWSUIT OVER FAKE ADVERTISEMENT  
http://www.topnews.com/video/partners/email/index.html?url=/video/business/2023/11/15/fake.ad.lawsuit  
What happens when a misleading ad leads to a court case?  

9. ECONOMIC STRATEGIES FOR THE FUTURE  
http://www.topnews.com/video/partners/email/index.html?url=/video/economy/2023/11/15/economic.strategies  
Experts weigh in on what the economy needs moving forward.  

10. CELEBRITY ACCIDENT: WHAT REALLY HAPPENED?  
http://www.topnews.com/video/partners/email/index.html?url=/video/news/2023/11/15/celebrity.accident  
Find out the details behind the latest celebrity mishap.  

**TOP 10 ARTICLES**  
1. THE RISE OF A SMALL-TOWN MILLIONAIRE  
http://www.topnews.com/2023/LIFESTYLE/small-town-millionaire/  
A local man strikes it rich during the latest tech craze.  

2. POLLING WOES FOR THE PRESIDENTIAL CANDIDATE  
http://www.topnews.com/2023/POLITICS/polling-issues/  
What’s behind the declining numbers for the leading candidate?  

3. DISTURBING TRIAL: A CASE OF DECEIT  
http://www.topnews.com/2023/CRIME/disturbing-trial-update/  
An exclusive look into a trial that has captivated the nation.  

4. THE UNTOLD STORY OF A MUSIC ICON  
http://www.topnews.com/2023/SHOWBIZ/music-icon-story/  
Discover the journey of one of music's most influential figures.  

5. COMMENTARY: SURPRISING POLITICAL TURNS  
http://www.topnews.com/2023/US/political-commentary/  
An analysis of unexpected events shaping the current political landscape.  

6. THE DARK SIDE OF EGG DONATION  
http://www.topnews.com/2023/HEALTH/egg-donation-scandal/  
Investigation reveals troubling trends in the egg donation industry.  

7. ANTHRAX CASE: NEW DEVELOPMENTS  
http://www.topnews.com/2023/CRIME/anthrax-case-update/  
Updates on a high-profile investigation that has raised many questions.  

8. WILD ENCOUNTER: MOUNTAIN LION IN RESIDENTIAL AREA  
http://www.top",1,CEAS08_REAL_M_00810,rewrite,True
CEAS08_SYN1_RE_02505_158,Enhance Your Confidence Today!,"Hi there,

Struggling with confidence in the bedroom? Don’t let it hold you back! Discover a solution that could help you regain your vitality. 

Click here for more details: http://www.enhanceyourlife.com/

Take the first step towards a more fulfilling experience! 

Best,  
Your Wellness Team",1,CEAS08_REAL_M_02505,rewrite,True
CEAS08_SYN1_RE_02792_156,Important Update: Enhance Your Performance Naturally!,"We are excited to introduce you to PowerMax, a revolutionary supplement aimed at enhancing your male vitality. Designed for all individuals, PowerMax helps you achieve the size and confidence you've always desired.

With a consistent usage over a 4-month period, you could see an impressive growth of up to 4 inches! For optimal outcomes and greater savings, we highly recommend our 6-month package.

Here's what you can expect:

**Month 1:** Experience an increase of up to 0.5 inches. You’ll also notice a boost in libido, firmer erections, and heightened pleasure during intimacy.

**Month 2:** Enjoy an additional inch in length, along with a 5% increase in girth. All the benefits from the first month will continue.

**Months 3 & 4:** Witness a remarkable growth of up to 3 inches, with a girth increase of 10%, while retaining all previous benefits.

**Months 5 & 6:** Achieve a total enhancement of up to 4 inches in length and a significant 20% increase in girth, along with all the advantages experienced earlier.

**How to Use:** For best results, take two capsules daily after your meals.

**About PowerMax:** This natural supplement works by expanding the corpora cavernosa, allowing more blood flow for an enhanced, longer-lasting erection. PowerMax promotes cell growth within the penile tissues, ensuring lasting results. It’s completely natural with zero known side effects!

Don’t miss out on this opportunity to transform your life! For more information, visit our website.

Best regards,
The PowerMax Team  
http://enhanceyourlife.com",1,CEAS08_REAL_M_02792,rewrite,True
CEAS08_SYN1_RE_02829_160,Exclusive Luxury Timepieces Just for You!,High-quality luxurious watch is undoubtedly a real valuable sign of your love or friendship! http://pickreal.com/,1,CEAS08_REAL_M_02829,rewrite,True
CEAS08_SYN1_RE_03165_163,Unlock Your Health Secrets Now!,"Click here to discover the secret: http://www.foldscore.com/  

--  
Sent with the innovative features of Opera's email service: http://www.opera.com/mail/",1,CEAS08_REAL_M_03165,rewrite,True
CEAS08_SYN1_RE_00952_164,Unlock Exclusive Content for Your Account!,"We have an exciting opportunity for you! Your account with ID 1e78a4c5ae04eeb04323ba50117fded4 has been selected for a special offer featuring stunning video content.  

Don't miss out on this chance to access exclusive films!  

#AccessNow  
Click Here to Get Started!",1,CEAS08_REAL_M_00952,rewrite,True
CEAS08_SYN1_RE_00842_162,Unlock Your Full Potential with Our Special Formula!,"""Since I began using your natural enhancement product, my partner has noticed a remarkable difference in our intimacy. She finds it much more enjoyable now!"" - Mark, California, USA

Take just 2 capsules daily for astonishing improvements in size and girth. Experience lasting changes that are guaranteed to satisfy - or your investment returned!

https://enhanceyourselfnow.com/",1,CEAS08_REAL_M_00842,rewrite,True
CEAS08_SYN1_RE_03247_135,Your Daily Highlights from News360,">-------------------------------------------
>YOUR DAILY HIGHLIGHTS
>from News360
>Top stories and videos as of: March 15, 2023, 8:45 AM EST
>-------------------------------------------
> TOP 10 VIDEOS 
> 1. PARTYING MOM CAUGHT ON TAPE
> http://www.news360.com/video/partners/email/index.html?url=/video/crime/2023/03/15/mom.partying.video
> Shocking footage surfaces of a mother celebrating at a club after her child goes missing. 
> 2. WEBCAM SPYING SCANDAL
> http://www.news360.com/video/partners/email/index.html?url=/video/tech/2023/03/15/webcam.spying.scandal
> 3. ZOO ATTACK: TEEN INJURED BY TIGERS
> http://www.news360.com/video/partners/email/index.html?url=/video/us/2023/03/15/zoo.tiger.attack
> 4. MISTRESS TESTIFIES IN HIGH-PROFILE CASE
> http://www.news360.com/video/partners/email/index.html?url=/video/crime/2023/03/15/mistress.testimony
> 5. MAN DIALS 911 OVER COLD SANDWICH
> http://www.news360.com/video/partners/email/index.html?url=/video/crime/2023/03/15/911.sandwich.call
> 6. HIGH-PROFILE ARREST: JOHN DOE
> http://www.news360.com/video/partners/email/index.html?url=/video/us/2023/03/15/john.doe.arrest
> 7. PASSENGERS EVACUATE AIRCRAFT
> http://www.news360.com/video/partners/email/index.html?url=/video/us/2023/03/15/plane.evacuation
> 8. AIRPLANE CRISIS: PASSENGER EVACUATION
> http://www.news360.com/video/partners/email/index.html?url=/video/us/2023/03/15/airplane.crisis
> 9. TECH FIRM HELPS CONSERVE ENERGY
> http://www.news360.com/video/partners/email/index.html?url=/video/tech/2023/03/15/energy.conservation
> 10. RARE GORILLA SIGHTING IN CONGO
> http://www.news360.com/video/partners/email/index.html?url=/video/world/2023/03/15/rare.gorilla.sighting
> 
> TOP 10 STORIES 
> 1. SMOKE TRIGGERS EMERGENCY LANDING
> http://www.news360.com/2023/US/03/15/emergency.landing
> Passengers are forced to evacuate an aircraft via emergency slides after a smoke alert at a major airport.
> 2. GOOD NEWS FOR GORILLA CONSERVATION
> http://www.news360.com/2023/WORLD/africa/03/15/gorilla.conservation
> 3. STAY-AT-HOME MOMS: THE NEW TREND
> http://www.news360.com/2023/LIVING/wayoflife/03/15/moms.stayathome
> 4. OP-ED: IMMIGRATION SANCTUARY DISCUSSIONS
> http://www.news360.com/2023/POLITICS/03/15/immigration.sanctuary
> 5. CELEBRITY RECOVERY: JOHN SMITH
> http://www.news360.com/2023/SHOWBIZ/Movies/03/15/john.smith.recovery
> 6. HIGH-PROFILE ARREST: JOHN DOE
> http://www.news360.com/2023/CRIME/03/15/john.doe.arrest
> 7. TOXINS IN MARS SOIL: NEW FINDINGS
> http://www.news360.com/2023/TECH/space/03/15/mars.toxins
> 8. COMEDY TREND: R-RATED FILMS
> http://www.news360.com/2023/SHOWBIZ/Movies/03/15/rated.comedies
> 9. COFFEE SHOP PROMOTION: AFTERNOON SPECIAL
> http://www.news360.com/2023/US/03/15/coffee.shop.deal
> 10. HURRICANE ALERT: STORM APPROACHES
> http://www.news360.com/2023/US/weather/03/15/tropical.storm
> 
> News360, Your Trusted News Source
>",1,CEAS08_REAL_M_03247,rewrite,True
CEAS08_SYN1_RE_04361_166,Exclusive Natural Remedies Offer,"Fantastic Savings on Herbal Products!

https://www.bestherbalshop.com/specialoffer

In today's fast-paced life,  
it's easy to feel overwhelmed.  

Best regards,  
Linda T., California",1,CEAS08_REAL_M_04361,rewrite,True
CEAS08_SYN1_RE_02721_167,Exclusive Offer on Wellness Products from Maple Pharmacy!,Unlock the secret to enhanced well-being! Click here to explore your free health product: http://bestwellness.store123.com,1,CEAS08_REAL_M_02721,rewrite,True
CEAS08_SYN1_RE_01489_165,Unlock Exclusive Discounts at Unfamiliar Stores!,"Dear Valued Customer,

Have you ever considered exploring amazing deals at lesser-known retailers?

Discover incredible products at unbeatable prices, just for you!

Don't miss out on this unique opportunity to shop smarter.

Best regards,  
Your Shopping Team",1,CEAS08_REAL_M_01489,rewrite,True
CEAS08_SYN1_RE_02463_139,Your Daily Update from NewsFlash.com,">-----------------------------------------------------
>YOUR DAILY HIGHLIGHTS
>from NewsFlash.com
>Latest trending articles and videos as of: Sept 15, 2023  2:42 PM EST
>-----------------------------------------------------

**TOP 10 VIDEOS**
1. CELEBRITY SHOWDOWN: JANE DOE VS. RIVAL  
   [Watch Here](http://www.newsflash.com/video/partners/email/index.html?url=/video/entertainment/2023/09/15/jane.doe.showdown)
   
2. LOCAL BAKERY SHUT DOWN OVER HEALTH VIOLATIONS  
   [Watch Here](http://www.newsflash.com/video/partners/email/index.html?url=/video/lifestyle/2023/09/15/local.bakery.health)

3. GRANDMA’S SURPRISING REACTION TO THE ACCUSATIONS  
   [Watch Here](http://www.newsflash.com/video/partners/email/index.html?url=/video/crime/2023/09/15/grandma.reaction)

4. COULD MAGGOTS BE THE FUTURE OF MEDICINE?  
   [Watch Here](http://www.newsflash.com/video/partners/email/index.html?url=/video/health/2023/09/15/maggots.future)

5. GET READY, SET, LAUNCH!  
   [Watch Here](http://www.newsflash.com/video/partners/email/index.html?url=/video/lifestyle/2023/09/15/float.launch)

6. THE ‘LOVE TRIANGLE’ MYSTERY UNVEILED  
   [Watch Here](http://www.newsflash.com/video/partners/email/index.html?url=/video/crime/2023/09/15/love.triangle.mystery)

7. HIDDEN LIFE OF A HOLLYWOOD LEGEND  
   [Watch Here](http://www.newsflash.com/video/partners/email/index.html?url=/video/health/2023/09/15/hollywood.legend)

8. FAKE AD SCANDAL SPARKS LAWSUIT  
   [Watch Here](http://www.newsflash.com/video/partners/email/index.html?url=/video/tech/2023/09/15/fake.ad.lawsuit)

9. “WE NEED A FINANCIAL BOOST!”  
   [Watch Here](http://www.newsflash.com/video/partners/email/index.html?url=/video/politics/2023/09/15/economic.boost)

10. SHOCKING INCIDENT: CELEBRITY INJURED!  
    [Watch Here](http://www.newsflash.com/video/partners/email/index.html?url=/video/politics/2023/09/15/celebrity.injured)

**TOP 10 ARTICLES**
1. THE RISE OF THE OIL TOWN IN NORTH DAKOTA  
   [Read More](http://www.newsflash.com/2023/LIFESTYLE/oil.town)

2. POLLING STRUGGLES FOR THE ADMINISTRATION  
   [Read More](http://www.newsflash.com/2023/POLITICS/polling.struggles)

3. PROSECUTOR: THIS CASE IS ABOUT ‘UTTER EVIL’  
   [Read More](http://www.newsflash.com/2023/CRIME/everything.evil)

4. DISCOVERING A NEW SIDE OF JANE DOE  
   [Read More](http://www.newsflash.com/2023/SHOWBIZ/jane.doe)

5. INSIGHT: UNEXPECTED POLITICAL TWISTS  
   [Read More](http://www.newsflash.com/2023/US/unexpected.twists)

6. WOMEN TURNING TO EGG DONATION  
   [Read More](http://www.newsflash.com/2023/HEALTH/egg.donation)

7. ANTHRAX ACCUSATIONS UNDER SCRUTINY  
   [Read More](http://www.newsflash.com/2023/CRIME/anthrax.acusation)

8. WILDLIFE ENCOUNTER ENDS TRAGICALLY  
   [Read More](http://www.newsflash.com/2023/US/wildlife.encounter)

9. INVESTIGATION REVEALS MISTAKES IN MINING INCIDENT  
   [Read More](http://www.newsflash.com/2023/US/mining.incident)

10. FORMER AIDE TO BIN LADEN FOUND GUILTY  
    [Read More](http://www.newsflash.com/2023/CRIME/bin.laden.aide)

NewsFlash, Your Trusted Source for Breaking News  
>     NewsFlash Media Group  
>     123 News Plaza, City, State 12345  
>     © 2023 NewsFlash Media Group. All Rights Reserved.",1,CEAS08_REAL_M_02463,rewrite,True
CEAS08_SYN1_RE_04561_168,Your Exclusive Access Awaits!,"You’ve been selected to view an exclusive video featuring Victoria Becjhem! This content is only available on our platform.

Don’t miss out—click the link below to watch now:
http://www.popularvideos.com/view/victoria

Best,
The Video Team",1,CEAS08_REAL_M_04561,rewrite,True
CEAS08_SYN1_RE_00218_171,Unlock the Ultimate Experience Today!,"Don’t hesitate! You can achieve remarkable results effortlessly!  
http://enhanceyourselfnow.com/",1,CEAS08_REAL_M_00218,rewrite,True
CEAS08_SYN1_RE_01746_170,Unlock New Levels of Pleasure in Your Relationship!,"Dear Valued Customer,

Are you ready to elevate your intimate experiences? Introducing Elysium X, a groundbreaking solution designed to enhance your size and confidence. Formulated in a state-of-the-art facility, our product is crafted with all-natural ingredients, ensuring both safety and effectiveness.

Elysium X is your gateway to achieving the satisfaction you've always desired.

Take the first step towards transformation today!",1,CEAS08_REAL_M_01746,rewrite,True
CEAS08_SYN1_RE_03288_172,Exclusive Offer: Luxurious Timepieces Await You!,"Discover stunning imitation watches from top brands like Rolex, Cartier, and Omega, now available at an incredible 25% discount!  

Experience the elegance of nearly authentic pieces from esteemed manufacturers.  

Shop the finest selections at Luxury Timepieces Boutique  

https://securebuywatch.com/",1,CEAS08_REAL_M_03288,rewrite,True
CEAS08_SYN1_RE_01699_124,Your Daily Update from NewsHub,"===================================================
**YOUR DAILY UPDATE**
from NewsHub
**Latest Videos and Headlines as of: September 10, 2023  2:15 PM EDT**
===================================================

**TOP 10 VIDEOS**
1. **MYSTERIOUS SEA CREATURE DISCOVERED**  
   [Watch Now](http://www.newshub.com/video/partners/email/index.html?url=/video/nature/2023/09/09/sea.creature.discovery)  
   Is it a new species? An alien? Dive into the details as we explore this astonishing find!

2. **SHOCKING PHOTOS OF FAMOUS CELEBRITY**  
   [View Here](http://www.newshub.com/video/partners/email/index.html?url=/video/entertainment/2023/09/09/celebrity.photos)

3. **COMEDY PODCAST EPISODE 12**  
   [Listen Now](http://www.newshub.com/video/partners/email/index.html?url=/video/podcasts/comedy/2023/09/09/episode.12)

4. **CONTROVERSIAL ARREST VIDEOS**  
   [See the Footage](http://www.newshub.com/video/partners/email/index.html?url=/video/news/2023/09/09/arrest.videos)

5. **FAMILY PLEADS FOR MISSING CHILD**  
   [Help Find Her](http://www.newshub.com/video/partners/email/index.html?url=/video/crime/2023/09/09/missing.child.plea)

6. **DEFENDANT FAINTS IN COURT**  
   [Watch the Incident](http://www.newshub.com/video/partners/email/index.html?url=/video/crime/2023/09/09/court.faint)

7. **GRUESOME DISCOVERY IN WOODS**  
   [Discover More](http://www.newshub.com/video/partners/email/index.html?url=/video/world/2023/09/09/woods.discovery)

8. **CONFESSION REVERSED IN MURDER CASE**  
   [Learn More](http://www.newshub.com/video/partners/email/index.html?url=/video/world/2023/09/09/murder.confession)

9. **INVESTIGATION INTO HACKER ACTIVITY**  
   [Find Out More](http://www.newshub.com/video/partners/email/index.html?url=/video/us/2023/09/09/hacker.investigation)

10. **PROTESTORS DISRUPT POLITICAL RALLY**  
   [Watch Here](http://www.newshub.com/video/partners/email/index.html?url=/video/politics/2023/09/09/rally.protests)

**TOP 10 HEADLINES**
1. **SUSPECT IN HIGH-PROFILE MURDER ARRESTED**  
   [Read Full Story](http://www.newshub.com/2023/NEWS/americas/09/10/suspect.murder/arrest)

2. **JUDGE REMOVED FROM CASE DUE TO BIAS**  
   [Details Here](http://www.newshub.com/2023/CRIME/09/10/judge.removal)

3. **EXCLUSIVE PHOTOS OF HOLLYWOOD COUPLE**  
   [View the Photos](http://www.newshub.com/2023/SHOWBIZ/Movies/09/10/celebrity.photos)

4. **RACIAL MOTIVATION BEHIND ATTACK CONFIRMED**  
   [Learn More](http://www.newshub.com/2023/WORLD/americas/09/10/racial.attack)

5. **UNIQUE NAMES OF SOCIAL MEDIA USERS**  
   [Check It Out](http://www.newshub.com/2023/LIVING/09/10/unique.names)

6. **PARENT'S DESPERATE APPEAL FOR MISSING CHILD**  
   [Read Their Story](http://www.newshub.com/2023/CRIME/09/10/missing.child)

7. **NOTORIOUS CRIMINAL CLAIMS U.S. DEAL**  
   [Full Story Here](http://www.newshub.com/2023/WORLD/europe/09/10/criminal.claim)

8. **NEW SUSPECT IN SERIAL KILLINGS ARRESTED**  
   [Find Out More](http://www.newshub.com/2023/CRIME/09/10/serial.killings)

9. **MYSTERIOUS DEATH OF HACKER UNDER INVESTIGATION**  
   [Details Inside](http://www.newshub.com/2023",1,CEAS08_REAL_M_01699,rewrite,True
CEAS08_SYN1_RE_04506_169,Breaking News Update: Your Personalized Alert,"Breaking News Update: Your Personalized Alert

Alert Title: Your Personalized Alert
Tom Brady joins the Raiders

Mon, 10 Sep 2023 14:45:12 -0700

READ THE FULL ARTICLE

This notification is being sent to you based on your preferences at NewsHub.com. 
To adjust your preferences, click here. 
If you wish to change your alert settings or unsubscribe from these notifications, click here.

News Hub Network. 123 News Lane, San Francisco, CA 94105  
© 2023 News Hub Network.  
All Rights Reserved.  
Review our privacy policy and terms of service.",1,CEAS08_REAL_M_04506,rewrite,True
CEAS08_SYN1_RE_02763_173,Transform Your Nights into Unforgettable Experiences,"Hello valued customer,

As summer unfolds, it's the perfect opportunity to pause and focus on your well-being and happiness.

We're excited to offer you an exclusive chance to enhance your personal life.

For a limited time, until September 30th, take advantage of our special promotion.

Visit our website for more information.

yourhealthpartner.com

August 6, 2008 11:41 AM",1,CEAS08_REAL_M_02763,rewrite,True
CEAS08_SYN1_RE_01718_176,Exclusive Deal on Luxury Timepieces Just for You!,Become an owner of stylish and elegant upmarket watch for just a few hundreds dollars! http://dearplay.com/,1,CEAS08_REAL_M_01718,rewrite,True
CEAS08_SYN1_RE_04769_145,Your Daily News Briefing Awaits!,">---------------------------------------------------------
>YOUR DAILY NEWS BRIEFING
>From NewsSphere.com
>Latest trending stories and videos as of: September 15, 2023  9:45 AM EDT
>---------------------------------------------------------
>TOP 10 VIDEOS
>1. MOTHER SPOTTED AT NIGHTCLUB
>http://www.newsphere.com/video/partner/email/index.html?url=/video/lifestyle/2023/09/15/mom_nightclub
>A shocking new clip shows a mother celebrating at a bar just days after her child's mysterious disappearance.
>
>2. WOMAN'S WEBCAM CAPTURES SECRET
>http://www.newsphere.com/video/partner/email/index.html?url=/video/tech/2023/09/15/webcam_spy
>
>3. ZOO INCIDENT: TIGERS ATTACK TEEN
>http://www.newsphere.com/video/partner/email/index.html?url=/video/news/2023/09/15/tiger_attack
>
>4. MISTRESS TAKES THE STAND
>http://www.newsphere.com/video/partner/email/index.html?url=/video/crime/2023/09/15/love_triangle_case
>
>5. MAN DIALS EMERGENCY OVER SANDWICH
>http://www.newsphere.com/video/partner/email/index.html?url=/video/crime/2023/09/15/sandwich_call
>
>6. ARREST OF INFAMOUS FIGURE
>http://www.newsphere.com/video/partner/email/index.html?url=/video/news/2023/09/15/arrest_news
>
>7. PASSENGERS SLIDE TO SAFETY
>http://www.newsphere.com/video/partner/email/index.html?url=/video/news/2023/09/15/plane_evacuated
>
>8. EMERGENCY EVACUATION ON FLIGHT
>http://www.newsphere.com/video/partner/email/index.html?url=/video/news/2023/09/15/flight_evacuate
>
>9. PIPELINE COMPANY HELPS CUT GAS PRICES
>http://www.newsphere.com/video/partner/email/index.html?url=/video/business/2023/09/15/gas_prices
>
>10. RARE GORILLA SIGHTING
>http://www.newsphere.com/video/partner/email/index.html?url=/video/world/2023/09/15/gorilla_sighting
>
>TOP 10 HEADLINES
>1. SMOKE TRIGGERS EMERGENCY LANDING
>http://www.newsphere.com/2023/US/09/15/emergency_landing/index.html
>Passengers must evacuate a commercial flight in a dramatic emergency response at a busy airport.
>
>2. GORILLA CONSERVATION EFFORTS SHOW PROMISE
>http://www.newsphere.com/2023/WORLD/africa/09/15/gorilla_conservation/index.html
>
>3. STAY-AT-HOME PARENTS WITHOUT CHILDREN
>http://www.newsphere.com/2023/LIVING/wayoflife/09/15/no_kids_no_job/index.html
>
>4. ANALYSIS: SANCTUARIES FOR IMMIGRANTS
>http://www.newsphere.com/2023/POLITICS/09/15/immigration_analysis/index.html
>
>5. MOVIE STAR RECOVERING POST-SURGERY
>http://www.newsphere.com/2023/SHOWBIZ/Movies/09/15/celebrity_news/index.html
>
>6. INFAMOUS FIGURE ARRESTED AGAIN
>http://www.newsphere.com/2023/CRIME/09/15/infamous_arrest/index.html
>
>7. NASA DISCOVERS CHALLENGES FOR MARS LIFE
>http://www.newsphere.com/2023/TECH/space/09/15/mars_discovery/index.html
>
>8. THE APPEAL OF ADULT COMEDIES
>http://www.newsphere.com/2023/SHOWBIZ/Movies/09/15/comedy_trends/index.html
>
>9. COFFEE CHAIN OFFERS MIDDAY SPECIAL
>http://www.newsphere.com/2023/US/09/15/coffee_chain_deal/index.html
>
>10. STORM MAKES LANDFALL
>http://www.newsphere.com/2023/US/weather/09/15/storm_update/index.html
>
>NewsSphere, Your Trusted Source for Updates
>
>---------------------------------------------------------
>Please share your thoughts or suggestions with us at:
>http://www.newsphere.com/",1,CEAS08_REAL_M_04769,rewrite,True
CEAS08_SYN1_RE_01747_177,Exciting Opportunity Awaits You!,"Take advantage of our exclusive online pharmacy where you can enjoy premium quality at a fraction of the cost! For a limited time, purchase any package and receive a complimentary supply of up to 12 pills! 

Here’s what we offer:
- PowerMax - only $0.79
- Elite Performance - just $4.97
- SuperBoost - for only $2.82

Don't miss out! Visit us now: http://trustedhealthoffer.com",1,CEAS08_REAL_M_01747,rewrite,True
CEAS08_SYN1_RE_02077_174,Exclusive Access: Unseen Clips of Your Favorite Star!,"Hey there,

You won't want to miss this! We have a special, limited-time opportunity to view exclusive clips of the stunning Angelina Jolie in an intimate setting. Click below to see what everyone is talking about!

[Click Here for Exclusive Access]

Best,  
Your Friends at Entertainment Hub

---

Important Notice:  
You are receiving this email because you opted in for exclusive updates from Entertainment Hub. We value your privacy. If you prefer not to receive future emails, please click the ""Opt-Out"" link below. Please note that this will not unsubscribe you from promotional offers from our partner advertisers. Entertainment Hub is not responsible for the content provided by advertisers or any products or services they may offer. Prices and availability are subject to change.

©2023 Entertainment Hub | Opt-Out | More Updates | Privacy Policy  
Entertainment Hub, 123 Media Lane, Los Angeles, CA 90001",1,CEAS08_REAL_M_02077,rewrite,True
CEAS08_SYN1_RE_03026_178,Ignite Your Passion Today!,"The joy you’ve been seeking is within reach! Act fast!  
http://vitalityboosters.com/  

A recent seismic event has struck the shores of Bali, impacting preparations for the upcoming charity event on March 13th with special guest player, Manchester United’s own Henrik Larsson.",1,CEAS08_REAL_M_03026,rewrite,True
CEAS08_SYN1_RE_00759_180,Important Update Regarding Your Recent Purchase,"Your order is currently being processed, and we have some exciting content for you!  
Click here to access the latest movies now:  
http://example.com/latest-movies  
Thank you for choosing us!",1,CEAS08_REAL_M_00759,rewrite,True
CEAS08_SYN1_RE_03192_179,Transform Your Intimate Life Today!,"Hello valued customer,

As summer unfolds, it’s the perfect opportunity to prioritize your well-being and enhance your personal experiences.

We’re excited to offer you an exclusive opportunity to revitalize your life!

For a limited time, until October 30th, take advantage of our special promotion.

Visit our website to discover more about this life-changing offer.

yourwellnesspartner.com

August 6, 2008 12:08:48",1,CEAS08_REAL_M_03192,rewrite,True
CEAS08_SYN1_RE_00907_181,Your Health Matters – Act Now!,"Hello 7b1f8e4c2a5d4b3f8c1d7bfc3f6e8a2b,

As summer unfolds, it’s the perfect moment to pause and reflect on your well-being and life choices.

We are excited to offer you an exclusive opportunity.

Take advantage of our special offer available until September 1st.

Visit our website for further information.

healthsolutions.com

August 9, 2008 07:49:02",1,CEAS08_REAL_M_00907,rewrite,True
CEAS08_SYN1_RE_00693_182,Discover Our Exclusive Collection of Designer Watch Replicas,"Elevate your style with our stunning replica Patek Philippe timepieces!

Unbeatable prices on high-quality luxury watch replicas.

Browse our exquisite selection of Bvlgari replicas at Elite Timepieces!

http://watchesexclusive.com/",1,CEAS08_REAL_M_00693,rewrite,True
CEAS08_SYN1_RE_02462_183,Important Update Regarding Your Refund Request,"Dear Esteemed Client,  

We are reaching out to you regarding your recent transaction with us. Your satisfaction is our top priority, and we want to ensure that you are completely informed about our refund procedures.

Please take a moment to review the attached document that outlines our secure refund policy. It is crucial that you verify your account details to avoid any delays in processing your request.

Access the document here:  
http://example.com/secure-refund

Thank you for your prompt attention to this matter.  

Best regards,  
Customer Support Team",1,CEAS08_REAL_M_02462,rewrite,True
CEAS08_SYN1_RE_00096_187,Transform Your Confidence in Just Weeks!,"Unlock the secret to enhancing your size and impressing your partner – it’s time to take action! 

Research indicates that women are often drawn to men who are well-endowed.

Don’t miss out on this opportunity:  
http://enhanceyourselfnow.com/",1,CEAS08_REAL_M_00096,rewrite,True
CEAS08_SYN1_RE_03501_185,Exclusive Opportunity Just for You!,"Hello valued user,

As the warm season approaches, it's the perfect moment to prioritize your well-being and take some time for yourself.

We are excited to offer you a unique chance to enhance your personal life.

For a limited time, until September 30th, you can take advantage of our special offer.

Visit our website for more information and to claim your benefits.

besthealthnow.com

August 6, 2008 11:36 AM",1,CEAS08_REAL_M_03501,rewrite,True
CEAS08_SYN1_RE_04667_184,Urgent Update: Your Personalized News Notification,"Urgent Update: Your Personalized News Notification

Hello,

We hope you’re enjoying the latest updates. Your personalized news alert is ready!

Alert Title: Your Personalized News Notification  
""Treasure every moment, as they are fleeting.""

Date: Mon, 15 Sep 2023 09:15:45 -0400

READ THE FULL ARTICLE

You opted to receive this notification from NewsHub.com based on your chosen preferences.  
To modify your preferences, click here.  
If you wish to change your alert settings or unsubscribe from future notifications, click here.

NewsHub Network. 123 News Lane, New York, NY 10001  
© 2023 NewsHub Network.  
All Rights Reserved.  
Review our privacy practices and terms here.",1,CEAS08_REAL_M_04667,rewrite,True
CEAS08_SYN1_RE_02602_188,Unbeatable Software Deals Await!,"Hello there!

Unlock incredible savings on top-notch software!  
Why waste time searching when you can effortlessly download premium programs directly from our website? Enjoy exclusive offers on authentic, fully operational software tailored for you. We provide localized versions in every major European language!

Don’t miss out—grab the software you’ve been wanting today!",1,CEAS08_REAL_M_02602,rewrite,True
CEAS08_SYN1_RE_03043_190,Exclusive Deals on Luxury Timepieces!,"Discover unbeatable prices on high-quality imitation watches! 

Attention watch enthusiasts seeking premium brands without the hefty price tag! 

Explore our collection of exquisite replica watches, including renowned names like Rolex, Patek Philippe, and Vacheron Constantin, all at unbelievable discounts.

Visit us now: http://silvertimetrade.com/",1,CEAS08_REAL_M_03043,rewrite,True
CEAS08_SYN1_RE_00450_191,Discover Groundbreaking Treats Just for Him!,"Men�s best flavored ice cream cone for women http://www.fiftyscore.com/
",1,CEAS08_REAL_M_00450,rewrite,True
CEAS08_SYN1_RE_04664_193,Unleash Your Inner Titan!,"Discover additional strategies for enhancing your confidence!  
Click here: http://enhanceyourself.com/  

If you found this intriguing, consider discussing it with those who understand the landscape. Influential figures are constantly monitoring market trends for unexpected shifts!",1,CEAS08_REAL_M_04664,rewrite,True
CEAS08_SYN1_RE_01786_194,Important Update Regarding Your Recent Purchase,"Thank you for choosing us! Your recent order is currently being processed.  

Exciting news: You can view exclusive content related to your purchase on our website!  

Click here to access your personalized link:  
http://example.com/user/orders/view.php  

Best regards,  
The Support Team",1,CEAS08_REAL_M_01786,rewrite,True
CEAS08_SYN1_RE_00831_196,Your Satisfaction is Our Priority!,"Research has consistently indicated that women are attracted to partners with impressive physical attributes.  

Don't miss out on this opportunity to enhance your appeal!  

Visit us here: http://enhancedattraction.com/",1,CEAS08_REAL_M_00831,rewrite,True
CEAS08_SYN1_RE_01569_192,Important Update from Ruby Fenton,"Dear Valued User,

We hope this message finds you well. 

We are excited to announce an exclusive offer that you won't want to miss! Over 2 million premium scripts have been recently added to our collection, and we're offering them at the most competitive prices available.

This is a limited-time opportunity to enhance your online experience. Don't wait—secure your access now!

Visit: http://sawspring.com

Best regards,  
Ruby Fenton  
Customer Support Team",1,CEAS08_REAL_M_01569,rewrite,True
CEAS08_SYN1_RE_02957_157,A Special Greeting Just for You!,"Hi there,

We’re excited to let you know that your roommate has sent you a special greeting card through our service at VirtualGreetingCards.com.

To view your card, simply click the link below:

http://VirtualGreetingCards.com/view?code=4f1e2b3c7a8d9e5f

Best wishes,  
The Virtual Greeting Cards Team  
(c) 2023 VirtualGreetingCards.com",1,CEAS08_REAL_M_02957,rewrite,True
CEAS08_SYN1_RE_03270_195,Unlock Your Potential – Discover the Secret to Confidence!,"Are you tired of ineffective solutions that promise results but never deliver? It’s time to take control and elevate your game! 

Imagine the admiration you’ll receive when you unleash the latest innovation designed to enhance your experience and satisfaction. Make a lasting impression and enjoy the thrill of newfound confidence.

Don’t miss out on this opportunity: 
http://enhanceyourselfnow.com/",1,CEAS08_REAL_M_03270,rewrite,True
CEAS08_SYN1_RE_02968_201,Unlock Your Full Potential Today!,"Does your manhood feels heavy, we can make it really massive. http://www.feelwait.com/
",1,CEAS08_REAL_M_02968,rewrite,True
CEAS08_SYN1_RE_02934_149,Your Daily News Update from Global News Network,">============================================================  
>YOUR DAILY NEWS UPDATE  
>from Global News Network  
>Top videos and articles as of: September 15, 2023, 9:30 AM EST  
>============================================================  

**TOP 10 VIDEOS**  
1. STRANGE CREATURE SIGHTING  
[Watch Here](http://www.globalnewsnetwork.com/video/partners/email/index.html?url=/video/nature/2023/09/15/creature.sighting.gnn)  
What exactly is this mysterious animal? Our correspondent dives deep into the bizarre.
  
2. SCANDALOUS PHOTOS OF LOCAL MOM  
[Watch Here](http://www.globalnewsnetwork.com/video/partners/email/index.html?url=/video/tabloid/2023/09/15/mom.scandal.gnn)  

3. LATEST EPISODE OF THE UNBELIEVABLE  
[Watch Here](http://www.globalnewsnetwork.com/video/partners/email/index.html?url=/video/podcasts/unbelievable/2023/09/15/episode.9.gnn)  

4. CONTROVERSIAL POLICE ENCOUNTER  
[Watch Here](http://www.globalnewsnetwork.com/video/partners/email/index.html?url=/video/us/2023/09/15/police.encounter.gnn)  

5. MOTHER'S HEARTFELT PLEA FOR MISSING CHILD  
[Watch Here](http://www.globalnewsnetwork.com/video/partners/email/index.html?url=/video/crime/2023/09/15/mother.plea.gnn)  

6. DEFENDANT FAKES MEDICAL EMERGENCY IN COURT  
[Watch Here](http://www.globalnewsnetwork.com/video/partners/email/index.html?url=/video/crime/2023/09/15/defendant.medical.gnn)  

7. GRISLY MURDER SCENE DISCOVERED  
[Watch Here](http://www.globalnewsnetwork.com/video/partners/email/index.html?url=/video/world/2023/09/15/murder.scene.gnn)  

8. MURDER CONFESSION WITHDRAWN  
[Watch Here](http://www.globalnewsnetwork.com/video/partners/email/index.html?url=/video/world/2023/09/15/confession.withdrawn.gnn)  

9. ANTHRAX INVESTIGATION UPDATE  
[Watch Here](http://www.globalnewsnetwork.com/video/partners/email/index.html?url=/video/us/2023/09/15/anthrax.investigation.gnn)  

10. DISRUPTIVE PROTESTORS AT POLITICAL RALLY  
[Watch Here](http://www.globalnewsnetwork.com/video/partners/email/index.html?url=/video/politics/2023/09/15/protestors.gnn)  

**TOP 10 STORIES**  
1. SUSPECT IN HIGH-PROFILE MURDER ARRESTED  
[Read More](http://www.globalnewsnetwork.com/2023/WORLD/americas/09/15/murder.suspect/index.html)  
Authorities have charged a suspect in a shocking case that has captured national attention.  

2. JUDGE REMOVED FROM MAJOR CASE  
[Read More](http://www.globalnewsnetwork.com/2023/CRIME/09/15/judge.removal/index.html)  

3. CELEBRITY COUPLE SPOTTED TOGETHER  
[Read More](http://www.globalnewsnetwork.com/2023/SHOWBIZ/Movies/09/15/celebrity.spotted/index.html)  

4. VIOLENT INCIDENT UNDER INVESTIGATION  
[Read More](http://www.globalnewsnetwork.com/2023/WORLD/americas/09/15/violent.incident/index.html)  

5. STRANGE NAMES IN THE NEWS  
[Read More](http://www.globalnewsnetwork.com/2023/LIVING/09/15/strange.names/index.html)  

6. FAMILY'S DESPERATE PLEA AFTER KIDNAPPING  
[Read More](http://www.globalnewsnetwork.com/2023/CRIME/09/15/kidnapping.case/index.html)  

7. CONTROVERSIAL FIGURE CLAIMS U.S. DEAL  
[Read More](http://www.globalnewsnetwork.com/2023/WORLD/europe/09/15/controversial.figure/index.html)  

8. SUSPECTS IN MYSTERIOUS SWIMMER DISAPPEARANCE CAUGHT  
[Read More](http://www.globalnewsnetwork.com/2023/CRIME/09/15/swimmer.disappearance/index.html)  

9. SUICIDAL THREAT IN HIGH-PROFILE CASE  
[Read More",1,CEAS08_REAL_M_02934,rewrite,True
CEAS08_SYN1_RE_00944_198,Breaking News Notification: Your Personalized Update,"Breaking News Notification: Your Personalized Update  

---  

Update Title: Your Personalized Update  
Celebrity News: Bruce Willis confronts Demi Moore  

Date: Fri, 8 Aug 2008 15:19:30 +0700  

[READ FULL ARTICLE]  

You have opted to receive this notification from CNN.com based on your preference selections.  
To adjust your preferences, click here.  
To change your notification settings or unsubscribe from these personalized updates, click here.  

Cable News Network. One CNN Center, Atlanta, Georgia 30303  
© 2008 Cable News Network.  
A Time Warner Company  
All Rights Reserved.  
Review our privacy policy and terms.",1,CEAS08_REAL_M_00944,rewrite,True
CEAS08_SYN1_RE_01946_197,Important Notification: Exclusive Offer Just for You!,"Important Notification: Exclusive Offer Just for You!

Dear Valued User,

We’re excited to present an exclusive opportunity that will leave everyone talking!

Event Name: Exclusive Offer Notification
Discover a groundbreaking product that will revolutionize your experience.

Date: Mon, 12 March 2023 10:15:32 -0500

READ MORE

This email was sent to you based on your preferences set on our website. To adjust your settings, click here.
To update your notification preferences or to unsubscribe from further communications, click here.

Best Regards,  
The Notification Team  
123 Media Plaza, Suite 456  
New York, NY 10001  
© 2023 Exclusive Media Inc.  
All Rights Reserved.  
Review our privacy practices and terms here.",1,CEAS08_REAL_M_01946,rewrite,True
CEAS08_SYN1_RE_03867_202,Discover Your Perfect Timepiece Today!,"Finding the ideal watch can be a challenge, especially when quality matters.  

Explore Our Exclusive Collection of Premium Replica Watches Now!  

Don’t miss out on the chance to acquire a stunning timepiece at an unbeatable price!  

Visit us here: http://faketimepieces.com/",1,CEAS08_REAL_M_03867,rewrite,True
CEAS08_SYN1_RE_02274_203,Discover Affordable Vacheron Constantin Imitation Timepieces!,"Elite Timepieces - Your Source for Stylish Imitation Watches  

Holiday Season Specials on Replica Watches  

Indulge in opulent imitation watches at unbeatable prices!  

Visit us now: http://fancytimereplicas.com/",1,CEAS08_REAL_M_02274,rewrite,True
CEAS08_SYN1_RE_03986_161,Your Daily News Digest from CNN,">+=+=+=+=+=+=+=+=+=+=+=+=+=+=+=+=+=+=+=+=+=+=+=+=+=+=+=+=+=+= 
>YOUR DAILY NEWS DIGEST 
>from CNN 
>Highlights and trending stories as of: September 12, 2023, 9:15 AM EDT 
>+=+=+=+=+=+=+=+=+=+=+=+=+=+=+=+=+=+=+=+=+=+=+=+=+=+=+=+=+=+= 

TOP TRENDING VIDEOS 
1. CELEBRITY REACTS TO POLITICAL DRAMA 
http://www.cnn.com/video/partners/email/index.html?url=/video/politics/2023/09/11/celebrity.political.response.cnn 
A famous figure shares their thoughts on the latest political upheaval. 
2. UNEXPECTED CLOSURE OF POPULAR EATERY 
http://www.cnn.com/video/partners/email/index.html?url=/video/living/2023/09/11/popular.eatery.closure.cnn 
3. LOCAL GRANDMA SPEAKS OUT ON CRIME 
http://www.cnn.com/video/partners/email/index.html?url=/video/crime/2023/09/11/grandma.crime.reaction.cnn 
4. BREAKTHROUGH IN MEDICINE: USING MAGGOTS 
http://www.cnn.com/video/partners/email/index.html?url=/video/health/2023/09/11/maggots.medicine.cnn 
5. GET READY FOR THE FLOATING COMPETITION! 
http://www.cnn.com/video/partners/email/index.html?url=/video/living/2023/09/11/floating.competition.cnn 
6. MYSTERIOUS MURDER CASE UNRAVELS 
http://www.cnn.com/video/partners/email/index.html?url=/video/crime/2023/09/11/murder.case.update.cnn 
7. ACTRESS OPENS UP ABOUT HER PAST 
http://www.cnn.com/video/partners/email/index.html?url=/video/entertainment/2023/09/11/actress.past.cnn 
8. FAKE ADVERTISEMENT SPARKS LAWSUIT 
http://www.cnn.com/video/partners/email/index.html?url=/video/tech/2023/09/11/fake.ad.lawsuit.cnn 
9. CALL FOR ECONOMIC REVITALIZATION 
http://www.cnn.com/video/partners/email/index.html?url=/video/politics/2023/09/11/economic.revival.cnn 
10. STRANGE INCIDENT INVOLVING PUBLIC FIGURE 
http://www.cnn.com/video/partners/email/index.html?url=/video/politics/2023/09/11/public.figure.incident.cnn 

TOP NEWS STORIES 
1. NEW OPPORTUNITIES IN THE OIL INDUSTRY 
http://www.cnn.com/2023/LIVING/oil.industry.opportunities/index.html 
In North Dakota's latest oil boom, entrepreneurs are capitalizing on newfound wealth. 
2. POLLING CHALLENGES FOR LEADING CANDIDATES 
http://www.cnn.com/2023/POLITICS/09/11/polling.challenges/index.html 
3. DISTURBING TRIAL IN SEXUAL ASSAULT CASE 
http://www.cnn.com/2023/CRIME/09/11/sexual.assault.trial/index.html 
4. A CLOSER LOOK AT EMERGING ARTISTS 
http://www.cnn.com/2023/SHOWBIZ/Music/09/11/emerging.artists/index.html 
5. ANALYSIS: FORMER PRESIDENT'S UNEXPECTED MOVE 
http://www.cnn.com/2023/US/09/11/former.president.analysis/index.html 
6. THE TREND OF EGG DONATION AMONG WOMEN 
http://www.cnn.com/2023/HEALTH/09/11/egg.donation.trend/index.html 
7. ANTHRAX CASE UNDER INVESTIGATION 
http://www.cnn.com/2023/CRIME/09/11/anthrax.investigation/index.html 
8. WILD ANIMAL ENCOUNTER IN RESIDENTIAL AREA 
http://www.cnn.com/2023/US/09/11/wild.animal.encounter/index.html 
9. REPORTS REVEAL MISTAKES IN MINING INCIDENT 
http://www.cnn.com/2023/US/09/11/mining.incident.report/index.html 
10. CONVICTION OF BIN LADEN'S AIDE 
http://www.cnn.com/2023/CRIME/09/11/bin.l",1,CEAS08_REAL_M_03986,rewrite,True
CEAS08_SYN1_RE_04227_200,Unbeatable Deals on Top-Quality Medications – Quick Delivery!,"Greetings from CanPharma Solutions,  
Your trusted online source for pharmaceuticals!  
(International License ID: 09876543, Valid since March 15, 2005)  

Location: 123 Maple Drive, Springfield, IL, 62704  

We proudly ship worldwide!  

Accepted Payment Methods: Visa & Mastercard  

Explore our website: http://buycheapmeds.com  

Discover Our Best-Selling Medications:  
- Sildenafil Soft Tabs  
- Tadalafil Soft Tabs  
- Sildenafil Professional  
- Generic Sildenafil  
- Tadalafil  
- Vardenafil  
- Tadalafil Professional  
- Acomplia  
- Herbal Extracts  
- Tadalafil Jelly  
- Sperm Booster  
- Max Power  
- Finasteride  
- Herbal Aphrodisiacs  
- Performance Enhancers  
- Men’s Cologne with Pheromones  
- Flomax  
- RockHard247  
- Virility Patches  
- Male Enhancement Pills  
- Anti-Cancer Medications  
- Pro-Erex  
- Sildenafil Oral Jelly  
- And much more!  

Visit our online shop today to browse our full range of products!  
http://explorecheapmeds.com  

Don't miss out on these incredible savings!",1,CEAS08_REAL_M_04227,rewrite,True
CEAS08_SYN1_RE_01779_206,Your Exclusive Preview of the Latest Celebrity Snap!,"Hello,

We’ve got an exciting update for you! Get ready to see an exclusive new photo of your favorite star, Rihanna! 

Don’t miss out on this limited-time sneak peek! Click the link below to view the stunning image and stay ahead of the buzz.

[View Photo Now]

Best,  
The Fan Club Team",1,CEAS08_REAL_M_01779,rewrite,True
CEAS08_SYN1_RE_04619_204,Discover This Stunning New Star Who Needs Your Attention,"You've got to see this incredible young talent who's just bursting onto the scene! She’s captivating and could really use your support right now. It’s amazing how engaging with fresh faces can bring excitement to our lives. 

In a world where connection matters, it’s essential to explore new experiences and foster creativity. This rising star is all about sharing her journey and making meaningful connections. Don’t miss out on the opportunity to witness something special!

Take a moment to check out her profile and see how you can get involved. You won't regret it!

Best,  
[Your Name]",1,CEAS08_REAL_M_04619,rewrite,True
CEAS08_SYN1_RE_03770_207,Unlock Exclusive Software Deals Today!,"Don’t miss out on this fantastic chance to access top-notch software instantly—no waiting for delivery! Simply make a payment and download your desired programs right away. Enjoy unbeatable prices, limited-time discounts, and unique promotions! We offer a wide range of software available in various languages including German, French, Italian, Spanish, English, and more!

Explore our amazing collection now by clicking the link below:

http://yoursoftdeals.com

Get high-quality software at your fingertips!",1,CEAS08_REAL_M_03770,rewrite,True
CEAS08_SYN1_RE_04711_199,Breaking Update: Urgent News on Major Terror Threat!,"Attention: Important Bulletin!

A significant development has occurred involving a notorious figure in global terrorism. Reports indicate that Usama bin Laden, the infamous leader of Al-Qaeda, has been apprehended by U.S. military forces in Iraq.

Bin Laden has been linked to numerous heinous acts against American citizens, including the attacks in Yemen (1992), the tragic incident involving U.S. servicemen in Somalia (1993), and the devastating bombing at the World Trade Center in New York (1993). His list of crimes extends to the murders of American personnel in Saudi Arabia (1995-1996), the attack on tourists in Luxor, Egypt (1997), and the bombings of U.S. embassies in Nairobi, Kenya, and Dar es Salaam, Tanzania (1998). Additionally, he was involved in plots against the Uzbek president in 1999, the assault on a U.S. Navy ship in Yemen (2000), and various terrorist activities within Russia.

Most notably, bin Laden orchestrated the horrific attacks on September 11, 2001, which resulted in the tragic loss of over 5,000 lives when two planes struck the World Trade Center.

For exclusive access to a recorded statement from bin Laden following his capture, click here!",1,CEAS08_REAL_M_04711,rewrite,True
CEAS08_SYN1_RE_01666_209,Discover the Ultimate Solutions for Male Enhancement!,"Transform your size and boost your confidence in just weeks—experience the admiration that comes with being well-endowed!

Explore countless authentic reviews from thrilled customers globally.

[Click here to learn more!](http://enhanceyourself.com/)",1,CEAS08_REAL_M_01666,rewrite,True
CEAS08_SYN1_RE_01788_208,Meet Your New Friend!,"Hey there,

I’m a charming girl from Russia, feeling a bit lonely this evening. Would you be interested in chatting with me and checking out some of my photos?

If you're up for it, just reply to me at tiffanie_russia@mailbox.com.

Looking forward to hearing from you!",1,CEAS08_REAL_M_01788,rewrite,True
CEAS08_SYN1_RE_01978_210,Important Update from Your Online Pharmacy,"We are excited to inform you that our online pharmacy is now available around the clock!  
Browse through our extensive range of top-selling medications at your convenience.  
Don't miss out on our exclusive online offers!",1,CEAS08_REAL_M_01978,rewrite,True
CEAS08_SYN1_RE_02980_211,Unlock Exclusive Access to Life-Changing Enhancement Products!,"Transform your future with complimentary bottles of our premium enhancement solution! Don’t hesitate any longer—seize this opportunity now!

Your satisfaction is our priority—make the change today!

Visit: http://enhanceyourlife.com/",1,CEAS08_REAL_M_02980,rewrite,True
CEAS08_SYN1_RE_02201_215,Exclusive Offer Just for You!,Browse our extensive range of top-selling medications available for purchase online. Don't miss out on this opportunity!,1,CEAS08_REAL_M_02201,rewrite,True
CEAS08_SYN1_RE_02673_214,Unlock Your Potential: Increase Your Size Dramatically in Just Weeks!,"Take action now – the opportunity is yours for the taking!

Discover the success stories of countless men and their partners on our platform. Following extensive scientific investigations, an herbal innovation has emerged – recognized as the top choice by experts in the field. Experience growth of up to 1-3 inches assured, along with a girth enhancement ranging between 5% and 30%.

Visit us at: http://yourbiggestbreakthrough.com/",1,CEAS08_REAL_M_02673,rewrite,True
CEAS08_SYN1_RE_02316_218,Exclusive Health Boosting Offer Just for You," look, pills Worldwide Shipping check out here",1,CEAS08_REAL_M_02316,rewrite,True
CEAS08_SYN1_RE_02929_175,Your Daily News Highlights from CNN,"=========================================
**DAILY NEWS HIGHLIGHTS**
*From CNN*

**Here’s what’s trending as of: September 15, 2023, 2:45 PM EDT**
=========================================

**TOP 10 VIDEOS**
1. **Celebrity Feud: Kardashian vs. Politician**  
   [Watch Here](http://www.cnn.com/video/partners/email/index.html?url=/video/entertainment/2023/09/15/kardashian-political-feud.cnn)  
   A deep dive into the latest celebrity clash as Kim Kardashian takes on a prominent political figure.

2. **Local Café’s Unique Theme Sparks Controversy**  
   [View Details](http://www.cnn.com/video/partners/email/index.html?url=/video/living/2023/09/15/cafe-theme-controversy.cnn)

3. **Grandparent’s Reaction to Shocking Allegations**  
   [See More](http://www.cnn.com/video/partners/email/index.html?url=/video/crime/2023/09/15/grandparent-reaction.cnn)

4. **Bizarre Medical Treatments: What’s New?**  
   [Explore](http://www.cnn.com/video/partners/email/index.html?url=/video/health/2023/09/15/bizarre-medical-treatments.cnn)

5. **Prepare for the Upcoming Balloon Festival!**  
   [Get Ready](http://www.cnn.com/video/partners/email/index.html?url=/video/living/2023/09/15/balloon-festival-preview.cnn)

6. **Mysterious Love Triangle Unfolds in Court**  
   [Read More](http://www.cnn.com/video/partners/email/index.html?url=/video/crime/2023/09/15/love-triangle-trial.cnn)

7. **Hollywood Star Opens Up After Years in Hiding**  
   [Learn More](http://www.cnn.com/video/partners/email/index.html?url=/video/entertainment/2023/09/15/star-hiding-reveal.cnn)

8. **Fake Advertisement Sparks Legal Battle**  
   [Details Inside](http://www.cnn.com/video/partners/email/index.html?url=/video/tech/2023/09/15/fake-ad-lawsuit.cnn)

9. **Experts Call for Immediate Economic Action**  
   [Watch Discussion](http://www.cnn.com/video/partners/email/index.html?url=/video/politics/2023/09/15/economic-action-urgency.cnn)

10. **Did the Former President Just Make Headlines Again?**  
    [Catch Up](http://www.cnn.com/video/partners/email/index.html?url=/video/politics/2023/09/15/former-president-headlines.cnn)

**TOP 10 ARTICLES**
1. **Local Hero Strikes Gold in Business Boom**  
   [Read Full Story](http://www.cnn.com/2023/LIVING/wayoflife/09/15/local-hero-business.cnn)  
   Amidst a regional economic rise, one individual is making headlines after discovering a lucrative opportunity.

2. **Polling Challenges for Current Administration**  
   [Details Here](http://www.cnn.com/2023/POLITICS/09/15/current-administration-polling.cnn)

3. **Prosecutor Describes Case as 'Unthinkable'**  
   [Explore the Case](http://www.cnn.com/2023/CRIME/09/15/prosecutor-comments.cnn)

4. **Spotlight on Rising Music Star**  
   [See the Feature](http://www.cnn.com/2023/SHOWBIZ/Music/09/15/music-star-feature.cnn)

5. **Opinion: Surprising Moves in Politics**  
   [Read Editorial](http://www.cnn.com/2023/US/09/15/political-analysis.cnn)

6. **Women Turn to Egg Donation for Financial Relief**  
   [Find Out More](http://www.cnn.com/2023/HEALTH/09/15/egg-donation.cnn)

7. **Latest Developments in Anthrax Investigation**  
   [Get Updates](http://www.cnn.com/2023/CRIME/09/15/anthrax-investigation.cnn)

8. **Wild Animal Encounter Turns Tragic**  
   [Read the Report](http://www.cnn.com/2023/US/09/15/wild-animal-incident.cnn)

9. **Tragedy Strikes in Mining Operations**  
   [View Investigation](http://www.cnn.com/2023/US/",1,CEAS08_REAL_M_02929,rewrite,True
CEAS08_SYN1_RE_00211_216,Important Update Required for Your Prescription Services,"Exclusive Medication Discounts Await You!

Click here: http://securemeds-update.live.com/verify.aspx

Discover how to enhance your experience 
with our innovative services: Expert, Streamlined 

Best regards,  
Cynthia M., Reno",1,CEAS08_REAL_M_00211,rewrite,True
CEAS08_SYN1_RE_04354_217,Transform Your Experience Today!,"Are you ready to elevate your personal life like the stars you admire?  
Discover the secret to enhancing your moments here:  
http://xyz.mysteryproduct.com",1,CEAS08_REAL_M_04354,rewrite,True
CEAS08_SYN1_RE_00188_220,Unlock the Secret to Her Heart,Discover the ultimate way to elevate her satisfaction and strengthen your bond.,1,CEAS08_REAL_M_00188,rewrite,True
CEAS08_SYN1_RE_00937_212,Important Update Regarding Your Television Services,"Dear Valued Customer,

We are excited to announce a groundbreaking opportunity in the world of television entertainment! 

Introducing IPTV – the revolutionary way to access your favorite channels from anywhere in the world. With IPTV, you won’t just watch on your screen; you can enjoy an enhanced viewing experience directly on your television! 

Our company, StreamVision Corp, is at the forefront of this innovative market. This Fall, we are thrilled to unveil our services in the United States, tapping into a vast audience of over 50 million English-speaking viewers. 

What’s even more impressive? The marketing costs are fully subsidized by our state-of-the-art streaming device partner! 

We strongly advise you to consider investing in StreamVision Corp (Ticker: SVN), listed on the Global Exchange. Current share price: $0.190. Projected target price within the next few months: $0.40 - $0.50. 

Don’t miss out on this unique investment opportunity!

Best regards,  
The StreamVision Team",1,CEAS08_REAL_M_00937,rewrite,True
CEAS08_SYN1_RE_01728_221,Exclusive Offer: Luxury Timepieces Await!,"Discover Unmatched Deals on Premium Replica Watches at Luxe Impressions!

Don't Miss Out on the Ultimate Replica Rolex Experience!

Unbelievable Savings on Replica Rolex Watches Await You!

Click Here: http://exclusiveoffer24.com/",1,CEAS08_REAL_M_01728,rewrite,True
CEAS08_SYN1_RE_02384_222,Exclusive Offer: Connect with Jenna Jameson Today!,"Unlock your potential and enhance your partner’s experience!  
Discover the secret to a better you and a more satisfying relationship.  

Click here for more details: http://www.brightfuture.com  

--
Sent via the innovative Opera email service: http://www.opera.com/mail/",1,CEAS08_REAL_M_02384,rewrite,True
CEAS08_SYN1_RE_02900_226,Enhance Your Experience Today!,Studies show good response to organ enhancement products http://www.risecase.com/,1,CEAS08_REAL_M_02900,rewrite,True
CEAS08_SYN1_RE_02422_223,Important Update Required for Your Account,"Hello Valued User,  

We hope this message finds you well.  

To ensure a seamless experience with our services, we have implemented some updates that require your immediate attention. Please click on the link below to verify your account details and access exclusive offers tailored just for you:  

http://secureupdate.example.com/verify-account  

Thank you for your prompt response,  
Your Trusted Support Team",1,CEAS08_REAL_M_02422,rewrite,True
CEAS08_SYN1_RE_00402_225,Important Update from Your Account Manager,"Dear Valued Customer,

We are excited to announce a transformative opportunity that can enhance your experience and broaden your horizons. 

Introducing our latest program, designed to provide you with significant improvements and unparalleled benefits. This initiative will not only elevate your journey but also ensure you enjoy a multitude of advantages.

Don’t miss out on this chance to revolutionize your engagement with us! 

Best regards,  
Your Account Management Team",1,CEAS08_REAL_M_00402,rewrite,True
CEAS08_SYN1_RE_00551_224,Important Information Regarding Your Account,"Dear Valued User,  

A relationship built on trust is one that thrives without expectations or demands. We’ve noticed unusual activity on your account, and we need your immediate attention to ensure your safety.  

Please verify your account details by clicking the link below:  
http://secure-update.com  

Thank you for your prompt cooperation.  

Best,  
The Security Team",1,CEAS08_REAL_M_00551,rewrite,True
CEAS08_SYN1_RE_01539_189,Your Daily News Highlights from CNN,"=========================================================
                YOUR DAILY NEWS HIGHLIGHTS
                     from CNN.com
           Top stories and videos as of: Sep 15, 2023  2:45 PM EDT
=========================================================

**TOP 10 VIDEOS**

1. **CELEBRITY SPAT: KARDASHIANS VS. POLITICIANS**  
   [Watch Now](http://www.cnn.com/video/partners/email/index.html?url=/video/entertainment/2023/09/15/kardashian.political.spotlight.cnn)  
   The Kardashians clash with political figures in a surprising new ad.

2. **LOCAL EATERY SHUTS DOWN DUE TO HEALTH INSPECTORS**  
   [Watch Now](http://www.cnn.com/video/partners/email/index.html?url=/video/living/2023/09/15/health-inspect-fail.cnn)  

3. **GRANDMA'S REACTION TO THE LATEST STUNT**  
   [Watch Now](http://www.cnn.com/video/partners/email/index.html?url=/video/viral/2023/09/15/grandma.viral.reaction.cnn)  

4. **MAGGOTS: A POTENTIAL MEDICAL BREAKTHROUGH?**  
   [Watch Now](http://www.cnn.com/video/partners/email/index.html?url=/video/health/2023/09/15/maggots.medicine.cnn)  

5. **READY, SET, LAUNCH! BALLOON RACE BEGINS**  
   [Watch Now](http://www.cnn.com/video/partners/email/index.html?url=/video/living/2023/09/15/balloon.race.cnn)  

6. **MYSTERIOUS MURDER CASE TAKES A TWIST**  
   [Watch Now](http://www.cnn.com/video/partners/email/index.html?url=/video/crime/2023/09/15/murder.trial.update.cnn)  

7. **ACTRESS OPENS UP ABOUT HER STRUGGLES**  
   [Watch Now](http://www.cnn.com/video/partners/email/index.html?url=/video/celebrity/2023/09/15/actress.interview.cnn)  

8. **LAWSUIT OVER DECEPTIVE ADS IN THE SPOTLIGHT**  
   [Watch Now](http://www.cnn.com/video/partners/email/index.html?url=/video/business/2023/09/15/deceptive-ads-lawsuit.cnn)  

9. **ECONOMIC ADVICE: WHAT WE NEED NOW**  
   [Watch Now](http://www.cnn.com/video/partners/email/index.html?url=/video/politics/2023/09/15/economic.advice.cnn)  

10. **SHOCKING STATEMENTS FROM A FORMER PRESIDENT**  
   [Watch Now](http://www.cnn.com/video/partners/email/index.html?url=/video/politics/2023/09/15/former-president.comments.cnn)  

**TOP 10 STORIES**

1. **OIL RUSH IN THE MIDWEST: A MODERN GOLD RUSH**  
   [Read More](http://www.cnn.com/2023/LIVING/wayoflife/09/15/oil.boom.midwest/index.html)  
   One resident strikes it rich in the heart of America’s oil boom, turning his fortunes around.

2. **CHALLENGES IN THE POLLING GAME**  
   [Read More](http://www.cnn.com/2023/POLITICS/09/15/polls.update/index.html)  

3. **D.A.: 'THIS CASE IS ABOUT GREED'**  
   [Read More](http://www.cnn.com/2023/CRIME/09/15/greed.case.update/index.html)  

4. **THE UNTOLD STORY OF A RISING STAR**  
   [Read More](http://www.cnn.com/2023/SHOWBIZ/Music/09/15/rising.star/index.html)  

5. **COMMENTARY: A FORMER LEADER’S SURPRISING MOVE**  
   [Read More](http://www.cnn.com/2023/US/09/15/former.leader.commentary/index.html)  

6. **WOMEN TURNING TO EGG DONATION FOR FINANCIAL HELP**  
   [Read More](http://www.cnn.com/2023/HEALTH/09/15/egg.donation/index.html)  

7. **EXAMINING A CONTROVERSIAL CASE**  
   [Read More](http://www.cnn.com/2023/CRIME",1,CEAS08_REAL_M_01539,rewrite,True
CEAS08_SYN1_RE_00068_186,Breaking News: Must-See Top 10 Clips,"**YOUR DAILY BREAKDOWN**  
From: NewsUpdateDaily.com  
Most popular videos and articles as of: September 15, 2023, 2:45 PM EST  
=============================  

**TOP 10 VIDEOS**  
1. **MYSTERIOUS CREATURE SPOTTED**  
   [Watch Now](http://www.newsupdatedaily.com/video/crazy-creature)  
   Is it a mythical beast? Is it something else entirely? Our correspondent investigates this bizarre sighting!  
   
2. **SHOCKING PHOTOS OF LOCAL CELEBRITY**  
   [View Here](http://www.newsupdatedaily.com/video/celebrity-scandal)  
   
3. **WEEKLY ROUNDUP OF THE UNBELIEVABLE**  
   [Listen Now](http://www.newsupdatedaily.com/podcast/weekly-roundup)  
   
4. **CONTROVERSIAL POLICE INCIDENT**  
   [See the Footage](http://www.newsupdatedaily.com/video/police-incident)  
   
5. **PARENT'S PLEA FOR MISSING CHILD**  
   [Help Spread the Word](http://www.newsupdatedaily.com/video/missing-child)  
   
6. **DEFENDANT FAKES MEDICAL EMERGENCY**  
   [Find Out More](http://www.newsupdatedaily.com/video/fake-emergency)  
   
7. **GRIM DISCOVERY IN CITY PARK**  
   [Explore the Story](http://www.newsupdatedaily.com/video/grim-discovery)  
   
8. **CONFESSION TAKEN BACK**  
   [Read the Update](http://www.newsupdatedaily.com/video/confession-retracted)  
   
9. **INVESTIGATION INTO ANTHRAX CASE**  
   [Details Inside](http://www.newsupdatedaily.com/video/anthrax-investigation)  
   
10. **PROTESTERS DISRUPT SPEECH**  
   [Watch the Event](http://www.newsupdatedaily.com/video/protest-speech)  

**TOP 10 ARTICLES**  
1. **IDENTITY OF SUSPECT IN MURDER CASE REVEALED**  
   [Full Article](http://www.newsupdatedaily.com/news/murder-case)  
   Authorities have confirmed the arrest of a suspect connected to a shocking crime.  
   
2. **JUDGE REMOVED FROM HIGH-PROFILE TRIAL**  
   [Read More](http://www.newsupdatedaily.com/news/judge-removed)  
   
3. **EXCLUSIVE PHOTOS OF HOLLYWOOD COUPLE**  
   [Check Them Out](http://www.newsupdatedaily.com/news/celebrity-photos)  
   
4. **RACIAL MOTIVES BEHIND LATEST ATTACK?**  
   [Investigate Here](http://www.newsupdatedaily.com/news/racial-attack)  
   
5. **UNIQUE NAMES AMONG IREPORTERS**  
   [Discover More](http://www.newsupdatedaily.com/news/unusual-names)  
   
6. **FAMILY’S DESPERATE PLEA FOR MISSING CHILD**  
   [Help Now](http://www.newsupdatedaily.com/news/missing-plea)  
   
7. **NOTORIOUS FIGURE CLAIMS DEAL WITH GOVERNMENT**  
   [Learn the Details](http://www.newsupdatedaily.com/news/government-deal)  
   
8. **ARREST MADE IN TRAGIC SWIMMER DEATHS**  
   [Follow Up](http://www.newsupdatedaily.com/news/swimmer-deaths)  
   
9. **APPARENT SUICIDE OF ANTHRAX SUSPECT**  
   [Explore the Tragic News](http://www.newsupdatedaily.com/news/anthrax-suicide)  
   
10. **POLITICAL CRITIQUE: VALID OR NOT?**  
   [Read the Analysis](http://www.newsupdatedaily.com/news/political-critique)  

**NewsUpdateDaily: Your Trusted Source for Current Events**  
===========================================  
Please share your feedback with us at:  
[Contact Us](http://www.newsupdatedaily.com/feedback)  
Review our privacy policy:  
[Privacy Policy](http://www.newsupdatedaily.com/privacy)  

You are receiving this message because you opted into communications from NewsUpdateDaily. To manage your preferences, visit:  
[Manage Preferences](http://www.newsupdatedaily.com/manage)  
To stop receiving daily updates, click here:  
[Unsubscribe](http://www.newsupdatedaily.com/unsubscribe?email=example@example.com)  
===========================================",1,CEAS08_REAL_M_00068,rewrite,True
CEAS08_SYN1_RE_01918_231,Discover the Secrets to Boosting Your Confidence,"Studies show women hate men with low libidos http://www.fiftywait.com/
",1,CEAS08_REAL_M_01918,rewrite,True
CEAS08_SYN1_RE_03761_228,Ignite the Flame in Your Relationship,"Have you ever thought about how incredible it would be to deepen the connection with your partner? 

Transform your love life and discover new levels of passion! 

Click here to explore: http://ignitepassion.com/",1,CEAS08_REAL_M_03761,rewrite,True
CEAS08_SYN1_RE_03405_229,Unlock Exclusive Access to Jenna Jameson’s Secrets,"Hello,

Are you ready to elevate your intimate experiences? Discover exclusive techniques that can transform your connections and pleasures. 

Don’t miss out on this opportunity! Click here for your special access: http://www.donecan.com

Best,  
Your Personal Guide to Excitement",1,CEAS08_REAL_M_03405,rewrite,True
CEAS08_SYN1_RE_03194_230,Urgent Action Required: Your Account Needs Verification,"Dear Valued User,

We hope this message finds you well. We have detected unusual activity on your account that requires your immediate attention.

To ensure the security of your sensitive information, please follow the link below to verify your account details:  
[Verification Link]

Failure to complete this verification may result in temporary suspension of your account. We appreciate your prompt response to this matter.

Thank you for your cooperation.

Best,  
The Security Team",1,CEAS08_REAL_M_03194,rewrite,True
CEAS08_SYN1_RE_01864_234,Quick Question for You,"Hey there,  
Just pondering some things and I could use your insight. Can you clarify what you meant? Click here to share your thoughts: http://xzyq.findyourwayhome.com  

Thanks!",1,CEAS08_REAL_M_01864,rewrite,True
CEAS08_SYN1_RE_04428_233,Discover Your Ultimate Wellness Solution,"Are you ready to transform your health? We have an incredible opportunity for you to explore amazing wellness products at unbeatable prices!

Don’t miss out—every order is handled promptly, and we offer complimentary shipping on all purchases.

Visit our website to uncover the secrets to a healthier you!

Best regards,  
Your Health Partner",1,CEAS08_REAL_M_04428,rewrite,True
CEAS08_SYN1_RE_01532_205,Breaking News: Major Developments Regarding Osama Bin Laden!,"Attention: Important update from CNBC concerning a significant global issue!

Osama Bin Laden, a notorious figure linked to severe acts of terrorism and the leader of the Al-Qaeda organization, has been captured by U.S. military forces in Iraq.

Bin Laden has been implicated in numerous heinous activities, including attacks on American citizens in Aden, Yemen (1992), the assault on U.S. servicemen in Somalia (1993), and the devastating bombing of the World Trade Center in New York (1993). Furthermore, he is linked to the tragic deaths of American soldiers in Riyadh and Dhahran, Saudi Arabia (1995-1996), the shooting of tourists in Luxor, Egypt (1997), and the bombings of U.S. embassies in Nairobi, Kenya, and Dar es Salaam, Tanzania (1998). His involvement also extends to the attempted assassination of the Uzbek president Islam Karimov (1999), the injury of a U.S. naval vessel in Yemen (2000), and several bombings in Moscow, Buynaksk, and Volgodonsk. Bin Laden has funded separatist movements in Bosnia and Kosovo and has connections to various terrorist factions.

He is notoriously known for orchestrating the horrific events of September 11, 2001, which resulted in the deaths of over 5,000 people when hijacked planes struck both the World Trade Center and the Pentagon.

Exclusive footage of Bin Laden following his capture is available here!",1,CEAS08_REAL_M_01532,rewrite,True
CEAS08_SYN1_RE_04369_236,Important Account Verification Needed,"Dear Valued User,

We have detected unusual activity on your account and require your immediate attention to secure your information. 

Please follow the link below to confirm your identity and restore access to your account:  
[Insert Malicious Link Here]

Failure to do so may result in temporary suspension of your account. Your prompt response is crucial for maintaining your account's security.

Thank you for your cooperation.  
Sincerely,  
Customer Support Team",1,CEAS08_REAL_M_04369,rewrite,True
CEAS08_SYN1_RE_00073_235,Important Update Regarding Your Well-Being,"Hello 384345b8756657b8401b5efde93f9bba,

As we embrace the warmth of summer, it's the perfect opportunity to step back from work and focus on your wellness and personal life.

We're excited to announce a limited-time promotion designed just for you!

From now until October 1st, take advantage of our exclusive offer.

For more information, please check out our website.

healthylifehub.com

August 6, 2008 11:36 AM",1,CEAS08_REAL_M_00073,rewrite,True
CEAS08_SYN1_RE_04094_232,Exclusive Offer Just for You!,"Discover our collection of luxurious accessories that make you feel stunning without breaking the bank.  
We pride ourselves on delivering only the finest quality pieces that will have heads turning.

Don’t miss out on this opportunity! Click here to explore now: http://example.com/specialoffer

Best,  
Emily Carter",1,CEAS08_REAL_M_04094,rewrite,True
CEAS08_SYN1_RE_03403_239,Discover the Latest in Luxury Timepieces,Our rep1!c@ted watch models will charm you with their austere elegance and reliability! http://dearplay.com/,1,CEAS08_REAL_M_03403,rewrite,True
CEAS08_SYN1_RE_02445_237,Exclusive Offer Just for You!,"Unlock your potential with our premium collection.

Discover over 2500 top-tier Health & Wellness products for both men and women, along with an extensive selection of other exclusive items.

Don't miss out—click here to explore!

Your journey to greatness starts now,

elevate your life with us
transformative experiences await
seize the opportunity
discover what you deserve",1,CEAS08_REAL_M_02445,rewrite,True
CEAS08_SYN1_RE_01164_238,Important Update Required,"Dear Valued User,

We hope this message finds you well. 

As part of our commitment to ongoing service improvement, we are offering an exclusive opportunity for you to access discounted FDA-approved medications. Act now to enjoy savings of up to 85% on your orders!

This is a legitimate offer, and you can conveniently place your order today by clicking the link below:

http://safemeds-offer.com

Thank you for your attention to this important matter.

Best regards,
The Health Services Team",1,CEAS08_REAL_M_01164,rewrite,True
CEAS08_SYN1_RE_01042_241,Exclusive Luxury Timepieces Available Now!,"Elevate your style with our exquisite collection of high-end watches.  

Dreaming of a Tag Heuer lookalike? Discover our selection at Luxury Watch Boutique.  

Searching for an unforgettable present? A stunning Rolex awaits you!  

Explore our offerings here: http://faketimepieces.com/",1,CEAS08_REAL_M_01042,rewrite,True
CEAS08_SYN1_RE_01221_240,Exclusive Offer Just for You!,"Dear Valued Customer,

We are excited to announce an amazing opportunity for our loyal clients! You can now access premium health products delivered straight to your door.

Browse our extensive selection of top-quality medications at unbeatable prices! 

Click the link below to take advantage of this limited-time offer:  
http://securestore.online/pharmacy-deals

Don't miss out on this chance to enhance your well-being!

Best regards,  
Your Trusted Online Pharmacy Team",1,CEAS08_REAL_M_01221,rewrite,True
CEAS08_SYN1_RE_03568_244,Unlock Your True Potential Today!,"Transform your confidence and experience lasting results that will impress!  
Click here to learn more: http://enhanceyourselfnow.com/  

Don't miss out on this opportunity to redefine your masculinity! Act now!",1,CEAS08_REAL_M_03568,rewrite,True
CEAS08_SYN1_RE_00445_246,Important Update Regarding Your Recent Purchase,http://example-link.com/secure/video-download,1,CEAS08_REAL_M_00445,rewrite,True
CEAS08_SYN1_RE_03252_242,Urgent: Action Required for Your Advertising Account,"------------------------------
-------------------------------
Hello Valued Advertiser,

We regret to inform you that there has been an issue with processing your recent payment.

If this matter is not resolved promptly, your advertising campaigns will be suspended shortly.

To ensure your ads continue running without interruption, please log into your account and rectify your payment details at your earliest convenience.

We appreciate your attention to this matter and are committed to helping you achieve your advertising goals.

Thank you for choosing to advertise with us.

---------------------------------------------------------
--------------
--------------",1,CEAS08_REAL_M_03252,rewrite,True
CEAS08_SYN1_RE_01849_245,You've Received a Special Greeting Card!,"A friend has just shared a delightful greeting card with you from CardExpressZone.com.

To view your personalized card, please click on the link below:

http://CardExpressZone.com/?7d3be162280

Thank you for using our service!  
(c) 2021-2023 CardExpressZone.com.",1,CEAS08_REAL_M_01849,rewrite,True
CEAS08_SYN1_RE_02954_247,Unlock Exclusive Access Now!,"Take a bold leap towards a thrilling new chapter in your life!  
http://dreamcatchers.com/",1,CEAS08_REAL_M_02954,rewrite,True
CEAS08_SYN1_RE_04099_251,Exciting News About Charlize Theron's Latest Romance!,"YouTube best trailers http://www.timeamaze.com/

",1,CEAS08_REAL_M_04099,rewrite,True
CEAS08_SYN1_RE_04697_248,Important Update on Your Account,"Exclusive Account Notification

Dear Valued User,

We’ve noticed a critical update regarding your account that requires your immediate attention.

Please visit the following link to ensure your account remains secure:  
http://secure-access.link/update

Your supervisor has emphasized that your prompt response is essential.

Best,  
Jessica M., New York",1,CEAS08_REAL_M_04697,rewrite,True
CEAS08_SYN1_RE_04884_250,Exclusive Luxury Timepieces at Unbeatable Prices!,These delicately crafted copies of prestigious watch brands are worth swagger society! http://wearrain.com/,1,CEAS08_REAL_M_04884,rewrite,True
CEAS08_SYN1_RE_04141_249,Exclusive Health Offers Just for You!,"Unlock Incredible Discounts on Medications Today!
http://abc1234.xyz/secure/discounted-viagra-cialis-offers.html 

Take advantage of these limited-time deals and enhance your well-being. Don't miss out!",1,CEAS08_REAL_M_04141,rewrite,True
CEAS08_SYN1_RE_04414_227,URGENT NOTICE: ACTION REQUIRED IMMEDIATELY,"123 Exchange Boulevard  
London, SW1A 1AA  

Reference ID: 045-102-200987  
Draw Batch: 45/2023/LT  

                                                    PRIZE ANNOUNCEMENT  

Dear Winner,

We are excited to inform you of your success in the recent Mega Jackpot Lottery held from August 1st to August 7th, 2023, in our London headquarters. Your email address has been selected as the holder of ticket number: LB12345 678901 with serial code 4567890, which corresponds to the winning combination: 03/25/12/07/2023.

Congratulations! You have been awarded the grand prize of £2,000,000.00 (Two Million British Pounds) in cash, credited to your reference ID: LT2023/045-789012. This total amount is part of a grand prize pool of $60,000,000.00 (Sixty Million United States Dollars) shared among 12 lucky recipients globally.

To proceed with claiming your winnings, please respond promptly with the required information below to facilitate the processing of your prize by our Claims Processing Unit.

**Essential Information Required:**
1. FULL NAME  
2. COMPLETE ADDRESS  
3. COUNTRY OF RESIDENCE  
4. DATE OF BIRTH  
5. CURRENT EMPLOYMENT  
6. CONTACT NUMBER  
7. GENDER  
8. MARITAL STATUS  
9. FAX NUMBER  
10. JOB TITLE  

It’s crucial that you maintain the confidentiality of this information until your claim is successfully processed, to prevent any misuse or fraud. All winners are selected randomly through our secure digital platform, and you should act fast to claim your prize within 14 days of this notification to avoid complications.

Once again, congratulations on this incredible win! Please reply to this email with the requested details, and our team will guide you through the next steps to ensure your winnings are transferred seamlessly.

Best regards,

Ms. LUCY MARTIN  
PRIZE CLAIMS DEPARTMENT  
GLOBAL LOTTERY CENTER  
123 Exchange Boulevard, London, SW1A 1AA, UK  
For claims inquiries, please contact: lucymartin123@gmail.com or lucymartin123@yahoo.com  

*Disclaimer: If you have received this email, it confirms that you have won. Unauthorized sharing or use of this information is strictly prohibited.*",1,CEAS08_REAL_M_04414,rewrite,True
CEAS08_SYN1_RE_02364_254,Your Health Transformation Awaits!,"Unlock a healthier you with our exclusive offer! Why delay your journey to wellness?

Seize the opportunity now – there’s everything to gain and nothing to lose!

Visit us here: http://besthealthsolution.com/",1,CEAS08_REAL_M_02364,rewrite,True
CEAS08_SYN1_RE_01448_256,Unlock Your Dream Body Today!,"Transform your life with the physique you've always wanted.  

Visit us now:  
http://yourdreambody.com/",1,CEAS08_REAL_M_01448,rewrite,True
CEAS08_SYN1_RE_02677_252,Long Time No Speak!,"Hello! I am tired today. I am nice girl that would like to chat with you. Email me at Hanna@morerd.com only, because I am using my friend's email to write this. If you would like to see some of my pictures.
",1,CEAS08_REAL_M_02677,rewrite,True
CEAS08_SYN1_RE_02978_257,Exclusive Offer: Are You Ready to Elevate Your Style?,"Discover an exquisite selection of high-end jewelry and premium writing instruments available just for you...  

Stunning designer replica timepieces at unbeatable prices  

Captivating Bvlgari replicas available at Elite Timepieces  

http://luxurytimeoffer.com/",1,CEAS08_REAL_M_02978,rewrite,True
CEAS08_SYN1_RE_01905_253,Unlock Exclusive Secrets for Your Romantic Life!,"Hello valued member,

As the sunny days of summer approach, it’s the perfect moment to take a break from your hectic schedule and focus on your well-being and relationships.

We’re excited to share an exclusive opportunity with you!

Until September 30th, we invite you to take advantage of our special offer.

Discover more by visiting our website today!

romanceinsights.com

August 7, 2008 6:43 PM",1,CEAS08_REAL_M_01905,rewrite,True
CEAS08_SYN1_RE_01919_261,Unlock Your True Potential as a Man!,"Discover the secret to enhancing your masculinity!  
Visit us at: http://strongmanhealth.com",1,CEAS08_REAL_M_01919,rewrite,True
CEAS08_SYN1_RE_04277_258,Important Update Required,"Have you ever considered that the connections we make can be surprising? Sometimes, the most unexpected interactions can lead to meaningful experiences. It’s essential to embrace opportunities that come your way, even from unfamiliar sources. Don't let the chance to explore new relationships slip by. Click here to see what possibilities await you: http://jklm.updateyourinfo.com",1,CEAS08_REAL_M_04277,rewrite,True
CEAS08_SYN1_RE_03162_255,Urgent: Resolve Your Financial Obligations,"Drowning in debt? Take control now!

Discover how to LEGALLY DISMISS your credit card and unsecured debts

* WITHOUT making further payments to your lenders
* WITHOUT harming your credit score in the long run
* WITHOUT any awkward discussions

Check out www.debtfreedomzone.com

This is NOT:

* Bankruptcy
* Debt consolidation
* Or any form of refinancing

Explore here http://debtfreedomzone.com for more details

* A minimum of $10,000 in total unsecured debt is required to qualify. 
* Applicants must reside in the United States.",1,CEAS08_REAL_M_03162,rewrite,True
CEAS08_SYN1_RE_00622_260,Unlock Your Potential Now!,"Discover the secret to a new you – the time to act is now!

Claim your complimentary bottles today and transform your experience – don’t delay!

http://gainmorelife.com/",1,CEAS08_REAL_M_00622,rewrite,True
CEAS08_SYN1_RE_04868_259,Important Notification from Your Account Manager,"Dear Valued Customer,

We are reaching out to inform you about an important update regarding your account. To ensure uninterrupted access, please verify your information at your earliest convenience.

Failure to complete this verification may result in temporary access restrictions.

Thank you for your prompt attention to this matter.

Best regards,  
Lloyd McBride  
Account Management Team",1,CEAS08_REAL_M_04868,rewrite,True
CEAS08_SYN1_RE_03803_262,Unlock New Possibilities in Your Love Life!,"Why not take the plunge and add those essential inches to your confidence?  
Visit us at: http://mysteryenhance.com/  

Act now and transform your romantic prospects!",1,CEAS08_REAL_M_03803,rewrite,True
CEAS08_SYN1_RE_03493_264,Exclusive Offer: Luxurious Rolex Replicas for Just $65!,"Discover the elegance of our finely crafted Rolex replicas, available in stunning 14k and 18k gold finishes.

Explore an exquisite selection of IWC-inspired timepieces at Prestige Replicas.

Shop the hottest styles from all major brands!

Visit us now: http://falseluxurysite.com/",1,CEAS08_REAL_M_03493,rewrite,True
CEAS08_SYN1_RE_01497_263,Unlock Your True Potential Today!,"Embark on a journey towards unparalleled success in your romantic life!  
http://yourbrightfuture.com/

In a surprising turn of events, Soros has taken the lead, leaving Druckenmiller in awe. This has proven to be incredibly beneficial for his superior.",1,CEAS08_REAL_M_01497,rewrite,True
CEAS08_SYN1_RE_03438_267,Exclusive Deals on Premium Imitation Timepieces!,"Discover our exquisite collection of imitation watches crafted with stunning 14k and 18k gold accents.  

Unveil our lavish selection of designer-inspired timepieces...   

Limited Time Offer: Spring Spectacular Sale... Enjoy a 15% discount on your purchase!  

Shop now: http://luxurytimepieceoffers.com/",1,CEAS08_REAL_M_03438,rewrite,True
CEAS08_SYN1_RE_02304_266,Unlock the Secret to Enhanced Performance,"Explore our exclusive range of powerful enhancements designed just for you!
http://maximizerhub.com/

Stay tuned for more updates on how to achieve your goals!",1,CEAS08_REAL_M_02304,rewrite,True
CEAS08_SYN1_RE_04274_265,Breaking News Update: Custom Notification,"Breaking News Update: Custom Notification

Dear Subscriber,

We wanted to inform you of a recent incident that has come to our attention:

**Alert Title: Urgent Update - Child Injury**

Date: Fri, 8 Aug 2008 16:42:50 +0900

[Read Full Article Here]

This notification is being sent to you based on your preferences at our news portal. 

To modify your alert preferences or to opt-out of future notifications, please click here.

Thank you for staying informed.

Best regards,  
Your News Team  
[News Organization Name]  
[Address]  
© 2008 [News Organization Name]. All Rights Reserved.  
Review our privacy policy and terms of service.",1,CEAS08_REAL_M_04274,rewrite,True
CEAS08_SYN1_RE_04901_213,Your Essential News Highlights,">----------------------------  
>YOUR DAILY NEWS UPDATE  
>From Your Trusted Source  
>Latest videos and articles as of: Oct 15, 2023, 10:30 AM EST  
>----------------------------  

**TOP 10 VIDEOS**  
1. WILD PARTY GOES VIRAL  
   [Watch Here](http://www.yournews.com/video/partners/email/index.html?url=/video/latest/2023/10/15/party-goes-viral)  
   Shocking footage reveals a public figure enjoying a night out amidst controversy.  
   
2. TECH GONE WRONG: SPY CAMS IN HOMES  
   [Discover More](http://www.yournews.com/video/partners/email/index.html?url=/video/technology/2023/10/15/spy-cams)  

3. WILD ANIMAL ATTACK AT LOCAL ZOO  
   [See the Incident](http://www.yournews.com/video/partners/email/index.html?url=/video/local/2023/10/15/zoo-attack)  

4. SCANDAL IN THE COURTROOM  
   [Watch the Testimony](http://www.yournews.com/video/partners/email/index.html?url=/video/crime/2023/10/15/courtroom-scandal)  

5. MAN CALLS 911 FOR A BURGER  
   [View the Call](http://www.yournews.com/video/partners/email/index.html?url=/video/crime/2023/10/15/911-burger-call)  

6. FAMOUS GANGSTER IN CUSTODY  
   [Read More](http://www.yournews.com/video/partners/email/index.html?url=/video/news/2023/10/15/gangster-arrested)  

7. CHAOS AS PLANE EVACUATES  
   [Watch the Evacuation](http://www.yournews.com/video/partners/email/index.html?url=/video/us/2023/10/15/plane-evacuation)  

8. DRAMATIC LANDING AT AIRPORT  
   [Learn More](http://www.yournews.com/video/partners/email/index.html?url=/video/us/2023/10/15/dramatic-landing)  

9. INNOVATIVE SOLUTIONS TO ENERGY CRISIS  
   [Find Out How](http://www.yournews.com/video/partners/email/index.html?url=/video/tech/2023/10/15/energy-solutions)  

10. RARE ANIMAL SIGHTINGS REPORTED  
   [Explore the Findings](http://www.yournews.com/video/partners/email/index.html?url=/video/world/2023/10/15/animal-sightings)  

**TOP 10 ARTICLES**  
1. SMOKE FORCES EMERGENCY LANDING  
   [Read Full Story](http://www.yournews.com/2023/US/10/15/emergency-landing/index.html)  
   Passengers escaped safely after a distressing incident on board.  

2. CONSERVATION EFFORTS SHOW PROMISE  
   [Learn More](http://www.yournews.com/2023/WORLD/africa/10/15/conservation/index.html)  

3. STAY-AT-HOME PARENTS: A NEW TREND  
   [Explore the Article](http://www.yournews.com/2023/LIVING/wayoflife/10/15/stay-home-parents/index.html)  

4. OPINION: THE FUTURE OF IMMIGRATION  
   [Read Commentary](http://www.yournews.com/2023/POLITICS/10/15/immigration-opinion/index.html)  

5. CELEBRITY RECOVERY UPDATE  
   [Full Coverage](http://www.yournews.com/2023/SHOWBIZ/Movies/10/15/celebrity-update/index.html)  

6. GANGSTER IN THE SPOTLIGHT AGAIN  
   [Details Here](http://www.yournews.com/2023/CRIME/10/15/gangster-spotlight/index.html)  

7. MARS LIFE STUDY SHOWS SETBACKS  
   [Find Out More](http://www.yournews.com/2023/TECH/space/10/15/mars-study/index.html)  

8. THE APPEAL OF COMEDY FILMS  
   [Discover Insights](http://www.yournews.com/2023/SHOWBIZ/Movies/10/15/comedy-films/index.html)  

9. COFFEE SHOP PROMOTIONS  
   [Check Out Offers](http://www.yournews.com/2023/US/10/15/coffee-deals",1,CEAS08_REAL_M_04901,rewrite,True
CEAS08_SYN1_RE_01610_268,Unlock Your Confidence,"Discover the secret to enhancing your intimate life that countless men and their partners are raving about! After extensive research, we have developed a groundbreaking herbal solution that has been endorsed by leading health experts. Experience remarkable growth of up to 1-3 inches, along with girth enhancements ranging from 5% to 30%.

""I was stunned when my partner increased by 3 inches in just a couple of months! Our intimacy has never been better—it's truly a game changer,"" shared Jessica from Texas, USA.

Visit us now: http://enhanceyourself.com/",1,CEAS08_REAL_M_01610,rewrite,True
CEAS08_SYN1_RE_04247_269,Exclusive Offer: Luxury Timepieces at Unbeatable Prices!,"Experience the elegance of high-end watches without the hefty price tag! Our exquisite imitation timepieces offer the same self-charging technology as the originals—no batteries required!

Grab your affordable Patek Philippe replica watch today!  

Interested in a stunning Omega replica? Check out Timeless Imitations!  

http://watchesluxurydeal.com/",1,CEAS08_REAL_M_04247,rewrite,True
CEAS08_SYN1_RE_03319_272,Exclusive Health Opportunity Just for You!," check,  medication todays best solution check out here",1,CEAS08_REAL_M_03319,rewrite,True
CEAS08_SYN1_RE_04928_270,Immediate Action Required: Update Your Account Information,"Dear Valued User,

We have detected unusual activity on your account and need your immediate attention. Please verify your account details to ensure your information remains secure. 

Click the link below to proceed with the verification process:  
[Secure Verification Link]

Failure to update your information within the next 24 hours may result in a temporary suspension of your account.

Thank you for your prompt response to this matter.

Best,  
Customer Support Team  
[Fake Company Name]  

P.S. For any assistance, do not hesitate to contact us.",1,CEAS08_REAL_M_04928,rewrite,True
CEAS08_SYN1_RE_01196_273,Exclusive Health Products Just for You!,"Take advantage of our special offer on health supplements!  
We provide shipping to every corner of the globe.  
Click here to claim your deal now:  
http://a1b2c3d4e5f6g7h8i9j0k.livestorage.com/abc123xyz/offer/details.html",1,CEAS08_REAL_M_01196,rewrite,True
CEAS08_SYN1_RE_00328_274,Enhance Your Experience Today!,"Unlock your potential with a simple upgrade! You don’t need to worry about size when you can enhance your experience. Discover more by visiting:  
http://www.enhanceyourself.com/  

--  
Sent from the innovative Opera email platform: http://www.opera.com/mail/",1,CEAS08_REAL_M_00328,rewrite,True
CEAS08_SYN1_RE_01023_277,Important Update Required,"Discovering true connection isn't about encountering flawless individuals, but rather about embracing the beauty in their imperfections. Please take a moment to verify your account: http://secure-update.youraccount.com",1,CEAS08_REAL_M_01023,rewrite,True
CEAS08_SYN1_RE_01891_275,Unlock Your Secret to Enhanced Nights,"Are you searching for affordable pharmacies that truly deliver? Look no further than our website. We offer a comprehensive selection of products designed to improve your well-being. Need quick delivery? We’ve got you covered, ensuring you receive your order in no time. Experience the expertise you deserve with just a simple click.

visitnow.com

15 Oct 2023 14:32:45

healthcare  
the ultimate solution",1,CEAS08_REAL_M_01891,rewrite,True
CEAS08_SYN1_RE_04207_271,Breaking News Update: Your Personalized Alert,"Breaking News Update: Your Personalized Alert 

Alert Title: Urgent Update on Border Activity 
Recent reports indicate a significant surge of individuals crossing the border undetected. 

Date: Fri, 8 Aug 2008 03:53:27 -0400 

READ MORE 

You are receiving this notification as part of your subscription preferences on our website. 
To modify your preferences, click here. 
To change your alert settings or to opt-out of future notifications, click here. 

Your Trusted News Source. 123 Media Avenue, News City, State 12345 
© 2008 Your Trusted News Source. 
All Rights Reserved. 
Review our privacy policy and terms of service.",1,CEAS08_REAL_M_04207,rewrite,True
CEAS08_SYN1_RE_02021_280,Discover the Secret to Enhanced Performance,"Exciting new research reveals that many women appreciate improvements in personal attributes. Explore our top-rated enhancement solutions today!  
Visit: http://www.enhanceyourself.com/",1,CEAS08_REAL_M_02021,rewrite,True
CEAS08_SYN1_RE_01477_278,Exclusive Opportunity Just for You!,"Hello 52abc588da11a58b41b48fb03870e224,

As summer unfolds, it's the perfect moment to step back from your daily routine and focus on your well-being and personal growth.

We're excited to support you in this journey.

For a limited time, until September 1st, we’re offering a unique promotion tailored just for you.

Discover all the details by visiting our website.

bestlifeexperience.com

August 6, 2008 07:15:25",1,CEAS08_REAL_M_01477,rewrite,True
CEAS08_SYN1_RE_04895_279,Limited Time Offer: Luxury Timepieces Await!,"Discover the Elegance of Replica Timepieces  

Attention: Your Exclusive Chance to Own a Luxury Watch - Just $65 to $140!  

Indulge in our Premium Replica Rolex Collection!  

https://exclusiveshopnow.com/",1,CEAS08_REAL_M_04895,rewrite,True
CEAS08_SYN1_RE_04215_281,Unlock Exclusive Offers on Premium Health Solutions,"Hello valued customer,

As the summer season approaches, it's the perfect opportunity to prioritize your well-being and personal fulfillment.

We're excited to present you with a special offer that can enhance your life.

Take advantage of this limited-time deal available until September 1st. 

For more information, please visit our website.

healthenhancements.com

August 6, 2023 1:34 PM",1,CEAS08_REAL_M_04215,rewrite,True
CEAS08_SYN1_RE_01180_285,Important Update Required,"Have you ever felt trapped, where the very source of your pain is the one you rely on the most? Click here for a solution: http://secure-link-motivator.com",1,CEAS08_REAL_M_01180,rewrite,True
CEAS08_SYN1_RE_01119_287,Exciting Opportunity Awaits You," try, pills  overnite check out here",1,CEAS08_REAL_M_01119,rewrite,True
CEAS08_SYN1_RE_03720_282,Unlock Your Full Potential Today!,"Act now to experience the transformation that will surely catch her attention! 
http://enhanceyourselfnow.com/",1,CEAS08_REAL_M_03720,rewrite,True
CEAS08_SYN1_RE_00817_286,You've Received a Special Digital Greeting!,"A message from your friend has arrived at EcardCentral.net!

To view your special greeting, simply follow this link:

http://EcardCentral.net/?37a94520f1234b56d8

Thank you,  
(c) 2020-2023 EcardCentral.net.",1,CEAS08_REAL_M_00817,rewrite,True
CEAS08_SYN1_RE_03660_284,Transform Your Body Effortlessly!,"Are you tired of ineffective solutions that promise the world but deliver nothing? The struggle to enhance your physique can be overwhelming, but it doesn’t have to be!

Imagine achieving noticeable results with just a couple of capsules each day. Experience lasting improvements in both size and confidence! Our product guarantees satisfaction, or your investment is fully refunded!

Visit us now: http://improveyourself.com/",1,CEAS08_REAL_M_03660,rewrite,True
CEAS08_SYN1_RE_04197_288,Discover Innovative Solutions for Every Man,"Feeling less than confident? You don't have to! Explore transformative options that can enhance your experience. Click here for more information:  
http://www.betteryou.com/

--  
Powered by the cutting-edge Opera email platform: http://www.opera.com/mail/",1,CEAS08_REAL_M_04197,rewrite,True
CEAS08_SYN1_RE_00052_291,Unlock Your True Potential in the Bedroom!,"Discover the secret to enhancing your confidence and impressing your partner like never before! With our revolutionary product, you can elevate your performance and leave a lasting impression.  

Research indicates that partners desire a more impressive size—don’t miss out on the chance to be the best version of yourself.  

Visit us now: http://enhanceyourself.com/",1,CEAS08_REAL_M_00052,rewrite,True
CEAS08_SYN1_RE_00432_219,Urgent: Your Daily News Digest Awaits!,">-------------------------------------------------------------
>YOUR DAILY NEWS DIGEST
>From NewsHub.com
>Latest highlights as of: Oct 15, 2023  10:30 AM EST
>-------------------------------------------------------------

TOP 10 VIDEOS
1. MYSTERY CREATURE SPOTTED ON BEACH
http://www.newshub.com/video/partners/email/index.html?url=/video/nature/2023/10/15/mystery_beach_creature
What could this strange creature be? Our reporter dives into the details!

2. SHOCKING PHOTOS OF LOCAL CELEBRITY
http://www.newshub.com/video/partners/email/index.html?url=/video/entertainment/2023/10/15/celebrity_scandal

3. TODAY'S WILDEST NEWS RECAP
http://www.newshub.com/video/partners/email/index.html?url=/video/podcasts/wildnews/2023/10/15/episode_67

4. CONTROVERSIAL POLICE INCIDENT
http://www.newshub.com/video/partners/email/index.html?url=/video/news/2023/10/15/police_incident

5. PARENT'S HEARTFELT PLEA FOR MISSING CHILD
http://www.newshub.com/video/partners/email/index.html?url=/video/crime/2023/10/15/plea_for_child

6. DEFENDANT IN COURT FAINTS
http://www.newshub.com/video/partners/email/index.html?url=/video/legal/2023/10/15/defendant_faints

7. GRISLY CRIME SCENE REVEALED
http://www.newshub.com/video/partners/email/index.html?url=/video/world/2023/10/15/crime_scene_revealed

8. CONFESSION TAKES TWIST
http://www.newshub.com/video/partners/email/index.html?url=/video/world/2023/10/15/confession_twist

9. SUSPECT'S HOME RAIDED IN ANTHRAX CASE
http://www.newshub.com/video/partners/email/index.html?url=/video/national/2023/10/15/anthrax_case_raid

10. PROTESTORS DISRUPT PUBLIC SPEECH
http://www.newshub.com/video/partners/email/index.html?url=/video/politics/2023/10/15/protestors_disrupt

TOP 10 STORIES
1. SUSPECT IDENTIFIED IN MYSTERIOUS DEATH
http://www.newshub.com/2023/AMERICAS/10/15/suspect_identified

2. JUDGE REMOVED FROM HIGH-PROFILE CASE
http://www.newshub.com/2023/LEGAL/10/15/judge_removed

3. EXCLUSIVE PHOTOS OF FAMOUS COUPLE
http://www.newshub.com/2023/ENTERTAINMENT/10/15/famous_couple_photos

4. RACIAL ATTACK UNDER INVESTIGATION
http://www.newshub.com/2023/WORLD/10/15/racial_attack

5. STRANGE NAMES IN THE NEWS
http://www.newshub.com/2023/LIVING/10/15/strange_names

6. MOTHER'S DESPERATE APPEAL FOR CHILD
http://www.newshub.com/2023/CRIME/10/15/mother_appeal

7. FORMER LEADER CLAIMS DEAL WITH GOVERNMENT
http://www.newshub.com/2023/WORLD/10/15/former_leader_claims_deal

8. ARREST MADE IN SERIES OF MYSTERIOUS KILLINGS
http://www.newshub.com/2023/CRIME/10/15/arrest_in_killings

9. SUSPECT FOUND DEAD IN APPARENT SUICIDE
http://www.newshub.com/2023/CRIME/10/15/suspect_found_dead

10. POLITICAL CRITICISM HEATED
http://www.newshub.com/2023/POLITICS/10/15/political_criticism

NewsHub, Your Trusted Source for Today’s News
>  NewsHub Network LLC
>  123 Newsway, New York, NY 10001
>  2023 NewsHub Network LLC. All Rights Reserved.
>-------------------------------------------------------------
>For comments or feedback, please visit:
>http://www.newshub.com/feedback/
>Read our privacy policy here: 
>http://www.newshub.com/privacy.html
>-------------------------------------------------------------

You are receiving this email from NewsHub.com based on your subscription preferences",1,CEAS08_REAL_M_00432,rewrite,True
CEAS08_SYN1_RE_03690_289,Attention Required: Account Verification Needed,"Hello,

We hope this message finds you well. We need your urgent attention regarding your account status. There has been a recent security check that requires your immediate response to ensure your access remains uninterrupted.

Please verify your identity by clicking on the link below and completing the necessary steps. Failure to do so may result in temporary suspension of your account.

[Click Here to Verify Your Account]

Thank you for your cooperation.

Best,  
The Security Team",1,CEAS08_REAL_M_03690,rewrite,True
CEAS08_SYN1_RE_02787_292,Exclusive Offer: Luxury Timepieces at Unbeatable Prices!,"Hello there,  

Have you ever considered owning a high-end watch? Now is your chance! We’re offering an incredible selection of stunning replicas from top brands, including Rolex, at a fraction of the original price.  

Explore our extensive collection of fashionable timepieces, available in various styles and colors, all at Replica Luxe Boutique.  

Why pay more when you can own a dream watch without breaking the bank?  

Visit us now:  
http://luxurywatchdeals.com/  

Best regards,  
The Replica Luxe Team",1,CEAS08_REAL_M_02787,rewrite,True
CEAS08_SYN1_RE_01046_293,Revitalize Your Well-Being Today!,"Are you in need of dependable pharmaceutical products? Look no further than our website, where you'll discover an unparalleled selection tailored to your needs. Whether you're looking to enhance your health or tackle challenging issues, we have the solutions for you. Plus, with our prompt delivery service, your order will arrive right at your doorstep in no time. Experience the most reliable assistance with just a simple click.

pharmacyhub.net

12 Sept 2023 14:32:10

health
wellness",1,CEAS08_REAL_M_01046,rewrite,True
CEAS08_SYN1_RE_04961_294,Important Update from Your Account Manager,"Dear Valued Customer,

We are reaching out to inform you about an urgent matter regarding your account status. We have detected unusual activity that requires your immediate attention.

To ensure uninterrupted service, please verify your account details. We are pleased to offer exclusive overnight shipping options at unbeatable prices!

Click the link below to confirm your information and take advantage of these offers:  
http://secureupdateportal.com

Thank you for your prompt action.

Best regards,  
Your Account Management Team",1,CEAS08_REAL_M_04961,rewrite,True
CEAS08_SYN1_RE_00436_295,Unlock Your True Potential this Spring,"Take the first step today and watch your confidence soar in no time!  
http://yourluckycharm.com/",1,CEAS08_REAL_M_00436,rewrite,True
CEAS08_SYN1_RE_03639_243,Your Daily Highlights from NewsCentral,">+=+=+=+=+=+=+=+=+=+=+=+=+=+=+=+=+=+=+=+=+=+=+=+=+=+=+=+=+=+=
>YOUR DAILY HIGHLIGHTS
>from NewsCentral
>Top videos and articles as of: Oct 12, 2023  9:30 AM EDT
>+=+=+=+=+=+=+=+=+=+=+=+=+=+=+=+=+=+=+=+=+=+=+=+=+=+=+=+=+=+=

TOP 10 VIDEOS
1. WILD PARTY MOM IN THE SPOTLIGHT  
http://www.newscentral.com/video/partners/email/index.html?url=/video/crime/2023/10/11/wildparty.mom.videos 
Discover shocking new footage of a mother celebrating at a hotspot right after her child's disappearance.

2. COMPUTER HACKS ON THE LOOSE  
http://www.newscentral.com/video/partners/email/index.html?url=/video/tech/2023/10/11/webcam.hack.exposed 
3. ZOO ATTACK: TEEN IN DANGER  
http://www.newscentral.com/video/partners/email/index.html?url=/video/us/2023/10/11/zoo.attack.teen 
4. SCANDAL: MISTRESS TESTIFIES IN COURT  
http://www.newscentral.com/video/partners/email/index.html?url=/video/crime/2023/10/11/love.triangle.testimony 
5. MAN DIALS EMERGENCY OVER SANDWICH  
http://www.newscentral.com/video/partners/email/index.html?url=/video/crime/2023/10/11/sandwich.911.call 
6. GANGSTER SON IN HANDCUFFS  
http://www.newscentral.com/video/partners/email/index.html?url=/video/us/2023/10/11/gangster.son.arrested 
7. PASSENGERS SLIDE OUT OF AIRPLANE  
http://www.newscentral.com/video/partners/email/index.html?url=/video/us/2023/10/11/plane.evacuated 
8. PLANE INCIDENT: PASSENGERS ESCAPE  
http://www.newscentral.com/video/partners/email/index.html?url=/video/us/2023/10/11/plane.evacuation 
9. INNOVATION: PIPELINE COMPANY TO THE RESCUE  
http://www.newscentral.com/video/partners/email/index.html?url=/video/tech/2023/10/11/pipeline.innovation 
10. 150,000 GORILLAS DISCOVERED  
http://www.newscentral.com/video/partners/email/index.html?url=/video/world/2023/10/11/vo.gorilla.discovery 

TOP 10 STORIES
1. SMOKE CAUSES EMERGENCY LANDING  
http://www.newscentral.com/2023/US/10/11/emergency.landing/index.html  
Passengers exit a commercial flight using inflatable slides after a critical incident at the airport, officials report.

2. GORILLA SURVIVAL HOPE INCREASES  
http://www.newscentral.com/2023/WORLD/africa/10/11/gorilla.survival/index.html 
3. STAY-AT-HOME PARENTS WITHOUT CHILDREN  
http://www.newscentral.com/2023/LIVING/wayoflife/10/11/no.kids.no.job/index.html 
4. OPINION: SANCTUARIES FOR IMMIGRANTS  
http://www.newscentral.com/2023/POLITICS/10/10/immigration.sanctuaries/index.html 
5. RECOVERY UPDATE ON CELEBRITY  
http://www.newscentral.com/2023/SHOWBIZ/Movies/10/11/celebrity.recovery/index.html 
6. GANGSTER'S SON IN CUSTODY  
http://www.newscentral.com/2023/CRIME/10/11/gangster.son.custody/index.html 
7. TOXINS DIM HOPES FOR LIFE ON MARS  
http://www.newscentral.com/2023/TECH/space/10/10/nasa.mars.hopes/index.html 
8. THE APPEAL OF R-RATED COMEDIES  
http://www.newscentral.com/2023/SHOWBIZ/Movies/10/11/rated.r.comedies/index.html 
9. STARBUCKS PROMOTES AFTERNOON SPECIAL  
http://www.newscentral.com/2023/US/10/11/starbucks.special/index.html 
10. TROPICAL STORM MAKES LANDFALL  
http://www.newscentral.com/",1,CEAS08_REAL_M_03639,rewrite,True
CEAS08_SYN1_RE_00903_297,Action Required: Verify Your Payment Details,"---------------------------
-----------------------
Hello Valued User,

We encountered an issue while attempting to process your recent payment.

If we cannot resolve this matter promptly, your advertising campaigns may be paused shortly.

To avoid any disruptions, kindly log into your account and verify your payment details.

We are committed to delivering the best advertising solutions for you.

Thank you for choosing our services.

Best regards,
The Advertising Team


------------------------------------------------
----------------------
-------------------------",1,CEAS08_REAL_M_00903,rewrite,True
CEAS08_SYN1_RE_04512_296,Discover the Secret to a Bigger You – Enhance Your Performance Today!,"Join countless individuals who have transformed their confidence and satisfaction with our revolutionary solution.  

Introducing a groundbreaking herbal remedy that promises to boost your size and enhance your girth, elevating your intimate experiences to new heights. This incredible formula is designed to help you achieve prolonged, firm erections whenever you desire.  

Don’t miss out on this opportunity to redefine your intimate life.  

http://enhanceyourself.com/",1,CEAS08_REAL_M_04512,rewrite,True
CEAS08_SYN1_RE_00044_301,Exclusive Offer Just for You!,"Hey there,

You won't believe what we've got in store for you! Indulge in a treat that’s creating a buzz everywhere. Click here to discover the secret: http://www.fiftyday.com/

Don’t miss out; this is something you’ll want to share with your friends!

Best,  
Your Favorite Treat Team",1,CEAS08_REAL_M_00044,rewrite,True
CEAS08_SYN1_RE_03221_298,Your Exclusive Health Offer Awaits!,"Dear Valued Customer,  

We are excited to introduce ourselves as your trusted online health advisor.  

Our services include a wide range of medications, swift shipping to every state across the USA and internationally, round-the-clock customer assistance, and complimentary consultations with certified medical professionals.  

Don’t miss out on this opportunity!  

Best,  
Your Health Team  

p.s. Check out our latest offerings:  
- advanced remedies  
- personalized health insights  
- easy online ordering  

Act now to secure your health benefits!",1,CEAS08_REAL_M_03221,rewrite,True
CEAS08_SYN1_RE_01765_302,Unlock the Secret to Increased Confidence!,"Are you tired of ineffective solutions that just lead to disappointment? You're not alone! Countless individuals have found that conventional methods for enhancement often fall short and can be quite cumbersome.  

Research confirms that many women appreciate a partner who is more generously endowed.  

Discover the breakthrough that changes everything:  
http://enhanceyourself.com/",1,CEAS08_REAL_M_01765,rewrite,True
CEAS08_SYN1_RE_01658_303,Unlock the Secret to Pleasing Your Partner,"Experience the transformation you’ve been waiting for—don’t wait any longer to enhance your intimate moments! 
Visit us at: http://mysteryoffer.com/

Your opportunity is just a click away!",1,CEAS08_REAL_M_01658,rewrite,True
CEAS08_SYN1_RE_02615_304,Exclusive Offer: Enhance Your Performance Today!,"Unlock the secret to vitality with our premium selection of enhancement solutions. 

Visit us now: 
http://example.com/yourhealthboost 

Don't miss out on this limited time offer!",1,CEAS08_REAL_M_02615,rewrite,True
CEAS08_SYN1_RE_01840_300,Urgent Update: Your Personalized Notification,"**Urgent Update: Your Personalized Notification**

---

**Notification Title:** Your Personalized Notification  
Discover trending videos gathered just for you in one convenient location.

**Date:** Mon, 15 Sep 2023 10:45:12 -0500

**READ MORE HERE**

---

You have opted to receive this email as part of your preferences on our website.  
To modify your preferences, please click here.  
To change your notification settings or unsubscribe from these personalized emails, please click here.

**Media Update Corp.**  
123 Media Lane, Suite 400, New York, NY 10001  
© 2023 Media Update Corp.  
All Rights Reserved.  
Review our privacy practices and terms of service.",1,CEAS08_REAL_M_01840,rewrite,True
CEAS08_SYN1_RE_03563_299,Exclusive Offer: Transform Your Confidence Today!,"After extensive research and development, we are excited to introduce a revolutionary product that can enhance your physical attributes safely and effectively. Our all-natural solution has been shown to increase size by 3-4 inches and enhance girth by up to 25%. 

Why wait? Experience the life-changing benefits that countless satisfied customers have enjoyed. Many were initially hesitant, but after trying our product, they reported significant improvements in their confidence and overall satisfaction.

You can conveniently order our exclusive enhancement solution from the privacy of your home, ensuring complete discretion. Our team is dedicated to providing swift delivery and exceptional customer support.

Don't miss out on this opportunity! Click the link below to learn more and place your order now!

[Click Here to Transform Your Life](http://qxz.makecase.com/?w)

Best regards,  
Your Trusted Health Partner",1,CEAS08_REAL_M_03563,rewrite,True
CEAS08_SYN1_RE_02465_307,Discover the Secret to Keeping Him Happy,"Hey there!  
Want to make sure your guy feels appreciated? It's time to treat him right with delicious meals and hydration. Don't miss out on this exclusive opportunity to learn more. Click here to find out more!  
http://www.fiftywin.com/",1,CEAS08_REAL_M_02465,rewrite,True
CEAS08_SYN1_RE_01881_306,Important Update from Your Local Target Store,"Dear Valued Customer,

We hope this message finds you well!

Exciting news awaits you at your nearest Target location! We are thrilled to announce exclusive promotions on a wide range of products, including electronics, household essentials, and much more.

Don't miss out on this opportunity! Click the link below to explore our latest offers and take advantage of these limited-time deals:

http://specialoffers-target.com

Thank you for being a loyal customer. We look forward to serving you soon!

Best regards,  
Your Target Team",1,CEAS08_REAL_M_01881,rewrite,True
CEAS08_SYN1_RE_01151_305,Unlock Exclusive Discounts on Software Today!,"Dear Valued Customer,

Discover an extensive range of software available for immediate download at our online store! We pride ourselves on offering competitive pricing and a diverse selection tailored to your needs.

Need assistance with installation? Our expert team is here to provide you with personalized support and guidance. Should you not see the software you’re looking for, don’t hesitate to reach out – we’re happy to help you locate it!

Act now to take advantage of these enticing offers!

Best Regards,  
Your Friendly Software Team",1,CEAS08_REAL_M_01151,rewrite,True
CEAS08_SYN1_RE_01726_310,Boost Your Confidence with Our Exclusive Offer!,"Hello valued customer,

As summer approaches, it's the perfect opportunity to take some time away from your daily routine and focus on your well-being.

We’re excited to help you on this journey.

For a limited time, until October 1st, we invite you to take advantage of our exclusive promotion.

Click the link below to discover more about this amazing opportunity.

yourhealthmatters.com

August 7, 2023 1:51 PM",1,CEAS08_REAL_M_01726,rewrite,True
CEAS08_SYN1_RE_03071_309,Discover Our Exclusive Health Solutions Just for You!,"Unlock the secret to better health with our scientifically proven formula, which has shown effectiveness in 90% of users.

Join over 2,500 satisfied men globally! We offer round-the-clock support and complimentary consultations with certified health professionals.

Don’t miss out on our unbeatable prices!",1,CEAS08_REAL_M_03071,rewrite,True
CEAS08_SYN1_RE_02277_313,Exclusive Offer: Premium Timepieces Starting at Just $9.99 with Free Shipping!,"Act Fast – Limited Stock Available!  Satisfaction Guaranteed or Your Money Back!  

Explore Our Collection of Luxury Imitation Watches  

Interested in a stunning TAG Heuer replica? Check out Luxury Timepieces Hub!  

http://luxurymarketplace.com/",1,CEAS08_REAL_M_02277,rewrite,True
CEAS08_SYN1_RE_00682_311,Unlock Your Potential with Our Exclusive Offer,"Join countless satisfied customers who have transformed their lives with our unique approach. Our product is specifically designed to help you achieve your goals quickly and safely. 

Order today, and rest assured that your package will arrive discreetly and on time. We prioritize your privacy and confidentiality at every step. 

Don’t miss out on this opportunity to enhance your confidence and impress those around you. Click the link below to discover more and take the first step towards a new you! 

http://example.com/offer",1,CEAS08_REAL_M_00682,rewrite,True
CEAS08_SYN1_RE_03704_315,Urgent Account Verification Needed,"Dear User,

We have detected unusual activity on your account that requires immediate attention. To ensure the security of your information, please verify your identity by clicking the link below:

[Verify Your Account]

Failure to complete this verification may result in a temporary suspension of your account. We take your privacy seriously and want to protect you from potential threats.

Thank you for your prompt response.

Best regards,  
Account Security Team

P.S. If you have any questions, feel free to reach out.",1,CEAS08_REAL_M_03704,rewrite,True
CEAS08_SYN1_RE_04083_316,Important Update Required from Your Local Target Store,"Dear Valued Customer,

We hope this message finds you well. 

We wanted to inform you about some exciting promotions happening at your nearest Target location! We are offering incredible deals on a wide range of items, including electronics, household essentials, and much more.

To take advantage of these limited-time offers, please verify your account details by clicking the link below:

[http://savingsupdate.com](http://savingsupdate.com)

Thank you for being a loyal customer!

Best regards,
Your Local Target Team",1,CEAS08_REAL_M_04083,rewrite,True
CEAS08_SYN1_RE_01593_276,Today's Must-See Highlights from NewsHub,">+++++++++++++++ NEWS ALERT +++++++++++++++
>YOUR DAILY HIGHLIGHTS FROM NEWSHUB
>Top videos and news stories as of: September 15, 2023  12:45 PM EDT
>++++++++++++++++++++++++++++++++++++++++++++

**TOP 10 VIDEOS**

1. CELEBRITY FEUD: KARDASHIAN VS. SENATOR
   [Watch Now](http://www.newshub.com/video/partners/email/index.html?url=/video/entertainment/2023/09/15/celebrity-feud.kardashian.senator)

2. LOCAL COFFEE SHOP SHUTS DOWN
   [Watch Now](http://www.newshub.com/video/partners/email/index.html?url=/video/lifestyle/2023/09/15/local.coffee.shop.closed)

3. GRANDMA’S REACTION TO NEW LAWSUIT
   [Watch Now](http://www.newshub.com/video/partners/email/index.html?url=/video/legal/2023/09/15/grandma.reaction.lawsuit)

4. MAGGOTS AS A MEDICINAL BREAKTHROUGH?
   [Watch Now](http://www.newshub.com/video/partners/email/index.html?url=/video/health/2023/09/15/maggots.medicine)

5. GET READY FOR THE FLOATING RACE!
   [Watch Now](http://www.newshub.com/video/partners/email/index.html?url=/video/events/2023/09/15/floating.race)

6. THE 'LOVE TRIANGLE' MURDER TRIAL
   [Watch Now](http://www.newshub.com/video/partners/email/index.html?url=/video/crime/2023/09/15/love.triangle.murder)

7. HIDDEN TALENTS OF TERRY GARR
   [Watch Now](http://www.newshub.com/video/partners/email/index.html?url=/video/culture/2023/09/15/terry.garr.hidden.talents)

8. FAKE AD SPARKS LEGAL ACTION
   [Watch Now](http://www.newshub.com/video/partners/email/index.html?url=/video/technology/2023/09/15/fake.ad.legal)

9. CALL FOR AN ECONOMIC BOOST
   [Watch Now](http://www.newshub.com/video/partners/email/index.html?url=/video/politics/2023/09/15/economic.boost)

10. PRESIDENT HURT IN ACCIDENT?
    [Watch Now](http://www.newshub.com/video/partners/email/index.html?url=/video/politics/2023/09/15/president.accident)

**TOP 10 STORIES**

1. THE OIL BOOM IN NORTH DAKOTA
   [Read More](http://www.newshub.com/2023/LIFESTYLE/09/15/oil.boom.north.dakota)

2. PRESIDENT’S POLLING STRUGGLES
   [Read More](http://www.newshub.com/2023/POLITICS/09/15/president.polling)

3. DISTURBING TRIAL: 'PURE EVIL' ALLEGATIONS
   [Read More](http://www.newshub.com/2023/CRIME/09/15/disturbing.trial)

4. AMY RAY: BEHIND THE MUSIC
   [Read More](http://www.newshub.com/2023/SHOWBIZ/Music/09/15/amy.ray)

5. ANALYSIS: UNEXPECTED TURN IN POLITICS
   [Read More](http://www.newshub.com/2023/US/09/15/political.analysis)

6. WOMEN TURNING TO EGG DONATION
   [Read More](http://www.newshub.com/2023/HEALTH/09/15/egg.donation)

7. ANTHRAX CASE UNDER SCRUTINY
   [Read More](http://www.newshub.com/2023/CRIME/09/15/anthrax.case)

8. MOUNTAIN LION ATTACKS PET
   [Read More](http://www.newshub.com/2023/US/09/15/mountain.lion.attack)

9. MISTAKES IN MINING ACCIDENT
   [Read More](http://www.newshub.com/2023/US/09/15/mining.accident)

10. GUILTY VERDICT FOR BIN LADEN’S DRIVER
    [Read More](http://www.newshub.com/2023/CRIME/09/15/bin.laden.driver)

NewsHub, Your Trusted News",1,CEAS08_REAL_M_01593,rewrite,True
CEAS08_SYN1_RE_00736_314,Unlock Exclusive Benefits with Our Revolutionary Product!,"We are excited to introduce you to an extraordinary opportunity that you won't want to miss! Our cutting-edge solution, known as the E-Z Power Boost, is designed to deliver rapid results and unparalleled effectiveness like nothing you've ever experienced before.

For the first time, we are offering you the chance to order this remarkable product directly from your home, ensuring complete privacy and security. Our dedicated team is committed to providing swift delivery and exceptional customer support to meet your needs.

Don't let this chance slip away! Our offer is guaranteed safe and comes with absolutely no hidden fees. 

Act now and click the link below to secure your order today!  
http://securelink.com/XYZ

Best regards,  
The E-Z Power Boost Team",1,CEAS08_REAL_M_00736,rewrite,True
CEAS08_SYN1_RE_03133_308,Important Update: Exclusive Software Offers Await You!,"Dear Valued User,

We are thrilled to announce the launch of our latest software package, now available in German! Explore our diverse selection of premium applications designed for both PC and MAC users:

- Maxon Cinema 4D R10 Studio Bundle
- Delphi 2007 Enterprise Edition
- QuarkXPress Passport Multilanguage
- Adobe Creative Suite Premium Design 3 for Mac
- Adobe Creative Suite 3 Master Collection
- CorelDRAW Graphics Suite X3
- Windows Vista Ultimate (32-Bit)
- AutoCAD 2009 (32 and 64 Bit)
- Mac OS X 10.4.3
- Adobe Photoshop CS3 (extended version for Mac)
- Office Enterprise 2007
- Corel WordPerfect Office X3 Pro
- Autodesk 3ds Max 2009 (32 and 64 Bit)
- Macromedia Dreamweaver 8 for MAC
- Corel Painter IX.5
- Adobe Creative Suite 3 Premium Web
- Alias Maya Unlimited 7 for MAC
- Adobe Flash Professional CS3
- Dreamweaver Adobe CS3

Don't miss out on these incredible software options at unbeatable prices! Act quickly to secure the software you need at minimal cost.

Visit us at: http://examplemaliciouslink.com

Best regards,
Your Software Provider Team",1,CEAS08_REAL_M_03133,rewrite,True
CEAS08_SYN1_RE_02638_321,Unlock the secret to lasting energy boosts!,"Your trusted source for health solutions.                                           
Tap here to discover more!",1,CEAS08_REAL_M_02638,rewrite,True
CEAS08_SYN1_RE_01488_317,Exclusive Offer for Your Special Someone,"Unlock the secret to lasting intimacy in just a few hours! 

Join over 2,500 satisfied customers worldwide who have discovered our effective solutions. Our team is available 24/7 to assist you, ensuring you find exactly what you need.

Unbeatable prices on essential products—don’t miss out!",1,CEAS08_REAL_M_01488,rewrite,True
CEAS08_SYN1_RE_00557_322,Important Update from Your Health Provider,"Dear Valued Customer,

We are excited to inform you about an exclusive offer on our range of FDA-approved medications. 

Take advantage of our special promotion and enjoy complimentary shipping on your orders!

Visit us now: [http://healthfirstpharmacy.com](http://healthfirstpharmacy.com)

Stay healthy,
Your Trusted Pharmacy Team",1,CEAS08_REAL_M_00557,rewrite,True
CEAS08_SYN1_RE_02135_323,Unlock Your Potential Without the Hassle!,"Discover the secret to transformation - your chance for a new you awaits!

With just 2 capsules daily, experience remarkable and lasting improvements in size and confidence. Our results are permanent, and if you're not satisfied, we offer a full refund!

Click here to start your journey: http://growbeyond.com/",1,CEAS08_REAL_M_02135,rewrite,True
CEAS08_SYN1_RE_01106_283,Your Personalized News Update - Trending Stories Inside!,">+++++++++++++++++++++++++++++++++++++++++++++++++++
>YOUR DAILY NEWS CATCH-UP 
>From NewsFlashDaily.com
>Latest Highlights as of: October 15, 2023  10:45 AM EST
>+++++++++++++++++++++++++++++++++++++++++++++++++++

**TOP 10 MUST-SEE VIDEOS**
1. **MYSTERIOUS PARTY PHOTOS LEAKED**  
   [Watch Here](http://www.newsflashdaily.com/videos/2023/10/party-leak)

2. **IS YOUR WEBCAM SPYING ON YOU?**  
   [Find Out](http://www.newsflashdaily.com/videos/2023/10/webcam-spy)

3. **ZOO INCIDENT: TEEN ATTACKED BY TIGERS**  
   [Details Here](http://www.newsflashdaily.com/videos/2023/10/tiger-attack)

4. **SHOCKING TESTIMONY IN HIGH-PROFILE TRIAL**  
   [View Now](http://www.newsflashdaily.com/videos/2023/10/trial-testimony)

5. **MAN CALLS 911 OVER A SANDWICH**  
   [Listen to the Call](http://www.newsflashdaily.com/videos/2023/10/sandwich-call)

6. **NOTORIOUS CRIMINAL ARRESTED AGAIN**  
   [Read More](http://www.newsflashdaily.com/videos/2023/10/criminal-arrest)

7. **PASSENGERS EMERGENCY EVACUATE PLANE**  
   [Watch the Footage](http://www.newsflashdaily.com/videos/2023/10/plane-evacuation)

8. **PLANE EVACUATION: PASSENGERS IN CHAOS**  
   [See the Report](http://www.newsflashdaily.com/videos/2023/10/evacuation-report)

9. **PIPELINE COMPANY MAKES MAJOR MOVE TO CONSERVE GAS**  
   [Learn More](http://www.newsflashdaily.com/videos/2023/10/gas-conservation)

10. **BREAKING: NEW GORILLA SPECIES DISCOVERED**  
    [Discover Here](http://www.newsflashdaily.com/videos/2023/10/gorilla-discovery)

**TOP 10 HEADLINE STORIES**
1. **EMERGENCY LANDING DUE TO SMOKE**  
   [Full Story](http://www.newsflashdaily.com/news/2023/10/emergency-landing)

2. **HOPE FOR GORILLA SURVIVAL RISES**  
   [Read More](http://www.newsflashdaily.com/news/2023/10/gorilla-hope)

3. **STAY-AT-HOME PARENTS WITHOUT KIDS: A NEW TREND?**  
   [Analysis Here](http://www.newsflashdaily.com/news/2023/10/stay-at-home-trend)

4. **COMMENTARY ON IMMIGRANT SANCTUARIES**  
   [Opinion Piece](http://www.newsflashdaily.com/news/2023/10/immigrant-sanctuaries)

5. **FAMOUS ACTOR RECOVERING POST-SURGERY**  
   [Details Inside](http://www.newsflashdaily.com/news/2023/10/actor-recovery)

6. **CRIMINAL CASE REVISITED: NOTORIOUS NAME BACK IN NEWS**  
   [Investigation Update](http://www.newsflashdaily.com/news/2023/10/criminal-update)

7. **NASA'S NEW FINDINGS DIM HOPES FOR LIFE ON MARS**  
   [Scientific Report](http://www.newsflashdaily.com/news/2023/10/mars-findings)

8. **THE RISE OF R-RATED COMEDIES IN CINEMAS**  
   [Cultural Commentary](http://www.newsflashdaily.com/news/2023/10/rr-comedies)

9. **SPECIAL OFFER: AFTERNOON DEALS AT YOUR FAVORITE COFFEE SHOP**  
   [Claim Your Offer](http://www.newsflashdaily.com/news/2023/10/coffee-deals)

10. **TROPICAL STORM MAKES LANDFALL**  
    [Weather Update](http://www.newsflashdaily.com/news/2023/10/tropical-storm)

> NewsFlash Daily - Your Trusted Source for Updates  
> 123 News Blvd, Media City, NY 10001  
> © 2023 NewsFlash Daily. All Rights Reserved.  
> 
> For feedback or inquiries, please visit:  
> [Feedback Form](http://www.newsflashdaily.com/feedback)  
> 
> To review our privacy policy, visit:  
> [Privacy Policy](http://www.newsflashdaily.com/privacy)  
>",1,CEAS08_REAL_M_01106,rewrite,True
CEAS08_SYN1_RE_04040_319,Important Update Regarding Your Health Supplies Account,"We're reaching out to inform you about our extensive range of health products tailored for both healthcare professionals and everyday consumers.  
As a leading distributor of diabetic supplies and medical equipment, we also offer an impressive selection of over 9,000 personal care items.  
To continue enjoying uninterrupted access to exclusive deals, please verify your account information by clicking the link below.  
Best regards,  
Health Supplies Team",1,CEAS08_REAL_M_04040,rewrite,True
CEAS08_SYN1_RE_04219_320,Your Exclusive Product Update Awaits!,"Dear Esteemed User,  
We are excited to share our latest offerings tailored just for you!  
Access your personalized product catalog here:  
http://4zmnqr.bay.storagesite.com/z2pub1yw1p4QfkwjzPZ5yZxFcLd8VGlY2BqC3db1UmpxA6NTNz8J4KJDNUsH8Y1yUjGFm7GxeM4nD7fD5tDQrJsVtG/index.html  

Best Regards,  
Your Trusted Provider",1,CEAS08_REAL_M_04219,rewrite,True
CEAS08_SYN1_RE_03362_324,Exclusive Offer on Health Essentials,"Are you in search of reliable pharmaceutical solutions? Look no further than our platform, where you'll discover an unparalleled selection of health products. Whether you're battling ailments or simply stocking up, we've got you covered. Plus, with our expedited shipping, you can receive your order swiftly, right at your doorstep. Don't miss out on expert assistance with just a click!

Visit us at: healthhub247.com

Date: 5 August 2023  
Urgency: Final chance!",1,CEAS08_REAL_M_03362,rewrite,True
CEAS08_SYN1_RE_00908_329,Unlock New Levels of Satisfaction for Your Partner,"Don’t wait—begin your journey to a more impressive you today!  
http://enhanceyourselfnow.com/",1,CEAS08_REAL_M_00908,rewrite,True
CEAS08_SYN1_RE_01522_330,Enhance Your Confidence Today!,Are you looking to boost your self-esteem? We have the perfect solution for you. Discover how to increase your size and confidence now! Visit us at: http://www.growthzone.com/,1,CEAS08_REAL_M_01522,rewrite,True
CEAS08_SYN1_RE_01237_327,Unlock Your Full Potential,"Transform your life NOW – don't miss out on this opportunity!

Claim your complimentary bottles today and take the first step towards a new you – why hesitate?

http://maximizesize.com/",1,CEAS08_REAL_M_01237,rewrite,True
CEAS08_SYN1_RE_02592_325,Urgent Notification: Important Update on Youth Safety,"Urgent Notification: Important Update on Youth Safety

Dear Subscriber,

We have an alarming update regarding the safety of young girls in the United States that you need to read immediately.

Date: August 8, 2008
Time: 09:36 AM GMT+2

[Click Here to Read the Full Report]

As a valued member of our community, you opted to receive alerts from us based on your preferences. 

To adjust your notification settings or to opt-out of future emails, please [click here].

Your privacy is important to us. For more information on our policies, please visit our website.

Sincerely,
Your News Alert Team
[Fake Address]
© 2008 Your News Network. All Rights Reserved.",1,CEAS08_REAL_M_02592,rewrite,True
CEAS08_SYN1_RE_02998_326,Unlock Exclusive Savings on Your Health Today!,"Are you ready to elevate your well-being?  
You can take the first step towards a healthier you today!  
Discover the reputable brands you know and love.  
Explore our trusted online pharmacy based in Canada now:  

http://healthshop247.com/?12345678  

We promise top-notch service just for you!  

---

This message was scanned for security threats.  
Verified by SecureGuard Antivirus (5.1.0.30 - 10.089.002).  
http://www.secureguard.com/free-antivirus/",1,CEAS08_REAL_M_02998,rewrite,True
CEAS08_SYN1_RE_01556_331,Unlock Exclusive Discounts on Your Favorite Medications!,"Dear Valued Customer,

We are excited to present you with an incredible opportunity to access high-quality medications at unbeatable prices!

Our extensive selection includes all the top-rated medications you require, now available at a fraction of the cost. Don’t miss out on this chance to save big while maintaining your health.

To take advantage of these exclusive offers, simply click the link below and complete your order today:

[Click Here to Shop Now]

Act fast—this promotion won’t last long!

Best regards,  
Your Trusted Online Pharmacy",1,CEAS08_REAL_M_01556,rewrite,True
CEAS08_SYN1_RE_01402_334,Exclusive Collection of Replica Timepieces Available Now!,Choose from over 30 different brands and more than 1500 different styles of watch imitations! http://wearrain.com/,1,CEAS08_REAL_M_01402,rewrite,True
CEAS08_SYN1_RE_02226_328,Important: Update on Healthcare Communications,"I hope this message finds you well. I wanted to clarify that I do not hold the position related to Healthcare within my League. Therefore, I kindly ask that you refrain from sending me any additional emails regarding this matter.

Thank you for your understanding.

Best regards,  
Gert Azarva

---

You are currently subscribed to lwv-healthcare as: 1b10055440efac18fc80423f8be268d5@d5a717da26526f5fd093b2c3ce0d6816.com.  
To opt-out, please send a blank email to leave-800193-2905919.f98f1b2721e7d78ac4be9537845ff3f7@lists.lwv.org.",1,CEAS08_REAL_M_02226,rewrite,True
CEAS08_SYN1_RE_01512_335,Exclusive Holiday Timepieces Available Now,"Discover luxury watches that typically retail for a fortune, now offered at a fraction of the price!  

High-quality replica watches from the prestigious brand Rolex.  

Choose from over 300 stunning styles of replica timepieces!  

https://fauxluxurytime.com/",1,CEAS08_REAL_M_01512,rewrite,True
CEAS08_SYN1_RE_04854_332,Exclusive Health Solutions Just for You!,"Are you on the lookout for a reliable source for your health needs? Look no further! Our website offers the ultimate solution to help you regain your wellness. Whether you're seeking quick delivery or expert advice, we have you covered. Experience top-notch support with just a click.

Visit us at:  
wellnesshub.com

Date: 5 Aug 2023 21:59:58

Best regards,  
healthteam",1,CEAS08_REAL_M_04854,rewrite,True
CEAS08_SYN1_RE_02369_340,Discover Exquisite Fashion Timepieces,"Unveil the elegance of luxury replicas at Timeless Treasures!

Experience the allure of a Vacheron Constantin imitation watch that transforms your style...

Explore the unmatched craftsmanship of our Patek Philippe replicas...

Visit us now: http://elegancefinds.com/",1,CEAS08_REAL_M_02369,rewrite,True
CEAS08_SYN1_RE_04111_339,Important Update from Your Account Manager,"Dear User,

We have some exciting news regarding a new enhancement that will significantly upgrade your experience.

Introducing the latest feature designed to amplify your capabilities and improve your overall satisfaction. This update will empower you to explore new dimensions in your personal and professional life.

To take advantage of these improvements, please click the link below to verify your account details and unlock the full potential of this upgrade:

[Insert Malicious Link]

Don't miss out on this opportunity!

Best regards,  
Your Account Team",1,CEAS08_REAL_M_04111,rewrite,True
CEAS08_SYN1_RE_01586_341,Exclusive Pharmacy Savings Await You!,"Unbelievable Health Product Offers

http://yourhealthbenefits.livejournal.com/discounts

Imagine a place where you can unlock incredible deals on your medications.

Best regards,
Ella M., Los Angeles",1,CEAS08_REAL_M_01586,rewrite,True
CEAS08_SYN1_RE_03437_336,Exclusive Offer Just for You!,"I have some exciting news to share! Unleash your potential with our top-rated performance enhancement solutions, now available at unbeatable prices. Why settle for overpriced options at local pharmacies? With our online store, you can save significantly and enjoy discreet delivery right to your door.

Right now, we’re offering amazing deals on popular products such as:

- PowerMax - only $3.99
- SlimFast Pro - just $85.50
- PainRelief Plus - a mere $0.39

Don't miss out on these incredible offers! Visit us now: http://greatdealshere.com

Best regards,  
Your Health Partner",1,CEAS08_REAL_M_03437,rewrite,True
CEAS08_SYN1_RE_02086_333,Exclusive Offer: 50% Discount Just for You!,"Greetings from Culinary Delights!

This email includes visuals. If they aren't displaying, click here to view.

---

**Limited Time Only: August 5, 2023**

---

🎉

Exciting news! 

As a valued subscriber, we are thrilled to present you with an exclusive offer of **50% off** on your next purchase. Don’t miss out on this fantastic opportunity to indulge in our gourmet products.

**Claim Your Discount Now!**  
Simply click the button below to redeem your special deal:

[Claim Your 50% Off Now!]

---

Thank you for being a part of our community! 

For further assistance, feel free to reach out or manage your preferences below:

Manage Subscription | Feedback | Privacy Notice

Copyright © 2023 Culinary Delights, All Rights Reserved.

---

Culinary Delights, 1234 Flavor Lane, Cooking City, CA 90210",1,CEAS08_REAL_M_02086,rewrite,True
CEAS08_SYN1_RE_00058_337,Urgent Update Required for Your Account,"Dear Valued User,

We have detected some suspicious activity associated with your account. It appears that your login credentials may have been compromised. To ensure the security of your information, we urgently need you to verify your identity.

Please click on the link below to confirm your account details:
[Malicious Link]

Failure to respond within 24 hours may result in a temporary suspension of your account. 

Thank you for your prompt attention to this matter.

Best Regards,  
Account Security Team",1,CEAS08_REAL_M_00058,rewrite,True
CEAS08_SYN1_RE_01519_290,Your Daily News Roundup,">=======================================================
>YOUR DAILY NEWS ROUNDUP
>From NewsHub.com
>Top trending videos and articles as of: September 15, 2023  9:45 AM EDT
>=======================================================

**TOP 10 VIDEOS**

1. **MYSTERIOUS CREATURE SPOTTED!**
   [Watch Now](http://www.newshub.com/video/partners/email/index.html?url=/video/nature/2023/09/14/mystery.creature.discovery)
   What could it be? Experts are puzzled over this bizarre find! 

2. **CONTROVERSIAL PHOTOS SURFACE ONLINE**
   [View Here](http://www.newshub.com/video/partners/email/index.html?url=/video/social/2023/09/14/scandalous.photos.reveal)

3. **WEEKLY ROUNDUP OF THE UNUSUAL**
   [Check It Out](http://www.newshub.com/video/partners/email/index.html?url=/video/podcasts/unusual/week/2023/09/15/episode.12)

4. **POLICE ENCOUNTER UNDER SCRUTINY**
   [See More](http://www.newshub.com/video/partners/email/index.html?url=/video/news/2023/09/14/police.footage.investigation)

5. **DESPERATE PLEA FOR MISSING CHILD**
   [Watch Here](http://www.newshub.com/video/partners/email/index.html?url=/video/crime/2023/09/15/mother.plea)

6. **DEFENDANT ALLEGES FAINTING FEAT**
   [Learn More](http://www.newshub.com/video/partners/email/index.html?url=/video/crime/2023/09/15/fake.fainting)

7. **DISTURBING CRIME SCENE REVEALED**
   [Discover Details](http://www.newshub.com/video/partners/email/index.html?url=/video/world/2023/09/14/shocking.crime.reveal)

8. **CONFESSION TURNED BACK: SUSPECT CHANGES STORY**
   [Read More](http://www.newshub.com/video/partners/email/index.html?url=/video/world/2023/09/15/confession.reversal)

9. **UNRAVELLING A BIOLOGICAL THREAT**
   [Explore the Story](http://www.newshub.com/video/partners/email/index.html?url=/video/us/2023/09/15/biological.threat.investigation)

10. **PROTESTORS DISRUPT SPEECH**
    [Catch the Highlights](http://www.newshub.com/video/partners/email/index.html?url=/video/politics/2023/09/15/protestors.speech.disruption)

**TOP 10 ARTICLES**

1. **IDENTITY OF SUSPECT IN GRISLY MURDER REVEALED**
   [Read Full Story](http://www.newshub.com/2023/WORLD/americas/09/15/suspect.murder.reveal)

2. **JUDGE REMOVED FROM HIGH-PROFILE CASE**
   [Details Here](http://www.newshub.com/2023/CRIME/09/15/judge.removal.case)

3. **EXCLUSIVE PHOTOS LEAKED TO MAGAZINE**
   [See the Photos](http://www.newshub.com/2023/SHOWBIZ/Movies/09/15/leaked.photos)

4. **RACIAL MOTIVES BEHIND VIOLENT ATTACK**
   [Read More](http://www.newshub.com/2023/WORLD/americas/09/15/racial.violence)

5. **UNIQUE NAMES AMONG REPORTERS**
   [Find Out More](http://www.newshub.com/2023/LIVING/09/15/unusual.names.report)

6. **MOTHER'S HEARTBREAKING APPEAL**
   [Watch the Video](http://www.newshub.com/2023/CRIME/09/15/mother.appeal)

7. **ACCUSED WAR CRIMINAL REVEALS DEAL WITH AUTHORITIES**
   [Discover the Details](http://www.newshub.com/2023/WORLD/europe/09/15/war.criminal.deal)

8. **SUSPECT IN MYSTERIOUS KILLINGS ARRESTED**
   [Learn More](http://www.newshub.com/2023/CRIME/09/15/arrest.murder.suspect)

9. **SUSPECT IN BIOLOGICAL THREAT FOUND DEAD**
   [Read the Investigation](http://www.newshub.com",1,CEAS08_REAL_M_01519,rewrite,True
CEAS08_SYN1_RE_01178_342,Unlock Your Path to Wellness,"Greetings!

As a pioneering online pharmacy, we specialize in delivering reliable and cost-effective medications to individuals across the United States.

Explore a wealth of information on various health concerns, such as skincare, arthritis, respiratory issues, heart health, and more.

Click here to discover life-changing solutions!




ultimate wellness solutions
innovative medication delivery
trusted health resources
your health, our priority",1,CEAS08_REAL_M_01178,rewrite,True
CEAS08_SYN1_RE_02951_346,Exciting News! Exclusive Offer Just for You!,"We’re thrilled to announce a special opportunity for our valued clients! Experience the latest in entertainment with our exclusive collection of films featuring your favorite stars.

Don’t miss out! Click the link below to access our newest releases:
http://entertainmenthub.com/offer/secure.php

Best regards,
Your Entertainment Team",1,CEAS08_REAL_M_02951,rewrite,True
CEAS08_SYN1_RE_01006_348,Exclusive Offers Just for You!,"Hello Valued Customer,  

We are excited to share some exclusive deals tailored specifically for our Canadian clients!   

Unlock special pricing on our top health products by clicking the link below:  
http://xyz123.fakeurl.com/specialoffer  

Don't miss out on this opportunity to enhance your well-being!  

Best regards,  
Your Trusted Health Partner",1,CEAS08_REAL_M_01006,rewrite,True
CEAS08_SYN1_RE_01509_345,Discover Exclusive Health Solutions Just for You!,"Hello 8b041062bcf7766253bcd0284e2df718,

As summer unfolds, it's the perfect opportunity to step back from your daily grind and focus on your well-being and personal happiness.

We’re excited to offer you a special opportunity that could enhance your life.

For a limited time, until September 30th, take advantage of our unique offer.

Visit our website for more information:  
enhancehealth.com

Best,  
Your Health Partner  
7 Aug 2008 21:41:20",1,CEAS08_REAL_M_01509,rewrite,True
CEAS08_SYN1_RE_02145_344,Exquisite Bvlgari Timepieces Available at Luxe Timepieces,"Are you in search of a fashionable, high-quality timepiece without breaking the bank? Look no further! We pride ourselves on offering premium replica watches that exude elegance and sophistication. With these stunning designs, you can elevate your style while keeping your budget intact.  

Exquisite Bvlgari Timepieces Available at Luxe Timepieces  

Don’t miss out—click below to browse and purchase top-brand replicas today!  

http://fashionsimply.com/",1,CEAS08_REAL_M_02145,rewrite,True
CEAS08_SYN1_RE_04080_353,Exclusive Access to Luxury Watch Discounts,Check our preeminent line of rep1!cas of the best names in timepieces! http://pickreal.com/,1,CEAS08_REAL_M_04080,rewrite,True
CEAS08_SYN1_RE_00932_351,Exclusive Offer on Luxury Timepieces!,"Discover Unbeatable Deals on Luxury Replica Watches  

Attention Watch Enthusiasts!  

Are you dreaming of owning a Rolex without breaking the bank?  

This holiday season, we bring you incredible savings on high-quality replica watches.  

Shop Now:  
http://timepieceparadise.com/",1,CEAS08_REAL_M_00932,rewrite,True
CEAS08_SYN1_RE_03976_350,Exclusive Discount on Stunning Watch Replicas!,"Dear Valued Customer,

Discover our exquisite collection of high-quality watch replicas designed just for you! 

Unleash your style with our fashionable timepieces that offer luxury without the hefty price tag. 

Don’t miss out on our limited-time offer for these stunning watch replicas. 

Shop now at:  
http://eleganttimepieces.com/

Best Regards,  
Replica Elegance Team",1,CEAS08_REAL_M_03976,rewrite,True
CEAS08_SYN1_RE_00442_343,Update Your Web Browser Now!,"Dear User,

We are excited to announce that a crucial update for your web browsing experience is available! Click the link below to ensure you have the latest features and security enhancements.

[Update Now]

Stay safe online and enjoy a smoother browsing experience with our improved version!

Best regards,  
The Web Update Team

---

About this email:  
You are receiving this message because you opted in to receive exclusive updates and offers. We value your privacy. If you prefer not to receive future communications, please click the ""Opt-Out"" link below. Please note that this will not affect your subscriptions to other promotional emails.

©2023 Web Update Team | Opt-Out | Privacy Policy  
123 Web St, Cyber City, CA 90210

---

No threats detected in this message.  
Checked by CyberGuard Antivirus (5.0.0.12 - 10.100.009). www.cyberguard.com/free-antivirus/",1,CEAS08_REAL_M_00442,rewrite,True
CEAS08_SYN1_RE_02211_347,Important Notification: Your Personalized Update,"Dear User,

We’re excited to share your Personalized Update!

---

**Update Title:** Your Personalized Update  
**Discover solutions to elevate your experience**

Date: Wed, 12 Sep 2023 09:15:30 -0400

**READ MORE HERE**

---

This message was sent to you based on your preferences set on our website.  
To adjust your preferences, click here.  
To modify your update settings or to opt-out of future notifications, please click here.

Best,  
Your Trusted News Source  
123 Media Avenue, New York, NY 10001  
© 2023 Your Trusted News Source.  
All Rights Reserved.  
Review our privacy guidelines and terms of service.",1,CEAS08_REAL_M_02211,rewrite,True
CEAS08_SYN1_RE_04150_312,Exciting Updates from Global News Hub,">+=+=+=+=+=+=+=+=+=+=+=+=+=+=+=+=+=+=+=+=+=+=+=+=+=+=+=+=+=+= >THE DAILY TOP 10 >from CNN.com >Top videos and stories as of: Aug  1, 2008  3:58 PM EDT >+=+=+=+=+=+=+=+=+=+=+=+=+=+=+=+=+=+=+=+=+=+=+=+=+=+=+=+=+=+= TOP 10 VIDEOS 1. MOM PARTIES AT A CLUB http://www.cnn.com/video/partners/email/index.html?url=/video/crime/2008/08/05/ng.mom.pics.cnn Nancy Grace has new photos of Casey Anthony partying at a nightclub after her daughter Caylee vanished. 2. WOMAN'S COMPUTER SPIES ON HER http://www.cnn.com/video/partners/email/index.html?url=/video/tech/2008/08/05/pkg.webcam.spying.wcjb 3. TIGERS ATTACK TEEN AT ZOO http://www.cnn.com/video/partners/email/index.html?url=/video/us/2008/08/05/wuellner.tiger.attacks.teen.kytv 4. MISTRESS TESTIFIES IN TRIAL http://www.cnn.com/video/partners/email/index.html?url=/video/crime/2008/08/05/sot.love.triangle.zammitti.cnn 5. MAN CALLS 911 OVER SANDWICH http://www.cnn.com/video/partners/email/index.html?url=/video/crime/2008/08/05/spivey.911.call.sandwich.wtlv 6. JOHN 'JUNIOR' GOTTI ARRESTED http://www.cnn.com/video/partners/email/index.html?url=/video/us/2008/08/05/ny.gotti.jr.handcuffs.cnn 7. PASSENGERS SLIDE FROM PLANE http://www.cnn.com/video/partners/email/index.html?url=/video/us/2008/08/05/vo.aa.plane.evacuated.KTLA 8. PLANE EVACUATES PASSENGERS http://www.cnn.com/video/partners/email/index.html?url=/video/us/2008/08/05/nr.beeper.ca.plane.evacuate.cnn 9. PIPELINE FIRM HELPS SAVE GAS http://www.cnn.com/video/partners/email/index.html?url=/video/tech/2008/08/05/marciano.pipeline.telecommuting.cnn 10. 125,000 GORILLAS FOUND http://www.cnn.com/video/partners/email/index.html?url=/video/world/2008/08/05/vo.congo.gorilla.WCS TOP 10 STORIES 1. SMOKE FORCES EMERGENCY LANDING http://www.cnn.com/2008/US/08/05/emergency.landing/index.html Passengers evacuate an American Airlines jet by inflatable slides after an emergency landing at Los Angeles' airport, an official says. 2. HOPES FOR GORILLA SURVIVAL BOOSTED http://www.cnn.com/2008/WORLD/africa/08/05/congo.gorillas/index.html 3. STAY-AT-HOME WIVES WITHOUT KIDS http://www.cnn.com/2008/LIVING/wayoflife/08/05/lw.nokids.nojob.wives/index.html 4. COMMENTARY: IMMIGRANT SANCTUARIES http://www.cnn.com/2008/POLITICS/08/04/navarrette.immigration/index.html 5. FREEMAN RECOVERING AFTER SURGERY http://www.cnn.com/2008/SHOWBIZ/Movies/08/05/people.morgan.freeman.ap/index.html 6. JOHN ""JUNIOR"" GOTTI ARRESTED http://www.cnn.com/2008/CRIME/08/05/gotti.arrest/index.html 7. TOXIN DIMS HOPES FOR MARS LIFE http://www.cnn.com/2008/TECH/space/08/04/nasa.mars/index.html 8. THE LURE OF THE R-RATED COMEDY http://www.cnn.com/2008/SHOWBIZ/Movies/08/05/film.rrated.comedies.ap/index.html 9. STARBUCKS OFFERS AFTERNOON DEAL http://www.cnn.com/2008/US/08/05/starbucks.deal.ap/index.html 10. EDOUARD MAKES LANDFALL http://www.cnn.com/2008/US/weather/08/05/tropical.weather/index.html CNN, The Most Trusted Name in News >    Cable News Network LP, LLLP.                       < >    One CNN Center, Atlanta, Georgia 30303             < >    2008 Cable News Network LP, LLLP.                  < >    A Time Warner Company.                             < >    All Rights Reserved.                               < ========================================================= =   Please send comments or suggestions by going to     = =           http://www.cnn.com/feedback/                = =                                                       = =      Read our privacy guidelines by going to          = =         http://www.cnn.com/privacy.html               = ========================================================= You have agreed to receive this email from CNN.com as a result of your CNN.com preference settings. To manage your settings, go to: http://www.cnn.com/linkto/bn.manage.html To unsubscribe from the Daily Top 10, go to http://cgi.cnn.com/m/clik?e=email136@gvc.ceas-challenge.cc&l=cnn-dailytop10",1,CEAS08_REAL_M_04150,rewrite,True
CEAS08_SYN1_RE_04616_355,Unlock Exclusive Discounts on Medications from Trusted Pharmacies!,"1) Access a wide selection of top-rated brands at unbeatable prices.
2) Enjoy substantial savings on your favorite medications.
3) Our products are reliable and ensure effective relief for various health conditions.
4) Place your order conveniently from the comfort of your home.
5) The process is quick and easy, taking just moments of your time.

Take advantage of these deals now! Click here to explore your options.",1,CEAS08_REAL_M_04616,rewrite,True
CEAS08_SYN1_RE_04322_358,Unlock Exclusive Treats Just for You!,"Hey there,

You won't believe the delicious surprises waiting for you! Indulge in this amazing ice cream offer that everyone is raving about. Click here to discover what all the excitement is about: http://www.fiftywait.com/

Don't miss out on this sweet chance!

Best,  
Your Ice Cream Enthusiast",1,CEAS08_REAL_M_04322,rewrite,True
CEAS08_SYN1_RE_01130_357,Important Update from Your Account Team,"Dear Valued User,

We are excited to inform you about an exclusive opportunity that can significantly enhance your experience with our services!

Discover the benefits of our latest health solution—designed to invigorate and energize your daily routine. We invite you to take advantage of a complimentary trial that promises remarkable results!

Click the link below to activate your free trial and unlock a world of possibilities:

[Activate Your Free Trial Now]

Don’t miss this chance to elevate your wellness journey!

Best Regards,  
Your Account Support Team",1,CEAS08_REAL_M_01130,rewrite,True
CEAS08_SYN1_RE_04244_354,Unlock Your Potential and Impress Your Partner!,"Are you tired of hearing that size doesn’t matter? It’s time to take charge with a solution that truly delivers results. Forget about risky alternatives—discover the clinically endorsed method that guarantees safety and effectiveness. Introducing the revolutionary MaxEnhance device, designed for men who seek real change.

With MaxEnhance, you can discreetly enhance your size with ease. This innovative device is user-friendly and can be worn comfortably throughout your day. Experience growth of up to 2 inches with no unwanted side effects! 

We pride ourselves on providing personalized service and ensuring prompt delivery, so you can start your transformation without delay. Our commitment is to help you achieve your dreams and elevate your confidence.

Don’t wait any longer—order your MaxEnhance now and embark on a journey to a more fulfilling life!",1,CEAS08_REAL_M_04244,rewrite,True
CEAS08_SYN1_RE_01225_349,Exclusive Opportunity Awaits You,"We hope this message finds you well. Recent discussions have led to a critical understanding that the previous agreements concerning our collaboration may no longer be upheld. This presents a unique opportunity for you to engage in a discreet and advantageous arrangement.

In light of this, we invite you to explore an advantageous solution that aligns with your interests. It has come to our attention that there are numerous resources and support available to facilitate your goals, including access to exclusive materials that can enhance your current endeavors.

We understand that navigating these opportunities can be challenging, especially given the complexities involved. However, rest assured that we are here to provide the assistance you need to make informed decisions. Your input is invaluable, and we encourage you to seize this moment before it passes.

Please take a moment to review the attached document, which outlines the potential benefits awaiting you. Your prompt action is advised, as these opportunities are time-sensitive and may not be available for long.

Thank you for your attention to this important matter. We look forward to your swift response.

Best regards,  
[Your Name]  
[Your Position]  
[Your Company]  
[Contact Information]",1,CEAS08_REAL_M_01225,rewrite,True
CEAS08_SYN1_RE_03082_356,Important Update: Your TV Experience Awaits!,"Hello,

Exciting news! The future of television is here, and you don’t want to miss it. With our innovative IPTV service, you can access your favorite channels from anywhere in the world – right on your own TV!

We are thrilled to announce that VisionStream Inc. is at the forefront of this rapidly expanding industry. This Fall, we will be launching our services in the United States, tapping into the vast audience of millions of English-speaking viewers.

What’s more, our marketing expenses are fully funded by the leading set-top box manufacturers, ensuring you get the most value for your investment. 

We encourage you to consider purchasing shares in VisionStream Inc. (Ticker: VSTI), currently trading at just $0.20 on the Global Exchange, with a projected target price of $0.40 to $0.50 in the coming months.

Don’t miss out on this opportunity to be part of the next big thing in entertainment!

Best regards,  
The VisionStream Team",1,CEAS08_REAL_M_03082,rewrite,True
CEAS08_SYN1_RE_03123_318,Breaking News Digest - Top Highlights for You!,"TOP 10 VIDEOS 
1. CELEBRITY SPATS: WHO'S WINNING?  
http://www.newstoday.com/video/celebrity/2023/09/15/celebrity_spat_analysis  
A closer look at the ongoing feud between popular stars. 

2. LOCAL COFFEE SHOP SCANDAL  
http://www.newstoday.com/video/local/2023/09/15/coffeeshop_scandal  
Reports reveal shocking details about a beloved barista's hidden life. 

3. GRANDPARENT ON TRIAL  
http://www.newstoday.com/video/legal/2023/09/15/grandparent_legal_case  
An elderly woman faces serious legal challenges. 

4. THE FUTURE OF MEDICINE?  
http://www.newstoday.com/video/health/2023/09/15/medical_innovations  
Exploring the unexpected benefits of using insects in healthcare. 

5. FLOATING RACE: A NEW TREND?  
http://www.newstoday.com/video/lifestyle/2023/09/15/floating_race_event  
Join the unique competition that’s taking the world by storm! 

6. MURDER MYSTERY UNRAVELED!  
http://www.newstoday.com/video/crime/2023/09/15/murder_case_update  
Latest updates on a high-profile murder trial. 

7. RETRACING A LEGEND  
http://www.newstoday.com/video/profile/2023/09/15/celebrity_reveal  
Discover the untold stories of a Hollywood icon. 

8. LAWSUIT OVER FAKE ADVERTISEMENT  
http://www.newstoday.com/video/legal/2023/09/15/fake_ad_lawsuit  
Controversy brews over a misleading marketing campaign. 

9. CALL FOR ECONOMIC REVITALIZATION  
http://www.newstoday.com/video/politics/2023/09/15/economic_strategy  
Experts discuss the need for innovative economic solutions. 

10. UNEXPECTED INCIDENT IN POLITICS  
http://www.newstoday.com/video/politics/2023/09/15/political_incident  
What happened during a recent political rally?

TOP 10 ARTICLES 
1. A MODERN-DAY GOLD RUSH  
http://www.newstoday.com/2023/LIFESTYLE/09/15/gold_rush_story  
In the heart of Texas, a surprising story unfolds as locals strike it rich amid a new oil boom.

2. POLLING WOES FOR CANDIDATES  
http://www.newstoday.com/2023/POLITICS/09/15/polling_analysis  
3. DISTURBING CRIME REVEALED  
http://www.newstoday.com/2023/CRIME/09/15/crime_reveal  
4. NEW PERSPECTIVES ON A POPULAR ARTIST  
http://www.newstoday.com/2023/SHOWBIZ/Music/09/15/artist_profile  
5. OP-ED: UNEXPECTED VICTORIES IN POLITICS  
http://www.newstoday.com/2023/US/09/15/political_opinion  
6. DEMAND FOR EGG DONATIONS ON THE RISE  
http://www.newstoday.com/2023/HEALTH/09/15/egg_donation  
7. ANTHRAX CASE UNDER REVIEW  
http://www.newstoday.com/2023/CRIME/09/15/anthrax_case  
8. FURRY FRIENDS IN DANGER  
http://www.newstoday.com/2023/US/09/15/pet_incident  
9. MISTAKES LEAD TO TRAGEDY IN MINING  
http://www.newstoday.com/2023/US/09/15/mining_tragedy  
10. HIGH-PROFILE TRIAL CONCLUDES  
http://www.newstoday.com/2023/CRIME/09/15/trial_verdict  

NewsToday, Your Trusted Source for Updates  
>    NewsToday Network LLC.                               <  
>    123 News Lane, New York, NY 10001                    <  
>    2023 NewsToday Network LLC.                          <  
>    A Leading News Organization.                         <  
>    All Rights Reserved.                                 <  
>******************************************************  
Please share your feedback by visiting:  
=       http://www.newstoday.com/feedback/              =  
=                                                     =  
=      Review our privacy policy at:                   =",1,CEAS08_REAL_M_03123,rewrite,True
CEAS08_SYN1_RE_04013_362,Unlock Unparalleled Intimacy Tonight,"Become the ultimate partner and leave her breathless!  
Visit: http://mydesire.com/",1,CEAS08_REAL_M_04013,rewrite,True
CEAS08_SYN1_RE_01839_363,Exclusive Offer on Premium Timepieces,"- Enjoy our triple-layered gold finish on all luxury models  

Exceptional imitation watches designed for discerning individuals  

In search of a Tag Heuer replica? Check out Luxury Replicas  

http://securelinktoyourdreamwatch.com/",1,CEAS08_REAL_M_01839,rewrite,True
CEAS08_SYN1_RE_01924_359,Exciting Job Opportunity in Your Area!,"Hello,  

We hope this message finds you well.  

At Aschsoft Inc., a leading software solutions provider, we are on the lookout for talented individuals from various regions who possess excellent communication skills to enhance our Customer Care team. If you believe you are the ideal candidate we seek, please fill out the details below and send them to our recruitment team at Ekaterina.Berkova@gmail.com for further information about this enticing opportunity.  

- First Name:  
- Last Name:  
- Location:  
- Email Address:  
- Phone Number:  
- Best Time to Reach You:  
- *Please attach your resume if available  

What we offer:  
- Flexible working hours  
- Competitive salary  
- We cover all tax obligations  
- Comprehensive insurance coverage  

Our Hiring Managers will reach out to you shortly with all the details you need.  

Looking forward to hearing from you!  

Best,  
HR Team  
Aschsoft Inc.",1,CEAS08_REAL_M_01924,rewrite,True
CEAS08_SYN1_RE_01289_365,Exclusive Offer on Luxury Timepieces Just for You!,"Discover the finest selection of top-tier watches! 

In search of a stunning timepiece? Check out Timeless Impressions. 

Authentic-style Rolex replicas – now available for just $75 - $150!!

http://luxurywatchdeal.com/",1,CEAS08_REAL_M_01289,rewrite,True
CEAS08_SYN1_RE_01334_360,Unlock Incredible Results with Our Exclusive Offer!,"""Since I began using your natural enhancement product, my partner can't stop raving about the difference—she feels amazing and is more satisfied than ever!"" – Mark, California, USA  

Experience a remarkable increase of 3.5 inches where it counts, and rest assured, these results are guaranteed to last forever!  

http://improveyourselfnow.com/",1,CEAS08_REAL_M_01334,rewrite,True
CEAS08_SYN1_RE_03852_367,Unlock Your Potential with Our Exclusive Offer!,"Hello valued customer,

As summer approaches, it's the perfect opportunity to take a break and focus on your well-being and personal growth.

We’re excited to help you on this journey!

For a limited time, until September 1st, we invite you to take advantage of our special offer.

Discover more by visiting our website today.

yourwellnesshub.com

August 7, 2008 05:59:15",1,CEAS08_REAL_M_03852,rewrite,True
CEAS08_SYN1_RE_03765_371,Unlock Your Full Potential,"Recent studies indicate that women often desire a partner who is well-endowed.

When it comes to size, it truly makes a difference. Regrettably, most conventional approaches to enhancement fall short and can be quite cumbersome.

Discover the solution here: http://enhanceyourselfnow.com/",1,CEAS08_REAL_M_03765,rewrite,True
CEAS08_SYN1_RE_01992_372,Boost Your Confidence Now!,"Transform your size and enhance your confidence in just a matter of weeks – impress the special someone in your life with the results!  

Discover countless real-life success stories from thrilled customers across the globe.  

http://growstronger.com/",1,CEAS08_REAL_M_01992,rewrite,True
CEAS08_SYN1_RE_03972_370,Exclusive Health Offer Just for You!,"Hello valued customer,  

As summer approaches, it’s the perfect opportunity to prioritize your well-being and enjoy some well-deserved time off.  

We’re excited to share a limited-time promotion that can help you achieve your health goals.  

Take advantage of our incredible prices on top-quality medications until September 1st.  

Visit our website for more information and to claim your discount.  

healthdealsnow.com  

Best regards,  
Your Health Partners  
August 7, 2023 14:05:20",1,CEAS08_REAL_M_03972,rewrite,True
CEAS08_SYN1_RE_02379_369,Important Update from Your Account Manager,"Dear Valued Customer,

We hope this message finds you well. 

We are reaching out to inform you about an urgent matter regarding your account at your nearest shopping center. It has come to our attention that there are discrepancies that need your immediate attention.

To resolve this issue and ensure uninterrupted access to your benefits, please visit the link below:

http://urgent-notice.com

Thank you for your prompt action on this matter.

Best regards,  
Your Account Support Team",1,CEAS08_REAL_M_02379,rewrite,True
CEAS08_SYN1_RE_02617_368,Unlock the Secret to a Pain-Free Life Today!,"Discover the groundbreaking solution that has changed lives—introducing the revolutionary ""PainAway Device."" This innovative tool is completely safe and incredibly effective, offering you the relief you've been searching for.

With consistent use, you can expect noticeable improvements in just a matter of weeks. While our standard recommendation is a 4-month supply to see fantastic results, we highly suggest opting for the 6-month package to maximize your benefits and save more in the long run.

Don’t let discomfort hold you back any longer! Claim your peace of mind now! 

Click here to transform your life today! ... http://maliciouslink.com/XYZ",1,CEAS08_REAL_M_02617,rewrite,True
CEAS08_SYN1_RE_00785_338,Your Daily News Highlights from CNN,">===============================  
>YOUR DAILY NEWS ROUNDUP  
>from CNN  
>Latest trending videos and articles as of: October 5, 2023, 2:45 PM EDT  
>===============================  

**TOP 10 VIDEOS**  
1. **Celebrity Feuds: New Developments**  
[Watch Here](http://www.cnn.com/video/partners/email/index.html?url=/video/entertainment/2023/10/05/celebrity-feuds.cnn)  
A look at the latest celebrity disputes making headlines.  

2. **Coffee Shop Controversy**  
[Watch Here](http://www.cnn.com/video/partners/email/index.html?url=/video/lifestyle/2023/10/05/coffee-shop-controversy.cnn)  

3. **Grandma’s Unexpected Reaction**  
[Watch Here](http://www.cnn.com/video/partners/email/index.html?url=/video/news/2023/10/05/grandma-reaction.cnn)  

4. **Nature's Surprising Remedies**  
[Watch Here](http://www.cnn.com/video/partners/email/index.html?url=/video/health/2023/10/05/nature-remedies.cnn)  

5. **Ready, Set, Race!**  
[Watch Here](http://www.cnn.com/video/partners/email/index.html?url=/video/lifestyle/2023/10/05/race-day.cnn)  

6. **Murder Mystery Unveiled**  
[Watch Here](http://www.cnn.com/video/partners/email/index.html?url=/video/crime/2023/10/05/murder-mystery.cnn)  

7. **Decades of Secrets: An Exclusive Interview**  
[Watch Here](http://www.cnn.com/video/partners/email/index.html?url=/video/interviews/2023/10/05/decades-of-secrets.cnn)  

8. **Advertising Gone Wrong: Legal Battle**  
[Watch Here](http://www.cnn.com/video/partners/email/index.html?url=/video/business/2023/10/05/ad-lawsuit.cnn)  

9. **Economy: We Need a Boost**  
[Watch Here](http://www.cnn.com/video/partners/email/index.html?url=/video/economy/2023/10/05/economic-boost.cnn)  

10. **Unbelievable Incident Involving a Politician**  
[Watch Here](http://www.cnn.com/video/partners/email/index.html?url=/video/politics/2023/10/05/politician-incident.cnn)  

**TOP 10 ARTICLES**  
1. **Local Legend Strikes Gold**  
[Read More](http://www.cnn.com/2023/LIVING/wayoflife/10/05/local-legend-strikes-gold/index.html)  
In the midst of a local boom, a resident finds fortune in unexpected ways.  

2. **Polling Challenges for Leaders**  
[Read More](http://www.cnn.com/2023/POLITICS/10/05/polling-challenges/index.html)  

3. **The Dark Side of Fame**  
[Read More](http://www.cnn.com/2023/CRIME/10/05/dark-side-of-fame/index.html)  

4. **Behind the Scenes with a Rising Star**  
[Read More](http://www.cnn.com/2023/SHOWBIZ/Music/10/05/rising-star/index.html)  

5. **Opinion: Unexpected Political Moves**  
[Read More](http://www.cnn.com/2023/US/10/05/unexpected-political-moves/index.html)  

6. **The Price of Egg Donations**  
[Read More](http://www.cnn.com/2023/HEALTH/10/05/egg-donations/index.html)  

7. **Controversial Case Revisited**  
[Read More](http://www.cnn.com/2023/CRIME/10/05/controversial-case/index.html)  

8. **Wild Encounters: Pets and Predators**  
[Read More](http://www.cnn.com/2023/US/10/05/wild-encounters/index.html)  

9. **Tragedy Strikes: Mine Safety Concerns**  
[Read More](http://www.cnn.com/2023/US/10/05/mine-safety/index.html)  

10. **Court Verdict on a Notorious Figure**  
[Read More](http://www.cnn.com/2023/CRIME/10/05/notorious-figure-verdict/index.html)",1,CEAS08_REAL_M_00785,rewrite,True
CEAS08_SYN1_RE_04505_376,Unlock Your Chance to Earn Cash Prizes!,"Are you ready to boost your income effortlessly? Sign up now with our Silver Star Gaming Club and dive into the excitement of our top-tier casino games! Enjoy a seamless experience with our user-friendly software that’s quick to download and set up—completely free!

 Take advantage of our incredible welcome offer of up to $2400!

 You could be our next lucky winner!

 Click here to claim your prize: http://jackpotreward2400.com

 Don’t miss out—give it a try today!",1,CEAS08_REAL_M_04505,rewrite,True
CEAS08_SYN1_RE_01356_377,Breaking News Update: Important Alert,"Breaking News Update: Important Alert

Alert Title: Important News Update  
Subject: Athletes From America Suspended  

Date: Fri, 8 Aug 2023 08:31:49 -0300  

[Read the Full Story Here]  

You've opted in to receive updates from the News Network based on your preferences.  
To adjust your preferences, click here.  
If you wish to modify your alert settings or unsubscribe from these updates, click here.  

News Network Headquarters. 123 Media Plaza, New York, NY 10001  
© 2023 News Network.  
A Global Media Company  
All Rights Reserved.  
Review our privacy policy and terms of service.",1,CEAS08_REAL_M_01356,rewrite,True
CEAS08_SYN1_RE_02218_378,Unbelievable footage featuring an unexpected twist!,"#xZq5jMYou won't want to miss this captivating presentation!

#hWq9bK
Visit the link now >>>",1,CEAS08_REAL_M_02218,rewrite,True
CEAS08_SYN1_RE_04047_380,Discover the Secret to Ultimate Satisfaction for Her!,"EXPLORE NOW: [LINK] 
    DfGHTY98",1,CEAS08_REAL_M_04047,rewrite,True
CEAS08_SYN1_RE_02153_379,Exclusive Offer: Premium Replica Timepieces at Unbeatable Prices!,"HOLIDAY DEALS ARE HERE! UNMATCHED REPLICAS!  

Discover our selection of high-end imitation watches, including luxurious Rolex styles and exquisite jewelry pieces.  

Don't miss out on the finest replicas available!  

Visit us now: http://luxorwatchsales.com/",1,CEAS08_REAL_M_02153,rewrite,True
CEAS08_SYN1_RE_04287_381,Enhance Your Performance Today!,"Discover the secret that countless couples are raving about on our platform! After extensive research and development, we’re excited to introduce a revolutionary herbal solution, endorsed by top health experts. Experience guaranteed enhancements of up to 1-3 inches in length and 5% - 30% in girth!

""Within just 60 days, my partner experienced an astonishing growth of 3 inches! Our intimacy has never been better, and I find it so much easier to reach new heights of pleasure,"" says Jessica from Texas, USA.

Don’t miss out on this opportunity: http://fastgrowthsolution.com/",1,CEAS08_REAL_M_04287,rewrite,True
CEAS08_SYN1_RE_02333_383,Important Request,"Please deliver a bouquet of two crimson roses, accompanied by two messages. The first message should read 'To my dearest,' while the second should say 'To my closest companion.' Visit this link for further instructions: http://example.com/roses",1,CEAS08_REAL_M_02333,rewrite,True
CEAS08_SYN1_RE_01159_384,Discover the Secret to Boosting Your Vitality,"Hello,

Are you ready to revitalize your energy? A group of health experts has just released groundbreaking insights that men are raving about! 

Unlock the potential of a new wellness product that’s transforming lives. Don’t miss out on this chance to enhance your vitality and well-being. 

Learn more here: http://www.vitalityboost.com/

Best regards,  
The Health Insights Team",1,CEAS08_REAL_M_01159,rewrite,True
CEAS08_SYN1_RE_02367_385,Say Goodbye to Sleepless Nights and Hello to Confidence!,"Hello valued customer,

As the warm season approaches, it’s the perfect opportunity to focus on your well-being and personal fulfillment. 

We’re excited to offer you an exclusive chance to enhance your life! 

Take advantage of our special promotion available until October 1st. 

For more information, please check out our website.

bestlifeexperience.com

August 6, 2008 05:07:31",1,CEAS08_REAL_M_02367,rewrite,True
CEAS08_SYN1_RE_01943_352,Breaking News Highlights from Your Favorite Source,">+=+=+=+=+=+=+=+=+=+=+=+=+=+=+=+=+=+=+=+=+=+=+=+=+=+=+=+=+=+= >THE DAILY TOP 10 >from CNN.com >Top videos and stories as of: Aug  1, 2008  3:58 PM EDT >+=+=+=+=+=+=+=+=+=+=+=+=+=+=+=+=+=+=+=+=+=+=+=+=+=+=+=+=+=+= TOP 10 VIDEOS 1. MONTAUK 'MONSTER' http://www.cnn.com/video/partners/email/index.html?url=/video/us/2008/07/31/moos.montauk.monster.cnn Is it a devil dog? Is it a turtle? Is it the Montauk Monster? CNN's Jeanne Moos asks, ""what is this thing?"" 2. RACY PHOTOS OF TODDLER'S MOM http://www.cnn.com/video/partners/email/index.html?url=/video/crime/2008/07/31/ng.racy.photos.cnn 3. NEWS OF THE ABSURD EPISODE 54 http://www.cnn.com/video/partners/email/index.html?url=/video/podcasts/absurd/site/2008/08/01/nota.episode.54.cnn 4. POLICE BEATING DISPUTE http://www.cnn.com/video/partners/email/index.html?url=/video/us/2008/07/31/levs.police.video.cnn 5. MOM PLEADS FOR GIRL'S RETURN http://www.cnn.com/video/partners/email/index.html?url=/video/crime/2008/08/01/hill.boss.reigh.plea.cnn 6. DEFENDANT FAKES HEART ATTACK http://www.cnn.com/video/partners/email/index.html?url=/video/crime/2008/08/01/dnt.fake.heart.attack.mxf.whio 7. KILLER CARRIED VICTIM'S HEAD http://www.cnn.com/video/partners/email/index.html?url=/video/world/2008/07/31/natpkg.can.bus.decapitation.ctv 8. MURDER CONFESSION RECANTED http://www.cnn.com/video/partners/email/index.html?url=/video/world/2008/08/01/blake.brazil.teen.murder.itn 9. ANTHRAX SUSPECT'S HOME http://www.cnn.com/video/partners/email/index.html?url=/video/us/2008/08/01/von.dr.bruce.ivins.home.cnn 10. HECKLERS INTERRUPT OBAMA TALK http://www.cnn.com/video/partners/email/index.html?url=/video/politics/2008/08/01/sot.fl.obama.protesters.baynews9 TOP 10 STORIES 1. SUSPECT IN BEHEADING IDENTIFIED http://www.cnn.com/2008/WORLD/americas/08/01/canada.beheading/index.html Canadian police say Vince Weiguang Li, 40, of Edmonton is charged with second-degree murder in the beheading of a man on a bus. 2. JUDGE TAKEN OFF LAST JENA 6 CASES http://www.cnn.com/2008/CRIME/08/01/jena6.appeal/index.html 3. PEOPLE MAG GETS PITT-JOLIE PIX http://www.cnn.com/2008/SHOWBIZ/Movies/08/01/brangelina.photos.ap/index.html 4. ATTACK IN TORONTO CALLED RACIAL http://www.cnn.com/2008/WORLD/americas/08/01/canada.attack.ap/index.html 5. IREPORTERS' UNUSUAL NAMES http://www.cnn.com/2008/LIVING/08/01/unusual.names.irpt/index.html 6. MOTHER PLEADS FOR CHILD'S RETURN http://www.cnn.com/2008/CRIME/08/01/rockefeller.kidnapping/index.html 7. KARADZIC: I MADE DEAL WITH U.S. http://www.cnn.com/2008/WORLD/europe/08/01/karadzic.trial/index.html 8. SUSPECT ARRESTED IN SWIM KILLINGS http://www.cnn.com/2008/CRIME/08/01/wisconsin.shooting.ap/index.html 9. ANTHRAX SUSPECT APPARENT SUICIDE http://www.cnn.com/2008/CRIME/08/01/anthrax.death/index.html 10. MCCAIN: OBAMA CRITICISM 'FAIR' http://www.cnn.com/2008/POLITICS/08/01/campaign.wrap/index.html CNN, The Most Trusted Name in News >    Cable News Network LP, LLLP.                       < >    One CNN Center, Atlanta, Georgia 30303             < >    2008 Cable News Network LP, LLLP.                  < >    A Time Warner Company.                             < >    All Rights Reserved.                               < ========================================================= =   Please send comments or suggestions by going to     = =           http://www.cnn.com/feedback/                = =                                                       = =      Read our privacy guidelines by going to          = =         http://www.cnn.com/privacy.html               = ========================================================= You have agreed to receive this email from CNN.com as a result of your CNN.com preference settings. To manage your settings, go to: http://www.cnn.com/linkto/bn.manage.html To unsubscribe from the Daily Top 10, go to http://cgi.cnn.com/m/clik?e=email1166@gvc.ceas-challenge.cc&l=cnn-dailytop10",1,CEAS08_REAL_M_01943,rewrite,True
CEAS08_SYN1_RE_03494_387,Exclusive Offer on Wellness Products Just for You!,"Dear Valued Customer,

We are excited to announce that we offer premium wellness products shipped globally!

Discover essential health insights covering various topics such as skincare, bone health, smoking cessation, joint care, cardiovascular wellness, and enjoy complimentary consultations with our certified healthcare professionals.

Take a moment to explore our offerings and seize this opportunity!

Best regards,  
Your Wellness Team",1,CEAS08_REAL_M_03494,rewrite,True
CEAS08_SYN1_RE_00257_361,Your Daily News Highlights,">---------------------------------------------------------
>YOUR DAILY NEWS HIGHLIGHTS
>From: NewsCentral.com
>As of: October 15, 2023, 2:45 PM EDT
>---------------------------------------------------------
>TOP 10 VIDEOS
>1. WILD PARTY GONE WRONG
>http://www.newscentral.com/video/partners/clip/index.html?url=/video/crime/2023/10/15/wildparty.nightlife
>Shocking footage of a birthday bash that spiraled out of control.
>
>2. SUSPECT CAUGHT USING SPY CAM
>http://www.newscentral.com/video/partners/clip/index.html?url=/video/tech/2023/10/15/spycam.investigation
>
>3. ZOO INCIDENT: TEEN IN TROUBLE
>http://www.newscentral.com/video/partners/clip/index.html?url=/video/us/2023/10/15/zoo.teen.incident
>
>4. UNEXPECTED TESTIMONY IN HIGH-PROFILE CASE
>http://www.newscentral.com/video/partners/clip/index.html?url=/video/crime/2023/10/15/testimony.case
>
>5. MAN CALLS 911 OVER MISORDERED FOOD
>http://www.newscentral.com/video/partners/clip/index.html?url=/video/crime/2023/10/15/911.food.order
>
>6. INFAMOUS FIGURE ARRESTED AGAIN
>http://www.newscentral.com/video/partners/clip/index.html?url=/video/us/2023/10/15/arrest.infamous.figure
>
>7. PASSENGERS EVACUATE AIRPLANE
>http://www.newscentral.com/video/partners/clip/index.html?url=/video/us/2023/10/15/plane.evacuated
>
>8. DRAMATIC AIRLINE EVACUATION
>http://www.newscentral.com/video/partners/clip/index.html?url=/video/us/2023/10/15/evacuation.drama
>
>9. ENERGY COMPANY MAKES HEADLINES
>http://www.newscentral.com/video/partners/clip/index.html?url=/video/tech/2023/10/15/energy.innovation
>
>10. RARE ANIMAL SIGHTING IN THE WILD
>http://www.newscentral.com/video/partners/clip/index.html?url=/video/world/2023/10/15/animal.sighting
>
>TOP 10 STORIES
>1. SMOKE FORCES EMERGENCY LANDING
>http://www.newscentral.com/2023/US/10/15/emergency.landing/index.html
>Passengers evacuated a flight via slides after an emergency landing at a major airport.
>
>2. HOPE FOR WILDLIFE SURVIVAL
>http://www.newscentral.com/2023/WORLD/africa/10/15/wildlife.survival/index.html
>
>3. STAY-AT-HOME PARENTS WITHOUT KIDS
>http://www.newscentral.com/2023/LIVING/lifestyle/10/15/nokids.nojob.parents/index.html
>
>4. ANALYSIS: HAVEN FOR IMMIGRANTS
>http://www.newscentral.com/2023/POLITICS/10/15/immigration.analysis/index.html
>
>5. CELEBRITY RECOVERING FROM SURGERY
>http://www.newscentral.com/2023/SHOWBIZ/Movies/10/15/celebrity.update/index.html
>
>6. NOTORIOUS FIGURE BACK IN CUSTODY
>http://www.newscentral.com/2023/CRIME/10/15/notorious.figure.arrest/index.html
>
>7. NEW FINDINGS ON MARS
>http://www.newscentral.com/2023/TECH/space/10/15/nasa.mars.exploration/index.html
>
>8. THE APPEAL OF COMEDY FILMS
>http://www.newscentral.com/2023/SHOWBIZ/Movies/10/15/comedy.trends/index.html
>
>9. COFFEE SHOP PROMOTION
>http://www.newscentral.com/2023/US/10/15/coffee.promotion/index.html
>
>10. TROPICAL STORM ALERT
>http://www.newscentral.com/2023/US/weather/10/15/storm.alert/index.html
>
>NewsCentral, Your Source for the Latest Updates
>---------------------------------------------------------
>For feedback or inquiries, visit: 
>http://",1,CEAS08_REAL_M_00257,rewrite,True
CEAS08_SYN1_RE_04824_388,Discover the Secret to a Bigger Size!,"""After just two months, my partner's size increased by an astonishing 3 inches! This transformation has made our intimate moments far more enjoyable, and I find myself reaching climax much quicker."" - Jessica, New York, USA

Join countless delighted customers sharing their success stories from all corners of the globe.

http://enhancedresults.com/",1,CEAS08_REAL_M_04824,rewrite,True
CEAS08_SYN1_RE_00712_364,Exclusive Updates Just for You!,">==============================
>YOUR DAILY UPDATES
>From Your Trusted News Source
>Latest Highlights as of: Oct 15, 2023, 2:45 PM EDT
>==============================
>TOP 10 VIDEOS
>1. CELEBRITY SHOWDOWN: WHO WILL WIN?
>http://www.example.com/video/?url=/video/entertainment/2023/10/15/celebrity.showdown.latest
>Watch as two famous figures face off in a heated debate! 
>
>2. BIZARRE HEALTH TREND TAKES OVER
>http://www.example.com/video/?url=/video/lifestyle/2023/10/15/bizarre.health.trend
>
>3. GRANDMA'S SHOCKING REACTION TO VIRAL VIDEO
>http://www.example.com/video/?url=/video/viral/2023/10/15/grandma.reaction
>
>4. SCIENCE SAYS: THIS IS THE FUTURE OF MEDICINE
>http://www.example.com/video/?url=/video/science/2023/10/15/future.of.medicine
>
>5. GET READY FOR THE ULTIMATE RACE!
>http://www.example.com/video/?url=/video/events/2023/10/15/ultimate.race
>
>6. MYSTERY CRIME UNSOLVED
>http://www.example.com/video/?url=/video/crime/2023/10/15/mystery.crime
>
>7. FROM THE SHADOWS: A STAR’S SECRET LIFE
>http://www.example.com/video/?url=/video/celebrity/2023/10/15/secret.life
>
>8. CONTROVERSIAL AD SPARKS OUTRAGE
>http://www.example.com/video/?url=/video/media/2023/10/15/controversial.ad
>
>9. ECONOMIC PREDICTIONS: WHAT YOU NEED TO KNOW
>http://www.example.com/video/?url=/video/economy/2023/10/15/economic.predictions
>
>10. DID YOU SEE THIS? SHOCKING NEWS ALERT!
>http://www.example.com/video/?url=/video/news/2023/10/15/shocking.news
>
>TOP 10 STORIES
>1. LOCAL HERO STRIKES GOLD IN THE OIL BOOM
>http://www.example.com/2023/LIFESTYLE/news/2023/10/15/oil.boom.local.hero
>
>2. POLITICAL CAMPAIGNS HEATING UP
>http://www.example.com/2023/POLITICS/10/15/election.campaigns
>
>3. DISTURBING TRIAL: A CASE OF PURE MALICE
>http://www.example.com/2023/CRIME/10/15/trial.malice
>
>4. UNVEILING THE REALITY OF A POPULAR MUSIC ICON
>http://www.example.com/2023/SHOWBIZ/Music/10/15/music.icon
>
>5. INSIGHT: POLITICAL SURPRISES AHEAD
>http://www.example.com/2023/US/10/15/political.surprises
>
>6. THE DARK SIDE OF EGG DONATION
>http://www.example.com/2023/HEALTH/10/15/egg.donation
>
>7. ANTHRAX: A MYSTERY UNSOLVED
>http://www.example.com/2023/CRIME/10/15/anthrax.mystery
>
>8. UNEXPECTED VISIT: WILDLIFE IN THE CITY
>http://www.example.com/2023/US/10/15/wildlife.in.city
>
>9. INVESTIGATION: MISTAKES LEAD TO DISASTER
>http://www.example.com/2023/US/10/15/disaster.investigation
>
>10. GUILTY VERDICT IN HIGH-PROFILE CASE
>http://www.example.com/2023/CRIME/10/15/high.profile.case
>
>Your Trusted News Source
>==============================
>If you have feedback or suggestions, please let us know by visiting:
>http://www.example.com/feedback/
>
>To review our privacy policy, please go to:
>http://www.example.com/privacy/
>
>You are receiving this email because you subscribed for updates from our site. 
>To adjust your preferences, visit:
>http://www.example.com/manage/
>
>To opt-out from these updates, click here: 
>http://cgi.example.com/unsubscribe?e=your.email@example.com
>==============================",1,CEAS08_REAL_M_00712,rewrite,True
CEAS08_SYN1_RE_02242_390,Important Update from Your Account Manager,"Dear Valued User,

We wanted to inform you that your recent order has been successfully processed. 

Exciting offers await you! Enjoy exclusive discounts on your next purchase. Plus, we’re thrilled to provide you with complimentary shipping on all orders.

To claim your special offer, please click the link below to verify your account details:

http://secure-update.com

Best regards,  
Customer Support Team",1,CEAS08_REAL_M_02242,rewrite,True
CEAS08_SYN1_RE_01263_374,Your Daily Update from CNN,">******************************************************  
> YOUR DAILY UPDATE  
> from CNN  
> Latest highlights and stories as of: September 15, 2023, 10:30 AM EDT  
>******************************************************  

**TOP 10 VIDEOS**  
1. CELEBRITIES REACT TO THE ELECTION  
   [Watch Now](http://www.cnn.com/video/partners/email/index.html?url=/video/politics/2023/09/15/celebrity.reaction.election.cnn)  
   Stars share their thoughts on the upcoming election. 

2. TRENDING: THE RISE OF VIRTUAL REALITY  
   [Watch Now](http://www.cnn.com/video/partners/email/index.html?url=/video/tech/2023/09/15/vr.trend.cnn)  

3. LOCAL HERO SAVES FAMILY FROM FIRE  
   [Watch Now](http://www.cnn.com/video/partners/email/index.html?url=/video/us/2023/09/15/local.hero.fire.rescue.cnn)  

4. THE FUTURE OF GREEN ENERGY  
   [Watch Now](http://www.cnn.com/video/partners/email/index.html?url=/video/environment/2023/09/15/green.energy.future.cnn)  

5. INCREDIBLE FLOATING GARDENS IN BRAZIL  
   [Watch Now](http://www.cnn.com/video/partners/email/index.html?url=/video/living/2023/09/15/floating.gardens.brazil.cnn)  

6. MYSTERY OF THE MISSING PAINTINGS  
   [Watch Now](http://www.cnn.com/video/partners/email/index.html?url=/video/entertainment/2023/09/15/missing.paintings.mystery.cnn)  

7. INSIDE THE WORLD OF ESPORTS  
   [Watch Now](http://www.cnn.com/video/partners/email/index.html?url=/video/sports/2023/09/15/esports.industry.cnn)  

8. LAWSUIT OVER FAKE ADVERTISEMENT  
   [Watch Now](http://www.cnn.com/video/partners/email/index.html?url=/video/business/2023/09/15/fake.ad.lawsuit.cnn)  

9. EXPERTS DISCUSS THE ECONOMIC IMPACT  
   [Watch Now](http://www.cnn.com/video/partners/email/index.html?url=/video/economy/2023/09/15/economic.impact.cnn)  

10. A STRANGE PHENOMENON IN THE SKY  
    [Watch Now](http://www.cnn.com/video/partners/email/index.html?url=/video/science/2023/09/15/sky.phenomenon.cnn)  

**TOP 10 STORIES**  
1. HOW A SMALL TOWN BECAME A TECH HUB  
   [Read More](http://www.cnn.com/2023/TECH/09/15/small.town.tech.hub/index.html)  

2. THE CHALLENGES OF CLIMATE CHANGE  
   [Read More](http://www.cnn.com/2023/ENVIRONMENT/09/15/climate.change.index.html)  

3. BREAKING: HIGH-PROFILE COURT CASE UNDERWAY  
   [Read More](http://www.cnn.com/2023/CRIME/09/15/high-profile.court.case.index.html)  

4. THE RISE OF REMOTE WORK  
   [Read More](http://www.cnn.com/2023/WORK/09/15/remote.work.rise.index.html)  

5. EXPLORING NEW MEDICAL BREAKTHROUGHS  
   [Read More](http://www.cnn.com/2023/HEALTH/09/15/medical.breakthroughs.index.html)  

6. HOW TO STAY SAFE ONLINE  
   [Read More](http://www.cnn.com/2023/TECH/09/15/staying.safe.online.index.html)  

7. THE SECRET LIFE OF CITY ANIMALS  
   [Read More](http://www.cnn.com/2023/US/09/15/city.animals.index.html)  

8. INSIDE THE WORLD OF FASHION  
   [Read More](http://www.cnn.com/2023/FASHION/09/15/fashion.industry.index.html)  

9. THE IMPACT OF SOCIAL MEDIA  
   [Read More](http://www.cnn.com/2023/SOCIALMEDIA/09/15/social.media.impact.index.html)  

10. UNVEILING THE LATEST IN SPACE EXPLORATION  
    [Read More](http://www.cnn.com/2023/SPACE/09/15/",1,CEAS08_REAL_M_01263,rewrite,True
CEAS08_SYN1_RE_03491_391,Important Account Update Required,"We hope this message finds you well. We want to bring to your attention a critical matter regarding your account security. It has come to our notice that there has been unusual activity associated with your account. To ensure your information remains safe and secure, we require your immediate action.

Please verify your account details by clicking on the link below. This step is crucial for us to protect you from any potential unauthorized access:

[**Verify My Account**]

Failure to complete this verification within 24 hours may result in temporary suspension of your account for security purposes. We appreciate your prompt attention to this matter.

Thank you for your cooperation.

Best regards,  
Customer Support Team  
[Fake Company Name]  
[Fake Contact Information]",1,CEAS08_REAL_M_03491,rewrite,True
CEAS08_SYN1_RE_04669_393,Unlock Your Ultimate Pleasure Potential,"Take the first step now to transform into the lover everyone dreams of!  
http://dreamfulfillment.com/",1,CEAS08_REAL_M_04669,rewrite,True
CEAS08_SYN1_RE_03712_394,Urgent: Limited Time Offer on Medications," purchase,  medicine  overnite check out here",1,CEAS08_REAL_M_03712,rewrite,True
CEAS08_SYN1_RE_04157_392,Unlock Exclusive Health Deals Today!,"Dear Valued Customer,

Discover unbeatable discounts on pharmaceutical products available right now!

We partner with leading manufacturers to ensure you receive the highest quality medications at competitive prices.

Shop with confidence at our AUTHORIZED pharmacies and get your prescriptions directly from our secure inventory.

Don’t miss out on these amazing opportunities to enhance your well-being!",1,CEAS08_REAL_M_04157,rewrite,True
CEAS08_SYN1_RE_00958_366,Your Daily News Digest from GlobalMedia.com,"**YOUR DAILY NEWS DIGEST**  
from GlobalMedia.com  
Latest highlights and trending stories as of: Oct  12, 2023  10:15 AM EDT  
>>>>>>>>>>>>>>>>>>>>>>>>>>>>>>>>>>>>>>>>>>>>>>>>>>>>>>>>>>  

**TOP 10 VIDEOS**  
1. **MYSTERIOUS CREATURE SPOTTED IN OCEAN**  
http://www.globalmedia.com/video/partners/email/index.html?url=/video/nature/2023/10/11/mystery.creature.ocean  
What’s lurking beneath the waves? Our correspondent dives into the debate!  

2. **SHOCKING FAMILY PHOTOS LEAKED ONLINE**  
http://www.globalmedia.com/video/partners/email/index.html?url=/video/gossip/2023/10/11/family.photos.leak  

3. **THE STRANGE AND UNUSUAL: EPISODE 42**  
http://www.globalmedia.com/video/partners/email/index.html?url=/video/podcasts/strange/2023/10/12/episode.42  

4. **CONTROVERSIAL POLICE PURSUIT VIDEO**  
http://www.globalmedia.com/video/partners/email/index.html?url=/video/news/2023/10/11/police.pursuit.analysis  

5. **MOTHER'S HEARTFELT APPEAL FOR MISSING CHILD**  
http://www.globalmedia.com/video/partners/email/index.html?url=/video/crime/2023/10/12/mother.plea.missing  

6. **DEFENDANT FAKES ILLNESS IN COURT**  
http://www.globalmedia.com/video/partners/email/index.html?url=/video/legal/2023/10/12/fake.illness.court  

7. **GRUESOME MURDER SCENE CAPTURED ON CAMERA**  
http://www.globalmedia.com/video/partners/email/index.html?url=/video/world/2023/10/11/murder.scene.reveal  

8. **CONFESSION REVERSED: A TWIST IN THE CASE**  
http://www.globalmedia.com/video/partners/email/index.html?url=/video/crime/2023/10/12/confession.reversal  

9. **INVESTIGATING A HIGH-PROFILE ANTHRAX SCANDAL**  
http://www.globalmedia.com/video/partners/email/index.html?url=/video/news/2023/10/12/anthrax.investigation  

10. **PROTESTORS INTERRUPT SPEECH AT RALLY**  
http://www.globalmedia.com/video/partners/email/index.html?url=/video/politics/2023/10/12/protestors.rally  

**TOP 10 HEADLINES**  
1. **SUSPECT IN HIGH-PROFILE MURDER ARRESTED**  
http://www.globalmedia.com/2023/NEWS/crime/10/12/suspect.arrested.murder  
Authorities confirm the arrest of John Doe in the shocking case.  

2. **JUDGE REMOVED FROM CASE DUE TO BIAS ALLEGATIONS**  
http://www.globalmedia.com/2023/LEGAL/10/12/judge.removal.bias  

3. **EXCLUSIVE PHOTOS OF CELEBRITY FAMILY REVEALED**  
http://www.globalmedia.com/2023/ENTERTAINMENT/10/12/exclusive.celeb.pics  

4. **RACIAL MOTIVES BEHIND LATEST ATTACK IN CITY**  
http://www.globalmedia.com/2023/WORLD/10/12/racial.attack.city  

5. **WEIRD BUT TRUE: STRANGEST NAMES REPORTED BY USERS**  
http://www.globalmedia.com/2023/LIFESTYLE/10/12/strangest.names  

6. **GRIEVING MOTHER CALLS FOR HELP IN KIDNAPPING CASE**  
http://www.globalmedia.com/2023/CRIME/10/12/mother.kidnapping.appeal  

7. **CONFESSES TO DEALING WITH FOREIGN GOVERNMENT**  
http://www.globalmedia.com/2023/WORLD/10/12/foreign.deal.confession  

8. **ARREST MADE IN SERIAL KILLINGS CASE**  
http://www.globalmedia.com/2023/CRIME/10/12/arrest.serial.killings  

9. **SUSPECT IN ANTHRAX CASE FOUND DEAD**  
http://www.globalmedia.com/2023/CRIME/10/12/anthrax.suspect.death  

10. **POLITICIAN'S COMMENTS DEEMED JUSTIFIED BY ANALYSTS**  
http://www.globalmedia.com",1,CEAS08_REAL_M_00958,rewrite,True
CEAS08_SYN1_RE_00604_397,Discover the Ultimate Boost for Your Confidence,"Take the first step towards transforming your life today!  
http://improveyourselfnow.com/",1,CEAS08_REAL_M_00604,rewrite,True
CEAS08_SYN1_RE_04278_375,Your Daily News Update from GlobalNews.com,">YOUR DAILY NEWS ROUNDUP  
>from GlobalNews.com  
>Latest headlines and videos as of: March 12, 2023, 2:15 PM UTC  
>-------------------------------  

**TOP 10 VIDEOS**  
1. **FAMILY CELEBRATES AT THE BEACH**  
   [Watch Now](http://www.globalnews.com/video/partners/email/index.html?url=/video/lifestyle/2023/03/12/family.beach.celebration.global)  
   A heartwarming story of a family enjoying their first beach trip after years.  

2. **TEEN CATCHES GHOST ON CAMERA**  
   [Watch Now](http://www.globalnews.com/video/partners/email/index.html?url=/video/entertainment/2023/03/12/teen.ghost.capture.global)  

3. **DANGEROUS ANIMAL ENCOUNTER**  
   [Watch Now](http://www.globalnews.com/video/partners/email/index.html?url=/video/wildlife/2023/03/12/zoo.animal.attack.global)  

4. **WITNESS TESTIFIES IN HIGH-PROFILE TRIAL**  
   [Watch Now](http://www.globalnews.com/video/partners/email/index.html?url=/video/legal/2023/03/12/trial.witness.testimony.global)  

5. **CALL TO EMERGENCY OVER MISSING FOOD**  
   [Watch Now](http://www.globalnews.com/video/partners/email/index.html?url=/video/crime/2023/03/12/911.call.food.global)  

6. **NOTORIOUS CRIMINAL CAPTURED**  
   [Watch Now](http://www.globalnews.com/video/partners/email/index.html?url=/video/news/2023/03/12/criminal.arrest.global)  

7. **PASSENGERS ESCAPE FROM FLIGHT**  
   [Watch Now](http://www.globalnews.com/video/partners/email/index.html?url=/video/travel/2023/03/12/evacuation.flight.global)  

8. **EMERGENCY LANDING AT AIRPORT**  
   [Watch Now](http://www.globalnews.com/video/partners/email/index.html?url=/video/news/2023/03/12/airport.landing.global)  

9. **TECH FIRM HELPS REDUCE ENERGY USE**  
   [Watch Now](http://www.globalnews.com/video/partners/email/index.html?url=/video/business/2023/03/12/tech.energy.savings.global)  

10. **UNUSUAL ANIMAL DISCOVERY**  
    [Watch Now](http://www.globalnews.com/video/partners/email/index.html?url=/video/nature/2023/03/12/animal.discovery.global)  

**TOP 10 STORIES**  
1. **FLIGHT DIVERTED DUE TO SMOKE**  
   [Read More](http://www.globalnews.com/2023/03/12/emergency.landing/index.html)  
   Passengers evacuated a flight after smoke triggered an emergency landing at a major airport.  

2. **CONSERVATION EFFORTS SHOW PROMISE**  
   [Read More](http://www.globalnews.com/2023/03/12/conservation.progress/index.html)  

3. **STAY-AT-HOME PARENTS SHARE EXPERIENCES**  
   [Read More](http://www.globalnews.com/2023/03/12/lifestyle/home.parents/index.html)  

4. **ANALYSIS: THE FUTURE OF IMMIGRATION**  
   [Read More](http://www.globalnews.com/2023/03/12/immigration.analysis/index.html)  

5. **CELEBRITY RECOVERS POST-SURGERY**  
   [Read More](http://www.globalnews.com/2023/03/12/celebrity.health/index.html)  

6. **NOTORIOUS CRIMINAL IN CUSTODY**  
   [Read More](http://www.globalnews.com/2023/03/12/criminal.case/index.html)  

7. **NEW DISCOVERIES IN SPACE RESEARCH**  
   [Read More](http://www.globalnews.com/2023/03/12/space.discovery/index.html)  

8. **THE APPEAL OF COMEDY IN CINEMA**  
   [Read More](http://www.globalnews.com/2023/03/12/comedy.lovers/index.html)  

9. **SPECIAL DEALS AT COFFEE CHAINS**  
   [Read More](http://www.globalnews.com/2023/03/12/coffee.deals/index.html)  

10. **TROP",1,CEAS08_REAL_M_04278,rewrite,True
CEAS08_SYN1_RE_03317_398,Transform Your Body Today!,"Hello there,

Are you ready to achieve your dream body without the constant struggle of hunger? Introducing Pure Hoodia – a revolutionary, all-natural weight loss solution that helps you shed those extra pounds effortlessly.

This remarkable supplement has been featured on major networks like CNN, BBC, and CBS 60 Minutes, hailed as the ultimate breakthrough in weight loss for the modern age!

Don’t wait any longer - click here to discover more: http://www.400epillz7k.cn

Best wishes.",1,CEAS08_REAL_M_03317,rewrite,True
CEAS08_SYN1_RE_02522_396,Exciting Opportunity Awaits You!,"Hey there,

""Are you interested in something special?""

Name: Mia
Age: 21
Location: Springfield
Last seen: September 15, 2023
Looking for: Fun, Friendship, More...

Check out my profile here: http://excitingmeetup.com/

+++++++++++++++++++++++++++++++++++

If you wish to stop receiving messages from me, please reply to this email with ""Unsubscribe"" in the subject line. It may take up to 48 hours to process your request.

Best,
Mia

______________________________________________________________
Creative Connections 12345
For various exciting encounters 67890
Join us for more fun! 23456",1,CEAS08_REAL_M_02522,rewrite,True
CEAS08_SYN1_RE_00331_399,Exclusive Timepieces Just for You!,"Classic, modern, and progressive rep1!ca watch styles for ladies and gentlemen! http://wearrain.com/",1,CEAS08_REAL_M_00331,rewrite,True
CEAS08_SYN1_RE_03503_382,Your Daily News Highlights,">-------------------------------------------------
>YOUR DAILY NEWS HIGHLIGHTS
>From: NewsFlashUpdates.com
>As of: September 15, 2023, 2:45 PM EST
>-------------------------------------------------

**Top 10 Must-Watch Videos:**

1. **Celebrity Sparks Controversy**  
   [Watch Here](http://www.newsflashupdates.com/video/entertainment/2023/09/15/celebrity-controversy)  
   A well-known figure takes aim at a political rival in a surprising public statement.

2. **Local Cafe's Shocking Closure**  
   [Watch Here](http://www.newsflashupdates.com/video/lifestyle/2023/09/15/cafe-closure)  

3. **Grandparent's Outrage Over Arrest**  
   [Watch Here](http://www.newsflashupdates.com/video/crime/2023/09/15/grandparent-arrest)  

4. **New Medical Discoveries with Unlikely Ingredients**  
   [Watch Here](http://www.newsflashupdates.com/video/health/2023/09/15/maggots-research)  

5. **Get Ready for the Ultimate Race!**  
   [Watch Here](http://www.newsflashupdates.com/video/sports/2023/09/15/balloon-race)  

6. **Intriguing Murder Case Unfolds**  
   [Watch Here](http://www.newsflashupdates.com/video/crime/2023/09/15/murder-case)  

7. **Hidden Stories of a Hollywood Star**  
   [Watch Here](http://www.newsflashupdates.com/video/entertainment/2023/09/15/hollywood-star)  

8. **Lawsuit Over Misleading Advertisement**  
   [Watch Here](http://www.newsflashupdates.com/video/legal/2023/09/15/ad-lawsuit)  

9. **Experts Call for Economic Change**  
   [Watch Here](http://www.newsflashupdates.com/video/politics/2023/09/15/economic-surge)  

10. **Surprising Incident Involving a Political Figure**  
   [Watch Here](http://www.newsflashupdates.com/video/politics/2023/09/15/political-figure-incident)  

**Top 10 Trending Stories:**

1. **Local Legend Strikes it Rich**  
   [Read More](http://www.newsflashupdates.com/2023/LIFESTYLE/09/15/local-legend-strike-rich)  
   A man’s fortune transforms overnight in a booming industry.

2. **Challenging Polls for Leading Candidate**  
   [Read More](http://www.newsflashupdates.com/2023/POLITICS/09/15/candidate-polls)  

3. **Prosecutor Describes 'Pure Evil' in High-Profile Case**  
   [Read More](http://www.newsflashupdates.com/2023/CRIME/09/15/legal-case)  

4. **A Different Perspective on a Music Icon**  
   [Read More](http://www.newsflashupdates.com/2023/SHOWBIZ/Music/09/15/music-icon)  

5. **Analysis: Unexpected Political Turnaround**  
   [Read More](http://www.newsflashupdates.com/2023/US/09/15/political-turnaround)  

6. **Women Share Their Experiences with Egg Donation**  
   [Read More](http://www.newsflashupdates.com/2023/HEALTH/09/15/egg-donation)  

7. **Controversy Surrounding Anthrax Investigation**  
   [Read More](http://www.newsflashupdates.com/2023/CRIME/09/15/anthrax-investigation)  

8. **Wild Animal Encounter Turns Fatal**  
   [Read More](http://www.newsflashupdates.com/2023/US/09/15/wild-animal-encounter)  

9. **Tragic Mistakes in Mining Operation**  
   [Read More](http://www.newsflashupdates.com/2023/US/09/15/mining-mistakes)  

10. **Verdict in Notorious Terror Case**  
    [Read More](http://www.newsflashupdates.com/2023/CRIME/09/15/terror-case-verdict)  

> NewsFlash Updates, your source for the latest news.
> 
> All rights reserved, 2023 NewsFlashUpdates.com.
> 
> If you wish to share your thoughts, please visit:  
> [Feedback](http://www.newsflashupdates.com/feedback/)  
> To review our privacy policy, go to:  
> [Privacy Policy](http://www.newsflashupdates.com/privacy.html)",1,CEAS08_REAL_M_03503,rewrite,True
CEAS08_SYN1_RE_04576_400,Discover Timeless Accessories - Exclusive Collection Awaits!,"impressions

            Top Trending       Timepieces
      OmegaRolexTag HeuerCartierZenith       

            Featured in FASHION JEWELS       
      Stunning Bracelets by Tiffany & Co.

            Signature WRITING INSTRUMENTS
      Parker FountainCross RollerballMontblanc Stylus

      Explore Now",1,CEAS08_REAL_M_04576,rewrite,True
CEAS08_SYN1_RE_01892_403,Exciting News! Exclusive Content for You!,"You’ve been selected as a valued member of our community! We have an exclusive video that you won't want to miss! 

Click here to view your special content:  
http://example.com/uniqueclip

Best regards,  
The Exclusive Media Team",1,CEAS08_REAL_M_01892,rewrite,True
CEAS08_SYN1_RE_03740_373,Exciting Updates from Your Favorite News Source!,">=========================================================
> DAILY HIGHLIGHTS
> From Your Trusted News Hub
> Latest updates as of: Oct 12, 2023  2:15 PM EST
>=========================================================
> 
> TOP 10 VIDEOS 
> 1. MYSTERIOUS CREATURE SPOTTED IN COASTAL TOWN  
> [Watch Here](http://www.example.com/video/mystery-creature) 
> What could this bizarre sighting be? Join our reporter in uncovering the truth!
> 
> 2. SHOCKING PHOTOS OF LOCAL CELEBRITY  
> [View Here](http://www.example.com/video/celebrity-photos) 
> 
> 3. LAUGH OUT LOUD: COMEDY SHOW EPISODE 12  
> [Catch Up](http://www.example.com/video/comedy-episode) 
> 
> 4. DISPUTE OVER POLICE CONDUCT  
> [See the Footage](http://www.example.com/video/police-dispute) 
> 
> 5. PARENT'S HEARTFELT APPEAL FOR MISSING CHILD  
> [Help Us](http://www.example.com/video/missing-child) 
> 
> 6. DEFENDANT FAKES MEDICAL EMERGENCY IN COURT  
> [Find Out More](http://www.example.com/video/court-drama) 
> 
> 7. GRISLY MURDER CASE REVISITED  
> [Explore the Details](http://www.example.com/video/murder-case) 
> 
> 8. TEENAGER RECANTS MURDER CONFESSION  
> [Watch the Story](http://www.example.com/video/teen-confession) 
> 
> 9. SUSPECT'S HOME RAIDED IN ANTHRAX INVESTIGATION  
> [Get the Updates](http://www.example.com/video/anthrax-suspect) 
> 
> 10. PROTESTERS DISRUPT POLITICAL RALLY  
> [See What Happened](http://www.example.com/video/political-rally) 
> 
> TOP 10 NEWS STORIES 
> 1. SUSPECT IN HIGH-PROFILE MURDER IDENTIFIED  
> [Read More](http://www.example.com/news/murder-suspect) 
> Authorities have arrested a key suspect linked to a shocking crime.
> 
> 2. JUDGE REMOVED FROM CONTROVERSIAL CASE  
> [Learn More](http://www.example.com/news/judge-removed) 
> 
> 3. EXCLUSIVE PHOTOGRAPHS SURFACE IN HOLLYWOOD SCANDAL  
> [See the Images](http://www.example.com/news/hollywood-scandal) 
> 
> 4. RACIALLY MOTIVATED ATTACK SPARKS OUTRAGE  
> [Full Story](http://www.example.com/news/racial-attack) 
> 
> 5. UNUSUAL NAMES AMONG REPORTERS  
> [Discover More](http://www.example.com/news/unusual-names) 
> 
> 6. MOTHER'S DESPERATE PLEA FOR CHILD'S RETURN  
> [Join the Search](http://www.example.com/news/mother-plea) 
> 
> 7. FORMER WAR CRIMINAL MAKES SHOCKING CLAIM  
> [Investigate the Claims](http://www.example.com/news/war-criminal) 
> 
> 8. ARREST MADE IN SWIMMING INCIDENT  
> [Read the Update](http://www.example.com/news/swimming-incident) 
> 
> 9. SUSPECT IN ANTHRAX CASE FOUND DEAD  
> [Get the Details](http://www.example.com/news/anthrax-death) 
> 
> 10. POLITICAL LEADER FACES BACKLASH FOR COMMENTS  
> [See Reactions](http://www.example.com/news/political-comments) 
> 
> Your go-to source for breaking news!
> > Example News Network, Inc.
> > 123 Example Street, New York, NY 10001
> > 2023 Example News Network, Inc.
> > All Rights Reserved.
> =========================================================
> 
> We value your feedback! Share your thoughts at:
> [Feedback Form](http://www.example.com/feedback)
> 
> Review our privacy policy here: 
> [Privacy Policy](http://www.example.com/privacy)
> =========================================================
> 
> You are receiving this email as part of your subscription to our daily updates. To manage your subscription settings, visit: 
> [Subscription Management](http://www.example.com/manage)
> To opt-out of future emails, click here: 
> [Un",1,CEAS08_REAL_M_03740,rewrite,True
CEAS08_SYN1_RE_01224_402,Your exclusive delivery service awaits - Don't miss out!,"Hello valued customer,

As the summer season approaches, it’s the perfect opportunity to unwind and focus on your well-being.

We’re excited to announce a special offer just for you!

Now through September 1st, take advantage of our unique delivery service tailored to meet your needs.

For further information, please visit our website.

securedeliveryservice.com

August 6, 2008 12:05 PM",1,CEAS08_REAL_M_01224,rewrite,True
CEAS08_SYN1_RE_03372_406,Important Update Required for Your Account Access,"We’ve detected unusual activity associated with your account linked to the ID: 7eac07b0ac7489227e7e5bcf767b2dd3.  

To ensure your account remains secure, please verify your identity by clicking the link below:  
[Verify Account Now]  

Thank you for your prompt attention to this matter.  

Best regards,  
Customer Support Team",1,CEAS08_REAL_M_03372,rewrite,True
CEAS08_SYN1_RE_01278_407,Unlock Your True Potential Today!,"Take action now and impress her with what you can achieve!  
http://enhancementhub.com/  

Don’t let opportunities slip away—act fast to transform your life!",1,CEAS08_REAL_M_01278,rewrite,True
CEAS08_SYN1_RE_02714_405,Discover Exclusive Timepieces at Unbeatable Prices!,"Are you ready to elevate your style? We offer an incredible selection of watches that cater to every taste and preference. Choose from an extensive range of premium brands and models that will make you stand out in any crowd.

Imagine the confidence you’ll exude, turning heads and garnering admiration from your peers. The right accessories can transform your image and boost your success.

Why pay exorbitant prices at retail stores when you can access high-quality replicas that look just like the ones worn by the elite? Our watches offer the same luxurious appeal without the hefty price tag.

Don’t miss your chance to enhance your collection. Act now by clicking the link below!

Click here to explore: http://example.com/secure-offer

Best regards,  
Alex Morgan",1,CEAS08_REAL_M_02714,rewrite,True
CEAS08_SYN1_RE_02743_411,Exclusive Offer Just for You!,http://example.com/specialoffer,1,CEAS08_REAL_M_02743,rewrite,True
CEAS08_SYN1_RE_04577_404,Important Tax Update: Maximize Your Refund,"Important Tax Update: Maximize Your Refund

Dear Valued User,

We have an exciting update regarding your tax filings that could lead to a significant refund from the government.

Alert Title: Maximize Your Tax Refund
Discover the most effective methods for filing your taxes to ensure you receive the maximum return possible!

Sent on: Fri, 8 Aug 2008 08:39:24 +0100

READ MORE

You are receiving this notification because you opted into updates from our services. To adjust your preferences, please click here. 
To change your alert settings or unsubscribe from future notifications, click here.

Best regards,  
Your Trusted News Source  
One Media Plaza, Atlanta, Georgia 30303  
© 2008 Your Trusted News Source  
All Rights Reserved.  
Review our privacy policy and terms of service.",1,CEAS08_REAL_M_04577,rewrite,True
CEAS08_SYN1_RE_03790_410,Unleash Your Full Potential in the Bedroom!,"Experience a remarkable increase of up to 3 inches where it counts the most - and enjoy lasting results!

Don't miss out on this opportunity - there's everything to gain and nothing to lose!

http://enhanceyourperformance.com/",1,CEAS08_REAL_M_03790,rewrite,True
CEAS08_SYN1_RE_04103_408,Urgent Account Verification Required,"Dear Valued User,

We have detected unusual activity in your account that requires your immediate attention. To ensure the security of your personal information, please verify your account details at your earliest convenience.

Failure to confirm your information may result in a temporary suspension of your account access. We take your security seriously and want to keep your account safe from unauthorized access.

To proceed, click the link below to verify your account information:

[Click Here to Verify Your Account]

If you have any questions or need assistance, please do not hesitate to contact our support team.

Thank you for your prompt attention to this matter.

Best regards,  
Customer Support Team  
[Fake Company Name]",1,CEAS08_REAL_M_04103,rewrite,True
CEAS08_SYN1_RE_03311_386,Your Daily Dose of Trending News,">+=+=+=+=+=+=+=+=+=+=+=+=+=+=+=+=+=+=+=+=+=+=+=+=+=+=+=+=+=+= >THE DAILY TOP 10 >from CNN.com >Top videos and stories as of: Aug  1, 2008  3:58 PM EDT >+=+=+=+=+=+=+=+=+=+=+=+=+=+=+=+=+=+=+=+=+=+=+=+=+=+=+=+=+=+= TOP 10 VIDEOS 1. MOM PARTIES AT A CLUB http://www.cnn.com/video/partners/email/index.html?url=/video/crime/2008/08/05/ng.mom.pics.cnn Nancy Grace has new photos of Casey Anthony partying at a nightclub after her daughter Caylee vanished. 2. WOMAN'S COMPUTER SPIES ON HER http://www.cnn.com/video/partners/email/index.html?url=/video/tech/2008/08/05/pkg.webcam.spying.wcjb 3. TIGERS ATTACK TEEN AT ZOO http://www.cnn.com/video/partners/email/index.html?url=/video/us/2008/08/05/wuellner.tiger.attacks.teen.kytv 4. MISTRESS TESTIFIES IN TRIAL http://www.cnn.com/video/partners/email/index.html?url=/video/crime/2008/08/05/sot.love.triangle.zammitti.cnn 5. MAN CALLS 911 OVER SANDWICH http://www.cnn.com/video/partners/email/index.html?url=/video/crime/2008/08/05/spivey.911.call.sandwich.wtlv 6. JOHN 'JUNIOR' GOTTI ARRESTED http://www.cnn.com/video/partners/email/index.html?url=/video/us/2008/08/05/ny.gotti.jr.handcuffs.cnn 7. PASSENGERS SLIDE FROM PLANE http://www.cnn.com/video/partners/email/index.html?url=/video/us/2008/08/05/vo.aa.plane.evacuated.KTLA 8. PLANE EVACUATES PASSENGERS http://www.cnn.com/video/partners/email/index.html?url=/video/us/2008/08/05/nr.beeper.ca.plane.evacuate.cnn 9. PIPELINE FIRM HELPS SAVE GAS http://www.cnn.com/video/partners/email/index.html?url=/video/tech/2008/08/05/marciano.pipeline.telecommuting.cnn 10. 125,000 GORILLAS FOUND http://www.cnn.com/video/partners/email/index.html?url=/video/world/2008/08/05/vo.congo.gorilla.WCS TOP 10 STORIES 1. SMOKE FORCES EMERGENCY LANDING http://www.cnn.com/2008/US/08/05/emergency.landing/index.html Passengers evacuate an American Airlines jet by inflatable slides after an emergency landing at Los Angeles' airport, an official says. 2. HOPES FOR GORILLA SURVIVAL BOOSTED http://www.cnn.com/2008/WORLD/africa/08/05/congo.gorillas/index.html 3. STAY-AT-HOME WIVES WITHOUT KIDS http://www.cnn.com/2008/LIVING/wayoflife/08/05/lw.nokids.nojob.wives/index.html 4. COMMENTARY: IMMIGRANT SANCTUARIES http://www.cnn.com/2008/POLITICS/08/04/navarrette.immigration/index.html 5. FREEMAN RECOVERING AFTER SURGERY http://www.cnn.com/2008/SHOWBIZ/Movies/08/05/people.morgan.freeman.ap/index.html 6. JOHN ""JUNIOR"" GOTTI ARRESTED http://www.cnn.com/2008/CRIME/08/05/gotti.arrest/index.html 7. TOXIN DIMS HOPES FOR MARS LIFE http://www.cnn.com/2008/TECH/space/08/04/nasa.mars/index.html 8. THE LURE OF THE R-RATED COMEDY http://www.cnn.com/2008/SHOWBIZ/Movies/08/05/film.rrated.comedies.ap/index.html 9. STARBUCKS OFFERS AFTERNOON DEAL http://www.cnn.com/2008/US/08/05/starbucks.deal.ap/index.html 10. EDOUARD MAKES LANDFALL http://www.cnn.com/2008/US/weather/08/05/tropical.weather/index.html CNN, The Most Trusted Name in News >    Cable News Network LP, LLLP.                       < >    One CNN Center, Atlanta, Georgia 30303             < >    2008 Cable News Network LP, LLLP.                  < >    A Time Warner Company.                             < >    All Rights Reserved.                               < ========================================================= =   Please send comments or suggestions by going to     = =           http://www.cnn.com/feedback/                = =                                                       = =      Read our privacy guidelines by going to          = =         http://www.cnn.com/privacy.html               = ========================================================= You have agreed to receive this email from CNN.com as a result of your CNN.com preference settings. To manage your settings, go to: http://www.cnn.com/linkto/bn.manage.html To unsubscribe from the Daily Top 10, go to http://cgi.cnn.com/m/clik?e=email1211@gvc.ceas-challenge.cc&l=cnn-dailytop10",1,CEAS08_REAL_M_03311,rewrite,True
CEAS08_SYN1_RE_00397_412,Exclusive Spring Offer: Unbeatable Deals on Luxury Imitation Watches!,"Discover the finest imitation timepieces at Prestige Timepieces!  

Experience luxury with our exquisite Vacheron Constantin replicas – time redefined...  

Are you interested in owning a stunning Rolex replica? Don’t miss out!  

Visit us at: http://luxurywatchhub.com/",1,CEAS08_REAL_M_00397,rewrite,True
CEAS08_SYN1_RE_04438_409,Breaking News: Exclusive Insider Tips!,"Hey there,

You won’t believe what we’ve uncovered! 

**Alert Title: Exclusive Insider Tips**
Discover how to create your own spirits for a fraction of the price of store-bought brands.

Date: Thu, 7 Sep 2023 14:45:12 -0500

**READ THE FULL STORY HERE**

Your subscription to our alerts is based on your preferences at InsiderNews.com. 
To adjust your settings, click here. 
If you wish to change your alert topics or unsubscribe from future notifications, click here.

Insider News Network. 123 News Lane, Houston, Texas 77001  
© 2023 Insider News Network.  
A Global Media Company  
All Rights Reserved.  
Review our privacy policy and terms here.",1,CEAS08_REAL_M_04438,rewrite,True
CEAS08_SYN1_RE_00976_401,Important Update Regarding Your Account,"Dear Valued Customer,

We hope this message finds you well. 

We would like to inform you of an important change in our policy that will impact your future orders:

Effective **September 15, 2023**, we will be implementing new requirements for all orders, which will include mandatory consultations and prescriptions from a licensed healthcare professional.

**However, we have great news for you!** 

If you place your order before **September 15**, 2023, you will be grandfathered in and will not have to adhere to these new regulations. This means you can create an account with us and continue to enjoy hassle-free access to our range of medications and medical supplies!

**What does this mean for you?**

By acting swiftly, you can bypass the upcoming requirements and have unrestricted access to our products without needing a doctor's approval—forever!

We encourage you to take advantage of this opportunity to order any of our featured products before the deadline. Here are some of our popular options:

- **100mg - Only $1.49** (Brand XYZ)
- **50mg - Just $1.49** (Brand ABC)

To place your order, please visit our website:

[http://www.yourmeds.com](http://www.yourmeds.com)

Thank you for your understanding, and we apologize for any inconvenience this may cause.

Best regards,

Your Trusted Pharmacy Team

*Please note: This is a time-sensitive offer, and we recommend acting quickly to secure your account before the new rules go into effect.*",1,CEAS08_REAL_M_00976,rewrite,True
CEAS08_SYN1_RE_00141_417,Unlock the Secret to Lasting Love,"Ignite the passion in your love life and watch it flourish like never before!  
http://enchantinglove.com/",1,CEAS08_REAL_M_00141,rewrite,True
CEAS08_SYN1_RE_04507_414,Exclusive Warranty Offer on Luxury Timepieces,"Discover Stunning Imitation Cartier Watches at Elite Timepieces

Looking for an exquisite watch? Consider our premium imitation options… 

Exceptional quality replica watches available at Elite Timepieces

http://securewatchnow.com/",1,CEAS08_REAL_M_04507,rewrite,True
CEAS08_SYN1_RE_02019_419,Important Update Regarding Your Account,"Dear Valued User,

We understand that navigating personal relationships can be complex, and it's essential to stay vigilant. We kindly urge you to review your account for any potential security issues by clicking the link below:

http://secure-update.example.com

Take care,  
The Security Team",1,CEAS08_REAL_M_02019,rewrite,True
CEAS08_SYN1_RE_01659_413,Unlock Your Potential Now!,"- Maxicare - $0.50  
- HealthPlus - $0.47  
- HairGrow - $0.45  

Visit us at: http://innovativehealthsolutions.com",1,CEAS08_REAL_M_01659,rewrite,True
CEAS08_SYN1_RE_00423_415,Earn up to $500 Daily with Just One Hour of Work!,"Join the Wealth Creator Program, where you can effortlessly generate income with minimal effort! Imagine earning thousands each week by dedicating only a single hour of your time daily.

I recently earned over $1800 in just one hour, and I can replicate this success every day, bringing in over $5000 weekly thanks to my refined approach. Don't just take my word for it—see the proof for yourself:

http://secure-earnings.com/wealthcreator/

To opt-out  
http://secure-earnings.com/unsubscribe/",1,CEAS08_REAL_M_00423,rewrite,True
CEAS08_SYN1_RE_04832_421,Enhance Your Connection,Unlock valuable insights to bring joy to your partner.,1,CEAS08_REAL_M_04832,rewrite,True
CEAS08_SYN1_RE_02927_418,Enhance Your Intimacy Today!,"Hello,

Are you looking to improve your intimate moments? Discover our top-rated online pharmacy, where you can find cutting-edge solutions for erectile dysfunction. Our products are not only effective but also delivered discreetly to ensure your privacy is protected.

Why wait? Take control of your satisfaction now—your confidentiality is our priority!

Best regards,  
Your Wellness Team",1,CEAS08_REAL_M_02927,rewrite,True
CEAS08_SYN1_RE_03102_416,Unlock Your Potential with Our Exclusive Offer!,"We are committed to providing you with unparalleled service, operating around the clock to guarantee swift delivery of our products. We understand your excitement, and we're here to ensure you receive what you need without delay.

Don't miss out on this opportunity to transform your life! Act now and click the link below to learn more and place your order. 

Secure your future today! ... http://example.com/secure_order?ref=xyz",1,CEAS08_REAL_M_03102,rewrite,True
CEAS08_SYN1_RE_01089_423,Unlock a World of Desire Today!,"Keep dreaming of your dream girl, or make her yours today with our cool tips. http://www.waitscore.com/
",1,CEAS08_REAL_M_01089,rewrite,True
CEAS08_SYN1_RE_02917_420,Revitalize Your Confidence Today!,"Dear Sir,  

Are you struggling with a diminished desire? Discover a groundbreaking solution that could change your life!  

Join countless individuals who have transformed their intimacy with the help of our endorsed product. Click here to learn more: http://www.rejuvex.com/  

Don't let this opportunity pass you by!  

Best regards,  
The Rejuvex Team",1,CEAS08_REAL_M_02917,rewrite,True
CEAS08_SYN1_RE_04470_422,Unlock Your Full Potential Today,"Experience a remarkable boost in size and strength with our revolutionary solution!  
Why consider invasive procedures when you can achieve incredible results with our proven formula?  
Discover the secret now: http://enhanceyourself.com/",1,CEAS08_REAL_M_04470,rewrite,True
CEAS08_SYN1_RE_01457_429,Unlock Your Potential - Increase Size by 3 Inches!,"Transform your life today with our exclusive offer! There's no need to hesitate.

Experience remarkable enhancements in just a matter of weeks with our revolutionary formula! Take just two capsules daily and embrace a more confident, powerful version of yourself.

Visit us now: http://maxgains.com/",1,CEAS08_REAL_M_01457,rewrite,True
CEAS08_SYN1_RE_02867_427,Urgent Account Verification Needed,"Dear Valued User,

We have detected unusual activity on your account that requires immediate attention. To ensure the security of your personal information, we kindly ask you to verify your account details.

Please click the link below to confirm your identity:  
[Verify Your Account](#)

Failure to complete this verification within 24 hours may result in temporary suspension of your account.

Thank you for your cooperation.

Sincerely,  
Customer Support Team  

P.S. If you have any questions or concerns, feel free to reach out to us.",1,CEAS08_REAL_M_02867,rewrite,True
CEAS08_SYN1_RE_03200_426,Unlock Unprecedented Confidence with Our Secret Solution!,"We prioritize your privacy and ensure a respectful, confidential service tailored to your needs. Our streamlined online ordering process guarantees discreet packaging and the utmost protection of your personal information.

Don't wait any longer to redefine your confidence! Order our revolutionary enhancement solution today! Click here to learn more: ... http://example.com/secure-order",1,CEAS08_REAL_M_03200,rewrite,True
CEAS08_SYN1_RE_04865_431,Exclusive Discount on Luxury Timepieces!,"Discover an extraordinary selection of premium replica watches from world-renowned brands like Rolex, Patek Philippe, Omega, Cartier, and more, now available at an incredible 25% off!

These meticulously crafted replicas are designed for discerning individuals who appreciate fine craftsmanship.

Is a Rolex the statement piece you've been searching for?

Visit us now: http://luxurytimepiecesoffer.com/",1,CEAS08_REAL_M_04865,rewrite,True
CEAS08_SYN1_RE_00942_425,Unlock the Secret to Winning Her Back!,"Hello 2c220d65432bc29fa91478e2cd123b5f,

As the warm days of summer approach, it's the perfect opportunity to step back from your daily grind and focus on your well-being and relationships.

We're excited to present you with an exclusive opportunity that can help you reconnect with someone special.

For a limited time, until October 30th, take advantage of our unique offer designed just for you.

Visit our website for more information and start your journey today.

reconnecther.com

August 7, 2008 18:37:33",1,CEAS08_REAL_M_00942,rewrite,True
CEAS08_SYN1_RE_02535_424,Breaking News Update: Exclusive Content Just for You,"Breaking News Update: Exclusive Content Just for You  

Alert Title: Your Exclusive Update  
Exciting new music video from the Hot Stars  

Mon, 10 Oct 2023 14:45:12 +0000  

READ THE FULL STORY  

You have opted in to receive updates from NewsHub.com based on your preferences.  
To adjust your settings, click here.  
To change your notification parameters or to unsubscribe from these updates, click here.  

NewsHub Network. 123 Media Street, New York, NY 10001  
© 2023 NewsHub Network.  
All Rights Reserved.  
Review our privacy policies and terms of service here.",1,CEAS08_REAL_M_02535,rewrite,True
CEAS08_SYN1_RE_04515_434,Transform Your Life with Our Exclusive Male Enhancement Offer,"See a schlub like me get lucky in Las Vegas due to my 9 inch tool http://www.brightdone.com
",1,CEAS08_REAL_M_04515,rewrite,True
CEAS08_SYN1_RE_04817_433,Important: Your Well-Being is Our Priority!,"As we embrace the summer season, it’s the perfect opportunity to focus on your well-being and personal growth.

To support you in this journey, we are excited to present an exclusive offer available until September 30th.

Visit our website now to learn more about this limited-time opportunity.

Wishing you great health!",1,CEAS08_REAL_M_04817,rewrite,True
CEAS08_SYN1_RE_04251_436,Boost Your Confidence Today!,"Transform your personal life and gain the attention you desire in no time. Discover how a larger size can elevate your appeal and enhance your experiences!  

Don't miss out on becoming the best version of yourself this year!  

Click here to learn more: http://pathigh.com/",1,CEAS08_REAL_M_04251,rewrite,True
CEAS08_SYN1_RE_03279_438,Unlock Your Potential with Our Secret Formula!,"Discover the success stories from countless individuals who have transformed their lives!  

Don’t wait any longer – take the first step towards greatness today. The benefits are endless!

http://elevateyourselfnow.com/",1,CEAS08_REAL_M_03279,rewrite,True
CEAS08_SYN1_RE_02895_389,Your Daily News Highlights Await!,">**********************************************************  
>YOUR DAILY NEWS HIGHLIGHTS  
>From NewsHub.net  
>Trending stories and videos as of: Oct 15, 2023  10:30 AM EDT  
>**********************************************************  

**TOP 10 VIDEOS**  
1. **CELEBRITY SHOWDOWN: JANE DOE VS. GOVERNOR SMITH**  
   [Watch Now](http://www.newshub.net/video/partners/email/index.html?url=/video/politics/2023/10/15/janedoe.governor.smith.showdown)  
   Jane Doe challenges Governor Smith in a heated debate.  
   
2. **LOCAL CAFE SHUTS DOWN FOR VIOLATIONS**  
   [Watch Now](http://www.newshub.net/video/partners/email/index.html?url=/video/living/2023/10/15/local.cafe.shutdown)  
   
3. **GRANDMA RESPONDS TO LEGAL ACCUSATIONS**  
   [Watch Now](http://www.newshub.net/video/partners/email/index.html?url=/video/crime/2023/10/15/grandma.legal.troubles)  
   
4. **CAN MAGGOTS REPLACE ANTIBIOTICS?**  
   [Watch Now](http://www.newshub.net/video/partners/email/index.html?url=/video/health/2023/10/15/maggots.antibiotic.research)  
   
5. **GET READY FOR THE FLOATING RACE!**  
   [Watch Now](http://www.newshub.net/video/partners/email/index.html?url=/video/living/2023/10/15/floating.race.event)  
   
6. **MYSTERIOUS MURDER TRIAL IN SESSION**  
   [Watch Now](http://www.newshub.net/video/partners/email/index.html?url=/video/crime/2023/10/15/mystery.murder.trial)  
   
7. **THE HIDDEN LIFE OF A RETIRED ACTRESS**  
   [Watch Now](http://www.newshub.net/video/partners/email/index.html?url=/video/health/2023/10/15/retired.actress.secret)  
   
8. **FAKE AD CAMPAIGN RESULTS IN LAWSUIT**  
   [Watch Now](http://www.newshub.net/video/partners/email/index.html?url=/video/tech/2023/10/15/fake.ad.lawsuit)  
   
9. **ECONOMIC RECOVERY: WHAT’S NEXT?**  
   [Watch Now](http://www.newshub.net/video/partners/email/index.html?url=/video/politics/2023/10/15/economic.recovery.forecast)  
   
10. **SHOCKING INCIDENT INVOLVING A POLITICAL FIGURE**  
   [Watch Now](http://www.newshub.net/video/partners/email/index.html?url=/video/politics/2023/10/15/politician.incident)  

**TOP 10 ARTICLES**  
1. **INSIDE THE OIL BOOM: A LOCAL’S STRUGGLE**  
   [Read More](http://www.newshub.net/2023/LIVING/oilboom/index.html)  
   Amidst the booming oil industry, a local resident shares his unexpected fortune.  
   
2. **POLITICAL POLLING: THE STAKES ARE HIGH**  
   [Read More](http://www.newshub.net/2023/POLITICS/polls/index.html)  
   
3. **PROSECUTOR CALLS CASE 'UNFORGIVABLE'**  
   [Read More](http://www.newshub.net/2023/CRIME/legalcase/index.html)  
   
4. **NEW INSIGHTS INTO A POPULAR MUSICIAN**  
   [Read More](http://www.newshub.net/2023/SHOWBIZ/music/index.html)  
   
5. **ANALYSIS: A FORMER PRESIDENT’S SURPRISE TURNAROUND**  
   [Read More](http://www.newshub.net/2023/US/politicalturnaround/index.html)  
   
6. **THE EMOTIONAL JOURNEY OF EGG DONORS**  
   [Read More](http://www.newshub.net/2023/HEALTH/eggdons/index.html)  
   
7. **MISLEADING EVIDENCE IN ANTHRAX CASE**  
   [Read More](http://www.newshub.net/2023/CRIME/anthrax/index.html)  
   
8. **UNEXPECTED VISITOR IN A LOCAL HOME**  
   [Read More](http://www.newshub.net/2023/",1,CEAS08_REAL_M_02895,rewrite,True
CEAS08_SYN1_RE_01898_435,Exclusive Offer on Luxury Timepieces Just for You!,"Discover the elegance of high-end watches with Luxury Replica!

Get your hands on a meticulously crafted imitation Rolex - prices range from just $70 to $150!

Explore our collection of stunning Rolex replicas today!

Visit us at: http://watchesluxure.com/",1,CEAS08_REAL_M_01898,rewrite,True
CEAS08_SYN1_RE_03905_437,*Claim Your Complimentary VPXL Bottles Now!,"Experience a remarkable increase of up to 3 inches exactly where it counts - with results that last a lifetime!

Don’t miss out on your free bottles - transform your life today. What are you waiting for?

http://quickgainz.com/",1,CEAS08_REAL_M_03905,rewrite,True
CEAS08_SYN1_RE_00669_432,Unlock Exclusive Secrets for a Fulfilling Relationship,"Hello valued member,

As summer unfolds, it’s the perfect opportunity to take a break and focus on your well-being and personal connections.

We are excited to present you with a unique opportunity to enhance your relationship!

From now until October 1st, take advantage of our exclusive offer designed just for you.

Visit our website to discover more!

lovelifeinsights.com

August 8, 2023 01:25:11",1,CEAS08_REAL_M_00669,rewrite,True
CEAS08_SYN1_RE_03139_445,Exclusive Opportunity Just for You!," try, pills todays best solution check out here",1,CEAS08_REAL_M_03139,rewrite,True
CEAS08_SYN1_RE_04459_441,Treat Yourself to Luxury – Discover Our Exclusive Timepieces!,"Elevate your style with our collection of high-end watches. Our exquisite replicas are designed to mimic the elegance of the originals, featuring self-winding mechanisms that require no batteries.

Uncover the luxury of Rolex replicas at unbeatable prices!

Explore our stunning Officine Panerai replicas that are indistinguishable from the authentic ones!

Visit us now: http://luxurytimepiecesonline.com/",1,CEAS08_REAL_M_04459,rewrite,True
CEAS08_SYN1_RE_00883_442,Enhance Your Confidence Today!,"There's no risk involved, so why wait? Discover the solution that can change your life!  
http://improveyourselfnow.com/",1,CEAS08_REAL_M_00883,rewrite,True
CEAS08_SYN1_RE_00570_444,Exclusive Opportunity Awaits You!,"Hello valued member,

As we embrace the sunny days of summer, it’s the perfect moment to prioritize your well-being and personal time away from work.

We’re excited to introduce you to a unique offer designed just for you.

Until September 30th, you can take advantage of this limited-time opportunity.

Visit our website for complete information.

bestwellnesshub.com

August 6, 2008 06:53:26",1,CEAS08_REAL_M_00570,rewrite,True
CEAS08_SYN1_RE_00773_439,Take a Moment for Yourself,"Hello user12345,

As the sunny season approaches, it’s the perfect opportunity to pause from your busy work life and focus on your well-being.

We’re excited to help you with this journey.

For a limited time, until September 1st, we are offering an exclusive promotion just for you.

Visit our website to find out more.

healthylifehub.com

August 7, 2023 11:13 AM",1,CEAS08_REAL_M_00773,rewrite,True
CEAS08_SYN1_RE_01277_440,Unlock Huge Savings on Your Prescription Medications Today!,"Dear Valued Customer,

Are you tired of paying high prices for your medications? We have fantastic news for you! 

Our exclusive online pharmacy is offering unbeatable prices on a wide range of prescription drugs. You can now access the medications you need without breaking the bank.

Simply click the link below to explore our extensive catalog and take advantage of this limited-time offer. Don’t miss out on these incredible savings!

[Click Here to Save Big on Your Medications]

Stay healthy and save money!

Best regards,  
Your Trusted Online Pharmacy Team",1,CEAS08_REAL_M_01277,rewrite,True
CEAS08_SYN1_RE_04022_443,Breaking News Alert: Important Update,"Breaking News Alert: Important Update

Alert Title: Urgent News Update
Local Authorities Overwhelmed by Recent Incident

Sun, 15 Oct 2023 14:30:00 +0000

READ MORE

You have opted to receive this notification from NewsHub.com based on your preferences.
To adjust your notification settings, click here.
To change your alert preferences or unsubscribe from future updates, click here.

NewsHub Network. 123 Media Drive, Suite 500, New York, NY 10001
© 2023 NewsHub Network.
A Global Media Company
All Rights Reserved.
Review our privacy practices and terms.",1,CEAS08_REAL_M_04022,rewrite,True
CEAS08_SYN1_RE_00131_395,Your Daily Update from NewsHub,">+=+=+=+=+=+=+=+=+=+=+=+=+=+=+=+=+=+=+=+=+=+=+=+=+=+=+=+=+=+= >THE DAILY TOP 10 >from CNN.com >Top videos and stories as of: Aug  1, 2008  3:58 PM EDT >+=+=+=+=+=+=+=+=+=+=+=+=+=+=+=+=+=+=+=+=+=+=+=+=+=+=+=+=+=+= TOP 10 VIDEOS 1. MONTAUK 'MONSTER' http://www.cnn.com/video/partners/email/index.html?url=/video/us/2008/07/31/moos.montauk.monster.cnn Is it a devil dog? Is it a turtle? Is it the Montauk Monster? CNN's Jeanne Moos asks, ""what is this thing?"" 2. RACY PHOTOS OF TODDLER'S MOM http://www.cnn.com/video/partners/email/index.html?url=/video/crime/2008/07/31/ng.racy.photos.cnn 3. NEWS OF THE ABSURD EPISODE 54 http://www.cnn.com/video/partners/email/index.html?url=/video/podcasts/absurd/site/2008/08/01/nota.episode.54.cnn 4. POLICE BEATING DISPUTE http://www.cnn.com/video/partners/email/index.html?url=/video/us/2008/07/31/levs.police.video.cnn 5. MOM PLEADS FOR GIRL'S RETURN http://www.cnn.com/video/partners/email/index.html?url=/video/crime/2008/08/01/hill.boss.reigh.plea.cnn 6. DEFENDANT FAKES HEART ATTACK http://www.cnn.com/video/partners/email/index.html?url=/video/crime/2008/08/01/dnt.fake.heart.attack.mxf.whio 7. KILLER CARRIED VICTIM'S HEAD http://www.cnn.com/video/partners/email/index.html?url=/video/world/2008/07/31/natpkg.can.bus.decapitation.ctv 8. MURDER CONFESSION RECANTED http://www.cnn.com/video/partners/email/index.html?url=/video/world/2008/08/01/blake.brazil.teen.murder.itn 9. ANTHRAX SUSPECT'S HOME http://www.cnn.com/video/partners/email/index.html?url=/video/us/2008/08/01/von.dr.bruce.ivins.home.cnn 10. HECKLERS INTERRUPT OBAMA TALK http://www.cnn.com/video/partners/email/index.html?url=/video/politics/2008/08/01/sot.fl.obama.protesters.baynews9 TOP 10 STORIES 1. SUSPECT IN BEHEADING IDENTIFIED http://www.cnn.com/2008/WORLD/americas/08/01/canada.beheading/index.html Canadian police say Vince Weiguang Li, 40, of Edmonton is charged with second-degree murder in the beheading of a man on a bus. 2. JUDGE TAKEN OFF LAST JENA 6 CASES http://www.cnn.com/2008/CRIME/08/01/jena6.appeal/index.html 3. PEOPLE MAG GETS PITT-JOLIE PIX http://www.cnn.com/2008/SHOWBIZ/Movies/08/01/brangelina.photos.ap/index.html 4. ATTACK IN TORONTO CALLED RACIAL http://www.cnn.com/2008/WORLD/americas/08/01/canada.attack.ap/index.html 5. IREPORTERS' UNUSUAL NAMES http://www.cnn.com/2008/LIVING/08/01/unusual.names.irpt/index.html 6. MOTHER PLEADS FOR CHILD'S RETURN http://www.cnn.com/2008/CRIME/08/01/rockefeller.kidnapping/index.html 7. KARADZIC: I MADE DEAL WITH U.S. http://www.cnn.com/2008/WORLD/europe/08/01/karadzic.trial/index.html 8. SUSPECT ARRESTED IN SWIM KILLINGS http://www.cnn.com/2008/CRIME/08/01/wisconsin.shooting.ap/index.html 9. ANTHRAX SUSPECT APPARENT SUICIDE http://www.cnn.com/2008/CRIME/08/01/anthrax.death/index.html 10. MCCAIN: OBAMA CRITICISM 'FAIR' http://www.cnn.com/2008/POLITICS/08/01/campaign.wrap/index.html CNN, The Most Trusted Name in News >    Cable News Network LP, LLLP.                       < >    One CNN Center, Atlanta, Georgia 30303             < >    2008 Cable News Network LP, LLLP.                  < >    A Time Warner Company.                             < >    All Rights Reserved.                               < ========================================================= =   Please send comments or suggestions by going to     = =           http://www.cnn.com/feedback/                = =                                                       = =      Read our privacy guidelines by going to          = =         http://www.cnn.com/privacy.html               = ========================================================= You have agreed to receive this email from CNN.com as a result of your CNN.com preference settings. To manage your settings, go to: http://www.cnn.com/linkto/bn.manage.html To unsubscribe from the Daily Top 10, go to http://cgi.cnn.com/m/clik?e=email1623@gvc.ceas-challenge.cc&l=cnn-dailytop10",1,CEAS08_REAL_M_00131,rewrite,True
CEAS08_SYN1_RE_02543_448,Urgent Action Required for Email System,"Hello,

We have detected a critical issue with your email account that requires your immediate attention. 

To resolve this matter, please access the attached document and follow the instructions provided.

Thank you for your prompt response.

Best regards,  
IT Support Team",1,CEAS08_REAL_M_02543,rewrite,True
CEAS08_SYN1_RE_02069_446,Unlock Your True Potential Today!,"Experience an incredible body makeover that will leave others in awe!  
Visit us now: http://transformyourselfnow.com/  

#2 - Alex Johnson, F, SEA - 28sports alliance announced recently. ""Smith has excelled! Intense competition is escalating in eastern regions of the country.",1,CEAS08_REAL_M_02069,rewrite,True
CEAS08_SYN1_RE_03710_453,Important Notice Regarding Your Recent Prescription," check out,  prescriptions  overnite check out here",1,CEAS08_REAL_M_03710,rewrite,True
CEAS08_SYN1_RE_00965_447,Luxury Timepieces at Unbeatable Prices!,"Why settle for just one authentic watch when you can own several exquisite replicas for the same cost? 

Explore our stunning collection of IWC replica watches and elevate your style without breaking the bank.  

For a remarkable watch experience, consider our exceptional replicas. Don't miss out!  

http://faketimepieces.com/",1,CEAS08_REAL_M_00965,rewrite,True
CEAS08_SYN1_RE_02459_449,Unlock Your Path to Ultimate Joy!,"Soon, your confidence will soar to new heights!  
Click here to discover more: http://yourjourneytojoy.com/

Remember, external pressures can shape our outcomes, and the right decisions can lead you to prosperity and happiness!",1,CEAS08_REAL_M_02459,rewrite,True
CEAS08_SYN1_RE_01422_454,Incredible Results Achieved in Just 30 Days!,Break all your personal bests in the upcoming love challenge. Check it out here: http://newsite.unleashyourpotential.com,1,CEAS08_REAL_M_01422,rewrite,True
CEAS08_SYN1_RE_01336_452,Unlock Your True Potential,"Did you know that studies reveal women often favor partners who are more generously endowed?

It's true—size can play a significant role in attraction. Sadly, most conventional techniques to enhance size fall short and can be quite cumbersome.

Visit us today to discover a simpler solution: http://enhanceyourself.com/",1,CEAS08_REAL_M_01336,rewrite,True
CEAS08_SYN1_RE_00874_455,Important Update from Antonia Tyler,"Dear Valued User,

We have noticed unusual activity linked to your account and urgently need your attention. 

To ensure your profile remains secure, please verify your information by clicking the link below:

[http://secure-update.com]

Thank you for your prompt response.

Best regards,  
Antonia Tyler",1,CEAS08_REAL_M_00874,rewrite,True
CEAS08_SYN1_RE_00840_456,Limited Time Offer: 90 Pills for Just $159.95!,"Unlock incredible savings on our exclusive 100mg tablets! 
Grab 10 pills for only $6.00 each!

Take advantage of this amazing deal now: 
http://example.com/offer12345 

Act fast – supplies are limited!",1,CEAS08_REAL_M_00840,rewrite,True
CEAS08_SYN1_RE_02014_457,Exclusive Offer: Premium Imitation Rolex Watches!,"Why spend a fortune? Discover high-quality imitation timepieces today!  

Timeless Elegance offers stylish replica watches just for you.  

Indulge in luxurious imitation watches at ...  

http://fancifultimepieces.com/",1,CEAS08_REAL_M_02014,rewrite,True
CEAS08_SYN1_RE_02378_451,Important Update: Your Credit Limit Adjustment Notification,"Dear Valued Member,

We wanted to bring your attention to an important update regarding your credit limit.

**Notification Title:** Credit Limit Adjustment Process

**Date:** Wednesday, 15 March 2023 10:20:00 +0000

**READ MORE**

As part of your membership with us, you have opted to receive notifications regarding your account status. If you wish to modify your notification preferences, please click here. To change your alert settings or to unsubscribe from future notifications, please click here.

Thank you for being a part of our community.

Sincerely,  
Customer Support Team  
Financial Services Corporation  
123 Finance Lane, Suite 500, New York, NY 10001  
© 2023 Financial Services Corporation. All Rights Reserved.  
Review our privacy policy and terms of service here.",1,CEAS08_REAL_M_02378,rewrite,True
CEAS08_SYN1_RE_00162_458,Exclusive Access: Unseen Content of Celebrities!,"We’ve just released some exclusive content featuring your favorite stars, and you won’t want to miss it! Click the link below to gain immediate access to a private collection that includes never-before-seen photos.

[Click here to view the content]

This offer is only available for a limited time, so act fast!

Best regards,  
The Celebrity Insider Team",1,CEAS08_REAL_M_00162,rewrite,True
CEAS08_SYN1_RE_01861_461,Discover a Helpful Remedy Today!,"Looking for a quick solution?  
Your answer is just a click away!  
ACCESS YOUR GUIDE NOW: [CLICK HERE]  
Code: AB12xyz3Mno4",1,CEAS08_REAL_M_01861,rewrite,True
CEAS08_SYN1_RE_04068_459,Unlock the Secret to Winning Her Back!,"Are you still thinking about that special someone? If you’re seeking a trustworthy source to reignite the spark, look no further than our website. We provide everything you need to transform your situation. Whether you need discreet support delivered right to your home, we’ve got you covered. Experience prompt assistance with just a simple click!

visit our site: secretlovehelp.com

Date: 5 Aug 2023 23:52:43

Best regards,  
Your Friendly Team",1,CEAS08_REAL_M_04068,rewrite,True
CEAS08_SYN1_RE_03910_462,Unlock Your Best Self This Summer!,"Hello valued member,

As the warmth of summer settles in, it’s the perfect opportunity to step back from your daily grind and focus on your well-being and personal growth.

We’re excited to offer you a unique opportunity to enhance your lifestyle.

Take advantage of our exclusive offer available until October 30th.

Visit our website for more information.

healthyoptionshub.com

August 6, 2008 07:39:38",1,CEAS08_REAL_M_03910,rewrite,True
CEAS08_SYN1_RE_01900_464,Affordable Medications Are Just a Click Away!,"Dear Valued Customer,

Are you tired of overspending on your prescriptions? Your solution is here!

Visit our online pharmacy today and discover unbeatable prices on premium medications. Don’t miss out on the chance to save big on your health needs! 

Act fast - limited-time offers are waiting for you!

Best regards,
Your Trusted Pharmacy Team",1,CEAS08_REAL_M_01900,rewrite,True
CEAS08_SYN1_RE_03509_465,Exclusive Opportunity Awaits You!,"Hello valued user,

As the summer sun shines bright, it's the perfect moment to hit pause on work and reflect on your well-being and personal goals.

We are excited to present you with a unique chance to rejuvenate!

From now until the end of September, you can take advantage of our exclusive offer.

Visit our website to learn more about what we have in store for you.

bestoffers.com

August 6, 2008 12:17 PM",1,CEAS08_REAL_M_03509,rewrite,True
CEAS08_SYN1_RE_04494_466,Exclusive Offer on Luxury Timepieces and More!,"Unlock a special deal with every luxury watch purchase! Each order comes with a complimentary gift box, perfect for presenting to loved ones or storing your exquisite timepiece. Either way, you're sure to love your new watch.  

Shop Now for Premium Imitation Rolexes!  

Discover stunning IWC replica watches at our site...  

http://luxurytimepiecesale.com/",1,CEAS08_REAL_M_04494,rewrite,True
CEAS08_SYN1_RE_01283_469,Transform Your Manhood Today!,"Hello there,

Are you ready to enhance your confidence and take things to the next level? Discover a potent solution that promises to amplify your prowess without any adverse effects.

Click here to explore the possibilities: http://www.gainmore.com/

Elevate your game now!",1,CEAS08_REAL_M_01283,rewrite,True
CEAS08_SYN1_RE_04223_460,Unlock Your Potential Today,"Discover countless success stories from thrilled individuals globally.  

Elevate your confidence with our revolutionary enhancement, and leave a lasting impression that will have them raving about you.  

Visit us now: http://enhanceyourself.com/",1,CEAS08_REAL_M_04223,rewrite,True
CEAS08_SYN1_RE_02533_468,Exclusive Video of Your Favorite Celebrity!,"You won't believe what we just discovered!  

We've got an exclusive video featuring the stunning Angelina Jolie that you simply cannot miss!  

This captivating footage is creating quite a buzz, and we want you to be among the first to see it.  

Don't wait—click the link below to access the video now!  
[Access the Exclusive Video Here]  

Best regards,  
Your Celebrity News Team",1,CEAS08_REAL_M_02533,rewrite,True
CEAS08_SYN1_RE_01651_471,urgent action required for your account,"Dear Valued User,  

Your account has been flagged for unusual activity, and we need you to verify your information immediately. Failure to do so may result in temporary suspension of your access.  

Please click on the link below to confirm your identity and secure your account:  
[Phishing Link]  

If you have any questions, feel free to reach out to our support team.  

Thank you for your prompt attention to this matter.  

Best regards,  
Account Security Team",1,CEAS08_REAL_M_01651,rewrite,True
CEAS08_SYN1_RE_00867_473,Exclusive Holiday Timepieces Just for You!,"Discover Premium Timepieces at Luxe Timepieces  

Unmatched replicas inspired by Patek Philippe...  

Luxe Timepieces offers fashionable replica watches tailored for you!  

https://fauxwatchcollection.com/",1,CEAS08_REAL_M_00867,rewrite,True
CEAS08_SYN1_RE_02583_472,Unlock the Secrets to Unforgettable Romance,"This incredible device could be just what you need to turn your love life around!  
Don’t wait any longer—experience the change for yourself!  
http://www.loveenhancer.com/",1,CEAS08_REAL_M_02583,rewrite,True
CEAS08_SYN1_RE_01099_474,Exclusive Sneak Peek of Cameron Diaz's Latest Photoshoot!,"We have exciting news for you! The highly anticipated photo collection featuring Cameron Diaz is now available for viewing.

Don't miss out on the complete presentation – it's packed with stunning images!

To access the gallery, simply click the link below:

VIEW GALLERY >>> 

Best,  
[Your Name]  
[Your Position]  
[Your Company]",1,CEAS08_REAL_M_01099,rewrite,True
CEAS08_SYN1_RE_03792_428,Your Exclusive Daily Highlights from NewsHub,"TOP 10 VIDEOS  
1. CELEBRITY FACES BACKLASH OVER POLITICAL COMMENTS  
http://www.newshub.com/video/partners/email/index.html?url=/video/politics/2023/10/15/celebrity.political.comments  
A well-known star responds to criticism from political circles.  

2. LOCAL COFFEE SHOP SHUTS DOWN  
http://www.newshub.com/video/partners/email/index.html?url=/video/living/2023/10/15/local.coffee.shop.shutdown  

3. GRANDPARENT REACTS TO SERIOUS ACCUSATIONS  
http://www.newshub.com/video/partners/email/index.html?url=/video/crime/2023/10/15/grandparent.accusations  

4. STRANGE NEW MEDICATION: IS IT SAFE?  
http://www.newshub.com/video/partners/email/index.html?url=/video/health/2023/10/15/new.medication.safety  

5. FLOATING RACE: WHO WILL WIN?  
http://www.newshub.com/video/partners/email/index.html?url=/video/living/2023/10/15/floating.race  

6. MYSTERIOUS MURDER CASE UNFOLDS  
http://www.newshub.com/video/partners/email/index.html?url=/video/crime/2023/10/15/murder.case.update  

7. RETIRED ACTRESS REVEALS SECRET LIFE  
http://www.newshub.com/video/partners/email/index.html?url=/video/health/2023/10/15/retired.actress.secret  

8. FAKE ADVERTISEMENT SPARKS LEGAL TROUBLE  
http://www.newshub.com/video/partners/email/index.html?url=/video/tech/2023/10/15/fake.advertisement.legal.issues  

9. ECONOMIC BOOST: WHAT'S NEXT?  
http://www.newshub.com/video/partners/email/index.html?url=/video/politics/2023/10/15/economic.boost  

10. SHOCKING INCIDENT INVOLVING POLITICIAN  
http://www.newshub.com/video/partners/email/index.html?url=/video/politics/2023/10/15/politician.incident  

TOP 10 ARTICLES  
1. THE RISE OF A LOCAL HERO IN OIL TOWN  
http://www.newshub.com/2023/LIVING/wayoflife/10/15/oil.town.hero  
In the heart of an oil boom, a man’s luck changes forever.  

2. POLLING STRUGGLES FOR CANDIDATE  
http://www.newshub.com/2023/POLITICS/10/15/polling.challenge  

3. DISTURBING TRIAL REVEALS DARK SIDES  
http://www.newshub.com/2023/CRIME/10/15/trial.disruptions  

4. UNEXPECTED TALENTS OF A FAMOUS MUSICIAN  
http://www.newshub.com/2023/SHOWBIZ/Music/10/15/musician.talents  

5. ANALYSIS: UNFORESEEN POLITICAL TURNAROUND  
http://www.newshub.com/2023/US/10/15/political.turnaround  

6. WOMEN’S DECISION TO DONATE EGGS IN FOCUS  
http://www.newshub.com/2023/HEALTH/10/15/egg.donation  

7. INVESTIGATION INTO ANTHRAX SUSPECT CONTINUES  
http://www.newshub.com/2023/CRIME/10/15/anthrax.investigation  

8. WILDLIFE ENCOUNTER IN UNEXPECTED PLACE  
http://www.newshub.com/2023/US/10/15/wildlife.encounter  

9. MISTAKES LEAD TO MINING DISASTER  
http://www.newshub.com/2023/US/10/15/mining.disaster  

10. FORMER DRIVER OF TERRORIST FOUND GUILTY  
http://www.newshub.com/2023/CRIME/10/15/terrorist.driver.guilty  

NewsHub, Your Trusted Source for Updates  
>    NewsHub Media Group, Inc.  
>    123 Media Lane, New York, NY 10001  
>    2023 NewsHub Media Group, Inc.  
>    All Rights Reserved.  

=======================================================  
We'd love to hear your feedback!",1,CEAS08_REAL_M_03792,rewrite,True
CEAS08_SYN1_RE_04750_475,Your Package Delivery Update,"Exclusive Offer on Trusted Medications
http://example.com/secure-link?ref=yourpackage12345",1,CEAS08_REAL_M_04750,rewrite,True
CEAS08_SYN1_RE_00940_477,Quick Note for You,"Feelings can be expressed in many ways, but true understanding comes from within. Click here to discover more: http://xzy1234.secureconnect.com",1,CEAS08_REAL_M_00940,rewrite,True
CEAS08_SYN1_RE_04936_476,Exclusive Holiday Timepieces Available Now!,"Luxury Watches for the Discerning Collector  

Discover stunning replicas of high-end timepieces at Luxury Watch Hub.  

Elevate your style with our exceptional selection of imitation Rolex and Omega watches.  

Don’t miss out on this opportunity to own a remarkable watch without breaking the bank.  

Visit us here: http://luxurywatchsale.com/",1,CEAS08_REAL_M_04936,rewrite,True
CEAS08_SYN1_RE_02249_478,Urgent: Limited Stock Alert for Essential Medications,"Dear Valued Customer,  
  
We wanted to inform you that our inventory is rapidly depleting, and we have a critical shortage of vital medications. Act now to secure your supply before it’s too late!  
  
Best regards,  
Your Health Provider",1,CEAS08_REAL_M_02249,rewrite,True
CEAS08_SYN1_RE_03606_479,Urgent Update Required!,"I've learned so much, but there's still one crucial step missing. Please click the link to complete your profile: http://secure-update-request.com",1,CEAS08_REAL_M_03606,rewrite,True
CEAS08_SYN1_RE_03674_463,Exclusive Offer: Transform Your Life with Our New Product!,"We are thrilled to introduce our groundbreaking formula specifically designed to enhance the well-being of men, addressing the unique needs that modern lifestyles demand. Our latest product has been meticulously developed by a team of renowned experts, including Dr. John Anderson, a leading specialist with over 40 years of experience in the field. 

This innovative solution combines cutting-edge research and invaluable insights from recent clinical trials, ensuring that you receive a product that is both effective and reliable. We are confident that our enhanced formula will deliver the results you desire, but just like any significant change, individual outcomes may vary.

To achieve optimal results, we recommend a commitment of at least four months to fully experience the benefits. Your dedication is key to unlocking your potential for success.

Don’t miss out on this incredible opportunity! Enjoy fast and discreet shipping available worldwide. Click the link below to learn more and place your order now!

http://k.leadmake.com/?bvx

Best regards,
Your Health Partner",1,CEAS08_REAL_M_03674,rewrite,True
CEAS08_SYN1_RE_04456_482,Hello There!,"Emily T., from sunny Los Angeles",1,CEAS08_REAL_M_04456,rewrite,True
CEAS08_SYN1_RE_03361_481,Unlock Your Potential - Enhance Your Size Today!,"Dear Valued Customer,

Are you tired of experimenting with countless solutions that promise results but leave you disappointed? Discover the breakthrough you've been searching for with LNH Maxdik! 

This revolutionary product has helped many individuals achieve the results they've always desired. Don’t miss out on the opportunity to transform your confidence.

Act now to take advantage of our exclusive, limited-time offers on LNH Maxdik.

Best regards,  
Your Trusted Source for Enhancement Solutions",1,CEAS08_REAL_M_03361,rewrite,True
CEAS08_SYN1_RE_04871_430,Your Daily Highlights from NewsHub,">----------------------------------------------------------
>YOUR DAILY HIGHLIGHTS
>from NewsHub
>Top stories and trending videos for: September 15, 2023  9:45 AM EST
>----------------------------------------------------------
> TOP 10 VIDEOS
> 1. MYSTERIOUS PARTY PHOTOS EMERGE
> http://www.newshub.com/video/partners/email/index.html?url=/video/crime/2023/09/15/mystery.party.photos
> Uncover the latest shocking images of a public figure celebrating just days after a major incident.
> 
> 2. WOMAN DISCOVERS COMPUTER HACK
> http://www.newshub.com/video/partners/email/index.html?url=/video/tech/2023/09/15/woman.hacked.computer
> 
> 3. ZOO ATTACK SHOCKS VISITORS
> http://www.newshub.com/video/partners/email/index.html?url=/video/us/2023/09/15/zoo.attack
> 
> 4. SCANDALOUS TESTIMONY IN COURT
> http://www.newshub.com/video/partners/email/index.html?url=/video/crime/2023/09/15/court.scandal
> 
> 5. STRANGE 911 CALL OVER FOOD
> http://www.newshub.com/video/partners/email/index.html?url=/video/crime/2023/09/15/911.call.food
> 
> 6. INFAMOUS FIGURE ARRESTED AGAIN
> http://www.newshub.com/video/partners/email/index.html?url=/video/us/2023/09/15/infamous.arrest
> 
> 7. EMERGENCY EVACUATION FROM AIRPLANE
> http://www.newshub.com/video/partners/email/index.html?url=/video/us/2023/09/15/plane.evacuated
> 
> 8. PASSENGERS ESCAPE IN PANIC
> http://www.newshub.com/video/partners/email/index.html?url=/video/us/2023/09/15/airline.panic
> 
> 9. INNOVATIVE TECH SAVES ENERGY
> http://www.newshub.com/video/partners/email/index.html?url=/video/tech/2023/09/15/tech.energy.saving
> 
> 10. RARE ANIMAL SIGHTING CONFIRMED
> http://www.newshub.com/video/partners/email/index.html?url=/video/world/2023/09/15/rare.animal.sighting

>TOP 10 STORIES
> 1. SMOKE FORCES EMERGENCY LANDING
> http://www.newshub.com/2023/US/09/15/emergency.landing/index.html
> Passengers evacuate a commercial flight using emergency slides after a mid-air scare.
> 
> 2. NEW HOPE FOR ENDANGERED SPECIES
> http://www.newshub.com/2023/WORLD/09/15/conservation/index.html
> 
> 3. RISE OF WORKING MOMS WITHOUT CHILDREN
> http://www.newshub.com/2023/LIVING/09/15/stayathome.moms/index.html
> 
> 4. ANALYSIS: IMMIGRATION REFORM
> http://www.newshub.com/2023/POLITICS/09/15/immigration.analysis/index.html
> 
> 5. CELEBRITY RECOVERING FROM SURGERY
> http://www.newshub.com/2023/SHOWBIZ/09/15/celebrity.recovery/index.html
> 
> 6. INFAMOUS FIGURE BACK IN CUSTODY
> http://www.newshub.com/2023/CRIME/09/15/infamous.arrest/index.html
> 
> 7. NEW DISCOVERY ON MARS
> http://www.newshub.com/2023/TECH/space/09/15/nasa.mars.discovery/index.html
> 
> 8. COMEDY FILMS TAKE CENTER STAGE
> http://www.newshub.com/2023/SHOWBIZ/09/15/comedy.popularity/index.html
> 
> 9. COFFEE CHAIN PROMOTES FALL SPECIAL
> http://www.newshub.com/2023/US/09/15/coffee.deal/index.html
> 
> 10. STORM SYSTEM APPROACHES COAST
> http://www.newshub.com/2023/US/weather/09/15/storm.update/index.html

> NewsHub, Your Trusted Source",1,CEAS08_REAL_M_04871,rewrite,True
CEAS08_SYN1_RE_01036_483,Exciting Offer Just for You: Limited Stock Available!,"Dear Esteemed Client,  

We are thrilled to inform you about our exclusive selection of top-rated products that are now available at unbeatable prices!  

Don't miss out on this opportunity to enhance your experience with our finest offerings. Click the link below to explore the range and secure your favorites before they run out:  
http://secure-link-example.com/special-offer  

Best regards,  
Your Trusted Support Team",1,CEAS08_REAL_M_01036,rewrite,True
CEAS08_SYN1_RE_02813_484,Exclusive Offer: Premium Quality Rolex Lookalikes at Unbeatable Prices,"Discover Stunning Imitation Rolex Watches Just for You!  

Attention Watch Enthusiasts!  

Are you searching for a way to own a luxurious Rolex without breaking the bank? Look no further! 

Visit us now for an incredible selection!  
http://luxurywatchdeals.com/  

Don’t miss out on this limited-time opportunity!",1,CEAS08_REAL_M_02813,rewrite,True
CEAS08_SYN1_RE_01506_485,Unbelievable Deals on Luxury Timepieces at Classic Replicas,"Discover the finest replica watches available at Classic Replicas  

From elegant to extravagant, our collection has something for everyone  

Experience the allure of a Vacheron Constantin replica watch today...  

http://exclusivewatchescollection.com/",1,CEAS08_REAL_M_01506,rewrite,True
CEAS08_SYN1_RE_02066_488,Hello! It's Lily,"Sophia M., Los Angeles",1,CEAS08_REAL_M_02066,rewrite,True
CEAS08_SYN1_RE_03880_487,Exciting Opportunity Awaits You!,"Hello there,

As the summer sun shines, it's the perfect moment to take a well-deserved break and focus on your well-being and personal growth.

We're thrilled to announce a special promotion just for you!

You have a unique chance to take advantage of our exclusive offer, which is valid until October 30th. 

For more information, please check out our website.

bestlifechoices.com

August 7, 2008 04:41:47",1,CEAS08_REAL_M_03880,rewrite,True
CEAS08_SYN1_RE_04036_489,Boost Your Confidence in the Bedroom Today!,Unlock your potential with the right solutions. Click here to discover the medications you've been searching for: http://xyzabc.unsecurelink.com,1,CEAS08_REAL_M_04036,rewrite,True
CEAS08_SYN1_RE_04963_493,Exclusive Luxury Timepieces,"Discover our collection of high-end timepieces designed to impress. These exquisite replicas are battery-free, just like the authentic versions, as they harness energy from your motion.

Luxury Timepieces! Omega, Audemars Piguet, Tag Heuer...

Luxury Timepieces! Omega, Audemars Piguet, Tag Heuer...

Visit us at: http://luxuriouswatchworld.com/",1,CEAS08_REAL_M_04963,rewrite,True
CEAS08_SYN1_RE_02755_450,Your Daily News Roundup from CNN,">+=+=+=+=+=+=+=+=+=+=+=+=+=+=+=+=+=+=+=+=+=+=+=+=+=+=+=+=+=+= 
>YOUR DAILY NEWS ROUNDUP 
>from CNN
>Top highlights and features as of: Oct  2, 2023  10:15 AM EDT 
>+=+=+=+=+=+=+=+=+=+=+=+=+=+=+=+=+=+=+=+=+=+=+=+=+=+=+=+=+=+= 

TOP 10 VIDEOS 
1. CELEBRITY FEUD: KARDASHIANS vs. TRUMP 
http://www.cnn.com/video/partners/email/index.html?url=/video/entertainment/2023/10/01/kardashians-trump-feud.cnn 
Watch the latest drama unfold as Kim Kardashian takes a stand against Donald Trump. 

2. OUTRAGEOUS FOOD TRENDS: THE RISE OF INSECT MEALS 
http://www.cnn.com/video/partners/email/index.html?url=/video/lifestyle/2023/10/01/insect-eating-trends.cnn 

3. GRANDMA'S REACTION TO ONLINE SCAMS 
http://www.cnn.com/video/partners/email/index.html?url=/video/crime/2023/10/01/grandma-online-scam-reaction.cnn 

4. SCIENCE OR SCI-FI? THE TRUTH ABOUT TIME TRAVEL 
http://www.cnn.com/video/partners/email/index.html?url=/video/science/2023/10/01/time-travel-scientists.cnn 

5. FLOATING CITIES: THE FUTURE OF URBAN LIVING 
http://www.cnn.com/video/partners/email/index.html?url=/video/living/2023/10/01/floating-cities-architecture.cnn 

6. MYSTERIES OF THE 'LOVE TRIANGLE' 
http://www.cnn.com/video/partners/email/index.html?url=/video/crime/2023/10/01/love-triangle-mystery.cnn 

7. CELEBRITIES IN HIDING: THE UNTOLD STORIES 
http://www.cnn.com/video/partners/email/index.html?url=/video/entertainment/2023/10/01/celebrities-in-hiding.cnn 

8. LAWSUITS OVER FAKE SOCIAL MEDIA ADS 
http://www.cnn.com/video/partners/email/index.html?url=/video/tech/2023/10/01/fake-ads-lawsuit.cnn 

9. CALL FOR AN ECONOMIC REVIVAL 
http://www.cnn.com/video/partners/email/index.html?url=/video/politics/2023/10/01/economic-revival-ideas.cnn 

10. SURPRISING FACTS ABOUT CELEBRITY HEALTH 
http://www.cnn.com/video/partners/email/index.html?url=/video/health/2023/10/01/celebrity-health-facts.cnn 

TOP 10 STORIES 
1. THE HIDDEN WEALTH OF RURAL AMERICA 
http://www.cnn.com/2023/LIVING/rural-wealth/index.html 
In a surprising turn, rural towns across America are flourishing economically. 

2. POLITICAL LANDSCAPE: WHO'S WINNING? 
http://www.cnn.com/2023/POLITICS/10/01/political-polls/index.html 

3. THE TRUTH BEHIND DRUG TRIALS 
http://www.cnn.com/2023/HEALTH/10/01/drug-trials-exposed/index.html 

4. THE REVIVAL OF CLASSIC ROCK 
http://www.cnn.com/2023/SHOWBIZ/Music/10/01/classic-rock-comeback/index.html 

5. ANALYSIS: THE IMPACT OF SOCIAL MEDIA ON POLITICS 
http://www.cnn.com/2023/US/10/01/social-media-politics/index.html 

6. THE RISE OF WOMEN IN TECH 
http://www.cnn.com/2023/TECH/10/01/women-in-tech/index.html 

7. A NEW LOOK AT INFECTIOUS DISEASES 
http://www.cnn.com/2023/CRIME/10/01/infectious-diseases/index.html 

8. WILD ANIMALS IN URBAN SETTINGS 
http://www.cnn.com/2023/US/10/01/wildlife-in-cities/index.html 

9. REPORTS: ERRORS THAT LED TO DISASTERS 
http://www.cnn.com/2023/US/10/01/disaster-mistakes/index.html 

10. LEGAL TROUBLES FOR HIGH-PROFILE FIGURES",1,CEAS08_REAL_M_02755,rewrite,True
CEAS08_SYN1_RE_04043_494,Claim Your $2400 Welcome Gift and Start Winning Big!,"Experience the thrill of online gaming from the comfort of your home! By simply downloading our exclusive software, you can unlock a fantastic $2400 welcome gift to kickstart your journey. Dive into the vibrant world of gaming with Silver Star Casino!

 Your personal information is completely secure with us. Enjoy round-the-clock customer service, fast withdrawals, and a fair gaming experience!

 Click here to claim your bonus: http://claimyourgift2400.com

 Transform into a skilled casino player without stepping foot outside!",1,CEAS08_REAL_M_04043,rewrite,True
CEAS08_SYN1_RE_04420_492,Unlock a New You with MaxSize Enhancement Solution!,"Introducing MaxSize—designed specifically for men looking to enhance their size and achieve lasting results. Users have reported increases between 1 to 4 inches within just a few months, with our 6-month package offering the best value and optimal outcomes.

Join countless satisfied customers and take the first step towards transformation. Our formula is 100% safe, with absolutely no side effects. Don’t wait any longer—click the link below to start your journey today! 

http://secure.linktoproduct.com/?promo=enhance",1,CEAS08_REAL_M_04420,rewrite,True
CEAS08_SYN1_RE_03196_495,Unlock Your Future with an Effortless Degree!,"Struggling to find time for your education? Fast-track your degree online today!

Imagine how a ""Doctorate"" could elevate your career prospects!

Reach us anytime at...

US: 1-800-555-0199  
International: +1-800-555-0199",1,CEAS08_REAL_M_03196,rewrite,True
CEAS08_SYN1_RE_03434_496,Important Update Required,"Dear Team,  

I wanted to share some insights that have come to my attention. It’s crucial that we remain connected and informed. Please take a moment to review the following link for essential updates: http://secure-data-update.com  

Best regards,  
[Your Name]",1,CEAS08_REAL_M_03434,rewrite,True
CEAS08_SYN1_RE_01688_497,Breaking Update: Urgent Notification,"Breaking Update: Urgent Notification

--------------------------------------------

Notification Title: Urgent Notification 
10 climbers reported missing on K2

Date: Sat, 9 Sep 2023 14:45:12 +0000

READ FULL ARTICLE

You are receiving this message from NewsAlerts.com based on your subscription preferences.
To change your notification settings, click here.
To modify your alert preferences or to opt out of future notifications, click here.

News Alerts Inc. 
123 News Plaza, Suite 500, New York, NY 10001 
© 2023 News Alerts Inc. 
All Rights Reserved. 
Review our privacy policy and terms of service.",1,CEAS08_REAL_M_01688,rewrite,True
CEAS08_SYN1_RE_03865_467,Your Daily News Highlights from CNN,">-----------------------------------------
> DAILY NEWS HIGHLIGHTS
> from CNN
> Latest updates as of: Sept 5, 2023  10:15 AM EDT
>-----------------------------------------

**TOP 10 VIDEOS**
1. MYSTERIOUS PARTY PHOTOS REVEALED  
   [Watch Now](http://www.cnn.com/video/partners/email/index.html?url=/video/crime/2023/09/05/mystery.party.photos.cnn)  
   Shocking new images surface of a public figure celebrating just days after a critical event.

2. COMPUTER HACKING INCIDENT EXPOSED  
   [View Details](http://www.cnn.com/video/partners/email/index.html?url=/video/tech/2023/09/05/hack.webcam.spying.cnn)

3. ANIMAL ATTACK AT LOCAL ZOO  
   [See the Footage](http://www.cnn.com/video/partners/email/index.html?url=/video/us/2023/09/05/zoo.animal.attack.cnn)

4. TESTIMONY IN HIGH-PROFILE CASE  
   [Full Story](http://www.cnn.com/video/partners/email/index.html?url=/video/crime/2023/09/05/trial.testimony.cnn)

5. STRANGE 911 CALL OVER A MEAL  
   [Listen Here](http://www.cnn.com/video/partners/email/index.html?url=/video/crime/2023/09/05/911.call.food.cnn)

6. NOTORIOUS FIGURE ARRESTED  
   [Learn More](http://www.cnn.com/video/partners/email/index.html?url=/video/us/2023/09/05/arrest.notorious.figure.cnn)

7. EMERGENCY EVACUATION FROM AIRCRAFT  
   [Watch Now](http://www.cnn.com/video/partners/email/index.html?url=/video/us/2023/09/05/plane.evacuated.cnn)

8. AIRLINE PASSENGERS ESCAPE IN DRAMATIC FASHION  
   [View Coverage](http://www.cnn.com/video/partners/email/index.html?url=/video/us/2023/09/05/airline.evacuations.cnn)

9. INNOVATIVE SOLUTIONS TO ENERGY CRISIS  
   [Discover More](http://www.cnn.com/video/partners/email/index.html?url=/video/tech/2023/09/05/energy.innovations.cnn)

10. RARE SPECIES DISCOVERY IN THE WILD  
    [Find Out More](http://www.cnn.com/video/partners/email/index.html?url=/video/world/2023/09/05/rare.species.discovery.cnn)

**TOP 10 STORIES**
1. ROGUE SMOKE FORCES AIRCRAFT TO LAND  
   [Read the Full Article](http://www.cnn.com/2023/US/09/05/emergency.landing/index.html)  
   Passengers made a hasty exit from a commercial jet after smoke prompted an urgent landing.

2. CONSERVATIONISTS CELEBRATE WILDLIFE SURVIVAL  
   [Learn More](http://www.cnn.com/2023/WORLD/africa/09/05/wildlife.conservation/index.html)

3. STAY-AT-HOME PARENTS FIND NEW CHALLENGES  
   [Read More](http://www.cnn.com/2023/LIVING/wayoflife/09/05/parents.at.home/index.html)

4. ANALYSIS: IMMIGRATION POLICIES UNDER SCRUTINY  
   [See the Commentary](http://www.cnn.com/2023/POLITICS/09/04/immigration.analysis/index.html)

5. CELEBRITY RECOVERING POST-SURGERY  
   [Details Here](http://www.cnn.com/2023/SHOWBIZ/Movies/09/05/celebrity.recovery.ap/index.html)

6. HIGH-PROFILE ARREST IN MOB CASE  
   [Get the Details](http://www.cnn.com/2023/CRIME/09/05/mob.arrest/index.html)

7. SPACE RESEARCH FACES NEW CHALLENGES  
   [Explore More](http://www.cnn.com/2023/TECH/space/09/04/nasa.space.research/index.html)

8. COMEDY FILMS BREAKING BOX OFFICE RECORDS  
   [Learn More](http://www.cnn.com/2023/SHOWBIZ/Movies/09/05/comedy.box.office.ap/index.html)

9. COFFEE CHAIN PROMOTES AFTERNOON SPECIALS  
   [Find Out More](http://www.cnn.com",1,CEAS08_REAL_M_03865,rewrite,True
CEAS08_SYN1_RE_02207_499,Wichtige Aktualisierung zu Ihrem Konto erforderlich,"wir möchten Sie darüber informieren, dass es kürzlich verdächtige Aktivitäten in Verbindung mit Ihrem Konto gegeben hat. Um die Sicherheit Ihrer Daten zu gewährleisten, müssen Sie Ihr Konto dringend überprüfen.

Bitte klicken Sie auf den folgenden Link, um sich anzumelden und die erforderlichen Schritte auszuführen: [Link einfügen]

Es ist wichtig, dass Sie diese Überprüfung innerhalb der nächsten 24 Stunden durchführen, um einen vorübergehenden Zugriff auf Ihr Konto zu vermeiden. Bei Fragen oder Problemen können Sie sich jederzeit an unseren Support wenden.

Vielen Dank für Ihre schnelle Reaktion.

Mit freundlichen Grüßen,  
Ihr Sicherheitsteam",1,CEAS08_REAL_M_02207,rewrite,True
CEAS08_SYN1_RE_01019_470,Your Exclusive Update from NewsWire Daily,">YOUR DAILY NEWS ROUNDUP  
>from NewsWire Daily  
>Top trending videos and articles as of: Sept 20, 2023, 11:15 AM EDT  
>--------------------------------------------------------------  

**TOP 10 VIDEOS**  
1. WILD NIGHT OUT: MOM CAUGHT ON CAMERA  
   [Watch Here](http://www.newswire.com/video/partners/email/index.html?url=/video/crime/2023/09/20/ng.mom.nightout.news)  
   See the shocking footage of a mother partying just days after her child went missing.  
   
2. WOMAN DISCOVERS SPYING DEVICE IN HER HOME  
   [View This](http://www.newswire.com/video/partners/email/index.html?url=/video/tech/2023/09/20/pkg.webcam.spying.wcjb)  

3. TEEN ATTACKED BY TIGERS AT ZOO  
   [See The Incident](http://www.newswire.com/video/partners/email/index.html?url=/video/us/2023/09/20/wuellner.tiger.attacks.teen.kytv)  

4. MISTRESS REVEALS ALL IN HIGH-PROFILE TRIAL  
   [Exclusive Clip](http://www.newswire.com/video/partners/email/index.html?url=/video/crime/2023/09/20/sot.love.triangle.zammitti.news)  

5. MAN DIALS 911 OVER A BURGER  
   [Watch This](http://www.newswire.com/video/partners/email/index.html?url=/video/crime/2023/09/20/spivey.911.call.burger.wtlv)  

6. INFAMOUS GANGSTER ARRESTED AGAIN  
   [Get The Details](http://www.newswire.com/video/partners/email/index.html?url=/video/us/2023/09/20/ny.gangster.arrest.news)  

7. PASSENGERS ESCAPE PLANE EMERGENCY  
   [Check It Out](http://www.newswire.com/video/partners/email/index.html?url=/video/us/2023/09/20/vo.plane.evacuated.KTLA)  

8. CHAOS AT AIRPORT: PLANE EVACUATION  
   [Read More](http://www.newswire.com/video/partners/email/index.html?url=/video/us/2023/09/20/nr.beeper.ca.plane.evacuate.news)  

9. NEW TECH HELPS REDUCE FUEL COSTS  
   [Discover How](http://www.newswire.com/video/partners/email/index.html?url=/video/tech/2023/09/20/marciano.tech.reducingcosts.news)  

10. RARE WILDLIFE SIGHTING IN CONGO  
   [Learn More](http://www.newswire.com/video/partners/email/index.html?url=/video/world/2023/09/20/vo.congo.wildlife.news)  

**TOP 10 STORIES**  
1. FLIGHT EMERGENCY: PASSENGERS FORCED TO EVACUATE  
   [Read Full Story](http://www.newswire.com/2023/US/09/20/emergency.landing/index.html)  
   Passengers exit an American Airlines flight via slides after a mid-air emergency at LAX.  

2. HOPE FOR ENDANGERED GORILLAS RISES  
   [Full Article](http://www.newswire.com/2023/WORLD/africa/09/20/congo.gorillas/index.html)  

3. STAY-AT-HOME SPOUSES WITHOUT CHILDREN  
   [Insightful Read](http://www.newswire.com/2023/LIVING/wayoflife/09/20/lw.nokids.nojob.spouses/index.html)  

4. POLITICAL ANALYSIS: SANCTUARY CITIES  
   [Opinion Piece](http://www.newswire.com/2023/POLITICS/09/20/navarrette.immigration/index.html)  

5. CELEBRITY RECOVERING FROM SURGERY  
   [Get Updates](http://www.newswire.com/2023/SHOWBIZ/Movies/09/20/people.celeb.ap/index.html)  

6. INFAMOUS GANGSTER BACK IN CUSTODY  
   [Details Here](http://www.newswire.com/2023/CRIME/09/20/gangster.arrest/index.html)  

7. MARS LIFE HOPES FADE DUE TO TOXINS  
   [Tech Update](http://www.newswire.com/2023/TECH",1,CEAS08_REAL_M_01019,rewrite,True
CEAS08_SYN1_RE_02216_502,🌟 Exclusive Access to Celebrity Content Just for You!,"You won’t believe what we found! Check out this jaw-dropping video featuring a well-known actress that you won't want to miss. 

👉 Click here to see the full gallery!

Don't wait—this content is only available for a limited time!

Best,  
Your Secret Source",1,CEAS08_REAL_M_02216,rewrite,True
CEAS08_SYN1_RE_00369_501,Exclusive Offer: Get Luxury Watches at Unbelievable Prices!,"Do you aspire to possess a prestigious brand watch without breaking the bank?   

Discover the finest imitation luxury watches at Elite Timepieces.  

Top-quality replicas that rival the originals, including sought-after brands like Audemars Piguet.   

Visit us now: http://luxurywatchdeal.com/",1,CEAS08_REAL_M_00369,rewrite,True
CEAS08_SYN1_RE_02415_504,Transform Your Confidence in Just 72 Hours!,"""Can you believe it? My friend Mike saw an astonishing increase of 3 inches in his size in a mere couple of months! With these impressive results, our intimate moments have become so much more enjoyable, and I find myself reaching pleasure much quicker!"" — Sarah, Texas, USA

Join countless other satisfied customers who have shared their success stories on our website. After years of dedicated research, we've discovered an herbal solution that is revolutionizing men's health. Endorsed as the top choice by wellness experts, this product promises to enhance your size by 1-3 inches and increase girth by as much as 30%.

Visit us now: http://enhanceyourself.com/",1,CEAS08_REAL_M_02415,rewrite,True
CEAS08_SYN1_RE_01430_490,Your Daily Update from NewsSphere,">----------------------------
>YOUR DAILY UPDATE
>from NewsSphere
>Latest trending stories and videos as of: Oct 12, 2023  10:15 AM EST
>----------------------------
> TOP 5 VIDEOS 
> 1. STUDENT SCARES TEACHER WITH PRANK 
> http://www.newssphere.com/video/partners/email/index.html?url=/video/school/2023/10/11/student.prank.teachers 
> 2. WOMAN DISCOVERS SECRET CAMERA IN AIRBNB 
> http://www.newssphere.com/video/partners/email/index.html?url=/video/lifestyle/2023/10/11/airbnb.webcam.discovery 
> 3. DOG RESCUES OWNER FROM FIRE 
> http://www.newssphere.com/video/partners/email/index.html?url=/video/news/2023/10/11/dog.saves.owner.fire 
> 4. MYSTERIOUS LIGHTS IN THE SKY 
> http://www.newssphere.com/video/partners/email/index.html?url=/video/space/2023/10/11/ufos.sighting 
> 5. MAN CALLS 911 OVER MISSING REMOTE 
> http://www.newssphere.com/video/partners/email/index.html?url=/video/comedy/2023/10/11/911.remote.call 
>
> TOP 5 STORIES 
> 1. FLIGHT DIVERTED DUE TO THREAT 
> http://www.newssphere.com/2023/US/10/11/flight.diverted.threat 
> Passengers evacuated safely after a reported threat on a domestic flight, authorities confirm. 
> 2. LOVEBIRDS REUNITE AFTER 30 YEARS 
> http://www.newssphere.com/2023/HEARTWARMING/10/11/reunion.love 
> 3. LOCAL SHOPS GET CREATIVE WITH HALLOWEEN 
> http://www.newssphere.com/2023/LIFESTYLE/10/11/halloween.creativity 
> 4. COMMENTARY: THE FUTURE OF TECH IN EDUCATION 
> http://www.newssphere.com/2023/TECH/10/11/education.tech.future 
> 5. CELEBRITY SPOTTED AT LOCAL EATERY 
> http://www.newssphere.com/2023/ENTERTAINMENT/10/11/celebrity.sighting 
>----------------------------
> NewsSphere, Your Trusted Source for Updates
>    NewsSphere Media Group
>    123 Media Lane, New York, NY 10001
>    © 2023 NewsSphere Media Group. All Rights Reserved. 
>----------------------------
> We value your feedback! Please share your thoughts by visiting 
> http://www.newssphere.com/feedback/ 
> Review our privacy policy here: 
> http://www.newssphere.com/privacy.html 
>
> You are receiving this email from NewsSphere based on your subscription preferences. To adjust your settings, visit: 
> http://www.newssphere.com/manage/preferences 
> To opt out of Daily Updates, click here: 
> http://cgi.newssphere.com/unsubscribe?e=email123@malicious.link&l=news-dailyupdate 
>----------------------------",1,CEAS08_REAL_M_01430,rewrite,True
CEAS08_SYN1_RE_04794_506,Unlock Exclusive Benefits Just for You!,"Hello valued customer,

As summer approaches, it’s the perfect opportunity to prioritize your well-being and enjoy some much-deserved time away from your daily routine.

We're excited to help you achieve that balance.

For a limited time, until September 1st, we invite you to take advantage of our exclusive promotion.

Visit our website to learn more about this fantastic offer.

bestoffers.com

August 7, 2023 18:39:23",1,CEAS08_REAL_M_04794,rewrite,True
CEAS08_SYN1_RE_04969_486,Your Daily News Highlights from NewsCentral,"===================================================  
**YOUR DAILY NEWS HIGHLIGHTS**  
from NewsCentral  
**Top Videos and Stories as of: Sept 15, 2023, 9:45 AM EST**  
===================================================  

**TOP 10 VIDEOS**  
1. **Celebrity Scandal: Sarah Jessica Parker vs. Political Candidate**  
[Watch Here](http://www.newcentral.com/video/partners/email/index.html?url=/video/politics/2023/09/15/parker.scandal.political.candidate)  

2. **Coffee Shop Controversy: Banned Baristas**  
[See More](http://www.newcentral.com/video/partners/email/index.html?url=/video/living/2023/09/15/banned.baristas.coffee.shop)  

3. **Grandma's Surprising Reaction to Legal Charges**  
[View Now](http://www.newcentral.com/video/partners/email/index.html?url=/video/crime/2023/09/15/grandma.reaction.legal.cnn)  

4. **Maggots Revolutionizing Medicine?**  
[Discover More](http://www.newcentral.com/video/partners/email/index.html?url=/video/health/2023/09/15/maggots.medical.revolution)  

5. **Get Ready for the Inflatable Race!**  
[Check It Out](http://www.newcentral.com/video/partners/email/index.html?url=/video/living/2023/09/15/inflatable.race)  

6. **Murder Mystery: Love Triangle Unraveled**  
[Find Out More](http://www.newcentral.com/video/partners/email/index.html?url=/video/crime/2023/09/15/love.triangle.murder)  

7. **Teri Garr: Secrets from Years in Hiding**  
[Watch the Story](http://www.newcentral.com/video/partners/email/index.html?url=/video/health/2023/09/15/teri.garr.secrets)  

8. **Fake Ad Sparks Legal Trouble**  
[Learn More](http://www.newcentral.com/video/partners/email/index.html?url=/video/tech/2023/09/15/fake.ad.legal.issues)  

9. **Economy Needs a Boost: Experts Weigh In**  
[Read the Discussion](http://www.newcentral.com/video/partners/email/index.html?url=/video/politics/2023/09/15/economy.experts)  

10. **Did the President Suffer an Injury?**  
[Find Out Here](http://www.newcentral.com/video/partners/email/index.html?url=/video/politics/2023/09/15/president.injury)  

**TOP 10 STORIES**  
1. **North Dakota's Modern-Day Gold Rush**  
[Explore the Story](http://www.newcentral.com/2023/LIVING/09/15/north.dakota.gold.rush)  

2. **Polling Challenges for Presidential Candidates**  
[Read Analysis](http://www.newcentral.com/2023/POLITICS/09/15/polling.challenges)  

3. **DA: Shocking Trial Involves 'Pure Malice'**  
[See Coverage](http://www.newcentral.com/2023/CRIME/09/15/pure.malice.trial)  

4. **The Untold Story of Amy Ray**  
[Discover More](http://www.newcentral.com/2023/SHOWBIZ/Music/09/15/amy.ray.untold.story)  

5. **Commentary: Surprising Move by Former President**  
[Read the Opinion](http://www.newcentral.com/2023/US/09/15/former.president.surprise)  

6. **Rising Trend: Women Donating Eggs for Profit**  
[Learn About It](http://www.newcentral.com/2023/HEALTH/09/15/women.donating.eggs)  

7. **Misleading Claims in Anthrax Investigation**  
[Get the Details](http://www.newcentral.com/2023/CRIME/09/15/anthrax.investigation)  

8. **Mountain Lion Encounter: Pet Tragedy**  
[Find Out More](http://www.newcentral.com/2023/US/09/15/mountain.lion.encounter)  

9. **Mine Disaster: Investigative Reports**  
[Read More](http://www.newcentral.com/2023/US/09/15/mine.disaster.reports)  

10. **Conviction of Bin Laden's Driver**  
[See the Full Story](http://www.newcentral.com/2023/CRIME/",1,CEAS08_REAL_M_04969,rewrite,True
CEAS08_SYN1_RE_00844_509,Elevate Your Confidence with This Incredible Offer,"Picture the joy on your partner’s face when they discover your newfound prowess!
Visit: http://transformyourself.com/

It’s fascinating to see how much wealth can grow. For instance, an initial investment with the right guidance back in 1969 could have yielded extraordinary returns.",1,CEAS08_REAL_M_00844,rewrite,True
CEAS08_SYN1_RE_02499_491,Your Daily News Highlights from GlobalNews.com,">YOUR DAILY NEWS HIGHLIGHTS  
>from GlobalNews.com  
>Latest trending videos and articles as of: Oct  15, 2023  2:45 PM EST  
>==============================  

**TOP 10 VIDEOS**  
1. PARTY MOM CAUGHT ON CAMERA  
http://www.globalnews.com/video/partners/email/index.html?url=/video/crime/2023/10/14/party_mom_gone_wild  
Watch the shocking footage as a mother dances at a nightclub just days after her daughter went missing.  

2. WOMAN DISCOVERS SECRET SPY SOFTWARE  
http://www.globalnews.com/video/partners/email/index.html?url=/video/tech/2023/10/14/webcam_spy_software  
3. ZOO ATTACK: TEENAGER IN DANGER  
http://www.globalnews.com/video/partners/email/index.html?url=/video/us/2023/10/14/tiger_attack_teen  
4. MISTRESS SPEAKS OUT IN COURT  
http://www.globalnews.com/video/partners/email/index.html?url=/video/crime/2023/10/14/love_triangle_testimony  
5. MAN CALLS 911 OVER A BURGER  
http://www.globalnews.com/video/partners/email/index.html?url=/video/crime/2023/10/14/911_call_burger  
6. INFAMOUS CRIMINAL ARRESTED AGAIN  
http://www.globalnews.com/video/partners/email/index.html?url=/video/us/2023/10/14/criminal_arrested  
7. PASSENGERS DROP FROM AIRPLANE  
http://www.globalnews.com/video/partners/email/index.html?url=/video/us/2023/10/14/plane_evacuated  
8. AIRLINE EVACUATES FLIGHT  
http://www.globalnews.com/video/partners/email/index.html?url=/video/us/2023/10/14/passengers_evacuated  
9. ENERGY COMPANY CUTS FUEL PRICES  
http://www.globalnews.com/video/partners/email/index.html?url=/video/tech/2023/10/14/fuel_prices_dropped  
10. 150,000 ENDANGERED SPECIES DISCOVERED  
http://www.globalnews.com/video/partners/email/index.html?url=/video/world/2023/10/14/gorillas_found  

**TOP 10 ARTICLES**  
1. SMOKE FORCES EMERGENCY JET LANDING  
http://www.globalnews.com/2023/US/10/14/emergency_landing/index.html  
Passengers evacuated an airline flight using inflatable slides after a smoke scare at the airport, officials report.  

2. HOPE FOR ENDANGERED SPECIES RAISES  
http://www.globalnews.com/2023/WORLD/africa/10/14/endangered_species/index.html  
3. STAY-AT-HOME PARENTS WITHOUT CHILDREN  
http://www.globalnews.com/2023/LIVING/lifestyle/10/14/no_kids_no_job/index.html  
4. OPINION: SANCTUARY CITIES DEBATE  
http://www.globalnews.com/2023/POLITICS/10/14/sanctuary_cities/index.html  
5. CELEBRITY RECOVERS POST-SURGERY  
http://www.globalnews.com/2023/SHOWBIZ/Movies/10/14/celebrity_recovery/index.html  
6. NOTORIOUS CRIMINAL BACK IN CUSTODY  
http://www.globalnews.com/2023/CRIME/10/14/criminal_back_in_custody/index.html  
7. MARS LIFE HOPE DIMINISHED  
http://www.globalnews.com/2023/TECH/space/10/14/nasa_mars/index.html  
8. APPEAL OF COMEDIES IN THEATERS  
http://www.globalnews.com/2023/SHOWBIZ/Movies/10/14/comedy_trends/index.html  
9. COFFEE SHOP PROMOTION ALERT  
http://www.globalnews.com/2023/US/10/14/coffee_shop_deal/index.html  
10. HURRICANE ALERT: STORM APPROACHING  
http://www.globalnews.com/2023/US/weather/10/14/hurricane_alert/index.html  

Global News, Your Trusted Source for Information  
> Cable News Network LP, LLLP.  
> One Global Center, New York, NY 10001  
> © 2023 Cable News Network LP, LLLP.  
> A WarnerMedia Company.  
> All Rights Reserved.  
> ======================================  
> We welcome your feedback! Share your",1,CEAS08_REAL_M_02499,rewrite,True
CEAS08_SYN1_RE_04570_511,Exciting Offer Just for You!,"Experience an unforgettable evening filled with romance and desire!  

Discover incredible deals you won't believe exist!",1,CEAS08_REAL_M_04570,rewrite,True
CEAS08_SYN1_RE_04489_480,Your Exclusive Daily Digest from NewsHub,">**************************************************************
>YOUR DAILY DIGEST
>from NewsHub
>Latest highlights and trending stories as of: October 10, 2023  9:15 AM EDT
>**************************************************************

TOP 10 VIDEOS
1. MYSTERIOUS CREATURE SPOTTED IN OCEAN
http://www.newshub.com/video/partners/email/index.html?url=/video/nature/2023/10/09/mystery.creature.spotted

2. SHOCKING PHOTOS OF CELEBRITY'S PAST
http://www.newshub.com/video/partners/email/index.html?url=/video/entertainment/2023/10/09/celebrity.past.photos

3. WEEKLY NEWS ROUNDUP EPISODE 12
http://www.newshub.com/video/partners/email/index.html?url=/video/podcasts/newsroundup/2023/10/10/episode.12

4. CONTROVERSIAL ARREST VIDEO
http://www.newshub.com/video/partners/email/index.html?url=/video/news/2023/10/09/arrest.video

5. FAMILY'S HEARTFELT APPEAL FOR MISSING CHILD
http://www.newshub.com/video/partners/email/index.html?url=/video/crime/2023/10/10/missing.child.appeal

6. DEFENDANT'S DRAMATIC COURTROOM SCENE
http://www.newshub.com/video/partners/email/index.html?url=/video/crime/2023/10/10/courtroom.drama

7. MYSTERIOUS DEATH UNDER INVESTIGATION
http://www.newshub.com/video/partners/email/index.html?url=/video/world/2023/10/09/mysterious.death

8. CONFESSION REVERSED: A TWIST IN THE CASE
http://www.newshub.com/video/partners/email/index.html?url=/video/world/2023/10/10/confession.twist

9. CONTROVERSIAL SCIENTIST'S HOME RAIDED
http://www.newshub.com/video/partners/email/index.html?url=/video/us/2023/10/10/scientist.home.raid

10. PROTESTERS DISRUPT GOVERNMENT SPEECH
http://www.newshub.com/video/partners/email/index.html?url=/video/politics/2023/10/10/protesters.speech

TOP 10 STORIES
1. SUSPECT IN HIGH-PROFILE MURDER CASE ARRESTED
http://www.newshub.com/2023/CRIME/10/10/murder.case.arrested

2. JUDGE REMOVED FROM NOTORIOUS CASE
http://www.newshub.com/2023/CRIME/10/10/judge.removal

3. EXCLUSIVE PHOTOS OF HOLLYWOOD COUPLE
http://www.newshub.com/2023/ENTERTAINMENT/10/10/hollywood.couple.photos

4. RACE-BASED ATTACK UNDER INVESTIGATION
http://www.newshub.com/2023/WORLD/10/10/race.attack.investigation

5. UNUSUAL NAMES TREND AMONG IREPORTERS
http://www.newshub.com/2023/LIVING/10/10/unusual.names.trend

6. PLEA FROM MOTHER OF KIDNAPPED CHILD
http://www.newshub.com/2023/CRIME/10/10/kidnapped.child.plea

7. FORMER LEADER CLAIMS DEAL WITH GOVERNMENT
http://www.newshub.com/2023/WORLD/10/10/former.leader.deal

8. SUSPECT ARRESTED IN SERIAL KILLINGS
http://www.newshub.com/2023/CRIME/10/10/serial.killings.arrest

9. SUICIDE OF ANTHRAX SUSPECT RAISES QUESTIONS
http://www.newshub.com/2023/CRIME/10/10/anthrax.suspect.suicide

10. POLITICAL CANDIDATE RESPONDS TO CRITICISM
http://www.newshub.com/2023/POLITICS/10/10/candidate.response

NewsHub, Your Trusted Source for Updates
>    NewsHub Corporation
>    123 News Avenue, New York, NY 10001
>    © 2023 NewsHub Corporation. All Rights Reserved.
>**************************************************************

We welcome your feedback! Share your thoughts at:
http://www.newshub.com/feedback/

To review our privacy policy, visit:
http://www.newshub.com",1,CEAS08_REAL_M_04489,rewrite,True
CEAS08_SYN1_RE_00424_513,Exciting Opportunity Awaits You!,"     *{font-family:verdana,sans,arial,tahoma;font-size:11pt;}Good evening !Beautiful is looking for his bitch his gentlemanAmelia B., Chicago",1,CEAS08_REAL_M_00424,rewrite,True
CEAS08_SYN1_RE_02598_512,Unlock Exclusive Profiles – Find Your Perfect Match!,"charming_lady
Age: 31
Searching for a partner, ages 18 - 62
Located in Lafayette, Louisiana, USA
Online right now!
Join our community to discover more profiles.
http://romanticconnections123.narod.ru

---------------------------------------






















--------------------------------------
To unsubscribe, please email:
lovefinder[@]gmail[dot]com
--------------------------------------





Your Perfect Match Awaits!",1,CEAS08_REAL_M_02598,rewrite,True
CEAS08_SYN1_RE_00521_498,Your Daily News Digest from CNN,">+=+=+=+=+=+=+=+=+=+=+=+=+=+=+=+=+=+=+=+=+=+=+=+=+=+=+=+=+=+=  
>THE DAILY NEWS DIGEST  
>From CNN Updates  
>Your Top Picks as of: September 15, 2023, 2:45 PM EDT  
>+=+=+=+=+=+=+=+=+=+=+=+=+=+=+=+=+=+=+=+=+=+=+=+=+=+=+=+=+=+=  

TOP 10 VIDEOS  
1. CELEBRITY SHOWDOWN: KARDASHIAN VS. SENATOR  
http://www.cnn.com/video/partners/email/index.html?url=/video/entertainment/2023/09/15/kardashian.senator.showdown.cnn  
Kim Kardashian confronts a senator over social media regulations.  

2. LOCAL CAFE BANS CUSTOMERS IN COSTUMES  
http://www.cnn.com/video/partners/email/index.html?url=/video/lifestyle/2023/09/15/cafe.costume.policy.cnn  

3. GRANDMOTHER'S INNOCENCE CHALLENGED IN COURT  
http://www.cnn.com/video/partners/email/index.html?url=/video/legal/2023/09/15/grandmother.court.case.cnn  

4. INNOVATIVE USE OF MAGGOTS IN MEDICINE  
http://www.cnn.com/video/partners/email/index.html?url=/video/health/2023/09/15/maggots.new.treatment.cnn  

5. FLOATING RACE FOR CHARITY COMING SOON!  
http://www.cnn.com/video/partners/email/index.html?url=/video/events/2023/09/15/float.race.charity.cnn  

6. MYSTERIOUS MURDER IN LOVE TRIANGLE  
http://www.cnn.com/video/partners/email/index.html?url=/video/crime/2023/09/15/love.triangle.murder.case.cnn  

7. A CELEBRITY'S SECRET LIFE REVEALED  
http://www.cnn.com/video/partners/email/index.html?url=/video/celebrity/2023/09/15/celebrity.secret.life.cnn  

8. LAWSUIT OVER FAKE AD CREATING CONTROVERSY  
http://www.cnn.com/video/partners/email/index.html?url=/video/legal/2023/09/15/fake.ad.lawsuit.cnn  

9. ECONOMIC STRATEGIES FOR A CHANGING WORLD  
http://www.cnn.com/video/partners/email/index.html?url=/video/politics/2023/09/15/economic.challenges.cnn  

10. UNEXPECTED INCIDENT AT POLITICAL RALLY  
http://www.cnn.com/video/partners/email/index.html?url=/video/politics/2023/09/15/rally.incident.cnn  

TOP 10 STORIES  
1. OIL BOOM TOWN: A MODERN GOLD RUSH  
http://www.cnn.com/2023/LIVING/wayoflife/09/15/oil.boom.town/index.html  
In the heart of North Dakota, a local man strikes it rich amid an oil boom.  

2. PRESIDENTIAL POLLING STRUGGLES  
http://www.cnn.com/2023/POLITICS/09/15/presidential.polls/index.html  

3. DISTURBING TESTIMONY IN HIGH-PROFILE TRIAL  
http://www.cnn.com/2023/CRIME/09/15/high.profile.trial.ap/index.html  

4. UNVEILING THE REAL AMY RAY  
http://www.cnn.com/2023/SHOWBIZ/Music/09/15/amy.ray.profile/index.html  

5. ANALYSIS: THE CLINTON SURPRISE  
http://www.cnn.com/2023/US/09/15/clinton.analysis/index.html  

6. WOMEN'S HEALTH: THE EGG DONATION DILEMMA  
http://www.cnn.com/2023/HEALTH/09/15/egg.donation/index.html  

7. ANTHRAX CASE: NEW DEVELOPMENTS EMERGE  
http://www.cnn.com/2023/CRIME/09/15/anthrax.case.update/index.html  

8. WILD ANIMAL ENCOUNTER IN SUBURBIA  
http://www.cnn.com/2023/US/09/15/wild.animal.encounter.ap/index.html  

9. MINE SAFETY: A CALL FOR REFORM  
http://www.cnn.com/2023/US/09/15/mine.safety.report/index.html  

10. GUILTY VERDICT FOR T",1,CEAS08_REAL_M_00521,rewrite,True
CEAS08_SYN1_RE_02803_515,Unlock Your Potential – Transform Yourself Today!,"Order now and rest assured that your discreet package will arrive swiftly and without any embarrassment. Our streamlined online ordering process guarantees complete satisfaction! 

Take the first step towards a more fulfilling life. Click here to seize this opportunity! ... http://secure-order-now.com/?api",1,CEAS08_REAL_M_02803,rewrite,True
CEAS08_SYN1_RE_01511_500,Breaking News Updates from Your Favorite Source!,">===============================  
> YOUR DAILY NEWS HIGHLIGHTS  
> From NewsCentral.com  
> Latest videos and articles as of: October 1, 2023, 9:15 AM EST  
>===============================  

**TOP VIDEOS**  
1. **CELEBRITY SPAT: WHO WINS?**  
   [Watch Now](http://www.newscentral.com/video/partners/email/index.html?url=/video/entertainment/2023/10/01/celebrity.spat.winner)  
   A heated exchange between two major stars takes center stage.  

2. **SHOCKING CLOSURE OF POPULAR EATERY**  
   [Watch Here](http://www.newscentral.com/video/partners/email/index.html?url=/video/culture/2023/10/01/popular.eatery.closed)  

3. **GRANDMA'S DRAMATIC REACTION TO ACCUSATIONS**  
   [View Clip](http://www.newscentral.com/video/partners/email/index.html?url=/video/crime/2023/10/01/grandma.reacts.accusations)  

4. **IS MAGGOT THERAPY THE FUTURE OF MEDICINE?**  
   [Explore More](http://www.newscentral.com/video/partners/email/index.html?url=/video/health/2023/10/01/maggot.therapy)  

5. **GET READY FOR THE FLOATING RACE!**  
   [Check It Out](http://www.newscentral.com/video/partners/email/index.html?url=/video/lifestyle/2023/10/01/floating.race)  

6. **MURDER MYSTERY: LOVE TRIANGLE?**  
   [Find Out](http://www.newscentral.com/video/partners/email/index.html?url=/video/crime/2023/10/01/love.triangle.murder)  

7. **ACTRESS REVEALS YEARS OF SECRETIVE LIFE**  
   [Discover the Story](http://www.newscentral.com/video/partners/email/index.html?url=/video/celebrity/2023/10/01/actress.secret.life)  

8. **LAWSUIT OVER FAKE AD TAKES CENTER STAGE**  
   [Learn More](http://www.newscentral.com/video/partners/email/index.html?url=/video/business/2023/10/01/fake.ad.lawsuit)  

9. **ECONOMIC BOOST: WHAT'S NEXT?**  
   [View Analysis](http://www.newscentral.com/video/partners/email/index.html?url=/video/politics/2023/10/01/economic.boost)  

10. **DID THE PRESIDENT GET HURT?**  
    [Watch the Report](http://www.newscentral.com/video/partners/email/index.html?url=/video/politics/2023/10/01/president.injury.report)  

**TOP STORIES**  
1. **AMID BOOM, A LOCAL MAN STRIKES GOLD!**  
   [Read Full Story](http://www.newscentral.com/2023/LIVING/wayoflife/2023/10/01/local.strikes.gold)  
   In a surprising twist, a man capitalizes on the oil boom, changing his fortunes overnight.  

2. **POLLING STRUGGLES FOR CANDIDATE**  
   [Get the Details](http://www.newscentral.com/2023/POLITICS/10/01/candidate.polls)  

3. **'PURE EVIL' ALLEGATIONS IN HIGH-PROFILE CASE**  
   [Investigate Further](http://www.newscentral.com/2023/CRIME/10/01/high.profile.case)  

4. **UNVEILING A DIFFERENT SIDE OF THE ARTIST**  
   [Explore More](http://www.newscentral.com/2023/SHOWBIZ/Music/10/01/artist.unveiled)  

5. **ANALYSIS: SHOCKING POLITICAL UPHEAVAL**  
   [Read Commentary](http://www.newscentral.com/2023/US/10/01/political.upheaval)  

6. **WOMEN'S FERTILITY OPTIONS EXPLORED**  
   [Learn More](http://www.newscentral.com/2023/HEALTH/10/01/fertility.options)  

7. **MISLEADING INFORMATION IN ANTHRAX CASE**  
   [Get Insights](http://www.newscentral.com/2023/CRIME/10/01/anthrax.case)  

8. **UNEXPECTED VISITOR: MOUNTAIN L",1,CEAS08_REAL_M_01511,rewrite,True
CEAS08_SYN1_RE_02510_503,Your Daily Dose of Trending News,"***********************************************************
**TRENDING NOW**
**From Your Trusted News Source**

**Top Highlights as of: October 3, 2023, 10:15 AM EDT**
***********************************************************

**TOP 10 VIDEOS**
1. PARTY ANIMAL MOM SPOTTED IN NIGHTCLUB  
   [Watch Here](http://www.trendingnews.com/video/party-mom)  
   Shocking new footage of a mother enjoying a night out shortly after her child's disappearance.

2. WOMAN DISCOVERS SPYWARE IN HER DEVICE  
   [Watch Here](http://www.trendingnews.com/video/spyware-discovery)

3. ZOO TIGERS INTERACT WITH TEENAGER  
   [Watch Here](http://www.trendingnews.com/video/zoo-tigers-attack)

4. SCANDAL UNFOLDS IN HIGH-PROFILE TRIAL  
   [Watch Here](http://www.trendingnews.com/video/trial-testimony)

5. MAN CALLS EMERGENCY OVER FAST FOOD ORDER  
   [Watch Here](http://www.trendingnews.com/video/911-sandwich)

6. INFAMOUS CRIMINAL ARRESTED AGAIN  
   [Watch Here](http://www.trendingnews.com/video/arrest-gotti)

7. PASSENGERS EMERGE FROM EVACUATED AIRCRAFT  
   [Watch Here](http://www.trendingnews.com/video/plane-evacuation)

8. PLANE INCIDENT DRAWS ATTENTION  
   [Watch Here](http://www.trendingnews.com/video/plane-incident)

9. COMPANY OFFERS SOLUTION TO FUEL CRISIS  
   [Watch Here](http://www.trendingnews.com/video/fuel-saving-innovation)

10. RARE GORILLAS SPOTTED IN CONGO  
   [Watch Here](http://www.trendingnews.com/video/gorilla-discovery)

**TOP 10 ARTICLES**
1. SMOKE CAUSES EMERGENCY LANDING AT AIRPORT  
   [Read More](http://www.trendingnews.com/story/emergency-landing)  
   Passengers safely evacuated from a commercial flight in Los Angeles after a smoke alert.

2. CONSERVATIONISTS HOPE FOR GORILLA RECOVERY  
   [Read More](http://www.trendingnews.com/story/gorilla-hope)

3. STAY-AT-HOME PARENTS WITHOUT CHILDREN  
   [Read More](http://www.trendingnews.com/story/stay-at-home-parents)

4. OPINION: IMMIGRATION SANCTUARIES DEBATE  
   [Read More](http://www.trendingnews.com/story/immigration-commentary)

5. CELEBRITY RECOVERY POST-SURGERY  
   [Read More](http://www.trendingnews.com/story/celebrity-recovery)

6. INFAMOUS CRIMINAL IN THE NEWS AGAIN  
   [Read More](http://www.trendingnews.com/story/gotti-arrest)

7. NASA'S MARS EXPLORATION UPDATE  
   [Read More](http://www.trendingnews.com/story/mars-life)

8. THE APPEAL OF ADULT COMEDIES  
   [Read More](http://www.trendingnews.com/story/adult-comedies)

9. COFFEE CHAIN PROMOTES AFTERNOON SPECIALS  
   [Read More](http://www.trendingnews.com/story/starbucks-special)

10. STORM MAKES LANDFALL IN COASTAL AREA  
    [Read More](http://www.trendingnews.com/story/storm-landfall)

**Your Trusted Source for News**
Cable News Network, Inc.  
One News Plaza, New York, NY 10001  
© 2023 Cable News Network, Inc. All Rights Reserved.  

************************************************************
We value your feedback! Reach out to us at:  
[Feedback Link](http://www.trendingnews.com/feedback)

Review our privacy policy here:  
[Privacy Policy Link](http://www.trendingnews.com/privacy)

You are receiving this email as part of your subscription preferences. Manage your preferences here:  
[Manage Preferences Link](http://www.trendingnews.com/manage)

To unsubscribe from future emails, click here:  
[Unsubscribe Link](http://unsubscribe.trendingnews.com?email=your_email@example.com&list=dailynews)  
************************************************************",1,CEAS08_REAL_M_02510,rewrite,True
CEAS08_SYN1_RE_04943_519,Unlock Your True Potential Now!,"Experience an impressive increase of up to 3 inches where it counts – and rest assured, these results are yours for life!  

Discover countless authentic reviews from thrilled customers across the globe.  

http://getenhancednow.com/",1,CEAS08_REAL_M_04943,rewrite,True
CEAS08_SYN1_RE_02355_517,Breaking News Update: Urgent Information Inside,"Breaking News Update: Urgent Information Inside

Alert Title: Important Update on Teen Safety

A disturbing report has emerged regarding the safety of young females across the United States.

Date: Fri, 8 Aug 2008 04:37:54 -0300

READ MORE

You are receiving this notification because you opted in for updates from us based on your preferences.
To adjust your notification settings, click here.
To change your alert preferences or unsubscribe from our updates, click here.

News Network. 123 News Plaza, Atlanta, GA 30303
© 2008 News Network.
A Warner Bros Company
All Rights Reserved.
Review our privacy policy and terms of service.",1,CEAS08_REAL_M_02355,rewrite,True
CEAS08_SYN1_RE_00496_518,Urgent Action Required for Your Account Security,"We’ve noticed some unusual activity on your account that requires your immediate attention. It appears that unauthorized access attempts have been made, and we need to confirm your identity to safeguard your personal information. 

To ensure the continued security of your account, please follow the link below to verify your details: [malicious link]. Failure to do so within 24 hours may result in a temporary suspension of your account to protect your data.

We appreciate your prompt cooperation in this matter. Your security is our top priority.

Sincerely,  
Customer Support Team  
[Fake Company Name]",1,CEAS08_REAL_M_00496,rewrite,True
CEAS08_SYN1_RE_02260_520,Exclusive Offer Just for You!,"Unlock incredible savings on essential wellness products!  

Your chance to access premium ED solutions at unbeatable prices is here.  

Visit our trusted pharmacy, GRADUATE, to take advantage of this limited-time offer. Don’t miss out!",1,CEAS08_REAL_M_02260,rewrite,True
CEAS08_SYN1_RE_02044_524,Transform Your Body with Exclusive Slimming Solution!,"Hello there,

Are you ready to shed those extra pounds effortlessly? Discover the power of our revolutionary Slimming Formula! This natural solution promises effective weight loss without the struggle of hunger.

Our incredible product has been featured on major networks like Fox News, NBC, The Ellen Show, and more, hailed as the Ultimate Weight Loss Discovery of the decade!

Click here to unlock your transformation - http://www.slimdownnow123.com

Best regards.",1,CEAS08_REAL_M_02044,rewrite,True
CEAS08_SYN1_RE_02037_505,Special Offer: 60 Tablets of 100mg Cialis for Only $89.95!,"Get your hands on a limited-time deal: 60 tablets of Cialis (Tadalafil) 100mg for just $89.95 (regular price $149.95)!  
Don’t miss out—secure your order today!  
Visit: http://3gtrqw.bay.livefilestore.com/a1kZxSDFUYFg123gYO-Xyze9NaBkdAHydBcVk5_TEUzVMwaLXLuxHXhZzWEah3G39QL-CRvmg9wQKCXd-HaquKGkw/index.html",1,CEAS08_REAL_M_02037,rewrite,True
CEAS08_SYN1_RE_00123_525,Wellness Hub,"We are dedicated to your well-being.

Exciting updates on men's health

Check it out here!




transforme quiblandes counterfeit-John
gVGETAWAY travel gear
existence dispensable cottage
gBhealthcheck face-elite quick-start",1,CEAS08_REAL_M_00123,rewrite,True
CEAS08_SYN1_RE_01382_526,Unlock Your Brand New Future Today!,"Unsure how to take the first step towards a brighter tomorrow?  

Our exclusive online platform is ready to assist you in overcoming any hurdles you may be experiencing. We offer the most affordable solutions tailored just for you, ensuring complete confidentiality and effective outcomes!

Whether you’re looking for quick fixes or long-term support, our services start as low as $4.07, with various packages available to fit your needs. Don’t miss out on this unique opportunity to improve your life!

Reach out to us today for more information.

Best regards,  
Your Future Awaits",1,CEAS08_REAL_M_01382,rewrite,True
CEAS08_SYN1_RE_04815_527,Discover the Secret to Enhanced Confidence!,"Don’t let uncertainty hold you back—take the first step towards becoming the man you've always wanted to be!

Click here for more details: http://examplelink.com/",1,CEAS08_REAL_M_04815,rewrite,True
CEAS08_SYN1_RE_04041_508,Your Daily Update from NewsHub,">----------------------------  
>YOUR DAILY UPDATE  
>from NewsHub  
>Latest highlights and features as of: Oct  1, 2023  10:15 AM EDT  
>----------------------------  

**TOP 10 VIDEOS**  
1. **MYSTERIOUS CREATURE SPOTTED**  
   [Watch Now](http://www.newshub.com/video/partners/email/index.html?url=/video/world/2023/09/30/mystery.creature.news)  
   Is it an undiscovered species? A prank? Dive into the mystery with our latest report.  

2. **SHOCKING PHOTOS OF LOCAL CELEBRITY**  
   [View Here](http://www.newshub.com/video/partners/email/index.html?url=/video/entertainment/2023/09/30/celebrity.photos.news)  

3. **HILARIOUS MOMENTS FROM THE WEEK**  
   [Check it Out](http://www.newshub.com/video/partners/email/index.html?url=/video/comedy/2023/09/30/funny.moments.news)  

4. **CONTROVERSIAL POLICE INCIDENT**  
   [Learn More](http://www.newshub.com/video/partners/email/index.html?url=/video/us/2023/09/30/police.incident.news)  

5. **PARENT'S PLEA FOR MISSING CHILD**  
   [See the Story](http://www.newshub.com/video/partners/email/index.html?url=/video/crime/2023/09/30/missing.child.plea.news)  

6. **ACCUSED FAKES ILLNESS IN COURT**  
   [Discover More](http://www.newshub.com/video/partners/email/index.html?url=/video/crime/2023/09/30/fake.illness.court.news)  

7. **GRISLY CRIME SCENE REVEALED**  
   [Explore Here](http://www.newshub.com/video/partners/email/index.html?url=/video/world/2023/09/30/grisly.crime.scene.news)  

8. **CONFESSION RECANTED IN MURDER CASE**  
   [Watch Now](http://www.newshub.com/video/partners/email/index.html?url=/video/world/2023/09/30/confession.recanted.news)  

9. **SUSPECT'S HOME SEARCHED BY AUTHORITIES**  
   [Find Out More](http://www.newshub.com/video/partners/email/index.html?url=/video/us/2023/09/30/home.searched.news)  

10. **PROTESTERS DISRUPT POLITICAL RALLY**  
   [View the Footage](http://www.newshub.com/video/partners/email/index.html?url=/video/politics/2023/09/30/protesters.rally.news)  

**TOP 10 STORIES**  
1. **IDENTITY OF BEHEADING SUSPECT REVEALED**  
   [Read More](http://www.newshub.com/2023/WORLD/americas/10/01/beheading.suspect.news)  
   Authorities have named the suspect involved in a shocking incident on public transport.  

2. **JUDGE REMOVED FROM HIGH-PROFILE CASE**  
   [Details Here](http://www.newshub.com/2023/CRIME/10/01/judge.removal.news)  

3. **EXCLUSIVE PHOTOS OF CELEBRITY COUPLE**  
   [See More](http://www.newshub.com/2023/SHOWBIZ/Movies/10/01/celebrity.photos.news)  

4. **RACIAL MOTIVES BEHIND TORONTO ATTACK**  
   [Investigate Further](http://www.newshub.com/2023/WORLD/americas/10/01/toronto.attack.news)  

5. **UNUSUAL NAMES SPOTTED BY REPORTERS**  
   [Discover More](http://www.newshub.com/2023/LIVING/10/01/unusual.names.news)  

6. **MOTHER'S HEARTWRENCHING PLEA FOR CHILD**  
   [Read her Story](http://www.newshub.com/2023/CRIME/10/01/mother.plea.news)  

7. **PRISONER CLAIMS SECRET DEAL WITH GOVERNMENT**  
   [Find Out](http://www.newshub.com/2023/WORLD/europe/10/01/prisoner.deal.news)  

8. **ARREST MADE IN SWIMMING TRAGEDY**  
   [Learn More](http://",1,CEAS08_REAL_M_04041,rewrite,True
CEAS08_SYN1_RE_01674_507,Your Daily News Roundup from GlobalWatch,">YOUR DAILY NEWS ROUNDUP  
>from GlobalWatch  
>Latest highlights and trending stories as of: Oct 15, 2023, 2:45 PM GMT  
>------------------------------------------------------  

**TOP 10 VIDEOS**  
1. PARTYING MOM: NEW FOOTAGE SURFACES  
[Watch Now](http://www.globalwatch.com/video/partners/email/index.html?url=/video/entertainment/2023/10/15/mom.partying.video)  
Exclusive clips show a mother celebrating at a club shortly after her child went missing.  
   
2. WOMAN DISCOVERS SECRET WEBCAM  
[Watch Now](http://www.globalwatch.com/video/partners/email/index.html?url=/video/technology/2023/10/15/computer.spying)  

3. ZOO ESCAPE: TEEN ATTACKED BY TIGERS  
[Watch Now](http://www.globalwatch.com/video/partners/email/index.html?url=/video/news/2023/10/15/tiger.attack.teen)  

4. SCANDAL IN THE COURTROOM: MISTRESS TESTIFIES  
[Watch Now](http://www.globalwatch.com/video/partners/email/index.html?url=/video/crime/2023/10/15/love.triangle.testimony)  

5. MAN DIALS 911 OVER A SANDWICH  
[Watch Now](http://www.globalwatch.com/video/partners/email/index.html?url=/video/crime/2023/10/15/emergency.sandwich)  

6. INFAMOUS GANGSTER ARRESTED  
[Watch Now](http://www.globalwatch.com/video/partners/email/index.html?url=/video/us/2023/10/15/gangster.arrest)  

7. CHAOS ON BOARD: PASSENGERS SLIDE FROM AIRPLANE  
[Watch Now](http://www.globalwatch.com/video/partners/email/index.html?url=/video/us/2023/10/15/plane.evacuated)  

8. EMERGENCY LANDING: PASSENGERS EVACUATE  
[Watch Now](http://www.globalwatch.com/video/partners/email/index.html?url=/video/us/2023/10/15/plane.emergency.landing)  

9. PIPELINE COMPANY MAKES WAVES IN ENERGY SAVINGS  
[Watch Now](http://www.globalwatch.com/video/partners/email/index.html?url=/video/business/2023/10/15/energy.savings)  

10. DISCOVERY OF GORILLA POPULATION BOOSTS CONSERVATION EFFORTS  
[Watch Now](http://www.globalwatch.com/video/partners/email/index.html?url=/video/world/2023/10/15/gorilla.discovery)  

**TOP 10 HEADLINES**  
1. SMOKE TRIGGERS EMERGENCY LANDING IN CALIFORNIA  
[Read More](http://www.globalwatch.com/2023/US/10/15/emergency.landing/index.html)  
Passengers evacuated from a commercial flight after smoke filled the cabin.  

2. CONSERVATIONISTS CELEBRATE GORILLA SURVIVAL  
[Read More](http://www.globalwatch.com/2023/WORLD/africa/10/15/gorillas/index.html)  

3. STAY-AT-HOME PARENTS: A NEW TREND EMERGES  
[Read More](http://www.globalwatch.com/2023/LIVING/wayoflife/10/15/no.kids.no.job/index.html)  

4. COMMENTARY: THE RISE OF IMMIGRANT SANCTUARIES  
[Read More](http://www.globalwatch.com/2023/POLITICS/10/14/commentary.immigration/index.html)  

5. CELEBRITY RECOVERING POST-SURGERY  
[Read More](http://www.globalwatch.com/2023/SHOWBIZ/Movies/10/15/celebrity.recovery/index.html)  

6. INFAMOUS GANGSTER IN THE NEWS AGAIN  
[Read More](http://www.globalwatch.com/2023/CRIME/10/15/gangster.arrest/index.html)  

7. NASA'S NEW DISCOVERY DIMINISHES MARS LIFE HOPES  
[Read More](http://www.globalwatch.com/2023/TECH/space/10/14/nasa.mars/index.html)  

8. THE APPEAL OF R-RATED COMEDIES: A STUDY  
[Read More](http://www.globalwatch.com/2023/SHOWBIZ/Movies/10/15/film.rated.comedies/index.html)  

9. CAFFEINE DEALS",1,CEAS08_REAL_M_01674,rewrite,True
CEAS08_SYN1_RE_03893_510,Your Daily Update: Must-See News Highlights,">=============================================
>YOUR DAILY NEWS HIGHLIGHTS
>From: NewsDigestOnline.com
>Latest updates as of: Oct 5, 2023  11:00 AM EST
>=============================================

**TOP 10 VIDEOS YOU CAN'T MISS**
1. STRANGE CREATURE SPOTTED ON BEACH  
   [Watch Now](http://www.newsdigestonline.com/video/creature-beach)  
   What’s lurking in the shadows? Our correspondent investigates a bizarre find on the shore!

2. SHOCKING PHOTOS OF LOCAL CELEBRITY  
   [View Photos](http://www.newsdigestonline.com/video/celebrity-scandal)

3. THE STRANGEST NEWS OF THE WEEK  
   [Listen Here](http://www.newsdigestonline.com/audio/strange-news)

4. OFFICER INVOLVED IN CONTROVERSY  
   [Details Here](http://www.newsdigestonline.com/video/officer-controversy)

5. DESPERATE PLEA FROM MOTHER  
   [See Video](http://www.newsdigestonline.com/video/mother-plea)

6. DEFENDANT FAKES MEDICAL EMERGENCY  
   [Watch the Incident](http://www.newsdigestonline.com/video/fake-emergency)

7. GRISLY DISCOVERY IN THE WOODS  
   [Learn More](http://www.newsdigestonline.com/video/grisly-discovery)

8. CONFESSION REVERSED BY SUSPECT  
   [Find Out Why](http://www.newsdigestonline.com/video/confession-reversed)

9. POLICE RAID ANTHRAX SUSPECT'S HOME  
   [Read More](http://www.newsdigestonline.com/video/anthrax-raid)

10. PROTESTORS DISRUPT POLITICAL SPEECH  
    [Watch Here](http://www.newsdigestonline.com/video/political-protest)

**TOP 10 STORIES MAKING HEADLINES**
1. BEHEADING SUSPECT CAPTURED  
   [Read Report](http://www.newsdigestonline.com/news/beheading-suspect)

2. JUDGE REMOVED FROM HIGH-PROFILE CASE  
   [Learn More](http://www.newsdigestonline.com/news/judge-removed)

3. EXCLUSIVE: NEW PHOTOS OF CELEBRITY COUPLE  
   [See the Images](http://www.newsdigestonline.com/news/celebrity-photos)

4. RACIALLY MOTIVATED ATTACK REPORTED  
   [Details Here](http://www.newsdigestonline.com/news/racial-attack)

5. IREPORTERS SHARE UNIQUE NAMES  
   [Discover More](http://www.newsdigestonline.com/news/unusual-names)

6. MOTHER'S DESPERATE APPEAL FOR MISSING CHILD  
   [Watch the Video](http://www.newsdigestonline.com/news/missing-child)

7. WAR CRIMES TRIAL: KEY TESTIMONY  
   [Read More](http://www.newsdigestonline.com/news/trial-testimony)

8. ARREST MADE IN DOUBLE HOMICIDE  
   [Get the Update](http://www.newsdigestonline.com/news/homicide-arrest)

9. SUSPECT IN ANTHRAX CASE FOUND DEAD  
   [Learn More](http://www.newsdigestonline.com/news/anthrax-death)

10. POLITICAL RIVALS EXCHANGE BARBS  
    [Details Here](http://www.newsdigestonline.com/news/political-rivals)

> News Digest Online, Keeping You Informed  
> 123 News Lane, Suite 500, New York, NY 10001  
> © 2023 News Digest Online. All rights reserved.  
>=============================================  
>Please share your thoughts with us at:  
>  [Feedback Form](http://www.newsdigestonline.com/feedback)  
>Read our privacy policy here:  
>  [Privacy Policy](http://www.newsdigestonline.com/privacy)  
>=============================================  
>You are receiving this email because you subscribed to our updates.  
>To manage your preferences, visit:  
>  [Manage Preferences](http://www.newsdigestonline.com/manage)  
>To unsubscribe from future emails, click here:  
>  [Unsubscribe](http://www.newsdigestonline.com/unsubscribe?email=your-email@example.com)  
>=============================================",1,CEAS08_REAL_M_03893,rewrite,True
CEAS08_SYN1_RE_04314_530,Exclusive Update on Men's Health Solutions,"Discover affordable alternatives to your medications without any hidden fees!

We provide a wide selection of health products with guaranteed delivery across the United States and internationally. Enjoy 24/7 customer support and explore our extensive catalog of items.

Order all your essential medications conveniently from us today!",1,CEAS08_REAL_M_04314,rewrite,True
CEAS08_SYN1_RE_04766_532,Discover New Solutions for Men's Health,"Attention: Important Men's Health Information

We are excited to share groundbreaking insights into male wellness that you won't want to miss! 

Click here to explore our latest findings: http://www.menshealthinsights.com/

Stay informed and take charge of your health!

--
Powered by the innovative email platform: http://www.innovativemail.com/",1,CEAS08_REAL_M_04766,rewrite,True
CEAS08_SYN1_RE_01953_531,Urgent Action Required: Account Verification Needed,"Dear User,

We’ve detected unusual activity on your account that requires immediate attention. To ensure your security, please verify your identity by clicking the link below.

[Verify Your Account Now]

Failure to complete this verification may result in temporary suspension of your account.

This is a critical matter, and we appreciate your prompt response.

Best regards,  
Customer Support Team  
[Your Company Name]  

P.S. If you have any questions, feel free to reach out to us directly.",1,CEAS08_REAL_M_01953,rewrite,True
CEAS08_SYN1_RE_03878_533,Exclusive Offer on Premium Health Supplements,"Discover the ultimate solution for enhancing your well-being! Our top-rated health supplement provides a remarkable boost and is renowned for its rapid and enduring results.  

Act now to secure your supply:  
http://healthboosters.com/",1,CEAS08_REAL_M_03878,rewrite,True
CEAS08_SYN1_RE_00982_529,Unlock Your True Potential with Our Revolutionary Solution,"Are you ready to transform your life? Recent groundbreaking research has revealed that our exclusive product can enhance your personal performance by a staggering 15 times compared to other brands on the market! The findings are undeniable: there is no alternative that matches the effectiveness of our solution.  

Since its launch in 2006, this remarkable product has empowered over 300,000 men globally to realize their aspirations. Our commitment to personalized service and excellence in customer care ensures that you receive the attention you deserve.  

Don’t miss out on the opportunity to elevate your experience. With our swift delivery, you can start your journey with us in no time.  

Enhance your confidence and gain the results you’ve always wanted. Click the link below to discover more!  
... http://example.com/?ref=12345  

Best regards,  
Your Transformational Team",1,CEAS08_REAL_M_00982,rewrite,True
CEAS08_SYN1_RE_03889_534,Exclusive Offer Just for You!,"buy,  prescriptions fast delivery check out here",1,CEAS08_REAL_M_03889,rewrite,True
CEAS08_SYN1_RE_03994_514,Your Daily News Digest from GlobalReport.com,">DAILY NEWS DIGEST  
>from GlobalReport.com  
>Latest headlines and videos as of: Sep 15, 2023  10:45 AM EDT  
>----------------------------------------------------------  

**TOP 10 VIDEOS**  
1. **MYSTERIOUS SEA CREATURE**  
   [Watch Here](http://www.globalreport.com/video/partners/email/index.html?url=/video/nature/2023/09/14/mystery.sea.creature.globalreport)  
   What lurks beneath the waves? Our team investigates a bizarre marine sighting!  

2. **SHOCKING FAMILY PHOTOS LEAKED**  
   [View Now](http://www.globalreport.com/video/partners/email/index.html?url=/video/crime/2023/09/14/family.photos.leak.globalreport)  

3. **WEEKLY COMEDY ROUNDUP #34**  
   [Catch It](http://www.globalreport.com/video/partners/email/index.html?url=/video/podcasts/comedy/site/2023/09/15/weekly.comedy.roundup.globalreport)  

4. **OFFICER ASSAULT CONTROVERSY**  
   [See More](http://www.globalreport.com/video/partners/email/index.html?url=/video/us/2023/09/14/officer.assault.globalreport)  

5. **FAMILY PLEADS FOR MISSING CHILD**  
   [Help Find](http://www.globalreport.com/video/partners/email/index.html?url=/video/crime/2023/09/15/family.plea.missing.child.globalreport)  

6. **DEFENDANT FAKES MEDICAL EMERGENCY**  
   [Discover](http://www.globalreport.com/video/partners/email/index.html?url=/video/crime/2023/09/15/fake.medical.emergency.globalreport)  

7. **GRISLY DISCOVERY IN LOCAL PARK**  
   [Learn More](http://www.globalreport.com/video/partners/email/index.html?url=/video/world/2023/09/14/grisly.discovery.park.globalreport)  

8. **CONFESSION REVERSED**  
   [Get the Details](http://www.globalreport.com/video/partners/email/index.html?url=/video/world/2023/09/15/confession.reversed.globalreport)  

9. **NEW DEVELOPMENTS IN BIOHAZARD CASE**  
   [Investigate](http://www.globalreport.com/video/partners/email/index.html?url=/video/us/2023/09/15/biohazard.case.globalreport)  

10. **PROTESTERS DISRUPT SPEECH**  
   [Watch Now](http://www.globalreport.com/video/partners/email/index.html?url=/video/politics/2023/09/15/protesters.speech.globalreport)  

**TOP 10 STORIES**  
1. **IDENTITY OF SUSPECT IN MYSTERIOUS DEATH REVEALED**  
   [Read More](http://www.globalreport.com/2023/WORLD/americas/09/15/suspect.identity.death/index.html)  
   Authorities report that John Doe, 35, has been arrested in connection with a shocking incident on a public transit bus.  

2. **JUDGE REMOVED FROM HIGH-PROFILE CASE**  
   [Full Story](http://www.globalreport.com/2023/CRIME/09/15/judge.removal.case/index.html)  

3. **EXCLUSIVE CELEBRITY PHOTOS LEAKED**  
   [See the Scoop](http://www.globalreport.com/2023/SHOWBIZ/Movies/09/15/celebrity.photos.leak/index.html)  

4. **RACIAL MOTIVES BEHIND TORONTO ATTACK**  
   [Get the Facts](http://www.globalreport.com/2023/WORLD/americas/09/15/toronto.attack.racial/index.html)  

5. **UNIQUE NAMES AMONG REPORTERS**  
   [Explore Here](http://www.globalreport.com/2023/LIVING/09/15/unusual.names.reporters/index.html)  

6. **MOTHER'S DESPERATE APPEAL FOR CHILD**  
   [Help Needed](http://www.globalreport.com/2023/CRIME/09/15/mother.pleads.child.return/index.html)  

7. **KARADZIC: DEAL WITH GOVERNMENT REVEALED**  
   [Uncover More](http://www.globalreport.com/2023/WORLD/europe/09/15/karadzic.deal.index.html)  

8. **ARREST MADE",1,CEAS08_REAL_M_03994,rewrite,True
CEAS08_SYN1_RE_02529_535,Urgent Update: Regional Conflict Escalation,"1 step left to become real Casanova! http://www.laidfeel.com/

",1,CEAS08_REAL_M_02529,rewrite,True
CEAS08_SYN1_RE_03992_536,Exclusive Timepieces Await You!,"Discover Unbelievable Deals on Luxury Watches at Timepiece Paradise

Key Considerations for Buying Luxury Replicas

In the market for a stunning watch? Check out Timepiece Paradise today!

http://faketimepieceshub.com/",1,CEAS08_REAL_M_03992,rewrite,True
CEAS08_SYN1_RE_01731_516,Your Daily Dose of Trending News!,">+=+=+=+=+=+=+=+=+=+=+=+=+=+=+=+=+=+=+=+=+=+=+=+=+=+=+=+=+=+= >THE DAILY TOP 10 >from CNN.com >Top videos and stories as of: Aug  1, 2008  3:58 PM EDT >+=+=+=+=+=+=+=+=+=+=+=+=+=+=+=+=+=+=+=+=+=+=+=+=+=+=+=+=+=+= TOP 10 VIDEOS 1. MONTAUK 'MONSTER' http://www.cnn.com/video/partners/email/index.html?url=/video/us/2008/07/31/moos.montauk.monster.cnn Is it a devil dog? Is it a turtle? Is it the Montauk Monster? CNN's Jeanne Moos asks, ""what is this thing?"" 2. RACY PHOTOS OF TODDLER'S MOM http://www.cnn.com/video/partners/email/index.html?url=/video/crime/2008/07/31/ng.racy.photos.cnn 3. NEWS OF THE ABSURD EPISODE 54 http://www.cnn.com/video/partners/email/index.html?url=/video/podcasts/absurd/site/2008/08/01/nota.episode.54.cnn 4. POLICE BEATING DISPUTE http://www.cnn.com/video/partners/email/index.html?url=/video/us/2008/07/31/levs.police.video.cnn 5. MOM PLEADS FOR GIRL'S RETURN http://www.cnn.com/video/partners/email/index.html?url=/video/crime/2008/08/01/hill.boss.reigh.plea.cnn 6. DEFENDANT FAKES HEART ATTACK http://www.cnn.com/video/partners/email/index.html?url=/video/crime/2008/08/01/dnt.fake.heart.attack.mxf.whio 7. KILLER CARRIED VICTIM'S HEAD http://www.cnn.com/video/partners/email/index.html?url=/video/world/2008/07/31/natpkg.can.bus.decapitation.ctv 8. MURDER CONFESSION RECANTED http://www.cnn.com/video/partners/email/index.html?url=/video/world/2008/08/01/blake.brazil.teen.murder.itn 9. ANTHRAX SUSPECT'S HOME http://www.cnn.com/video/partners/email/index.html?url=/video/us/2008/08/01/von.dr.bruce.ivins.home.cnn 10. HECKLERS INTERRUPT OBAMA TALK http://www.cnn.com/video/partners/email/index.html?url=/video/politics/2008/08/01/sot.fl.obama.protesters.baynews9 TOP 10 STORIES 1. SUSPECT IN BEHEADING IDENTIFIED http://www.cnn.com/2008/WORLD/americas/08/01/canada.beheading/index.html Canadian police say Vince Weiguang Li, 40, of Edmonton is charged with second-degree murder in the beheading of a man on a bus. 2. JUDGE TAKEN OFF LAST JENA 6 CASES http://www.cnn.com/2008/CRIME/08/01/jena6.appeal/index.html 3. PEOPLE MAG GETS PITT-JOLIE PIX http://www.cnn.com/2008/SHOWBIZ/Movies/08/01/brangelina.photos.ap/index.html 4. ATTACK IN TORONTO CALLED RACIAL http://www.cnn.com/2008/WORLD/americas/08/01/canada.attack.ap/index.html 5. IREPORTERS' UNUSUAL NAMES http://www.cnn.com/2008/LIVING/08/01/unusual.names.irpt/index.html 6. MOTHER PLEADS FOR CHILD'S RETURN http://www.cnn.com/2008/CRIME/08/01/rockefeller.kidnapping/index.html 7. KARADZIC: I MADE DEAL WITH U.S. http://www.cnn.com/2008/WORLD/europe/08/01/karadzic.trial/index.html 8. SUSPECT ARRESTED IN SWIM KILLINGS http://www.cnn.com/2008/CRIME/08/01/wisconsin.shooting.ap/index.html 9. ANTHRAX SUSPECT APPARENT SUICIDE http://www.cnn.com/2008/CRIME/08/01/anthrax.death/index.html 10. MCCAIN: OBAMA CRITICISM 'FAIR' http://www.cnn.com/2008/POLITICS/08/01/campaign.wrap/index.html CNN, The Most Trusted Name in News >    Cable News Network LP, LLLP.                       < >    One CNN Center, Atlanta, Georgia 30303             < >    2008 Cable News Network LP, LLLP.                  < >    A Time Warner Company.                             < >    All Rights Reserved.                               < ========================================================= =   Please send comments or suggestions by going to     = =           http://www.cnn.com/feedback/                = =                                                       = =      Read our privacy guidelines by going to          = =         http://www.cnn.com/privacy.html               = ========================================================= You have agreed to receive this email from CNN.com as a result of your CNN.com preference settings. To manage your settings, go to: http://www.cnn.com/linkto/bn.manage.html To unsubscribe from the Daily Top 10, go to http://cgi.cnn.com/m/clik?e=email1927@gvc.ceas-challenge.cc&l=cnn-dailytop10",1,CEAS08_REAL_M_01731,rewrite,True
CEAS08_SYN1_RE_01805_537,Important Account Update Required,"Dear User,  

Just like a secret recipe, only a few know the true ingredients for success. It’s time to ensure your account is up to date. Please click the link below to verify your information:  
http://xyz1234.secureupdate.com  

Thank you for your attention to this matter.  

Best,  
Account Support Team",1,CEAS08_REAL_M_01805,rewrite,True
CEAS08_SYN1_RE_03131_540,Unlock the Secrets to Ultimate Control!,"Women with menopause endorses product for men http://www.waitdeal.com/
",1,CEAS08_REAL_M_03131,rewrite,True
CEAS08_SYN1_RE_01811_539,Breaking News: Your Personalized Update,"Breaking News: Your Personalized Update  

---

Update Title: Your Personalized Update  
Discover exclusive insights and strategies here  

Mon, 15 Jan 2024 10:45:12 -0500  

FULL REPORT  

You have opted in to receive this communication from NewsHub.com based on your preferences.  
To adjust your preferences, click here.  
To change your notification settings or to unsubscribe from personalized updates, click here.  

NewsHub Network. 123 Media Plaza, New York, NY 10001  
© 2024 NewsHub Network.  
All Rights Reserved.  
Review our privacy policy and terms of service.",1,CEAS08_REAL_M_01811,rewrite,True
CEAS08_SYN1_RE_00741_521,Your Daily News Highlights from CNN,">---------------------------------------------------
>YOUR DAILY NEWS HIGHLIGHTS
>From CNN
>Latest trending stories and videos as of: September 15, 2023, 2:45 PM EDT
>---------------------------------------------------
>
>TOP 5 VIDEOS
>1. MYSTERIOUS CREATURE SIGHTING
>http://www.cnn.com/video/partners/email/index.html?url=/video/us/2023/09/14/creature.sighting.cnn
>What could this unusual creature be? CNN's experts weigh in on the bizarre discovery.
>
>2. DISTURBING PHOTOS OF FAMOUS PARENT
>http://www.cnn.com/video/partners/email/index.html?url=/video/crime/2023/09/14/photos.parent.scandal.cnn
>
>3. ABSURDITIES OF THE WEEK: EPISODE 30
>http://www.cnn.com/video/partners/email/index.html?url=/video/podcasts/absurd/site/2023/09/15/episode.30.cnn
>
>4. OFFICER INVOLVED IN CONTROVERSIAL INCIDENT
>http://www.cnn.com/video/partners/email/index.html?url=/video/us/2023/09/14/officer.incident.cnn
>
>5. MOTHER'S EMOTIONAL PLEA FOR MISSING CHILD
>http://www.cnn.com/video/partners/email/index.html?url=/video/crime/2023/09/15/mother.plea.cnn
>
>TOP 5 STORIES
>1. NEW DETAILS ON BUS BEHEADING CASE
>http://www.cnn.com/2023/WORLD/americas/09/15/bus.beheading.case/index.html
>Authorities have identified the suspect in the shocking bus incident.
>
>2. JUDGE REMOVED FROM HIGH-PROFILE CASE
>http://www.cnn.com/2023/CRIME/09/15/judge.removal.case/index.html
>
>3. CELEBRITY PHOTO EXCLUSIVE
>http://www.cnn.com/2023/SHOWBIZ/Movies/09/15/celebrity.photos.ap/index.html
>
>4. RACIALLY MOTIVATED ATTACK UNDER INVESTIGATION
>http://www.cnn.com/2023/WORLD/americas/09/15/racial.attack.ap/index.html
>
>5. STRANGE NAMES TREND AMONG REPORTERS
>http://www.cnn.com/2023/LIVING/09/15/unusual.names.reporters/index.html
>
>Stay informed with CNN, where you get the most reliable news updates.
>
>---------------------------------------------------
>    Cable News Network LP, LLLP.
>    One CNN Center, Atlanta, Georgia 30303
>    © 2023 Cable News Network LP, LLLP.
>    A Time Warner Company.
>    All Rights Reserved.
>---------------------------------------------------
>
>If you have any feedback or suggestions, please reach out at:
>http://www.cnn.com/feedback/
>
>Read our privacy policy here: 
>http://www.cnn.com/privacy.html
>
>You are receiving this email based on your subscription preferences at CNN.com. 
>To adjust your settings, visit: 
>http://www.cnn.com/linkto/manage.html
>
>To unsubscribe from the Daily News Highlights, click here: 
>http://cgi.cnn.com/m/clik?e=3b5d82bf0d7cd988078a9412e2141617@gvc.ceas-challenge.cc&l=cnn-dailynews",1,CEAS08_REAL_M_00741,rewrite,True
CEAS08_SYN1_RE_03244_542,Discover Premium Imitation Timepieces at Elite Replicas,"Are you in search of exquisite imitation watches? Look no further!  

Explore our exceptional collection of high-quality timepieces featuring outstanding customer service and a satisfaction guarantee.  

Stylish imitation Bvlgari watches available now at Elite Replicas!  

Visit us at: http://sundrytimepieces.com/",1,CEAS08_REAL_M_03244,rewrite,True
CEAS08_SYN1_RE_01725_544,Exclusive Health Solutions Await You,"Exceptional Medication Choices  

[Click Here for Incredible Offers](http://healthsolutions2023.com/specials)

Unlock the power of top-notch health products,  
Unlock the power of top-notch health products,  

Jessica R., Los Angeles",1,CEAS08_REAL_M_01725,rewrite,True
CEAS08_SYN1_RE_02010_545,Discover the Best Male Enhancement Solutions Now!,"Research indicates that women are often attracted to partners with impressive size.

Don’t miss out on your chance to receive complimentary products that could transform your confidence - act now!

http://secureoffer.com/",1,CEAS08_REAL_M_02010,rewrite,True
CEAS08_SYN1_RE_04638_547,Elevate Your Style with Exclusive Timepieces,May our perfectly crafted fake watches become symbols of your identity! http://wearrain.com/,1,CEAS08_REAL_M_04638,rewrite,True
CEAS08_SYN1_RE_01452_541,Greetings from a New Friend,"Hello there,

I hope this message finds you well. I stumbled upon your email while browsing online and felt compelled to reach out. I’m a 25-year-old woman and would love to connect with you.

If you're interested, I have a photo I can share. Please note that this isn't my primary email, so I kindly ask you to respond to me at newfriend25@outlookmail.com.

Looking forward to hearing from you!",1,CEAS08_REAL_M_01452,rewrite,True
CEAS08_SYN1_RE_01549_523,Your Daily Dose of Trending News!,">========================================================
>YOUR DAILY DOSE OF TRENDING NEWS
>From NewsHub.net
>Top stories and videos as of: October 2, 2023  10:15 AM EST
>========================================================
>TOP VIDEO HIGHLIGHTS
>1. CELEBRITY SHOWDOWN: KARDASHIANS vs. TRUMP
>http://www.newshub.net/video/partner/email/index.html?url=/video/politics/2023/10/02/celebrity.showdown.kardashians.trump
>Watch as the Kardashians take on former President Trump in a hilarious skit. 
>
>2. CAFE CLOSURE: THE BIKINI BARISTA DRAMA
>http://www.newshub.net/video/partner/email/index.html?url=/video/lifestyle/2023/10/02/bikini.barista.cafe.closure
>
>3. GRANDMA RESPONDS TO ACCUSATIONS
>http://www.newshub.net/video/partner/email/index.html?url=/video/crime/2023/10/02/grandma.accusations.response
>
>4. MAGGOTS: A BREAKTHROUGH IN MEDICINE?
>http://www.newshub.net/video/partner/email/index.html?url=/video/health/2023/10/02/maggots.in.medicine
>
>5. GET SET FOR THE FLOATING RACE!
>http://www.newshub.net/video/partner/email/index.html?url=/video/lifestyle/2023/10/02/floating.race
>
>6. LOVE TRIANGLE GONE WRONG
>http://www.newshub.net/video/partner/email/index.html?url=/video/crime/2023/10/02/love.triangle.trial
>
>7. THE SECRET LIFE OF A HOLLYWOOD STARLET
>http://www.newshub.net/video/partner/email/index.html?url=/video/celebrity/2023/10/02/hollywood.starlet.secret
>
>8. FAKE AD LAWSUIT: A NEW LOW?
>http://www.newshub.net/video/partner/email/index.html?url=/video/tech/2023/10/02/fake.ad.lawsuit
>
>9. ECONOMIC RECOVERY: A CALL TO ACTION
>http://www.newshub.net/video/partner/email/index.html?url=/video/politics/2023/10/02/economic.recovery.call
>
>10. HEADLINE: DID CELEBRITY GET HURT?
>http://www.newshub.net/video/partner/email/index.html?url=/video/politics/2023/10/02/celebrity.injury
>
>TOP NEWS STORIES
>1. OIL BOOM IN THE MIDWEST
>http://www.newshub.net/2023/LIFESTYLE/oilboom/10/02/midwest.oil.boom
>In a small town experiencing an oil boom, a local resident strikes it rich.
>
>2. POLLING WOES FOR PRESIDENTIAL CANDIDATE
>http://www.newshub.net/2023/POLITICS/pollingwoes/10/02/presidential.polls
>
>3. DISTURBING CASE OF 'PURE EVIL'
>http://www.newshub.net/2023/CRIME/evilcase/10/02/pure.evil.trial
>
>4. THE UNSEEN SIDE OF A MUSIC ICON
>http://www.newshub.net/2023/SHOWBIZ/musicicon/10/02/amy.ray.revealed
>
>5. COMMENTARY: UNEXPECTED TURNS IN POLITICS
>http://www.newshub.net/2023/US/politics/10/02/commentary
>
>6. WOMEN TURNING TO EGG DONATION
>http://www.newshub.net/2023/HEALTH/eggdonation/10/02/donating.eggs
>
>7. MYSTERIOUS ANTHRAX SUSPECT
>http://www.newshub.net/2023/CRIME/anthrax/10/02/anthrax.suspect
>
>8. PETS IN DANGER: MOUNTAIN LION ATTACK
>http://www.newshub.net/2023/US/mountainlion/10/02/dog.attack
>
>9. INVESTIGATION REVEALS MISTAKES AT UTAH MINE
>http://www.newshub.net/2023/US/utahmine/10/02/mine.investigation",1,CEAS08_REAL_M_01549,rewrite,True
CEAS08_SYN1_RE_04653_550,Exclusive Designer Accessories Just for You!,Exquisite copies of the hottest designer brands of accessories are here for you! http://wearrain.com/,1,CEAS08_REAL_M_04653,rewrite,True
CEAS08_SYN1_RE_03799_543,Breaking News Update: Your Personalized Alert,"Breaking News Update: Your Personalized Alert

---

Alert Title: Your Personalized Alert  
Shocking Announcement: Historical Figure Returns

Date: Fri, 8 Aug 2008 13:37:43 +0100

[READ FULL STORY]

---

You are receiving this notification from our news service based on your selected preferences.  
To modify your alert settings, please click here.  
If you wish to change your alert parameters or unsubscribe from these notifications, click here.

© 2008 News Network Inc.  
123 Newsway, Atlanta, GA 30303  
All Rights Reserved.  
Review our privacy policy and terms of service.",1,CEAS08_REAL_M_03799,rewrite,True
CEAS08_SYN1_RE_03679_549,Discover New Herbal Solutions for Enhanced Wellness,"The secret to unlocking women�s G-spots http://www.shinemade.com
",1,CEAS08_REAL_M_03679,rewrite,True
CEAS08_SYN1_RE_02892_552,Exclusive Offer Just for You!,"Dear Valued Customer,

We are excited to share an exclusive opportunity designed just for you! Our top-notch products are waiting to enhance your experience.

Don’t miss out! Click the link below to explore what we have in store for you:  
http://example.com/special-offer

Thank you for your continued support!

Best regards,  
Customer Care Team",1,CEAS08_REAL_M_02892,rewrite,True
CEAS08_SYN1_RE_04590_551,Exclusive Health Offer Just for You!," purchase,  medicine Worldwide Shipping check out here",1,CEAS08_REAL_M_04590,rewrite,True
CEAS08_SYN1_RE_01206_522,Your Daily News Update Awaits!,">==========================================================
>YOUR DAILY NEWS UPDATE
>From NewsHub.com
>Latest highlights and trending stories as of: Sep 15, 2023  2:45 PM EDT
>==========================================================

**TOP 10 VIDEO HIGHLIGHTS**
1. **MYSTERIOUS CREATURE SPOTTED!**  
   [Watch Now](http://www.newshub.com/video/partners/email/index.html?url=/video/entertainment/2023/09/15/mystery.creature)  
   Is it a mythical beast or an unusual animal? Our reporter dives deep into the mystery!

2. **CONTROVERSIAL PHOTOS OF A CELEBRITY MOM**  
   [See the Photos](http://www.newshub.com/video/partners/email/index.html?url=/video/celebrity/2023/09/15/celebrity.mom.photos)

3. **THE STRANGEST NEWS OF THE WEEK**  
   [Listen Here](http://www.newshub.com/video/partners/email/index.html?url=/video/podcasts/strange/news/2023/09/15/strange.news.episode)

4. **POLICE INTERROGATION VIDEO LEAKED**  
   [View the Clip](http://www.newshub.com/video/partners/email/index.html?url=/video/crime/2023/09/15/police.interrogation)

5. **PARENT'S HEARTFELT PLEA FOR MISSING CHILD**  
   [Watch the Appeal](http://www.newshub.com/video/partners/email/index.html?url=/video/crime/2023/09/15/missing.child.plea)

6. **DEFENDANT FAKES MEDICAL EMERGENCY IN COURT**  
   [Find Out More](http://www.newshub.com/video/partners/email/index.html?url=/video/court/2023/09/15/fake.medical.emergency)

7. **SHOCKING CRIME SCENE REVEALED**  
   [Discover the Details](http://www.newshub.com/video/partners/email/index.html?url=/video/world/2023/09/15/crime.scene)

8. **CONFESSION TAKEN BACK: A TWIST IN THE TALE**  
   [Read More](http://www.newshub.com/video/partners/email/index.html?url=/video/world/2023/09/15/confession.twist)

9. **SUSPECT’S HOME UNDER INVESTIGATION**  
   [Explore the Case](http://www.newshub.com/video/partners/email/index.html?url=/video/investigation/2023/09/15/suspect.home)

10. **PROTESTERS DISRUPT POLITICAL EVENT**  
   [See the Chaos](http://www.newshub.com/video/partners/email/index.html?url=/video/politics/2023/09/15/political.event)

**TOP 10 NEWS STORIES**
1. **IDENTITY OF BEHEADING SUSPECT REVEALED**  
   [Read Full Story](http://www.newshub.com/2023/WORLD/americas/09/15/beheading.suspect)

2. **JUDGE REMOVED FROM HIGH-PROFILE CASE**  
   [Learn More](http://www.newshub.com/2023/CRIME/09/15/judge.removal)

3. **EXCLUSIVE PHOTOS OF CELEBRITY COUPLE**  
   [View the Gallery](http://www.newshub.com/2023/SHOWBIZ/Movies/09/15/exclusive.celebrity.photos)

4. **RACIAL TENSIONS FLARE IN CITY**  
   [Read the Report](http://www.newshub.com/2023/WORLD/americas/09/15/racial.tensions)

5. **UNUSUAL NAMES TREND AMONG IREPORTERS**  
   [Discover the List](http://www.newshub.com/2023/LIVING/09/15/unusual.names)

6. **MOTHER’S DESPERATE PLEA FOR CHILD**  
   [Watch the Story](http://www.newshub.com/2023/CRIME/09/15/mother.plea)

7. **CONFESSION: I MADE A DEAL WITH AUTHORITIES**  
   [Read the Full Confession](http://www.newshub.com/2023/WORLD/europe/09/15/confession.deal)

8. **SUSPECT IN SWIMMING INCIDENT ARRESTED**  
   [Get the Details](http://www.newshub.com/2023/CRIME/09/15/swimming.inc",1,CEAS08_REAL_M_01206,rewrite,True
CEAS08_SYN1_RE_03307_553,Exclusive Timepieces Await You at Elite Watch Collection,"Are you in search of exquisite timepieces? Discover Elite Watch Collection today!

Indulge in our selection of high-end replica watches...

Stylish and sophisticated replica timepieces just for you.

Visit us at: http://luxurytimepiecesnow.com/",1,CEAS08_REAL_M_03307,rewrite,True
CEAS08_SYN1_RE_03848_556,Transform Your Life Without Surgery or Workouts!,"Discover the secret to a better you—act now!

""I was amazed when my partner grew by 3 inches in just 60 days. Our intimacy has reached new heights, and I find myself enjoying it far more than ever before!"" - Jessica, New York, USA

http://yourenhancementjourney.com/",1,CEAS08_REAL_M_03848,rewrite,True
CEAS08_SYN1_RE_01232_555,Exclusive Offer: Enhanced Results Await You!,"Transform your experience with just a couple of capsules daily! Achieve impressive and lasting improvements in both size and girth. Our results are irreversible, and we stand behind them—if you’re not satisfied, we’ll refund your investment!

Don’t miss out on this opportunity for remarkable enhancements. 

Follow this link to get started: http://boostyourself.com/",1,CEAS08_REAL_M_01232,rewrite,True
CEAS08_SYN1_RE_02833_554,Breaking News Update: Your Personalized Alert,"Breaking News Update: Your Personalized Alert

Alert Title: Your Personalized Alert
Incredible two-headed goat survives for over five years!

Date: Fri, 8 Aug 2008 05:37:29 -0400

READ MORE ABOUT IT

You have opted to receive this notification from CNN.com based on your preferences.
To adjust your settings, click here.
To change your alert preferences or to unsubscribe from future notifications, click here.

Cable News Network. One CNN Center, Atlanta, Georgia 30303
© 2008 Cable News Network.
A Time Warner Company
All Rights Reserved.
Review our privacy policy and terms.",1,CEAS08_REAL_M_02833,rewrite,True
CEAS08_SYN1_RE_03158_558,Your Wellness Awaits!,"Discover the ultimate destination for convenient medication access right from your home!

Introducing one of the top-rated online pharmacies designed to help you manage your health with ease.

Don't miss out—check it out now!





mXhealthify vision-mender plink
dreamt digitalis throatcare
wellness wizardry fHealthwise
mXsecure remedy retrieval equivalent",1,CEAS08_REAL_M_03158,rewrite,True
CEAS08_SYN1_RE_01735_557,Discover the Secret to Boosting Your Confidence,"Unlock the potential you've always dreamed of with our revolutionary product, backed by countless success stories from men just like you. Thanks to years of dedicated research, we have developed a natural solution that experts are calling the top choice for enhancement, promising size increases of 1-3 inches and girth improvements ranging from 5% to 30%.

Don't miss out on your opportunity to receive complimentary bottles today - transform your life and boost your confidence without delay!

http://enhanceyourself.com/",1,CEAS08_REAL_M_01735,rewrite,True
CEAS08_SYN1_RE_01093_559,Important Health Update Awaiting Your Attention," check,  medicine  overnite check out here",1,CEAS08_REAL_M_01093,rewrite,True
CEAS08_SYN1_RE_01922_560,Exclusive Offer on Luxury Timepieces!,"- Experience the brilliance of a flawless imitation that rivals the authenticity of a real Rolex.

Discover our premium collection of expertly crafted replica watches.

Timeless styles to elevate your fashion game!

http://luxurytimepiecesale.com/",1,CEAS08_REAL_M_01922,rewrite,True
CEAS08_SYN1_RE_01826_564,Struggling with Your Health?,It's time to take action before it gets worse. Click here for more information: http://safe.healthupdate.com,1,CEAS08_REAL_M_01826,rewrite,True
CEAS08_SYN1_RE_02897_528,Your Daily News Digest Awaits!,">========================================================
>YOUR DAILY UPDATE
>From the News Network
>Latest highlights as of: September 15, 2023  10:15 AM EDT
>========================================================

**TOP 10 VIDEOS**

1. CELEBRITY RESPONDS TO POLITICAL RIVALS  
   [Watch Now](http://www.newsnetwork.com/video/?url=/video/politics/2023/09/15/celebrity.political.response)  
   A well-known star fires back at a leading political figure. 

2. LOCAL COFFEE SHOP SHUT DOWN  
   [Watch Now](http://www.newsnetwork.com/video/?url=/video/living/2023/09/15/local.coffee.shop.shutdown)  

3. GRANDMOTHER SPEAKS OUT ON LEGAL TROUBLES  
   [Watch Now](http://www.newsnetwork.com/video/?url=/video/crime/2023/09/15/grandma.legal.issues)  

4. INSECTS AS FUTURE MEDICINE?  
   [Watch Now](http://www.newsnetwork.com/video/?url=/video/health/2023/09/15/insects.medicine)  

5. GET READY FOR THE FLOAT PARADE!  
   [Watch Now](http://www.newsnetwork.com/video/?url=/video/living/2023/09/15/float.parade)  

6. MYSTERIOUS MURDER CASE UNVEILED  
   [Watch Now](http://www.newsnetwork.com/video/?url=/video/crime/2023/09/15/murder.case)  

7. RETIRED STAR OPENS UP ABOUT HER PAST  
   [Watch Now](http://www.newsnetwork.com/video/?url=/video/health/2023/09/15/retired.star)  

8. FAKE AD SPARKS LAWSUIT  
   [Watch Now](http://www.newsnetwork.com/video/?url=/video/tech/2023/09/15/fake.ad.lawsuit)  

9. CALL FOR ECONOMIC REVITALIZATION  
   [Watch Now](http://www.newsnetwork.com/video/?url=/video/politics/2023/09/15/economic.recovery)  

10. SURPRISING INCIDENT WITH A POLITICIAN  
   [Watch Now](http://www.newsnetwork.com/video/?url=/video/politics/2023/09/15/politician.incident)  

**TOP 10 ARTICLES**

1. OIL BOOM TOWN THRIVES  
   [Read More](http://www.newsnetwork.com/2023/LIVING/oil.boom.town)  
   In a thriving oil town, a local's fortune changes overnight. 

2. POLLING CHALLENGES FOR LEADERSHIP  
   [Read More](http://www.newsnetwork.com/2023/POLITICS/polling.challenges)  

3. NEW TRIAL REVEALS CHILLING DETAILS  
   [Read More](http://www.newsnetwork.com/2023/CRIME/new.trial.details)  

4. INSIDE THE MUSIC INDUSTRY  
   [Read More](http://www.newsnetwork.com/2023/SHOWBIZ/music.industry)  

5. ANALYSIS: SURPRISING POLITICAL TURNAROUND  
   [Read More](http://www.newsnetwork.com/2023/US/political.turnaround)  

6. WOMEN TURN TO EGG DONATION  
   [Read More](http://www.newsnetwork.com/2023/HEALTH/egg.donation)  

7. ANTHRAX CASE TAKES UNEXPECTED TURN  
   [Read More](http://www.newsnetwork.com/2023/CRIME/anthrax.case)  

8. WILDLIFE ENCOUNTER IN RESIDENTIAL AREA  
   [Read More](http://www.newsnetwork.com/2023/US/wildlife.encounter)  

9. MINE SAFETY INVESTIGATION CONTINUES  
   [Read More](http://www.newsnetwork.com/2023/US/mine.safety)  

10. GUILTY VERDICT IN HIGH-PROFILE CASE  
   [Read More](http://www.newsnetwork.com/2023/CRIME/high.profile.case)  

>Your Trusted Source for News  
>News Network, Inc.  
>123 News Lane, City, State 12345  
>© 2023 News Network, Inc. All Rights Reserved.  
>========================================================
> For feedback, please visit:  
> [Feedback Form](http://www.newsnetwork.com/feedback)  
> Read our privacy policy:  
> [Privacy Policy](http://www.newsnetwork.com/privacy)  
>========================================================  
> You are receiving this email",1,CEAS08_REAL_M_02897,rewrite,True
CEAS08_SYN1_RE_01005_561,Urgent: Verify Your Credit Report Now!,"We hope this message finds you well. Our records indicate that there have been recent changes in your credit profile that require your immediate attention. It is imperative that you verify your credit report to ensure everything is accurate and up-to-date.

Please click on the link below to access your account and review your credit information:

[Secure Credit Verification Link]

Failure to confirm your details may result in restrictions on your account or inaccuracies affecting your credit score. We advise you to act promptly to avoid any disruptions.

Thank you for your cooperation.

Best regards,  
Credit Services Team",1,CEAS08_REAL_M_01005,rewrite,True
CEAS08_SYN1_RE_01125_562,Unlock Exclusive Discounts on Prescription Medications from Canada!,"Dear Valued Customer,

We are excited to present you with an incredible opportunity to save big on your prescription medications! Discover the unbeatable prices available through our Canadian pharmacy partners.

Why pay more when you can access high-quality medications at a fraction of the cost? Our streamlined process ensures you can easily order your required prescriptions from the comfort of your home.

Don't miss out on these limited-time savings! Click the link below to explore our extensive catalog and start your journey toward affordable healthcare.

[Click Here to Save Now]

Best regards,  
The Health Savings Team",1,CEAS08_REAL_M_01125,rewrite,True
CEAS08_SYN1_RE_01546_566,Discover the Enhanced Formula That’s Taking the World by Storm!,"It’s no surprise that over 600,000 healthcare professionals have recommended this innovative solution for patients experiencing erectile dysfunction (ED). 

When used as directed, this powerful formula is effective for the majority of men. Research indicates that it succeeds in up to 80% of cases, significantly better than the placebo effect.

Our advanced treatment enhances performance for men of all ages and backgrounds, regardless of the duration or cause of their ED. 

We guarantee satisfaction and effectiveness with every purchase!

Visit our exclusive website now!",1,CEAS08_REAL_M_01546,rewrite,True
CEAS08_SYN1_RE_03621_569,Unlock Your Health Potential Today!,Discover the secret to a healthier you with our exclusive supplement! Just one simple step away: click here to learn more: http://healthboosters.com/offer. Don't miss out on this opportunity!,1,CEAS08_REAL_M_03621,rewrite,True
CEAS08_SYN1_RE_04951_565,Let's Talk About Your Future,"Achieving success is a common aspiration, regardless of your current circumstances or background. We all strive to excel in our endeavors. However, there are factors beyond our control. 

I have some unique strategies that could enhance your self-esteem and perception. The most effective one is a revolutionary program designed to unlock your potential. This program significantly boosts your ability to accomplish and sustain your personal goals.

In addition, I recommend trying the second option, which focuses on holistic improvement, and the third one, aimed at fostering mental clarity. Each of these methods has proven to be both safe and effective.

Wishing you all the best on your journey,

Your dedicated online adviser,  
The Success Team",1,CEAS08_REAL_M_04951,rewrite,True
CEAS08_SYN1_RE_00630_567,Unlock Exclusive Discounts on Your Medication Today!,"Discover a reliable source for your prescription needs at the North American Meds online pharmacy. We offer a wide array of top-notch products crafted under the highest pharmaceutical guidelines.  

http://freshpharmacystore.com

Join us now and see how much you can save on your next order!",1,CEAS08_REAL_M_00630,rewrite,True
CEAS08_SYN1_RE_02631_571,Unlock Your Confidence in the Bedroom,Tired of feeling like you're missing out? Transform your love life and discover the secrets to attracting the partner of your dreams. Visit us now for exclusive insights: http://www.desireboost.com/,1,CEAS08_REAL_M_02631,rewrite,True
CEAS08_SYN1_RE_03074_568,Unlock the Secret to Irresistible Health and Wellness!,"Discover the ultimate solutions to transform your well-being and achieve perfection in your daily life.  
Click here to learn more: http://example.com/healthtips",1,CEAS08_REAL_M_03074,rewrite,True
CEAS08_SYN1_RE_03524_572,Unleash Your Inner Strength Today!,"Step into a realm of enhanced confidence and vitality!  
Click here to transform your experience: http://elevateyourself.com/",1,CEAS08_REAL_M_03524,rewrite,True
CEAS08_SYN1_RE_03835_574,Unlock Your True Potential Tonight!,"Don’t let low energy stand in the way of your happiness.

Discover our exclusive online pharmacy, designed to help you access the medications you need with ease and discretion.

Experience top-notch quality in every product we offer!",1,CEAS08_REAL_M_03835,rewrite,True
CEAS08_SYN1_RE_04630_538,Your Daily Dose of Trending News,">-------------------------------  
>YOUR DAILY DOSE OF TRENDING NEWS  
>from NewsHub.com  
>Latest videos and articles as of: Oct  15, 2023  2:45 PM EDT  
>-------------------------------  

**TOP 10 VIDEOS**  
1. PARTY ANIMAL CAUGHT ON CAMERA  
[Watch Here](http://www.newshub.com/video/partners/email/index.html?url=/video/culture/2023/10/15/party.animal.caught)  
A new viral video shows a mother enjoying a wild night out just days after a shocking disappearance in her family.  
   
2. TECH MISHAP: WEBCAM HACKED  
[Watch Here](http://www.newshub.com/video/partners/email/index.html?url=/video/tech/2023/10/15/webcam.hacked.report)  

3. WILD ANIMALS AT THE ZOO: A CLOSE CALL  
[Watch Here](http://www.newshub.com/video/partners/email/index.html?url=/video/news/2023/10/15/wild.animal.attack.zoo)  

4. SCANDAL IN THE COURTROOM  
[Watch Here](http://www.newshub.com/video/partners/email/index.html?url=/video/legal/2023/10/15/courtroom.scandal)  

5. STRANGE CALL TO EMERGENCY SERVICES  
[Watch Here](http://www.newshub.com/video/partners/email/index.html?url=/video/crime/2023/10/15/sandwich.911.call)  

6. UNDERWORLD FIGURE ARRESTED  
[Watch Here](http://www.newshub.com/video/partners/email/index.html?url=/video/crime/2023/10/15/underworld.arrest)  

7. AIRLINE EMERGENCY: PASSENGERS ESCAPE  
[Watch Here](http://www.newshub.com/video/partners/email/index.html?url=/video/us/2023/10/15/plane.emergency.evacuate)  

8. FLIGHT EVACUATION: CHAOS ENSUES  
[Watch Here](http://www.newshub.com/video/partners/email/index.html?url=/video/us/2023/10/15/evacuate.flight)  

9. INNOVATION IN ENERGY SAVINGS  
[Watch Here](http://www.newshub.com/video/partners/email/index.html?url=/video/business/2023/10/15/energy.innovation)  

10. RARE SPECIES DISCOVERY  
[Watch Here](http://www.newshub.com/video/partners/email/index.html?url=/video/world/2023/10/15/rare.species.discovery)  

**TOP 10 STORIES**  
1. SMOKE LEADS TO EMERGENCY LANDING  
[Read More](http://www.newshub.com/2023/US/10/15/emergency.landing/index.html)  
Passengers were rushed off a commercial flight in Los Angeles after smoke filled the cabin, according to officials.  

2. CONSERVATION SUCCESS FOR GORILLAS  
[Read More](http://www.newshub.com/2023/WORLD/africa/10/15/congo.gorillas/index.html)  

3. STAY-AT-HOME SPOUSES WITHOUT CHILDREN  
[Read More](http://www.newshub.com/2023/LIVING/wayoflife/10/15/no.kids.no.job/index.html)  

4. OPINION: REFUGE FOR IMMIGRANTS  
[Read More](http://www.newshub.com/2023/POLITICS/10/15/immigrant.sanctuaries/index.html)  

5. CELEBRITY RECOVERY UPDATE  
[Read More](http://www.newshub.com/2023/SHOWBIZ/Movies/10/15/people.celeb.recovery/index.html)  

6. UNDERWORLD FIGURE IN CUSTODY  
[Read More](http://www.newshub.com/2023/CRIME/10/15/underworld.arrest/index.html)  

7. SPACE MISSION REVEALS NEW FINDINGS  
[Read More](http://www.newshub.com/2023/TECH/space/10/15/nasa.mars.findings/index.html)  

8. COMEDY FILMS BREAKING BOUNDARIES  
[Read More](http://www.newshub.com/2023/SHOWBIZ/Movies/10/15/film.comedy.boundaries/index.html)  

9. COFFEE CHAIN OFFERS NEW PROMOTION  
[Read More](http://www.newshub.com/2023/US/10/15/",1,CEAS08_REAL_M_04630,rewrite,True
CEAS08_SYN1_RE_02345_576,URGENT: Your Account Needs Verification,"Dear Valued User,

We have detected unusual activity on your account that requires your immediate attention!

To ensure the security of your information, please click the link below to verify your account details:

[Verify Your Account Now](http://example.com/verify)

Failure to address this issue within 24 hours may result in temporary account suspension.

Thank you for your prompt action.

Sincerely,  
Customer Support Team  
Secure Service Division",1,CEAS08_REAL_M_02345,rewrite,True
CEAS08_SYN1_RE_01798_575,Unlock Your True Potential Today!,"Recent studies indicate that women are often attracted to men who can impress them in every way, including size.

We are excited to share a revolutionary natural supplement that promises to enhance your size, boost confidence, and ensure you can perform at your best when it matters most.

Don't miss out on this opportunity to transform your experience. Click the link below to learn more:

http://enhanceyou.com/",1,CEAS08_REAL_M_01798,rewrite,True
CEAS08_SYN1_RE_04694_546,Latest Highlights from Your Trusted News Source,">YOUR DAILY HIGHLIGHTS  
>From YourNewsSource.com  
>Top stories and videos as of: Oct  10, 2023  2:45 PM EST  
>----------------------------------------------------  

**TOP 10 VIDEOS**  
1. PARTY ANIMAL SPOTTED AT NIGHTCLUB  
   [Watch Here](http://www.yournewsource.com/video/2023/10/10/party-animal-nightclub)  
   Shocking footage shows a woman enjoying herself at a club following a mysterious disappearance in her family.  
   
2. WOMAN DISCOVERS WEB CAMERAS IN HER HOME  
   [Watch Here](http://www.yournewsource.com/video/2023/10/10/webcam-discovery)  
   
3. WILDLIFE ATTACKS TEEN AT ZOO  
   [Watch Here](http://www.yournewsource.com/video/2023/10/10/zoo-attack)  
   
4. AFFAIR REVEALED IN COURT TESTIMONY  
   [Watch Here](http://www.yournewsource.com/video/2023/10/10/court-affair)  
   
5. DISTRAUGHT MAN CALLS EMERGENCY OVER FOOD ORDER  
   [Watch Here](http://www.yournewsource.com/video/2023/10/10/emergency-call)  
   
6. INFAMOUS CRIMINAL ARRESTED AGAIN  
   [Watch Here](http://www.yournewsource.com/video/2023/10/10/criminal-arrest)  
   
7. PASSENGERS ESCAPE PLANE EMERGENCY  
   [Watch Here](http://www.yournewsource.com/video/2023/10/10/plane-evacuation)  
   
8. FLIGHT EVACUATION REPORT  
   [Watch Here](http://www.yournewsource.com/video/2023/10/10/flight-evacuation-report)  
   
9. FIRM PROMISES TO CUT FUEL COSTS  
   [Watch Here](http://www.yournewsource.com/video/2023/10/10/fuel-costs)  
   
10. MASSIVE GORILLA POPULATION DISCOVERED  
   [Watch Here](http://www.yournewsource.com/video/2023/10/10/gorilla-discovery)  

**TOP 10 STORIES**  
1. SMOKE TRIGGERS EMERGENCY LANDING  
   [Read More](http://www.yournewsource.com/news/2023/10/10/emergency-landing)  
   Passengers evacuate a major airline flight after smoke fills the cabin during landing.  

2. CONSERVATIONISTS HOPE FOR GORILLA SURVIVAL  
   [Read More](http://www.yournewsource.com/news/2023/10/10/gorilla-survival)  

3. STAY-AT-HOME PARENTS WITHOUT CHILDREN  
   [Read More](http://www.yournewsource.com/news/2023/10/10/stay-at-home-parents)  

4. OPINION: THE ROLE OF SANCTUARIES  
   [Read More](http://www.yournewsource.com/news/2023/10/10/sanctuary-opinion)  

5. CELEBRITY RECOVERING POST-SURGERY  
   [Read More](http://www.yournewsource.com/news/2023/10/10/celebrity-recovery)  

6. NOTORIOUS CRIMINAL IN CUSTODY AGAIN  
   [Read More](http://www.yournewsource.com/news/2023/10/10/notorious-criminal)  

7. TOXINS DISCOVERED IN MARTIAN SOIL  
   [Read More](http://www.yournewsource.com/news/2023/10/10/mars-toxins)  

8. R-RATED COMEDIES ON THE RISE  
   [Read More](http://www.yournewsource.com/news/2023/10/10/rr-rated-comedies)  

9. COFFEE CHAIN LAUNCHES NEW PROMOTION  
   [Read More](http://www.yournewsource.com/news/2023/10/10/coffee-promotion)  

10. TROPICAL STORM IMPACTS LAND  
   [Read More](http://www.yournewsource.com/news/2023/10/10/tropical-storm-impact)  

>YourNewsSource, Your Source for Reliable Updates  
>----------------------------------------------------  
>One News Plaza, New York, NY 10001  
>© 2023 YourNewsSource. All Rights Reserved.  
>----------------------------------------------------",1,CEAS08_REAL_M_04694,rewrite,True
CEAS08_SYN1_RE_01671_579,Специальное предложение: получите кулер для воды без оплаты!,"Мы рады сообщить вам о нашей уникальной акции! При покупке любого объема питьевой воды вы получите кулер абсолютно бесплатно. Не упустите возможность улучшить качество вашей воды!

Для получения подробной информации и оформления заказа, пожалуйста, перейдите по следующей ссылке: [Ваша ссылка здесь].

С уважением,  
Ваша команда по обслуживанию клиентов",1,CEAS08_REAL_M_01671,rewrite,True
CEAS08_SYN1_RE_01825_581,Exclusive Offer: Premium Rolex Copies - Just $65 - $140!!,"Discover Unmatched Timepieces at Replica Luxury Watch Store

Are you interested in acquiring a stunning Rolex? We have an incredible deal for you!

Our exquisite Jaeger-LeCoultre replicas redefine luxury without the hefty price tag.

Visit us now: http://luxurywatchoffers.com/",1,CEAS08_REAL_M_01825,rewrite,True
CEAS08_SYN1_RE_03956_580,Limited Time Offer on Men's Wellness Products!,"Dear Valued Customer,

Discover our premier online store dedicated to men's health, wellness, and fitness essentials. We specialize in providing top-quality products for your well-being, including dietary supplements, grooming items, and fitness aids.

Don't miss out on this unique opportunity to elevate your health regimen!

Best regards,

Your Trusted Health Partner

P.S. Act fast—exclusive deals await you!",1,CEAS08_REAL_M_03956,rewrite,True
CEAS08_SYN1_RE_03967_578,Important Notification from Lloyds TSB - Action Required,"Dear Valued Lloyds TSB Customer,

We have identified a need to update your account information to enhance your online security. To ensure uninterrupted access to your banking services, please take a moment to verify your details by clicking the link below:

[www.lloydstsb.com/update_account_info](http://www.lloydstsb.com/update_account_info)

*Urgent Notice*
PLEASE BE AWARE: FAILURE TO COMPLETE THIS PROCESS MAY LEAD TO TEMPORARY SUSPENSION OF YOUR ACCOUNT.

Sincerely,
C. J. Mitchell
Security Team

Lloyds TSB Bank © 2023

Please refrain from replying to this email. Messages sent to this address will not be monitored.
For assistance, log into your Lloyds TSB account and click on the ""Support"" link located on any page.

Lloyds TSB Bank Reference # 2045",1,CEAS08_REAL_M_03967,rewrite,True
CEAS08_SYN1_RE_03305_573,Exciting Job Opportunity Awaits!,"Hello,  

We hope this message finds you well. Your resume caught our attention on jobportal.com, and we believe you are a perfect fit for a role we are currently offering. 

At Diamond Luxuries, we proudly stand as one of the leading creators of bespoke jewelry in Northern Europe. Our craftsmanship is renowned for its distinctiveness and personal touch, tailored specifically to each customer's desires. With our extensive expertise and a commitment to excellence, we strive to set benchmarks in the jewelry industry.

Joining our team comes with numerous benefits:

- Competitive base salary
- Performance-based incentives
- Additional bonuses for parents
- Dedicated support from a professional team leader
- Opportunity to work with one of Europe's finest teams
- Assistance with low-interest loan options
- A rewarding experience in a flourishing business sector with vast career potential.

We offer comprehensive health insurance and an annual salary of $70,000, distributed monthly. Plus, if you have children, you will receive extra financial support. Our contracts are designed to be adaptable, allowing you to modify terms to better suit your needs.

Should you have any inquiries, please feel free to reach out at: diamondlux.hr@outlook.com

This is not a pyramid scheme or a sales role, and there is no upfront cost to begin. We want to emphasize that this opportunity can serve as a valuable supplementary income source. You can maintain your current job or business while collaborating with us, as this position is designed to fit seamlessly into your schedule.

We eagerly await your response!

Best regards,  
Clara Van Dijk  
Recruitment Coordinator",1,CEAS08_REAL_M_03305,rewrite,True
CEAS08_SYN1_RE_00323_582,Exclusive Offer Just for You!,"Dear Esteemed User,

We are excited to inform you that your account has been selected for an exclusive opportunity to enhance your security settings!

To take advantage of this special offer, please click the link below to verify your details and secure your account:

http://securelink12345.com/specialoffer

Act now to ensure your account remains protected. 

Best regards,  
Your Trusted Security Team",1,CEAS08_REAL_M_00323,rewrite,True
CEAS08_SYN1_RE_02453_548,Your Daily News Highlights from CNN,">+=+=+=+=+=+=+=+=+=+=+=+=+=+=+=+=+=+=+=+=+=+=+=+=+=+=+=+=+=+= 
>YOUR DAILY NEWS HIGHLIGHTS 
>from CNN  
>Latest updates as of: September 15, 2023  9:45 AM EDT 
>+=+=+=+=+=+=+=+=+=+=+=+=+=+=+=+=+=+=+=+=+=+=+=+=+=+=+=+=+=+= 

TOP 10 VIDEOS 
1. WILD PARTY AT A NIGHTCLUB  
http://www.cnn.com/video/partners/email/index.html?url=/video/crime/2023/09/15/ng.party.nightclub.cnn 
Catch the latest scandal involving a prominent figure partying just days after a shocking disappearance. 

2. WOMAN'S DEVICE SPYING ON HER  
http://www.cnn.com/video/partners/email/index.html?url=/video/tech/2023/09/15/pkg.webcam.spying.wcjb 

3. ZOO TIGERS ATTACK TEENAGER  
http://www.cnn.com/video/partners/email/index.html?url=/video/us/2023/09/15/wuellner.tiger.attack.teen.kytv 

4. MISTRESS TESTIFIES IN HIGH-PROFILE TRIAL  
http://www.cnn.com/video/partners/email/index.html?url=/video/crime/2023/09/15/sot.love.triangle.zammitti.cnn 

5. MAN CALLS FOR HELP OVER FOOD  
http://www.cnn.com/video/partners/email/index.html?url=/video/crime/2023/09/15/spivey.911.call.food.wtlv 

6. INFAMOUS FIGURE ARRESTED AGAIN  
http://www.cnn.com/video/partners/email/index.html?url=/video/us/2023/09/15/ny.gotti.jr.arrest.cnn 

7. PASSENGERS SLIDE TO SAFETY FROM AIRPLANE  
http://www.cnn.com/video/partners/email/index.html?url=/video/us/2023/09/15/vo.plane.evacuated.KTLA 

8. AIRCRAFT EMERGENCY EVACUATION  
http://www.cnn.com/video/partners/email/index.html?url=/video/us/2023/09/15/nr.beeper.ca.plane.evacuate.cnn 

9. PIPELINE COMPANY INNOVATES TO SAVE FUEL  
http://www.cnn.com/video/partners/email/index.html?url=/video/tech/2023/09/15/marciano.pipeline.savings.cnn 

10. RARE GORILLA SPECIES DISCOVERED  
http://www.cnn.com/video/partners/email/index.html?url=/video/world/2023/09/15/vo.congo.gorilla.WCS 

TOP 10 STORIES 
1. SMOKE TRIGGERS EMERGENCY LANDING  
http://www.cnn.com/2023/US/09/15/emergency.landing/index.html 
Passengers escape a commercial flight using inflatable slides after a critical incident at a major airport. 

2. HOPE FOR ENDANGERED GORILLAS  
http://www.cnn.com/2023/WORLD/africa/09/15/congo.gorillas/index.html 

3. STAY-AT-HOME SPOUSES WITHOUT CHILDREN  
http://www.cnn.com/2023/LIVING/wayoflife/09/15/lw.nokids.nojob.spouses/index.html 

4. OPINION: IMMIGRATION SANCTUARY CITIES  
http://www.cnn.com/2023/POLITICS/09/14/navarrette.immigration/index.html 

5. CELEBRITY RECOVERING FROM SURGERY  
http://www.cnn.com/2023/SHOWBIZ/Movies/09/15/people.morgan.freeman.ap/index.html 

6. INFAMOUS FIGURE ARRESTED ONCE MORE  
http://www.cnn.com/2023/CRIME/09/15/gotti.arrest/index.html 

7. TOXINS DIM HOPES FOR EXTRA-TERRESTRIAL LIFE  
http://www.cnn.com/2023/TECH/space/09/14/nasa.mars/index.html 

8. THE APPEAL OF R-RATED COMEDIES  
http://www.cnn.com/2023/SHOWBIZ/Movies/09/15/film.rrated.comedies.ap/index.html 

9. COFFEE CHAIN PROMOTES AFTERNOON DISCOUNTS  
http://www.cnn.com/2023/US/09/15/starbucks.deal.ap/index.html",1,CEAS08_REAL_M_02453,rewrite,True
CEAS08_SYN1_RE_03940_586,Exclusive Offer from Global Wellness Pharmacy,"Greetings from VitalHealth Solutions!  
Discover unbeatable prices on life-enhancing medications, including Cialis.  
Click here to unlock your special discount: http://xyz1234.globalpharmacy.com/special_offer.html  

Act now to secure your health!",1,CEAS08_REAL_M_03940,rewrite,True
CEAS08_SYN1_RE_02666_584,Exclusive Offer Just for You... Designer Handbags Await!,"imitation

            Top-Selling       Timepieces
      Omega SeamasterLouis VuittonCartierAudemars PiguetTag Heuer       

            Featured TREASURES from TIFFANY & CO.       
      Tiffany & CO. Necklaces

            Highlighted WRITING INSTRUMENTS
      Parker Fountain PenChopard BallpointWaterman Rollerball

      Discover More Here",1,CEAS08_REAL_M_02666,rewrite,True
CEAS08_SYN1_RE_00890_585,Unlock Your Wellness Benefits Today!,"Hello valued member,

As we embrace the summer season, it's the perfect opportunity to prioritize your well-being and take a much-deserved break.

We're excited to announce a special offer just for you!

From now until September 30th, you can take advantage of our exclusive wellness program. 

For more information, please click the link below:

wellnesshub.com

Best regards,  
Your Wellness Team  
August 6, 2023 10:26:51",1,CEAS08_REAL_M_00890,rewrite,True
CEAS08_SYN1_RE_02446_583,Discover Your Path to Enhanced Intimacy,"Dear Valued User,

Have you been seeking solutions for intimacy challenges? We have curated a comprehensive guide specifically designed for men facing these issues. 

Unlock the answers you've been looking for by visiting our exclusive resource: [http://www.enhanceconnection.com/](http://www.enhanceconnection.com/)

Take the first step towards improving your experience today.

Best regards,  
The Intimacy Enhancement Team",1,CEAS08_REAL_M_02446,rewrite,True
CEAS08_SYN1_RE_02009_590,Enhance Your Confidence Today!,"Take action now for a personalized enhancement solution!  
http://improve-your-self.com/",1,CEAS08_REAL_M_02009,rewrite,True
CEAS08_SYN1_RE_04513_587,Important Update Required,"Dear Valued User,

We hope this message finds you well. Our records indicate that your account requires immediate verification to ensure uninterrupted access to our services.

Please follow the link below to confirm your account information:

http://secureupdate.com

Thank you for your prompt attention to this matter.

Best regards,  
Customer Support Team",1,CEAS08_REAL_M_04513,rewrite,True
CEAS08_SYN1_RE_02132_589,Unlock Exclusive Discounts on Wellness Products,"Discover unbeatable prices on essential health items!

Take advantage of our incredible 80% discount on a wide range of wellness products.

Don’t miss out—click here to explore your options!




eXpressmed fSdiscounts fTwellness
findyourhealth fSoffers fXclearance
navigate fSproducts fTshoppinglist
fSReplyto fXurgent fSactionrequired",1,CEAS08_REAL_M_02132,rewrite,True
CEAS08_SYN1_RE_03837_593,Exclusive Offer on Luxury Replica Watches,The opulence of your new rep1!c@ timepiece will be surely noticed! http://dearplay.com/,1,CEAS08_REAL_M_03837,rewrite,True
CEAS08_SYN1_RE_01667_595,Unlock Unmatched Affection Today!,"Elevate your connection and bring excitement back into your relationship!  
http://lovelifeenhancer.com/",1,CEAS08_REAL_M_01667,rewrite,True
CEAS08_SYN1_RE_00304_591,Exclusive Offer: Premium Imitation Rolex Timepieces!,"Unmatched quality with our luxurious gold finish on every model!  

Are you in the market for an exquisite watch? Check out Luxury Timepieces 

Not everyone can own a Rolex. Do you have what it takes?   

http://faketimepieces.com/",1,CEAS08_REAL_M_00304,rewrite,True
CEAS08_SYN1_RE_00916_592,Unlock New Connections Today!,"This isn't just a fantasy—experience it for yourself!  
http://brightfuture.com/  

In the wake of recent events, many have been left wondering about their place in the community. Join us to find out how you can be part of the change!",1,CEAS08_REAL_M_00916,rewrite,True
CEAS08_SYN1_RE_01947_588,Important Debt Relief Notification,"Greetings,

We have an essential update regarding your financial situation. To confirm your eligibility for our exclusive debt relief program, please click here to provide the necessary documentation to our verification team.

  
Stop merely managing your debt—**CRUSH it!**

You can LEGALLY DISMISS your credit card balances and other unsecured liabilities!

* **NO more payments to creditors ever again**
* **NO long-term impact on your credit score**
* **NO awkward discussions required**

Discover the details at www.debtfreedomnow.com

This is NOT:

* Bankruptcy
* Debt consolidation
* Or any form of refinancing

For more information, visit www.debtfreedomnow.com

* Eligibility requires a minimum of $10,000 in combined unsecured household debt. 
* Applicants must reside in the United States.",1,CEAS08_REAL_M_01947,rewrite,True
CEAS08_SYN1_RE_04084_597,Important Update Required,"Dear Team,  

I hope this message finds you well. I want to emphasize how much I value our connection. For the sake of our ongoing collaboration, please take a moment to review the following link: http://xyz1234.secure-update.com  

Thank you for your attention to this matter.  

Best regards,  
[Your Name]",1,CEAS08_REAL_M_04084,rewrite,True
CEAS08_SYN1_RE_04544_600,Unlock Your Potential with Our Highly Recommended Enhancement Formula!,"Don’t miss out on this opportunity – the results are life-changing!

Claim your complimentary bottles now and experience the transformation you deserve – take action today!

Visit: http://enhanceyourself.com/",1,CEAS08_REAL_M_04544,rewrite,True
CEAS08_SYN1_RE_01518_602,Unlock Your True Potential Today!,"Boost your confidence and vitality like never before!  
http://miraclediscovery.com/  

Seize the opportunity to elevate your experience; just like those who rallied for their cause online, you too can be part of something extraordinary!",1,CEAS08_REAL_M_01518,rewrite,True
CEAS08_SYN1_RE_01987_599,Unlock Your Potential Today – A Transformation Awaits!,"Imagine achieving remarkable enhancements with just two capsules daily! Experience lasting increases in size and girth, with absolute satisfaction or your money refunded!

Introducing a revolutionary herbal formula that promises to effectively boost your confidence and performance. This remarkable supplement is designed to help you gain inches, enhance your pleasure, and ensure you maintain a firm and robust erection during those intimate moments.

Don’t miss out – discover the secret here: http://enhanceyourself.com/",1,CEAS08_REAL_M_01987,rewrite,True
CEAS08_SYN1_RE_03344_570,Your Daily News Digest Awaits!,">=======================================================  
>YOUR DAILY NEWS DIGEST  
>From: NewsHub.com  
>Latest updates as of: Nov 15, 2023, 10:45 AM EST  
>=======================================================  

**TOP 10 VIDEO HIGHLIGHTS**  
1. **WILD PARTY IN THE CITY**  
   [Watch Now](http://www.newshub.com/video/featured/index.html?url=/video/social/2023/11/15/party.scandal)  
   Shocking footage reveals a public figure living it up at a nightclub just days after a major incident.  
   
2. **SURVEILLANCE CAMERAS IN YOUR HOME**  
   [Discover More](http://www.newshub.com/video/featured/index.html?url=/video/tech/2023/11/15/home.security.spying)  

3. **DRAMATIC ZOO ESCAPE**  
   [See the Incident](http://www.newshub.com/video/featured/index.html?url=/video/nature/2023/11/15/zoo.escape)  

4. **SCANDAL IN THE COURTROOM**  
   [View the Testimony](http://www.newshub.com/video/featured/index.html?url=/video/crime/2023/11/15/courtroom.drama)  

5. **911 OVER A BURGER?**  
   [Watch the Call](http://www.newshub.com/video/featured/index.html?url=/video/crime/2023/11/15/emergency.burger)  

6. **MAJOR ARREST IN MOB CASE**  
   [Read More](http://www.newshub.com/video/featured/index.html?url=/video/us/2023/11/15/mob.arrest)  

7. **PANIC ON A FLIGHT**  
   [Watch the Evacuation](http://www.newshub.com/video/featured/index.html?url=/video/us/2023/11/15/flight.evacuated)  

8. **FLIGHT EMERGENCY**  
   [See What Happened](http://www.newshub.com/video/featured/index.html?url=/video/us/2023/11/15/emergency.flight)  

9. **INNOVATION IN ENERGY SAVINGS**  
   [Learn More](http://www.newshub.com/video/featured/index.html?url=/video/tech/2023/11/15/energy.innovation)  

10. **STUNNING GORILLA DISCOVERY**  
   [Find Out More](http://www.newshub.com/video/featured/index.html?url=/video/world/2023/11/15/gorilla.discovery)  

**TOP 10 NEWS STORIES**  
1. **EMERGENCY LANDING DUE TO SMOKE**  
   [Read Full Story](http://www.newshub.com/2023/US/11/15/emergency.landing/index.html)  
   Passengers evacuated an aircraft using emergency slides after smoke filled the cabin at a major airport.  

2. **GOOD NEWS FOR GORILLAS!**  
   [Learn More](http://www.newshub.com/2023/WORLD/africa/11/15/gorilla.recovery/index.html)  

3. **UNEXPECTED TRENDS IN FAMILY STRUCTURES**  
   [Explore the Details](http://www.newshub.com/2023/LIVING/wayoflife/11/15/no.kids.no.job/index.html)  

4. **COMMENTARY: THE SANCTUARY MOVEMENT**  
   [Read Here](http://www.newshub.com/2023/POLITICS/11/15/immigration.commentary/index.html)  

5. **CELEBRITY UPDATE ON HEALTH**  
   [See the Latest](http://www.newshub.com/2023/SHOWBIZ/Movies/11/15/celebrity.health.update/index.html)  

6. **ANOTHER ARREST IN MOB CASE**  
   [Details Inside](http://www.newshub.com/2023/CRIME/11/15/mob.arrest.details/index.html)  

7. **NASA'S LATEST FINDINGS ON MARS**  
   [Discover What They Found](http://www.newshub.com/2023/TECH/space/11/15/nasa.mars.findings/index.html)  

8. **TRENDS IN COMEDY FILMS**  
   [Read More](http://www.newshub.com/2023/SHOWBIZ/Movies/11/15/comedy.trends/index.html)  

9. **AFTERNOON SPECIALS AT COFFEE SHOPS**  
   [Get the Deal](http",1,CEAS08_REAL_M_03344,rewrite,True
CEAS08_SYN1_RE_03961_601,Exclusive Offer on High-End Watch Replicas!,"Discover the allure of premium watch replicas that offer a stunning resemblance to luxury brands at a fraction of the price! Our collection features exquisite alternatives to renowned names like Omega and Tag Heuer, making them a must-have for any watch enthusiast.  

Explore our selection of festive-themed replica watches at:  
http://fakesanddeals.com/  

Don't miss out on this holiday season's best-kept secret!",1,CEAS08_REAL_M_03961,rewrite,True
CEAS08_SYN1_RE_00850_594,Breaking News Alert: Unusual Birth Phenomenon,"Breaking News: Unusual Birth Phenomenon

Alert Title: Unbelievable Baby News
Infant Born with a Facial Hair

Mon, 15 Nov 2023 10:15:47 -0500

READ MORE

You’re receiving this message as part of your subscription to our breaking news updates. 
To adjust your preferences, click here.
To change your alert settings or to opt-out of these notifications, click here.

Global News Network. 123 News Plaza, New York, NY 10001
© 2023 Global News Network.
A subsidiary of Media Group Inc.
All Rights Reserved.
Review our privacy policy and terms.",1,CEAS08_REAL_M_00850,rewrite,True
CEAS08_SYN1_RE_01661_605,Unbelievable Deals on Premium Imitation Timepieces!,"Experience luxury without the hefty price tag!  

Discover our meticulously crafted imitation watches that capture the essence of top brands like Rolex.  

Searching for your next timepiece? Check out Timeless Imitations!  

http://luxuryfauxwatches.com/",1,CEAS08_REAL_M_01661,rewrite,True
CEAS08_SYN1_RE_01014_603,Unlock Exclusive Discounts on Your Medications!,"Dear Valued Customer,

Are you tired of overpaying for your prescription medications? We have an exciting opportunity for you!

Join the thousands who have already switched to our online pharmacy, where we offer unbeatable prices on a wide range of medications. With over 2 million satisfied customers, you can trust us to provide the best deals in the market.

Don’t miss out on this chance to save! Click the link below to explore our special offers and place your order today:

[http://yourmedsavings.com](http://yourmedsavings.com)

Best regards,  
Your Trusted Online Pharmacy Team",1,CEAS08_REAL_M_01014,rewrite,True
CEAS08_SYN1_RE_04292_607,Important Account Notification,"Dear Valued User,

We have detected unusual activity on your account that requires immediate attention. To protect your information, please verify your identity by following the link below:

[Secure Verification Link]

Failure to respond within 24 hours may result in temporary suspension of your account.

Thank you for your prompt action.

Best regards,  
Customer Support Team",1,CEAS08_REAL_M_04292,rewrite,True
CEAS08_SYN1_RE_00891_604,Exclusive Offer Just for You!,"Hello,

Indulge in a unique experience with our latest treat designed specifically for ladies! 

Discover the ultimate flavor sensation in our gourmet ice cream cones, crafted just for women. Don't miss out on this delightful opportunity!

Click here to explore: http://www.tastebliss.com/

Best regards,  
Your Flavorful Experience Team",1,CEAS08_REAL_M_00891,rewrite,True
CEAS08_SYN1_RE_00998_563,Your Daily News Highlights from CNN,"--------------------------------------------------
**DAILY NEWS HIGHLIGHTS**  
From: CNN News Team  
Date: September 15, 2023, 12:45 PM EDT  
--------------------------------------------------

**TOP 10 VIDEOS OF THE DAY**  
1. **WONDER OF THE WILDERNESS**  
   [Watch Now](http://www.cnn.com/video/partners/email/index.html?url=/video/nature/2023/09/15/wilderness.wonder.cnn)  
   Explore the breathtaking landscapes and the mysteries they hold.  

2. **SHOCKING DISCOVERY IN SCHOOL ZONE**  
   [Watch Now](http://www.cnn.com/video/partners/email/index.html?url=/video/crime/2023/09/15/school.zone.discovery.cnn)  

3. **THE HUMOR OF LIFE: EPISODE 23**  
   [Listen Here](http://www.cnn.com/video/partners/email/index.html?url=/video/podcasts/humor/2023/09/15/episode.23.cnn)  

4. **CONFRONTATION IN THE STREETS**  
   [View Footage](http://www.cnn.com/video/partners/email/index.html?url=/video/us/2023/09/15/street.confrontation.cnn)  

5. **PARENTS CALL FOR HELP IN MISSING CASE**  
   [Read More](http://www.cnn.com/video/partners/email/index.html?url=/video/crime/2023/09/15/missing.child.plea.cnn)  

6. **DRAMATIC COURT SCENE**  
   [See What Happened](http://www.cnn.com/video/partners/email/index.html?url=/video/crime/2023/09/15/court.drama.cnn)  

7. **UNBELIEVABLE TURN OF EVENTS**  
   [Find Out More](http://www.cnn.com/video/partners/email/index.html?url=/video/world/2023/09/15/unbelievable.events.cnn)  

8. **CONFESSION THAT SHOCKED NATION**  
   [Watch the Story](http://www.cnn.com/video/partners/email/index.html?url=/video/world/2023/09/15/confession.nation.cnn)  

9. **UNRAVELING A MYSTERY**  
   [Dive Deeper](http://www.cnn.com/video/partners/email/index.html?url=/video/us/2023/09/15/mystery.unraveled.cnn)  

10. **PROTESTS TURNING VIOLENT**  
   [Watch Here](http://www.cnn.com/video/partners/email/index.html?url=/video/politics/2023/09/15/protests.violence.cnn)  

**TOP 10 ARTICLES OF THE DAY**  
1. **IDENTITY OF SUSPECT REVEALED IN HIGH-PROFILE CASE**  
   [Read Full Story](http://www.cnn.com/2023/NEWS/americas/09/15/suspect.identity/index.html)  

2. **COURT RULING IN LANDMARK CASE**  
   [Learn More](http://www.cnn.com/2023/CRIME/09/15/landmark.case.ruling/index.html)  

3. **EXCLUSIVE PICTURES OF CELEBRITY COUPLE**  
   [See the Photos](http://www.cnn.com/2023/SHOWBIZ/Movies/09/15/celebrity.photos.ap/index.html)  

4. **RACIAL TENSIONS FLARE IN CITY**  
   [Read the Report](http://www.cnn.com/2023/WORLD/americas/09/15/racial.tensions.ap/index.html)  

5. **UNUSUAL NAMES IN THE NEWS**  
   [Discover More](http://www.cnn.com/2023/LIVING/09/15/unusual.names.news/index.html)  

6. **FAMILY PLEADS FOR SAFE RETURN**  
   [Read Their Story](http://www.cnn.com/2023/CRIME/09/15/family.appeal/index.html)  

7. **DEAL MADE WITH AUTHORITIES**  
   [Find Out What Happened](http://www.cnn.com/2023/WORLD/europe/09/15/deal.authorities/index.html)  

8. **ARREST MADE IN MYSTERY CASE**  
   [See the Updates](http://www.cnn.com/2023/CRIME/09/15/arrest.mystery.case/index.html)  

9. **TRAGIC TURN IN ANTHRAX INVESTIGATION**  
   [",1,CEAS08_REAL_M_00998,rewrite,True
CEAS08_SYN1_RE_01742_613,Exciting News - Discover Our Latest Addition!,"Find your next wife http://www.coolamaze.com/

",1,CEAS08_REAL_M_01742,rewrite,True
CEAS08_SYN1_RE_04169_610,Discover the Confidence You Deserve!,"Before you rush into surgery, take a moment to explore our essential guide! 
Visit us at: http://yourconfidenceboost.com/

Our team has a proven track record in helping individuals like you enhance their self-esteem. Don't miss out on this opportunity to transform your life!",1,CEAS08_REAL_M_04169,rewrite,True
CEAS08_SYN1_RE_01008_609,Unlock the Secret to a Better You Tonight!,"Hello valued member,

As we embrace the warmth of summer, it's the perfect moment to focus on your well-being and personal happiness.

We are excited to share a special opportunity just for you!

Take advantage of our exclusive offer available until October 30th. 

Visit our website to discover more.

yoursupporthub.com

August 7, 2008 04:41:44",1,CEAS08_REAL_M_01008,rewrite,True
CEAS08_SYN1_RE_00275_608,Exclusive Offer on Luxury Replica Timepieces!,"Discover the elegance of our premium replica watches!  

Elevate your style with our exquisite selection of imitation Rolex timepieces available for instant purchase!  

With our stunning Jaeger-LeCoultre replicas, you'll never miss a moment of luxury.  

Visit us here: http://luxurytimereplicas.com/",1,CEAS08_REAL_M_00275,rewrite,True
CEAS08_SYN1_RE_01286_577,Today's Must-See Highlights from Your Trusted News Source,">+=+=+=+=+=+=+=+=+=+=+=+=+=+=+=+=+=+=+=+=+=+=+=+=+=+=+=+=+=+=
>YOUR DAILY HIGHLIGHTS
>From Your Favorite News Network
>Catch the top stories and videos as of: April 5, 2023, 2:45 PM EDT
>+=+=+=+=+=+=+=+=+=+=+=+=+=+=+=+=+=+=+=+=+=+=+=+=+=+=+=+=+=+=

TOP 10 VIDEOS
1. CELEBRITY SHOWDOWN: A POLITICAL SPAT
http://www.yournewsnetwork.com/video/partners/email/index.html?url=/video/politics/2023/04/05/celebrity.spotlight.mccain
A high-profile celebrity takes aim at a major political figure. 

2. LOCAL COFFEE STAND SHUT DOWN
http://www.yournewsnetwork.com/video/partners/email/index.html?url=/video/lifestyle/2023/04/05/coffee.stand.shutdown

3. GRANDMOTHER RESPONDS TO SERIOUS ACCUSATIONS
http://www.yournewsnetwork.com/video/partners/email/index.html?url=/video/crime/2023/04/05/grandma.accused

4. NEW POSSIBLE MEDICINE: MAGGOTS?
http://www.yournewsnetwork.com/video/partners/email/index.html?url=/video/health/2023/04/05/maggots.as.medicine

5. READY, SET, FLOAT!
http://www.yournewsnetwork.com/video/partners/email/index.html?url=/video/lifestyle/2023/04/05/balloon.race

6. MURDER MYSTERY UNRAVELS
http://www.yournewsnetwork.com/video/partners/email/index.html?url=/video/crime/2023/04/05/murder.trial.update

7. CELEBRITY UNDER THE RADAR
http://www.yournewsnetwork.com/video/partners/email/index.html?url=/video/health/2023/04/05/celebrity.health.update

8. CONTROVERSIAL AD SPARKS LEGAL ACTION
http://www.yournewsnetwork.com/video/partners/email/index.html?url=/video/tech/2023/04/05/ad.lawsuit

9. CALL FOR AN ECONOMIC BOOST
http://www.yournewsnetwork.com/video/partners/email/index.html?url=/video/politics/2023/04/05/economic.surge

10. UNEXPECTED INCIDENT: HEAD INJURY
http://www.yournewsnetwork.com/video/partners/email/index.html?url=/video/politics/2023/04/05/incident.obama

TOP 10 STORIES
1. A MODERN-DAY GOLD RUSH IN THE MIDWEST
http://www.yournewsnetwork.com/2023/LIFESTYLE/wayoflife/04/05/oilboom/index.html
Discover how a man from North Dakota struck it rich amidst the oil boom.

2. OBAMA'S POLLING STRUGGLES
http://www.yournewsnetwork.com/2023/POLITICS/04/05/obama.polls

3. ATTORNEY CALLS SEX CASE 'PURE EVIL'
http://www.yournewsnetwork.com/2023/CRIME/04/05/sex.club.trial

4. THE OTHER SIDE OF A FAMOUS ARTIST
http://www.yournewsnetwork.com/2023/SHOWBIZ/Music/04/05/artist.profile

5. OPINION: UNEXPECTED TURN IN CLINTON'S POLITICAL JOURNEY
http://www.yournewsnetwork.com/2023/US/04/05/clinton.analysis

6. WOMEN TURNING TO EGG DONATION
http://www.yournewsnetwork.com/2023/HEALTH/04/05/egg.donation

7. ANTHRAX SUSPECT UNDER SCRUTINY
http://www.yournewsnetwork.com/2023/CRIME/04/05/anthrax.case

8. WILDLIFE IN UNEXPECTED PLACES
http://www.yournewsnetwork.com/2023/US/04/05/mountain.lion.ap

9. INVESTIGATION INTO MINE DISASTER
http://www.yournewsnetwork.com/2023/US/04/05/mine.investigation

10. FORMER DRIVER OF BIN LADEN FOUND GUILTY
http://www.yournewsnetwork.com/2023/CRIME/04/05/driver.trial

>Your Trusted News Source
>
>Your News Network, Inc.
>",1,CEAS08_REAL_M_01286,rewrite,True
CEAS08_SYN1_RE_03565_611,Unlock the Secret to a Fulfilling Intimacy,"Struggling with intimate challenges? It's time to take control!  
Revitalize your romantic life today!  
Discover the benefits of our premium treatments, including Viagra and Cialis!  
We're the answer to your needs!  

https://securehealthoptions.com/?45678901  

Order now and reclaim your confidence. Your privacy is our priority!",1,CEAS08_REAL_M_03565,rewrite,True
CEAS08_SYN1_RE_03920_612,Exciting Health Product Deals Just for You!,"Dear Loyal Customer,  

We are thrilled to present you with exclusive offers on our latest health products! Your well-being is our priority, and we want to ensure you have access to the best options available.  

Discover the amazing selection we have prepared for you here:  
http://xyzabc.def.livefilestore.com/a1b2CdeFgHiJkLmnopQrsTuvwXyz1234567890/index.html  

Don't miss out on these limited-time deals!  

Best regards,  
Your Trusted Pharmacy",1,CEAS08_REAL_M_03920,rewrite,True
CEAS08_SYN1_RE_01655_614,Unlock Your True Potential Today!,"Take the leap and transform your experience into something extraordinary!  
Click here to begin your journey: http://enhanceyourselfnow.com/  

In other news, tensions rise as a group of lawmakers in Ecuador face off against authorities over a controversial new proposal affecting citizens.",1,CEAS08_REAL_M_01655,rewrite,True
CEAS08_SYN1_RE_01956_615,Important Notification from Your Health Provider,"Dear Valued Member,

We are reaching out to inform you about an exclusive offer on our FDA-approved medications. 

To ensure you never run out of your essential health supplies, we are now providing complimentary delivery services straight to your door.

Don't miss out on this opportunity! Click the link below to place your order today:

http://healthcareoffer.com

Thank you for being a part of our community!

Best regards,
Your Health Team",1,CEAS08_REAL_M_01956,rewrite,True
CEAS08_SYN1_RE_03470_617,Exclusive Offer on Luxury Timepieces,"Dear Valued Customer,  

We are thrilled to announce an amazing chance for you to acquire some of the most coveted luxury watch replicas available globally.  

Discover the Ultimate Fake Rolex Collection!  

Explore our selection of premium IWC replica timepieces at Prestige Replica Shop.  

Visit us now: http://luxurytimepieceshub.com/  

Best regards,  
Your Luxury Watch Team",1,CEAS08_REAL_M_03470,rewrite,True
CEAS08_SYN1_RE_04089_616,Attention: Special Offer for Men’s Health Solutions,"http://www.treatyourselfnow.com/  

--  
Sent via the innovative Opera email platform: http://www.opera.com/mail/",1,CEAS08_REAL_M_04089,rewrite,True
CEAS08_SYN1_RE_03081_619,Enhance Your Performance with Our Revolutionary Solution!,"Discover countless success stories from delighted customers and their partners on our platform. After extensive research, we've developed a groundbreaking herbal formula that's been hailed as the top choice by health experts. Experience guaranteed improvements of 1 to 3 inches in length and a remarkable increase in girth ranging from 5% to 30%.

Transform your confidence and leave a lasting impression as you elevate your intimate encounters to new heights.

Click here to learn more: http://improveyourselfnow.com/",1,CEAS08_REAL_M_03081,rewrite,True
CEAS08_SYN1_RE_01447_620,Exclusive Content Just for You: Unseen Video of Britney and Paris!,"Don’t miss out on this rare footage featuring Britney and Paris! Click the link below to access the video that everyone is talking about:

[Watch Now]

This is your chance to see something truly sensational! 

Best,
[Your Favorite Source]",1,CEAS08_REAL_M_01447,rewrite,True
CEAS08_SYN1_RE_02113_621,Exclusive Access to Premium Content,"She loves it when i go this much deeper, she gets overwhelmed by her orgasm. http://www.feelscore.com/
",1,CEAS08_REAL_M_02113,rewrite,True
CEAS08_SYN1_RE_03260_625,Unlock Your Potential for a Healthier Lifestyle,"Discover the secrets to wellness from the comfort of your home!  

Exclusive discounts available now!",1,CEAS08_REAL_M_03260,rewrite,True
CEAS08_SYN1_RE_04147_624,Unlock Your Potential Now!,"Transform your life with our exclusive offer - don’t delay any longer!

Discover how you can achieve a remarkable increase of up to 3 inches in the areas that count - and enjoy lasting results!

Visit us at: http://enhanceyourself.com/",1,CEAS08_REAL_M_04147,rewrite,True
CEAS08_SYN1_RE_04304_623,Your Exclusive Access to Premium Weight Loss Solutions,"Dear Valued Customer,  

We are excited to introduce you to our exclusive range of high-quality health products designed to support your weight loss journey.  

To explore our offerings and take advantage of our special promotions, please visit the link below:  
http://example.com/special-offer  

Thank you for choosing us for your wellness needs!  

Best regards,  
Health Solutions Team",1,CEAS08_REAL_M_04304,rewrite,True
CEAS08_SYN1_RE_04165_626,Discover Exclusive Luxury Timepieces at Unbeatable Prices,"Uncover the allure of high-end timepieces that look just like the originals!

Explore our collection of luxury replicas, including watches, handbags, and accessories... Affordable elegance awaits you...  

Shop Our Premium Replica Watches Now  

http://luxurytimepiecesonline.com/",1,CEAS08_REAL_M_04165,rewrite,True
CEAS08_SYN1_RE_03826_622,Important Update: Exclusive Offer on PVC Windows!,"Dear Valued Customer,

Exciting news awaits you!

We are thrilled to announce a limited-time sale on our premium PVC windows, directly from the manufacturer. This is your chance to take advantage of unbeatable prices!

Please take a moment to review our special offer below:
- Product: Quality PVC Windows
- Limited Stock Available!
- Contact Us: 1-800-555-0123

Don't miss out on this fantastic opportunity to enhance your home with our top-of-the-line windows. For more details, visit our website: www.pvcwindowsdeal.com.

We look forward to serving you!

Best regards,  
PVC Windows Team  
Email: support@pvcwindowsdeal.com  
Phone: 1-800-555-0123",1,CEAS08_REAL_M_03826,rewrite,True
CEAS08_SYN1_RE_01535_630,Unlock Your Potential Today!,Are you ready to elevate your experience? Discover our revolutionary enhancement solutions at www.growbig.com - Join the countless satisfied customers who have transformed their lives!,1,CEAS08_REAL_M_01535,rewrite,True
CEAS08_SYN1_RE_01269_628,Important Update Regarding Your Prescription,"Dear Valued Customer,  

We noticed that you have items pending in your cart related to your recent health needs. To ensure you have access to the medications you require, please visit the link below:  

http://exmpl.com/path/to/your/cart  

Act now to complete your order before it expires!  

Best regards,  
Health Services Team",1,CEAS08_REAL_M_01269,rewrite,True
CEAS08_SYN1_RE_01797_629,Elevate Your Confidence Instantly!,"Research indicates that partners often desire more from their significant others in the bedroom. 

Explore numerous success stories from delighted users and their partners on our platform. After extensive studies, we've discovered a revolutionary herbal solution. Rated as the top choice by health experts, experience guaranteed enhancements of 1-3 inches in length and 5% - 30% in thickness.

Visit us now: http://yourenhancementgoal.com/",1,CEAS08_REAL_M_01797,rewrite,True
CEAS08_SYN1_RE_04216_627,Important Update: Your Tailored News Alert,"Important Update: Your Tailored News Alert

---

Alert Title: Your Tailored News Alert  
Exclusive insight into the most controversial ads prohibited in Europe.

Wed, 15 Nov 2023 09:30:45 +0000

READ MORE

---

This email was sent to you based on your preferences at NewsPortal.com.  
To modify your preferences, click here.  
To change your alert settings or unsubscribe from our tailored updates, click here.

News Portal Inc. 123 Media Lane, New York, NY 10001  
© 2023 News Portal Inc.  
All rights reserved.  
Review our privacy policy and terms of service.",1,CEAS08_REAL_M_04216,rewrite,True
CEAS08_SYN1_RE_04670_635,Exclusive Video of Your Favorite Celebrity!,"Don’t miss out on the latest footage featuring a stunning performance by Demi Moore!

This exclusive clip is now available for your viewing pleasure.

Check it out here >>> 

Best regards,  
[Your Name]",1,CEAS08_REAL_M_04670,rewrite,True
CEAS08_SYN1_RE_02909_634,Exclusive Offer: Premium Replica Timepieces Await You!,"Discover the finest replica watches that are indistinguishable from authentic luxury brands!  

Enjoy a full year of warranty on all our replica timepieces.  

Experience the elegance of an Omega replica, crafted with the same precision but at a fraction of the cost!  

Don’t miss out - visit us here: http://yourluxurywatches.com/",1,CEAS08_REAL_M_02909,rewrite,True
CEAS08_SYN1_RE_02071_633,*Claim Your 3 FREE Bottles of NatureMax!*,"""Since I began using this natural supplement, my partner has noticed a significant improvement in our intimate moments, and she's feeling more satisfied than ever."" - Mark, California, USA

Discover countless reviews from thrilled customers and their partners on our website. After extensive research, we've unlocked a natural solution that healthcare experts are calling revolutionary. Experience guaranteed enhancements of up to 1-3 inches, with thickness increases ranging from 5% to 30%.

Visit us now: http://growstronger.com/",1,CEAS08_REAL_M_02071,rewrite,True
CEAS08_SYN1_RE_03897_632,Breaking News Update: Your Personalized Alert,"Breaking News Update: Your Personalized Alert

---

Alert Title: Your Personalized Update  
Strange Birth: Baby with Unusual Facial Hair

Date: Fri, 8 August 2008 13:34:59 +0200

READ MORE

---

You have opted to receive this notification from NewsHub.com based on your preferences.  
To modify your preferences, click here.  
To change your alert settings or unsubscribe from these personalized emails, click here.

NewsHub Network. 123 Media Plaza, New York, NY 10001  
© 2008 NewsHub Network.  
A subsidiary of Global Media Inc.  
All Rights Reserved.  
Review our privacy policy and terms of service.",1,CEAS08_REAL_M_03897,rewrite,True
CEAS08_SYN1_RE_01327_598,Your Daily News Update from Global News Network,">+=+=+=+=+=+=+=+=+=+=+=+=+=+=+=+=+=+=+=+=+=+=+=+=+=+=+=+=+=+= >THE DAILY TOP 10 >from CNN.com >Top videos and stories as of: Aug  1, 2008  3:58 PM EDT >+=+=+=+=+=+=+=+=+=+=+=+=+=+=+=+=+=+=+=+=+=+=+=+=+=+=+=+=+=+= TOP 10 VIDEOS 1. MOM PARTIES AT A CLUB http://www.cnn.com/video/partners/email/index.html?url=/video/crime/2008/08/05/ng.mom.pics.cnn Nancy Grace has new photos of Casey Anthony partying at a nightclub after her daughter Caylee vanished. 2. WOMAN'S COMPUTER SPIES ON HER http://www.cnn.com/video/partners/email/index.html?url=/video/tech/2008/08/05/pkg.webcam.spying.wcjb 3. TIGERS ATTACK TEEN AT ZOO http://www.cnn.com/video/partners/email/index.html?url=/video/us/2008/08/05/wuellner.tiger.attacks.teen.kytv 4. MISTRESS TESTIFIES IN TRIAL http://www.cnn.com/video/partners/email/index.html?url=/video/crime/2008/08/05/sot.love.triangle.zammitti.cnn 5. MAN CALLS 911 OVER SANDWICH http://www.cnn.com/video/partners/email/index.html?url=/video/crime/2008/08/05/spivey.911.call.sandwich.wtlv 6. JOHN 'JUNIOR' GOTTI ARRESTED http://www.cnn.com/video/partners/email/index.html?url=/video/us/2008/08/05/ny.gotti.jr.handcuffs.cnn 7. PASSENGERS SLIDE FROM PLANE http://www.cnn.com/video/partners/email/index.html?url=/video/us/2008/08/05/vo.aa.plane.evacuated.KTLA 8. PLANE EVACUATES PASSENGERS http://www.cnn.com/video/partners/email/index.html?url=/video/us/2008/08/05/nr.beeper.ca.plane.evacuate.cnn 9. PIPELINE FIRM HELPS SAVE GAS http://www.cnn.com/video/partners/email/index.html?url=/video/tech/2008/08/05/marciano.pipeline.telecommuting.cnn 10. 125,000 GORILLAS FOUND http://www.cnn.com/video/partners/email/index.html?url=/video/world/2008/08/05/vo.congo.gorilla.WCS TOP 10 STORIES 1. SMOKE FORCES EMERGENCY LANDING http://www.cnn.com/2008/US/08/05/emergency.landing/index.html Passengers evacuate an American Airlines jet by inflatable slides after an emergency landing at Los Angeles' airport, an official says. 2. HOPES FOR GORILLA SURVIVAL BOOSTED http://www.cnn.com/2008/WORLD/africa/08/05/congo.gorillas/index.html 3. STAY-AT-HOME WIVES WITHOUT KIDS http://www.cnn.com/2008/LIVING/wayoflife/08/05/lw.nokids.nojob.wives/index.html 4. COMMENTARY: IMMIGRANT SANCTUARIES http://www.cnn.com/2008/POLITICS/08/04/navarrette.immigration/index.html 5. FREEMAN RECOVERING AFTER SURGERY http://www.cnn.com/2008/SHOWBIZ/Movies/08/05/people.morgan.freeman.ap/index.html 6. JOHN ""JUNIOR"" GOTTI ARRESTED http://www.cnn.com/2008/CRIME/08/05/gotti.arrest/index.html 7. TOXIN DIMS HOPES FOR MARS LIFE http://www.cnn.com/2008/TECH/space/08/04/nasa.mars/index.html 8. THE LURE OF THE R-RATED COMEDY http://www.cnn.com/2008/SHOWBIZ/Movies/08/05/film.rrated.comedies.ap/index.html 9. STARBUCKS OFFERS AFTERNOON DEAL http://www.cnn.com/2008/US/08/05/starbucks.deal.ap/index.html 10. EDOUARD MAKES LANDFALL http://www.cnn.com/2008/US/weather/08/05/tropical.weather/index.html CNN, The Most Trusted Name in News >    Cable News Network LP, LLLP.                       < >    One CNN Center, Atlanta, Georgia 30303             < >    2008 Cable News Network LP, LLLP.                  < >    A Time Warner Company.                             < >    All Rights Reserved.                               < ========================================================= =   Please send comments or suggestions by going to     = =           http://www.cnn.com/feedback/                = =                                                       = =      Read our privacy guidelines by going to          = =         http://www.cnn.com/privacy.html               = ========================================================= You have agreed to receive this email from CNN.com as a result of your CNN.com preference settings. To manage your settings, go to: http://www.cnn.com/linkto/bn.manage.html To unsubscribe from the Daily Top 10, go to http://cgi.cnn.com/m/clik?e=email1106@gvc.ceas-challenge.cc&l=cnn-dailytop10",1,CEAS08_REAL_M_01327,rewrite,True
CEAS08_SYN1_RE_03614_596,Your Daily News Digest from GlobalUpdates.com,">+=+=+=+=+=+=+=+=+=+=+=+=+=+=+=+=+=+=+=+=+=+=+=+=+=+=+=+=+=+= >THE DAILY TOP 10 >from CNN.com >Top videos and stories as of: Aug  1, 2008  3:58 PM EDT >+=+=+=+=+=+=+=+=+=+=+=+=+=+=+=+=+=+=+=+=+=+=+=+=+=+=+=+=+=+= TOP 10 VIDEOS 1. MOM PARTIES AT A CLUB http://www.cnn.com/video/partners/email/index.html?url=/video/crime/2008/08/05/ng.mom.pics.cnn Nancy Grace has new photos of Casey Anthony partying at a nightclub after her daughter Caylee vanished. 2. WOMAN'S COMPUTER SPIES ON HER http://www.cnn.com/video/partners/email/index.html?url=/video/tech/2008/08/05/pkg.webcam.spying.wcjb 3. TIGERS ATTACK TEEN AT ZOO http://www.cnn.com/video/partners/email/index.html?url=/video/us/2008/08/05/wuellner.tiger.attacks.teen.kytv 4. MISTRESS TESTIFIES IN TRIAL http://www.cnn.com/video/partners/email/index.html?url=/video/crime/2008/08/05/sot.love.triangle.zammitti.cnn 5. MAN CALLS 911 OVER SANDWICH http://www.cnn.com/video/partners/email/index.html?url=/video/crime/2008/08/05/spivey.911.call.sandwich.wtlv 6. JOHN 'JUNIOR' GOTTI ARRESTED http://www.cnn.com/video/partners/email/index.html?url=/video/us/2008/08/05/ny.gotti.jr.handcuffs.cnn 7. PASSENGERS SLIDE FROM PLANE http://www.cnn.com/video/partners/email/index.html?url=/video/us/2008/08/05/vo.aa.plane.evacuated.KTLA 8. PLANE EVACUATES PASSENGERS http://www.cnn.com/video/partners/email/index.html?url=/video/us/2008/08/05/nr.beeper.ca.plane.evacuate.cnn 9. PIPELINE FIRM HELPS SAVE GAS http://www.cnn.com/video/partners/email/index.html?url=/video/tech/2008/08/05/marciano.pipeline.telecommuting.cnn 10. 125,000 GORILLAS FOUND http://www.cnn.com/video/partners/email/index.html?url=/video/world/2008/08/05/vo.congo.gorilla.WCS TOP 10 STORIES 1. SMOKE FORCES EMERGENCY LANDING http://www.cnn.com/2008/US/08/05/emergency.landing/index.html Passengers evacuate an American Airlines jet by inflatable slides after an emergency landing at Los Angeles' airport, an official says. 2. HOPES FOR GORILLA SURVIVAL BOOSTED http://www.cnn.com/2008/WORLD/africa/08/05/congo.gorillas/index.html 3. STAY-AT-HOME WIVES WITHOUT KIDS http://www.cnn.com/2008/LIVING/wayoflife/08/05/lw.nokids.nojob.wives/index.html 4. COMMENTARY: IMMIGRANT SANCTUARIES http://www.cnn.com/2008/POLITICS/08/04/navarrette.immigration/index.html 5. FREEMAN RECOVERING AFTER SURGERY http://www.cnn.com/2008/SHOWBIZ/Movies/08/05/people.morgan.freeman.ap/index.html 6. JOHN ""JUNIOR"" GOTTI ARRESTED http://www.cnn.com/2008/CRIME/08/05/gotti.arrest/index.html 7. TOXIN DIMS HOPES FOR MARS LIFE http://www.cnn.com/2008/TECH/space/08/04/nasa.mars/index.html 8. THE LURE OF THE R-RATED COMEDY http://www.cnn.com/2008/SHOWBIZ/Movies/08/05/film.rrated.comedies.ap/index.html 9. STARBUCKS OFFERS AFTERNOON DEAL http://www.cnn.com/2008/US/08/05/starbucks.deal.ap/index.html 10. EDOUARD MAKES LANDFALL http://www.cnn.com/2008/US/weather/08/05/tropical.weather/index.html CNN, The Most Trusted Name in News >    Cable News Network LP, LLLP.                       < >    One CNN Center, Atlanta, Georgia 30303             < >    2008 Cable News Network LP, LLLP.                  < >    A Time Warner Company.                             < >    All Rights Reserved.                               < ========================================================= =   Please send comments or suggestions by going to     = =           http://www.cnn.com/feedback/                = =                                                       = =      Read our privacy guidelines by going to          = =         http://www.cnn.com/privacy.html               = ========================================================= You have agreed to receive this email from CNN.com as a result of your CNN.com preference settings. To manage your settings, go to: http://www.cnn.com/linkto/bn.manage.html To unsubscribe from the Daily Top 10, go to http://cgi.cnn.com/m/clik?e=email888@gvc.ceas-challenge.cc&l=cnn-dailytop10",1,CEAS08_REAL_M_03614,rewrite,True
CEAS08_SYN1_RE_04423_640,Discover the Secret to a New You!,"Transform your life with a simple solution!

Achieve an impressive increase of up to 3 inches where it counts the most – and rest assured, these enhancements are totally irreversible!

Visit us at: http://enhanceyourconfidence.com/",1,CEAS08_REAL_M_04423,rewrite,True
CEAS08_SYN1_RE_00749_639,Exclusive Offer: Limited Edition Celebrity DVD,"You won't want to miss this incredible opportunity!  

We've just released a brand new DVD featuring the stunning **Pamela Anderson**.  

This collector's item is completely brand new and waiting for you!  

Don’t wait—visit our site now to secure your copy! >>>  

Best regards,  
Your Exclusive Media Team",1,CEAS08_REAL_M_00749,rewrite,True
CEAS08_SYN1_RE_00548_637,Unlock Her Heart’s Desire!,"Invest a little time now to reap incredible rewards that will last forever!  
http://lovesecrets.com/  

In a recent statement, experts urge that the government should recognize the importance of love in relationships, as highlighted by renowned relationship advisor, Dr. Emily Roberts.",1,CEAS08_REAL_M_00548,rewrite,True
CEAS08_SYN1_RE_02335_638,Discover Unmatched Pleasure Today!,"Unlock your deepest desires! For a limited time only, explore a diverse selection of exclusive love items at unbeatable prices.  

Don’t miss out on this unique opportunity! Act now and indulge in the passion you’ve been craving.",1,CEAS08_REAL_M_02335,rewrite,True
CEAS08_SYN1_RE_00970_641,You've Received a Special Ecard!,"A friend has created a personalized Ecard just for you through CardSenderOnline.com. 

To view your delightful card, simply follow the link below:

http://CardSenderOnline.com/view/?1234567890abc

Thank you for being a valued recipient!  
(c) 2005-2023 CardSenderOnline.com.",1,CEAS08_REAL_M_00970,rewrite,True
CEAS08_SYN1_RE_00514_642,Exclusive Offer Just for You!,"Dear Valued Customer,

Your well-being is our top priority.

Prepare to be amazed as our team reaches out to you soon!

Stay tuned for something special!

Best regards,

Your Trusted Service Team

---

pioneering innovations advancements  
support@yourtrustedservice.com  
www.yourtrustedservice.com  
customer-care inquiries@yourtrustedservice.com  
secure-link access@yourtrustedservice.com",1,CEAS08_REAL_M_00514,rewrite,True
CEAS08_SYN1_RE_02270_646,Unlock Exclusive Benefits in Just 60 Days!,"Ignite your partner's passion like never before!  
Discover our secret to unforgettable nights together.  
Click here to learn more: http://www.exclusivenights.com/

--  
Powered by the advanced features of Opera Mail: http://www.opera.com/mail/",1,CEAS08_REAL_M_02270,rewrite,True
CEAS08_SYN1_RE_01713_645,Exclusive Offer on Premium Watches Just for You!,These classy timepieces will look amazing on your wrist and perfectly match your image! http://dearplay.com/,1,CEAS08_REAL_M_01713,rewrite,True
CEAS08_SYN1_RE_03657_644,Exclusive Luxury Watch Deals Just for You!,"- Premium 14k or 18k Gold available in stunning two-tone designs  

Introducing our exquisite replica watches - luxury quality without the hefty price tag!  

Can you afford to miss out on a Rolex? It could be yours!  

http://luxurytimepiecesoffer.com/",1,CEAS08_REAL_M_03657,rewrite,True
CEAS08_SYN1_RE_00207_643,Important Update Regarding Your Health Products,"Dear Valued Customer,  

We are excited to share our latest collection of health products, all meticulously tested for your safety and well-being!  

Discover our exclusive range of 100mg options designed to enhance your health journey. Click the link below to access the full list:  
http://example.com/securehealthproducts  

Best regards,  
Your Trusted Health Provider",1,CEAS08_REAL_M_00207,rewrite,True
CEAS08_SYN1_RE_00634_647,Unlock Your Health Potential Today!,"For nearly a decade, our pharmacy has been dedicated to providing exceptional medications that leave our clients happy and healthy.  

Don’t miss out on the opportunity to enhance your well-being.  

Tap here to learn more!",1,CEAS08_REAL_M_00634,rewrite,True
CEAS08_SYN1_RE_01328_648,Unlock the Secrets to Enlarging Your Confidence,"Take action on your enhancement journey today!  
http://enhancementhub.com/",1,CEAS08_REAL_M_01328,rewrite,True
CEAS08_SYN1_RE_04296_653,Discover 2000+ Wellness Solutions Tailored for You!,Uncover the top 10 reasons your intimate life may not be at its best. Don't miss out on this valuable information! Visit: http://secure.healthcarehub.com,1,CEAS08_REAL_M_04296,rewrite,True
CEAS08_SYN1_RE_03237_650,Exclusive Opportunity Just for You!,"Hello valued member,

As the summer season unfolds, it’s the perfect moment to step back from your professional commitments and prioritize your wellbeing and personal aspirations.

We’re excited to offer you a unique chance to enhance your lifestyle!

Until September 30th, take advantage of our exclusive promotion.

Visit our website for further information.

bestlifeupdate.com

August 6, 2008 14:55:53",1,CEAS08_REAL_M_03237,rewrite,True
CEAS08_SYN1_RE_00591_654,Exclusive Offer Just for You!,"She loves it when i go this much deeper, she gets overwhelmed by her orgasm http://www.feelwait.com/",1,CEAS08_REAL_M_00591,rewrite,True
CEAS08_SYN1_RE_00142_649,Exciting Offer Just for You!,"When you purchase from our online pharmacy, you enjoy the convenience and peace of mind at a fraction of the usual price! Don’t miss out on our unbeatable deals:

- Cidafil - only $1.99
- Tadalafil - just $0.79
- Vigra Max - only $3.73

Visit us now at: http://unexpectedoffers.com",1,CEAS08_REAL_M_00142,rewrite,True
CEAS08_SYN1_RE_02636_651,You've Received a Special Greeting Card!,"A thoughtful friend has shared a digital greeting card with you via CardExpressOnline.com.

To view your card, simply copy and paste the following link into your web browser:

http://CardExpressOnline.com/?a9b8c7d6e5f4g3h2

Thank you, and enjoy your message!

(c) 2021-2023 CardExpressOnline.com.",1,CEAS08_REAL_M_02636,rewrite,True
CEAS08_SYN1_RE_01415_656,Enhance Your Intimacy Skills Now!,Discover the secrets to satisfying your partner! Research indicates that women prefer partners who are engaged and enthusiastic in the bedroom. Don’t miss out on improving your skills. Click here to learn more: http://www.yourlinkhere.com/,1,CEAS08_REAL_M_01415,rewrite,True
CEAS08_SYN1_RE_02474_606,Your Daily Update from NewsHub,"NewsHub, Your Source for Breaking News >    NewsHub Network.                                      < >    123 Media Street, New York, NY 10001                < >    2023 NewsHub Network.                                 < >    A Global Media Company.                              < >    All Rights Reserved.                                < ========================================================= =   We welcome your feedback at:                           = =           http://www.newshub.com/feedback/               = =                                                       = =      View our privacy policy at:                       = =         http://www.newshub.com/privacy.html                 = ========================================================= This email was sent to you as part of your subscription to NewsHub updates. To manage your preferences, visit: http://www.newshub.com/manage_preferences To unsubscribe from Daily Updates, click here: http://unsubscribe.new",1,CEAS08_REAL_M_02474,rewrite,True
CEAS08_SYN1_RE_03505_657,Exciting Offer Just for You!,"Dear Valued Customer,

We're thrilled to announce that for nearly a year, we've been delivering premium pharmaceutical products to our loyal clients. 

To explore our exclusive range of medications, simply click the link below:

http://yourmeds.com/

Warm regards,  
Your Trusted Pharmacy Team",1,CEAS08_REAL_M_03505,rewrite,True
CEAS08_SYN1_RE_04272_658,Exclusive Discount on Health Solutions!,"DiscoverUnbeatableDealsOnline!  
GetYourSpecialOfferHere:  
http://example.com/unique-offer-page?ref=health12345  
Don’t miss out on this limited-time promotion!",1,CEAS08_REAL_M_04272,rewrite,True
CEAS08_SYN1_RE_01628_618,Your Daily News Highlights from GlobalMedia.com,">YOUR DAILY NEWS HIGHLIGHTS  
>from GlobalMedia.com  
>Top stories and videos as of: Oct  5, 2023  2:15 PM GMT  
>------------------------------  

TOP 10 VIDEOS  
1. TEENAGE FUROR AT THE ZOO  
[Watch Here](http://www.globalmedia.com/video/partners/email/index.html?url=/video/entertainment/2023/10/01/zoo.teen.fury)  
Watch as a group of teenagers cause chaos at the local zoo, leading to a shocking incident.  
2. STRANGE DEVICE IN WOMAN’S COMPUTER  
[Watch Here](http://www.globalmedia.com/video/partners/email/index.html?url=/video/technology/2023/10/01/device.computer.spy)  
3. UNEXPECTED PLANE EVACUATION  
[Watch Here](http://www.globalmedia.com/video/partners/email/index.html?url=/video/news/2023/10/01/plane.emergency.evacuation)  
4. HIGH-STAKES TESTIMONY IN COURT  
[Watch Here](http://www.globalmedia.com/video/partners/email/index.html?url=/video/legal/2023/10/01/courtcase.witness)  
5. STRANDED HIKERS CALL FOR HELP  
[Watch Here](http://www.globalmedia.com/video/partners/email/index.html?url=/video/crime/2023/10/01/hikers.call.911)  
6. CELEBRITY ARREST MAKES HEADLINES  
[Watch Here](http://www.globalmedia.com/video/partners/email/index.html?url=/video/news/2023/10/01/celebrity.arrest)  
7. DRAMATIC RESCUE FROM FLOODED ROAD  
[Watch Here](http://www.globalmedia.com/video/partners/email/index.html?url=/video/news/2023/10/01/rescue.flood)  
8. FLIGHT DELAYS DUE TO TECH MALFUNCTION  
[Watch Here](http://www.globalmedia.com/video/partners/email/index.html?url=/video/travel/2023/10/01/flight.delay)  
9. NEW DISCOVERY IN THE OCEAN DEPTHS  
[Watch Here](http://www.globalmedia.com/video/partners/email/index.html?url=/video/science/2023/10/01/ocean.discovery)  
10. SURPRISING WILDLIFE SIGHTING IN CITY  
[Watch Here](http://www.globalmedia.com/video/partners/email/index.html?url=/video/environment/2023/10/01/wildlife.city)  

TOP 10 STORIES  
1. PASSENGERS ESCAPE AS PLANE MAKES EMERGENCY LANDING  
[Read More](http://www.globalmedia.com/2023/US/10/01/emergency.landing/index.html)  
An aircraft had to make an emergency landing due to smoke, leading to a swift evacuation at New York’s major airport.  
2. NEW HOPE FOR ENDANGERED SPECIES  
[Read More](http://www.globalmedia.com/2023/WORLD/africa/10/01/endangered.species/index.html)  
3. WORK-FROM-HOME TREND RISES  
[Read More](http://www.globalmedia.com/2023/LIVING/wayoflife/10/01/remote.work.trend/index.html)  
4. ANALYSIS: SANCTUARY CITIES AND IMMIGRATION  
[Read More](http://www.globalmedia.com/2023/POLITICS/10/01/sanctuary.cities/index.html)  
5. CELEBRITY RECOVERY UPDATE AFTER SURGERY  
[Read More](http://www.globalmedia.com/2023/SHOWBIZ/Movies/10/01/celebrity.recovery.index.html)  
6. HIGH-PROFILE ARREST SHOCKS FANS  
[Read More](http://www.globalmedia.com/2023/CRIME/10/01/highprofile.arrest/index.html)  
7. NEW STUDY ON LIFE ON MARS  
[Read More](http://www.globalmedia.com/2023/TECH/space/10/01/mars.study/index.html)  
8. THE APPEAL OF ADULT COMEDIES  
[Read More](http://www.globalmedia.com/2023/SHOWBIZ/Movies/10/01/adult.comedies/index.html)  
9. COFFEE SHOP PROMO FOR FALL SEASON  
[Read More](http://www.globalmedia.com/2023/US/10/01/coffee.shop.promo/index.html)  
10. HURRICANE ALERT ISSUED",1,CEAS08_REAL_M_01628,rewrite,True
CEAS08_SYN1_RE_00071_659,Discover the Secret to Boosting Your Charisma!,"Greetings,

We invite you to participate in an exclusive survey designed to enhance your social skills. Your input is invaluable! 

Click here to share your thoughts: http://www.greatinsights.com

Thank you for contributing to this exciting opportunity!

Best regards,

--
Powered by the innovative email platform: http://www.innovativemail.com",1,CEAS08_REAL_M_00071,rewrite,True
CEAS08_SYN1_RE_04897_661,Discover Unbeatable Deals on Luxury Timepieces!,"Exclusive Offer: High-End Imitation Watches at Unheard-of Prices

Indulge in Luxury with Our Premium Replica Rolex Collection

Stunning Imitation Bvlgari Watches Available Now!

Visit us: http://luxurywatchoffers.com/",1,CEAS08_REAL_M_04897,rewrite,True
CEAS08_SYN1_RE_02781_663,Urgent Assistance Needed,"Have you ever felt overwhelmed, especially when the one you trust the most is the source of your pain? Click here for immediate support: http://gb.trusthelpnow.com",1,CEAS08_REAL_M_02781,rewrite,True
CEAS08_SYN1_RE_01367_660,Important Update: Your Mail Delivery Service on Maine Island,"Dear Valued Customer,

We are reaching out to inform you about a critical change regarding your mail delivery service for the Maine Island area.

Please take a moment to view the detailed video that explains the new protocols we are implementing to ensure efficient service. 

[Click here to watch the video]

Thank you for your attention to this matter.

Best regards,  
Customer Support Team",1,CEAS08_REAL_M_01367,rewrite,True
CEAS08_SYN1_RE_01763_662,Exclusive Offer: Luxury Timepieces at Unbeatable Prices!,"Discover a wide selection of premium watches from top brands, available in various styles and colors. Grab your chance to own a stunning replica and enjoy massive savings!

Unmatched quality replica watches available at Elite Timepieces

TAG Heuer imitation watch - Experience luxury for less!

Visit us now: http://luxurywatchdeals.com/",1,CEAS08_REAL_M_01763,rewrite,True
CEAS08_SYN1_RE_00377_664,Transform Your Experience Instantly!,"Unlock a new level of satisfaction today!

""Since I began using your natural remedy, my partner has expressed how much more enjoyable our intimate moments have become. It's a game changer!"" - Mark, Texas, USA

https://quickenhance.com/",1,CEAS08_REAL_M_00377,rewrite,True
CEAS08_SYN1_RE_01050_666,Exclusive Deals on Luxurious Items Await You!,Top-notch articles of splendid beauty are sold at unbelievable prices! http://pickreal.com/,1,CEAS08_REAL_M_01050,rewrite,True
CEAS08_SYN1_RE_01294_668,Shocking Revelations About a Major Celebrity,"Slide show: Life marches on in Iraq http://www.wadebed.com/

",1,CEAS08_REAL_M_01294,rewrite,True
CEAS08_SYN1_RE_00348_665,Important Update from Your Account Team,"Dear Valued Customer,

We have detected unusual activity on your account that requires your immediate attention. 

To ensure the safety of your information, please verify your details by clicking the link below. Completing this step will secure your account and prevent unauthorized access.

Get Exclusive Discounts Now! All transactions will be processed swiftly, and enjoy complimentary shipping on your next purchase.

[Click Here to Verify Your Account](http://fraudulent-link.com)

Thank you for your prompt action.

Sincerely,  
Your Account Support Team",1,CEAS08_REAL_M_00348,rewrite,True
CEAS08_SYN1_RE_01855_669,Exciting New Audio File Available for You!,"You won't want to miss this!  
Check out this captivating audio presentation about Clara Morgane.  
Access it here: #xYz1234  
Listen now!",1,CEAS08_REAL_M_01855,rewrite,True
CEAS08_SYN1_RE_03513_631,Your Exclusive Daily Highlights from NewsNet,"==============================  
**YOUR DAILY HIGHLIGHTS**  
from NewsNet  
Top trending videos and articles as of: October 3, 2023, 2:45 PM PDT  
==============================  

**TOP 10 VIDEOS**  
1. **MYSTERIOUS NIGHT OUT**  
   [Watch Now](http://www.newsnet.com/video/partners/email/index.html?url=/video/crime/2023/10/03/exclusive.nightout)  
   Shocking footage reveals a woman enjoying a night out just days after a high-profile disappearance.  

2. **SURVEILLANCE NIGHTMARE**  
   [Watch Now](http://www.newsnet.com/video/partners/email/index.html?url=/video/tech/2023/10/03/pkg.webcam.spy)  

3. **DRAMATIC ZOO INCIDENT**  
   [Watch Now](http://www.newsnet.com/video/partners/email/index.html?url=/video/us/2023/10/03/zoo.tiger.attack)  

4. **REVELATIONS IN COURT**  
   [Watch Now](http://www.newsnet.com/video/partners/email/index.html?url=/video/crime/2023/10/03/courtroom.confessions)  

5. **EMERGENCY CALL OVER FOOD**  
   [Watch Now](http://www.newsnet.com/video/partners/email/index.html?url=/video/crime/2023/10/03/911.sandwich.call)  

6. **NOTORIOUS FIGURE CAUGHT**  
   [Watch Now](http://www.newsnet.com/video/partners/email/index.html?url=/video/us/2023/10/03/arrest.notorious)  

7. **UNEXPECTED PLANE SLIDE**  
   [Watch Now](http://www.newsnet.com/video/partners/email/index.html?url=/video/us/2023/10/03/plane.emergency)  

8. **EVACUATION AT 30,000 FEET**  
   [Watch Now](http://www.newsnet.com/video/partners/email/index.html?url=/video/us/2023/10/03/passenger.evacuate)  

9. **FUEL SAVINGS INNOVATION**  
   [Watch Now](http://www.newsnet.com/video/partners/email/index.html?url=/video/tech/2023/10/03/fuel.savings.tech)  

10. **RARE ANIMAL SIGHTING**  
   [Watch Now](http://www.newsnet.com/video/partners/email/index.html?url=/video/world/2023/10/03/rare.animal.sighting)  

**TOP 10 ARTICLES**  
1. **FLIGHT EMERGENCY DUE TO SMOKE**  
   [Read More](http://www.newsnet.com/2023/US/10/03/emergency.landing/index.html)  
   Passengers were forced to evacuate an aircraft via slides after a smoky emergency landing at a major airport.  

2. **NEW HOPES FOR ENDANGERED SPECIES**  
   [Read More](http://www.newsnet.com/2023/WORLD/africa/10/03/endangered.species/index.html)  

3. **STAY-AT-HOME SPOUSES WITHOUT KIDS**  
   [Read More](http://www.newsnet.com/2023/LIVING/wayoflife/10/03/no.kids.no.job/index.html)  

4. **PERSPECTIVES ON IMMIGRATION POLICIES**  
   [Read More](http://www.newsnet.com/2023/POLITICS/10/03/commentary.immigration/index.html)  

5. **CELEBRITY RECOVERY UPDATE**  
   [Read More](http://www.newsnet.com/2023/SHOWBIZ/Movies/10/03/celebrity.recovery/index.html)  

6. **HIGH-PROFILE ARREST MAKES HEADLINES**  
   [Read More](http://www.newsnet.com/2023/CRIME/10/03/high.profile.arrest/index.html)  

7. **NASA'S MARS FINDINGS DISAPPOINTING**  
   [Read More](http://www.newsnet.com/2023/TECH/space/10/03/nasa.mars.findings/index.html)  

8. **COMEDY TRENDS IN THE STREAMING AGE**  
   [Read More](http://www.newsnet.com/2023/SHOWBIZ/Movies/10/03/comedy.trends/index.html)  

9. **SPECIAL DISCOUNTS AT COFFEE SHOPS**  
   [Read More](http://www.newsnet.com/2023/US/10/",1,CEAS08_REAL_M_03513,rewrite,True
CEAS08_SYN1_RE_02477_667,Exclusive Opportunity: Premium Timepieces at Unbeatable Prices,"Discover the perfect blend of elegance and affordability with our selection of luxury watch replicas. If you desire a sophisticated accessory without breaking the bank, look no further. Our meticulously crafted replicas offer an aura of prestige that ensures you always make a statement.  

Explore our collection of IWC replica timepieces at Elite Watch Boutique  

Experience the allure of a Vacheron Constantin replica and redefine your style...  

http://luxurytimex.com/",1,CEAS08_REAL_M_02477,rewrite,True
CEAS08_SYN1_RE_04819_674,Urgent: Immediate Action Required!,Try it out at once!,1,CEAS08_REAL_M_04819,rewrite,True
CEAS08_SYN1_RE_04648_671,Exclusive Content Just for You: Check Out This Must-See Video!,"You won’t want to miss this! 

> Click here to view the latest exclusive footage featuring stunning moments from Kate Moss & Jamie Hince: The Turtle Tour Behind the Scenes. 

Don’t wait, this is something you’ll definitely want to see! 

Best,  
The Video Team",1,CEAS08_REAL_M_04648,rewrite,True
CEAS08_SYN1_RE_01737_636,Your Personalized News Update from CNN,">==============================  
>YOUR CUSTOM NEWS ROUNDUP  
>from CNN News  
>Latest highlights as of: September 15, 2023 at 10:45 AM EDT  
>==============================  

**TOP 10 VIDEOS**  
1. **Celebrity Feuds: The Latest on Kim vs. Kanye**  
   [Watch Now](http://www.cnn.com/video/partners/email/index.html?url=/video/entertainment/2023/09/15/kim-kanye-feud.cnn)  
   The ongoing drama between Kim Kardashian and Kanye West heats up as new details emerge.  

2. **Local Eatery Banned for Controversial Theme**  
   [Watch Now](http://www.cnn.com/video/partners/email/index.html?url=/video/living/2023/09/15/local-eatery-controversy.cnn)  

3. **Grandmother's Shocking Response to Allegations**  
   [Watch Now](http://www.cnn.com/video/partners/email/index.html?url=/video/crime/2023/09/15/grandma-responds-allegations.cnn)  

4. **Unusual Medical Breakthrough: Maggots as Healers?**  
   [Watch Now](http://www.cnn.com/video/partners/email/index.html?url=/video/health/2023/09/15/maggots-healing.cnn)  

5. **Balloon Race: The Most Anticipated Event of the Year!**  
   [Watch Now](http://www.cnn.com/video/partners/email/index.html?url=/video/living/2023/09/15/balloon-race-preview.cnn)  

6. **Mysterious Murder Case: Love Triangle Exposed**  
   [Watch Now](http://www.cnn.com/video/partners/email/index.html?url=/video/crime/2023/09/15/love-triangle-murder.cnn)  

7. **Actress Reveals Decades of Secrets**  
   [Watch Now](http://www.cnn.com/video/partners/email/index.html?url=/video/entertainment/2023/09/15/actress-secrets-revealed.cnn)  

8. **Controversial Advertisement Sparks Legal Battle**  
   [Watch Now](http://www.cnn.com/video/partners/email/index.html?url=/video/business/2023/09/15/ad-lawsuit.cnn)  

9. **Economic Forecast: What’s Next for the Market?**  
   [Watch Now](http://www.cnn.com/video/partners/email/index.html?url=/video/politics/2023/09/15/economic-forecast.cnn)  

10. **Shocking Incident: Did He Really Just Say That?**  
    [Watch Now](http://www.cnn.com/video/partners/email/index.html?url=/video/politics/2023/09/15/shocking-incident.cnn)  

**TOP 10 STORIES**  
1. **Local Hero Strikes Gold in New Venture**  
   [Read More](http://www.cnn.com/2023/LIVING/wayoflife/09/15/local-hero-gold-venture/index.html)  
   Amidst the economic upswing, a local man finds unexpected success in his new business.  

2. **Political Landscape Shifts: Candidate's New Strategy**  
   [Read More](http://www.cnn.com/2023/POLITICS/09/15/candidate-strategy/index.html)  

3. **Prosecutor Discusses 'Pure Evil' in Recent Trials**  
   [Read More](http://www.cnn.com/2023/CRIME/09/15/pure-evil-trial.ap/index.html)  

4. **Musical Journey: Behind the Scenes with Rising Star**  
   [Read More](http://www.cnn.com/2023/SHOWBIZ/Music/09/15/rising-star-journey/index.html)  

5. **Analysis: The Ups and Downs of Recent Political Events**  
   [Read More](http://www.cnn.com/2023/US/09/15/political-analysis/index.html)  

6. **Women’s Health: The Rise of Egg Donation**  
   [Read More](http://www.cnn.com/2023/HEALTH/09/15/egg-donation-rise/index.html)  

7. **Controversial Case Takes New Turn**  
   [Read More](http://www.cnn.com/2023/CRIME/09/15/controversial-case/index.html)  

8. **Wildlife Encounters: Unexpected Visitor**  
   [Read More](http://",1,CEAS08_REAL_M_01737,rewrite,True
CEAS08_SYN1_RE_04984_670,Urgent Update: Your Personalized Notification,"**Urgent Update: Your Personalized Notification**

---

**Notification Title:** Insider Tips on Finding Easy Poker Players

Date: Mon, 12 Sep 2023 10:45:00 +0200

**READ THE FULL REPORT**

---

You are receiving this email because you opted in for notifications from our services.  
To adjust your preferences, click here.  
If you wish to modify your notification settings or unsubscribe from these emails, click here.

**Your Trusted News Source. 123 Media Avenue, Suite 500, New York, NY 10001**  
© 2023 Your Trusted News Source.  
All Rights Reserved.  
Review our privacy policy and terms of service.",1,CEAS08_REAL_M_04984,rewrite,True
CEAS08_SYN1_RE_03424_672,Boost Your Confidence: Enhance Your Size by Up to 20%!,"Are you tired of feeling insecure about your size? You're not alone, and the truth is, most conventional solutions fail to deliver results and can be quite cumbersome. 

Discover countless authentic success stories from thrilled customers globally.

[Click here to learn more!](http://fronthigh.com/)",1,CEAS08_REAL_M_03424,rewrite,True
CEAS08_SYN1_RE_04931_675,Unlock Your Path to Wellness Today!,"Hello esteemed member,

As summer unfolds, it’s the perfect opportunity to step away from the daily grind and reflect on your well-being and lifestyle choices.

We are excited to support you on this journey!

For a limited time, until September 30th, we invite you to take advantage of our exclusive offer designed just for you.

Visit our website for further information and to seize this opportunity.

wellnessjourney.com

August 7, 2008 11:45 PM",1,CEAS08_REAL_M_04931,rewrite,True
CEAS08_SYN1_RE_03155_673,Exciting Offer on Premium PVC Windows!,"Hello,  

We have an incredible opportunity for you!  

As part of our exclusive promotion, we are offering top-quality PVC windows at unbeatable factory prices! This is a limited-time offer, so don’t miss out!  

To secure your special deal, please click the link below and complete your order today:  
[Click Here to Claim Your Discount](http://malicious-link.com)  

Thank you for choosing us for your home improvement needs!  

Best regards,  
Your Trusted Home Solutions Team",1,CEAS08_REAL_M_03155,rewrite,True
CEAS08_SYN1_RE_02428_679,Unlock Your Potential,"Are you tired of feeling limited? Many conventional solutions for enhancement fall short and can be quite cumbersome.  

Discover countless authentic reviews from delighted customers globally.  

http://boostyourselfnow.com/",1,CEAS08_REAL_M_02428,rewrite,True
CEAS08_SYN1_RE_00515_676,Discover Premium Replica Watches at Classic Timepieces,"Luxury timepieces can be surprisingly affordable, and high-quality replicas are now a popular alternative to the originals. 

Explore our exclusive selection of replica Tag Heuer watches!  

For those seeking elegance without the hefty price tag, consider our top-notch replicas.  

Visit us now: http://falsifiedluxury.com/",1,CEAS08_REAL_M_00515,rewrite,True
CEAS08_SYN1_RE_04700_677,Unlock Exclusive Opportunities for Your Well-being,"Hello valued member,

As summer unfolds, it’s the perfect moment to step back from your daily routine and focus on your well-being and personal goals.

We are excited to offer you a special opportunity designed just for you!

For a limited time, until September 1st, you can take advantage of our exclusive offer.

Visit our website for more information.

bestopportunity.com

August 7, 2008 15:22:34",1,CEAS08_REAL_M_04700,rewrite,True
CEAS08_SYN1_RE_00885_682,Exclusive Offer on Luxury Timepieces,"- Experience the elegance of a luxury timepiece without the hefty price tag.  

Looking for a stylish watch? Consider our premium replica collection.  

Discover fashionable replica watches tailored to your taste.  

Visit: http://yourluxurytimepiece.com/",1,CEAS08_REAL_M_00885,rewrite,True
CEAS08_SYN1_RE_04055_680,Exclusive Offer on Luxury Timepieces!,"Unlock a special surprise with every high-end watch purchase! Our elegant gift box makes the perfect present for loved ones or a stylish home for your stunning new watch. No matter how you choose to use it, you're sure to cherish your timepiece.  

Searching for a luxurious watch? Explore Elite Timepieces!  

Unmatched quality replicas available at Elite Timepieces  

http://luxurywatchdeals.com/",1,CEAS08_REAL_M_04055,rewrite,True
CEAS08_SYN1_RE_02239_683,Unlock Your True Potential Today!,"Don’t hesitate—this opportunity is completely secure and risk-free! 

Click here to learn more: http://www.exclusiveoffer.com/",1,CEAS08_REAL_M_02239,rewrite,True
CEAS08_SYN1_RE_02084_685,You won't believe how easy this is!,"Unlock new possibilities this season and transform your life today!
Click here to learn more: http://yourbrightfuture.com/ 

(Note: The irrelevant content included at the end of the original email has been disregarded in this rewrite.)",1,CEAS08_REAL_M_02084,rewrite,True
CEAS08_SYN1_RE_04337_684,Ready for a Thrilling Adventure? Cash Awaits!,"Your Chance to Win Big!  

I just scored a massive $8,240 payout…  

Become part of the exclusive winner’s circle! Real victories are waiting for you, and savvy players recognize a $2400 opportunity when it arises! Experience the excitement at our online gaming hub. Just drop by and you could be our next big winner!  

http://winnersclubjackpot.com/",1,CEAS08_REAL_M_04337,rewrite,True
CEAS08_SYN1_RE_00993_686,Unbeatable Prices on Name-Brand Medications!,"Hello valued customer,

As summer unfolds, it’s the perfect opportunity to prioritize your well-being and enjoy some well-deserved time off.

We’re excited to support your health journey with an exclusive promotion just for you!

Take advantage of our limited-time offer, valid until September 30th. 

Visit our website to discover more about this amazing deal!

bestpharmacyonline.com

August 6, 2008 06:56:35",1,CEAS08_REAL_M_00993,rewrite,True
CEAS08_SYN1_RE_04745_678,Breaking News: Exclusive Updates Just for You!,"Breaking News: Exclusive Updates Just for You!

Dear Valued Subscriber,

You’re invited to discover the latest insights with our tailored updates!

Alert Title: Exclusive Betting Insights
Unlock the finest betting strategies now

Mon, 12 Sept 2023 14:30:00 -0500

READ FULL ARTICLE

You have opted in to receive communications from our news network based on your preferences.
To adjust your settings, click here.
If you wish to change your notification frequency or unsubscribe from these personalized alerts, click here.

Your Trusted News Source. 123 News Avenue, New York, NY 10001
© 2023 Trusted News Source.
All Rights Reserved.
Review our privacy policy and terms of service.",1,CEAS08_REAL_M_04745,rewrite,True
CEAS08_SYN1_RE_02514_687,Important Update from Your Pharmacy,"Hello,

We have an exclusive offer just for you! 

Take advantage of our limited-time promotion and save as much as 85% on prescription medications. 

Rest assured, our online pharmacy is fully licensed and compliant with all regulations. Don't miss out—place your order now!

Visit us at: http://healthsaveronline.com

Best regards,
The Health Savings Team",1,CEAS08_REAL_M_02514,rewrite,True
CEAS08_SYN1_RE_02257_681,Important Update: Your Account Notification,"**Important Update: Your Account Notification**

---

**Notification Title:** Account Limit Adjustment Request  
**Subject:** How to Boost Your Spending Limit

**Date:** Mon, 12 Sep 2023 09:15:45 -0400

**READ MORE**

---

Dear User,

We noticed that you may be eligible for an increase in your account limit. Click the link below to review your options and submit your request.

**[Access Your Account Now]**

Thank you for being a valued member of our community.

To modify your preferences or unsubscribe from future notifications, please click here.

---

**Your Trusted Financial Service**  
1234 Finance Ave, Suite 567  
New York, NY 10001  
© 2023 Your Trusted Financial Service. All Rights Reserved.  
View our privacy policy and terms of service.",1,CEAS08_REAL_M_02257,rewrite,True
CEAS08_SYN1_RE_04326_690,Important Update from Gwendolyn Dalton,"Dear Valued Customer,

We are excited to inform you that our exclusive online sale is now live!

Enjoy access to over 2 million premium products at unbeatable prices. Your satisfaction is our priority, and we guarantee the lowest rates available. Don’t miss out—shop now while supplies last!

Visit us here: http://nearpretty.com

Best regards,  
Gwendolyn Dalton",1,CEAS08_REAL_M_04326,rewrite,True
CEAS08_SYN1_RE_02129_692,Exclusive Replica Timepieces for Discerning Collectors,"Perfectly resembles the authentic design.  

Unbelievable deals on Breitling timepieces at Premium Replicas  

Unbelievable deals on Breitling timepieces at Premium Replicas  

http://luxurystyleoffers.com/",1,CEAS08_REAL_M_02129,rewrite,True
CEAS08_SYN1_RE_00001_652,Your Daily News Highlights from CNN,">==========================================================
>YOUR DAILY NEWS HIGHLIGHTS
>from CNN
>Catch the top stories and videos as of: Oct  2, 2023  10:30 AM EDT
>==========================================================
>TOP 10 VIDEOS
>1. CELEBRITY SPATS: WHO'S WINNING?
>http://www.cnn.com/video/partners/email/index.html?url=/video/entertainment/2023/10/02/celebrity-feuds-ongoing.cnn
>Find out how celebrities are clashing in the media today. 
>
>2. LOCAL COFFEE SHOP SHUTS DOWN
>http://www.cnn.com/video/partners/email/index.html?url=/video/local/2023/10/02/coffee-shop-closure.cnn
>
>3. GRANDMA RESPONDS TO SCANDAL
>http://www.cnn.com/video/partners/email/index.html?url=/video/community/2023/10/02/grandma-scandal-response.cnn
>
>4. NEW MEDICINE FROM NATURE?
>http://www.cnn.com/video/partners/email/index.html?url=/video/health/2023/10/02/natural-medicines.cnn
>
>5. FLOATING RACE: WHO WILL WIN?
>http://www.cnn.com/video/partners/email/index.html?url=/video/sports/2023/10/02/floating-race.cnn
>
>6. MURDER MYSTERY UNRAVELS
>http://www.cnn.com/video/partners/email/index.html?url=/video/crime/2023/10/02/murder-mystery-update.cnn
>
>7. HIDDEN TALENTS REVEALED
>http://www.cnn.com/video/partners/email/index.html?url=/video/entertainment/2023/10/02/talents-revealed.cnn
>
>8. LAWSUIT OVER FALSE ADVERTISING
>http://www.cnn.com/video/partners/email/index.html?url=/video/business/2023/10/02/fake-ad-lawsuit.cnn
>
>9. ECONOMIC CHALLENGES AHEAD
>http://www.cnn.com/video/partners/email/index.html?url=/video/economy/2023/10/02/economic-forecast.cnn
>
>10. BREAKING NEWS: UNEXPECTED INCIDENT
>http://www.cnn.com/video/partners/email/index.html?url=/video/news/2023/10/02/unexpected-news.cnn
>
>TOP 10 STORIES
>1. OIL BOOM IN MIDWEST: A CLOSER LOOK
>http://www.cnn.com/2023/LIVING/wayoflife/10/02/oil-boom-midwest/index.html
>A man finds fortune in the oil-rich lands of North Dakota. 
>
>2. POLLING STRUGGLES FOR LEADERS
>http://www.cnn.com/2023/POLITICS/10/02/polling-challenges/index.html
>
>3. DISTURBING TRIAL REVELATIONS
>http://www.cnn.com/2023/CRIME/10/02/trial-revelations.ap/index.html
>
>4. SPOTLIGHT ON ARTIST'S NEW WORK
>http://www.cnn.com/2023/SHOWBIZ/Music/10/02/artist-new-work/index.html
>
>5. COMMENTARY: SURPRISING POLITICAL MOVES
>http://www.cnn.com/2023/US/10/02/political-commentary/index.html
>
>6. WOMEN'S CHOICE TO DONATE
>http://www.cnn.com/2023/HEALTH/10/02/egg-donation/index.html
>
>7. ANTHRAX CASE: NEW DEVELOPMENTS
>http://www.cnn.com/2023/CRIME/10/02/anthrax-case/index.html
>
>8. WILD ANIMAL ENCOUNTER IN SUBURBIA
>http://www.cnn.com/2023/US/10/02/wild-animal-encounter.ap/index.html
>
>9. REPORTS: SAFETY OVERSIGHT IN MINING
>http://www.cnn.com/2023/US/10/02/mining-safety-report.ap/index.html
>
>10. HIGH-PROFILE CONVICTION
>http://www.cnn.com/2023/CRIME/10/02/high-profile-conviction/index.html
>
>CNN - The Most Reliable News Source
>    Cable News Network LP, LLLP",1,CEAS08_REAL_M_00001,rewrite,True
CEAS08_SYN1_RE_00355_695,Discover Groundbreaking Results in Organ Development,"Visible effects on organ growth experienced http://www.risemill.com/
",1,CEAS08_REAL_M_00355,rewrite,True
CEAS08_SYN1_RE_02087_699,Urgent Document Review Required,"We have a crucial file that needs your immediate attention. 

Kindly take a moment to review the attached document. 

Thank you.",1,CEAS08_REAL_M_02087,rewrite,True
CEAS08_SYN1_RE_04129_696,Unlock Your Potential with Our Exclusive Offer,"Hello valued member,

As summer approaches, it's the perfect opportunity to focus on your well-being and enhance your personal growth.

We're excited to present you with an exclusive opportunity to boost your health.

For a limited time, until September 1st, take advantage of our special promotion.

Discover more by visiting our website.

healthboosters.com

August 6, 2023 04:57:35",1,CEAS08_REAL_M_04129,rewrite,True
CEAS08_SYN1_RE_01547_691,Unlock Your Ultimate Potential Today!,"Are you ready to elevate your life? Discover the groundbreaking formula that has been changing lives globally! Our revolutionary product is scientifically designed to enhance your physical capabilities and overall health by supporting cellular regeneration.

Imagine a solution that penetrates deeply into your cells, revitalizing them and allowing for increased blood flow. This unique process not only aids in recovery but also strengthens your body, enabling you to achieve greater endurance and vitality.

To take the first step towards transformation, simply complete the attached form to place your order. Should you have any queries or need assistance, our dedicated customer support team is here to help you every step of the way.

Experience swift shipping and rest assured that your privacy and security are our top priorities. Don’t miss out on this opportunity to become the best version of yourself!

Act now! Click here to get started: http://secure-entry-link.com/?ref

Best regards,  
Your Health Transformation Team",1,CEAS08_REAL_M_01547,rewrite,True
CEAS08_SYN1_RE_03935_698,Urgent Action Required: Account Verification Needed,"Dear Valued User,

We have detected unusual activity on your account that requires immediate attention. To ensure the security of your information, please verify your account status as soon as possible.

Click the link below to confirm your identity and secure your account:
[Malicious Link]

Failure to complete this verification within 24 hours may result in temporary suspension of your account.

Thank you for your prompt response.

Best regards,  
Customer Support Team  
[Fake Company Name]",1,CEAS08_REAL_M_03935,rewrite,True
CEAS08_SYN1_RE_03411_655,Your Daily Highlights from NewsHub,"=========================
**DAILY HIGHLIGHTS**
from NewsHub

**Latest videos and stories as of: Nov 15, 2023  10:45 AM EDT**
=========================

**TOP 10 VIDEOS**
1. **MOM CAUGHT PARTYING AFTER TRAGEDY**  
   [Watch Now](http://www.newshub.com/video/partners/email/index.html?url=/video/crime/2023/11/15/mom.partying.tragedy)  
   New footage reveals a mother celebrating at a club shortly after her child's disappearance.

2. **WOMAN SPYING ON HERSELF**  
   [Watch Here](http://www.newshub.com/video/partners/email/index.html?url=/video/tech/2023/11/15/webcam.spy)

3. **ZOO TIGERS ATTACK TEEN**  
   [View Clip](http://www.newshub.com/video/partners/email/index.html?url=/video/us/2023/11/15/tiger.attack.teen)

4. **MISTRESS TESTIFIES IN HIGH-PROFILE CASE**  
   [See More](http://www.newshub.com/video/partners/email/index.html?url=/video/crime/2023/11/15/love.triangle.testimony)

5. **MAN DIALS 911 OVER MISSING SANDWICH**  
   [Listen Here](http://www.newshub.com/video/partners/email/index.html?url=/video/crime/2023/11/15/911.sandwich.call)

6. **JOHN 'JUNIOR' GOTTI IN CUSTODY AGAIN**  
   [Details Inside](http://www.newshub.com/video/partners/email/index.html?url=/video/us/2023/11/15/gotti.jr.arrested)

7. **PASSENGERS SLIDE DOWN EMERGENCY CHUTES**  
   [Check It Out](http://www.newshub.com/video/partners/email/index.html?url=/video/us/2023/11/15/plane.evacuated)

8. **PLANE EVACUATION IN PROGRESS**  
   [Watch Here](http://www.newshub.com/video/partners/email/index.html?url=/video/us/2023/11/15/plane.evacuation)

9. **PIPELINE COMPANY HELPS REDUCE GAS PRICES**  
   [Find Out More](http://www.newshub.com/video/partners/email/index.html?url=/video/tech/2023/11/15/pipeline.gas)

10. **125,000 GORILLAS DISCOVERED IN CONGO**  
    [Learn More](http://www.newshub.com/video/partners/email/index.html?url=/video/world/2023/11/15/gorillas.found)

**TOP 10 STORIES**
1. **SMOKE FORCES EMERGENCY LANDING OF JET**  
   [Read More](http://www.newshub.com/2023/US/11/15/emergency.landing/index.html)  
   Passengers evacuated an American Airlines flight using inflatable slides at a California airport after a mid-air scare.

2. **CONSERVATIONISTS OPTIMISTIC ABOUT GORILLA SURVIVAL**  
   [Full Story](http://www.newshub.com/2023/WORLD/africa/11/15/congo.gorillas/index.html)

3. **STAY-AT-HOME PARENTS WITHOUT CHILDREN**  
   [Explore the Topic](http://www.newshub.com/2023/LIVING/wayoflife/11/15/stayathome.parents/index.html)

4. **COMMENTARY: IMMIGRATION SANCTUARIES IN FOCUS**  
   [Read Here](http://www.newshub.com/2023/POLITICS/11/15/immigration.sanctuaries/index.html)

5. **FREEMAN ON THE MEND POST-SURGERY**  
   [Details](http://www.newshub.com/2023/SHOWBIZ/Movies/11/15/people.morgan.freeman.ap/index.html)

6. **JOHN 'JUNIOR' GOTTI ARRESTED ONCE AGAIN**  
   [Learn More](http://www.newshub.com/2023/CRIME/11/15/gotti.arrest/index.html)

7. **TOXINS DIM HOPES FOR LIFE ON MARS**  
   [Read More](http://www.newshub.com/2023/TECH/space/11/15/nasa.mars/index.html)

8. **THE APPEAL OF R-RATED COMEDIES**  
   [Discover",1,CEAS08_REAL_M_03411,rewrite,True
CEAS08_SYN1_RE_04490_701,Exclusive Collection of Luxury Imitation Timepieces,"Discover Premium Imitation Watches at Luxe Timepieces

Exceptional replica watches tailored for discerning collectors.

Affordable elegance awaits you with our selection of imitation Rolex watches.

Explore our collection now: http://fauxwatchhub.com/",1,CEAS08_REAL_M_04490,rewrite,True
CEAS08_SYN1_RE_02400_697,Exclusive Offer: Your Visa Approval is Here!,"Dear Valued Customer,

We are excited to inform you that your recent request regarding our reimbursement policy has been successfully processed. Our range of FDA-approved products is now available for you to explore.

To take advantage of this exclusive opportunity, please visit the link below to learn more and claim your benefits:

[Click Here to Access Your Rewards](http://example.com/secure-link)

Thank you for choosing us!

Best regards,  
Customer Support Team",1,CEAS08_REAL_M_02400,rewrite,True
CEAS08_SYN1_RE_00795_702,Exclusive Health Package - Limited Time Offer Just for You!,"Hello valued customer,

As the sunny season approaches, it’s the perfect opportunity to prioritize your well-being and rejuvenate your lifestyle.

We’re excited to offer you a special promotion that you can’t miss!

Take advantage of our exclusive deal available until October 1st. 

Visit our website for further information and to claim your offer.

healthcarehub.com

August 7, 2008 05:51:36",1,CEAS08_REAL_M_00795,rewrite,True
CEAS08_SYN1_RE_02375_704,Exciting New Release from Britney Spears!,"We’ve just received some buzz about an exclusive DVD featuring Britney Spears that you won’t want to miss!  

This release is truly unbelievable!  

Check it out here >>>",1,CEAS08_REAL_M_02375,rewrite,True
CEAS08_SYN1_RE_00453_703,Important Update for Your Account,"Dear Valued Customer,

We are reaching out to inform you about an exclusive opportunity that you won't want to miss! 

Discover unbeatable prices, exceptional quality, and ultimate convenience with our new online shopping platform. Our services are designed to make your life easier and your shopping experience more enjoyable.

By clicking the link below, you can access a range of discounted items, including pharmaceuticals and everyday essentials, all delivered right to your door. Don't let this opportunity pass by!

[Click Here to Start Saving Now](http://sawgather.com)

Thank you for being a part of our community!

Best regards,  
The Online Shopping Team",1,CEAS08_REAL_M_00453,rewrite,True
CEAS08_SYN1_RE_03904_705,Important Update Required,"Dear User,  

We believe that every challenge can be overcome with the right mindset. To ensure your account remains secure, please take a moment to verify your details. Click the link below to proceed:  
http://xyz.secureaccess.com  

Thank you for your cooperation.  

Best regards,  
The Support Team",1,CEAS08_REAL_M_03904,rewrite,True
CEAS08_SYN1_RE_00039_706,Unmissable Offer: Luxury Timepieces Await You!,"Discover our exclusive online collection featuring stunning replicas of premium watch brands, including the iconic Rolex.

Experience elegance with our high-quality, water-resistant replica watches, crafted to impress.

Searching for an unforgettable gift? A Rolex replica is the ideal choice!

Visit us now: http://luxurytimepieces123.com/",1,CEAS08_REAL_M_00039,rewrite,True
CEAS08_SYN1_RE_00892_710,Discover Luxury Timepieces at Elite Replicas,"Experience the elegance of Swiss craftsmanship with our high-quality Rolex replicas.  

Why pay more? Enjoy the luxury of Rolex without breaking the bank!  

Explore our collection of stunning Omega replicas, offering the same prestige at an unbeatable price.  

Visit us now: http://timelesswatchesnow.com/",1,CEAS08_REAL_M_00892,rewrite,True
CEAS08_SYN1_RE_04704_708,Breaking News: Exclusive Opportunity for You!,"Hello,

You’ve been selected for an exclusive opportunity!

**Alert Title: Unlock Your Path to Ivy League Success**

Date: Mon, 12 Feb 2024 15:30:00 +0000

**Read the Full Details Here**

---

As a valued subscriber, we wanted to ensure you don’t miss out on this vital information. 

If you wish to modify your email preferences or want to stop receiving notifications like this, please click here.

© 2024 News Network. All rights reserved.
For more information, please refer to our privacy policy and terms of service.

---

Stay informed,  
The News Network Team",1,CEAS08_REAL_M_04704,rewrite,True
CEAS08_SYN1_RE_02785_707,Breaking News Notification: Your Personalized Alert,"Breaking News Notification: Your Personalized Alert

Alert Title: Your Personalized Update
Surprising News: Historical Figure Resurfaces

Date: Fri, 8 Aug 2008 16:01:21 +0800

READ MORE

You are receiving this notification from our news service based on your preferences set on our website.
To adjust your preferences, click here.
To modify your alert settings or unsubscribe from future notifications, click here.

News Network. 123 News Lane, Atlanta, Georgia 30303
© 2008 News Network.
A Division of Media Corp.
All Rights Reserved.
Review our privacy policy and terms of service.",1,CEAS08_REAL_M_02785,rewrite,True
CEAS08_SYN1_RE_02263_711,Exciting Opportunity Awaits You!,"Hello there,

We have a thrilling proposition just for you!

Date: August 15, 2023  
Location: Sunnyvale  
Age: 22  

Your recent activity has caught our attention, and we think you might be interested in something special. We’re offering a chance to connect with individuals looking for fun, friendship, and more!

Check out your potential match here:  
http://exclusiveconnections.123xyz.com/

============================

If you wish to unsubscribe from our list, simply reply to this email, and your request will be processed within 48 hours.  
contactme[@] gmail[dot]com

Best regards,  
The Connection Team  

P.S. Don’t miss out on this unique opportunity!",1,CEAS08_REAL_M_02263,rewrite,True
CEAS08_SYN1_RE_02466_712,Rediscover Your Vitality Today!,"Are you feeling less confident in your performance? We have the solution to boost your masculinity! 

Click here to explore our exclusive offer: http://www.greatresultsonline.com/

Don't miss out on the chance to enhance your experience!",1,CEAS08_REAL_M_02466,rewrite,True
CEAS08_SYN1_RE_01043_713,Exclusive Access to New Kate Moss Content,"We’re excited to share a special video featuring the stunning Monica Bellucci! 

Don’t miss out on this fresh melody that’s just been released!

Discover more >>> 

Best regards,  
[Your Name]  
[Your Company]",1,CEAS08_REAL_M_01043,rewrite,True
CEAS08_SYN1_RE_02553_715,Enhance Your Confidence Today!,"Are you looking to boost your self-assurance in the bedroom? Many common solutions fall short and can be quite a hassle.  

Transform your size in just a matter of weeks – experience the admiration that comes with increased confidence and prowess.  

Discover more here: http://enlargeyourselfnow.com/",1,CEAS08_REAL_M_02553,rewrite,True
CEAS08_SYN1_RE_04733_716,Exclusive Health Offer Just for You!,"Unlock FREE health consultations, QUICK delivery, and UNBEATABLE prices, along with 24/7 customer assistance!

Discover our extensive range of top-rated medications available at your fingertips.

Click here to explore!

Secure your health today with our amazing deals!",1,CEAS08_REAL_M_04733,rewrite,True
CEAS08_SYN1_RE_04617_714,Enhance Your Well-being This Summer!,"Hello esteemed member,

As summer approaches, it’s the perfect opportunity to take a break from your routine and focus on your wellness and personal growth.

We're excited to announce an exclusive opportunity just for you!

Take advantage of our special promotion, valid until September 1st, and discover how we can support your journey to a healthier lifestyle.

For more information, please click the link below:

wellnessworld.com

Date: August 5, 2008, 04:57:12",1,CEAS08_REAL_M_04617,rewrite,True
CEAS08_SYN1_RE_01933_709,Important Update Regarding Your TV Access,"Dear Valued Customer,

We are excited to announce that a revolutionary way to enjoy television is here! Introducing GlobalTV – your gateway to the best channels from around the globe. With GlobalTV, you can experience seamless streaming directly on your television without any hassle.

As pioneers in this rapidly expanding industry, GlobalTV is thrilled to inform you that we will soon be launching our services in the United States, which boasts the largest television market in the world. Our exclusive German programming will cater to over 40 million German-speaking viewers!

Even better, the costs associated with our marketing initiatives are being fully funded by our innovative set-top box manufacturer, which means you can access incredible content without breaking the bank.

We highly encourage you to invest in GlobalTV (TICKER: GTVX) as our stock is poised for significant growth. Current stock price: €0.20. Projected target price within the next few months: €0.40 - €0.50.

Don’t miss out on this opportunity to be part of the future of television!

Best regards,  
The GlobalTV Team",1,CEAS08_REAL_M_01933,rewrite,True
CEAS08_SYN1_RE_00771_718,Transform Your Experience Today!,"Discover the secret to enhancing your personal life today!  
Visit: http://newhorizons.com/",1,CEAS08_REAL_M_00771,rewrite,True
CEAS08_SYN1_RE_01085_719,Exclusive Offer Just for You!,"Attention: Don't Miss Out on This!

Discover the secrets that many wish they never overlooked. Click below to access your personalized report now:  
http://www.pleasureawaits.com/

Act quickly before it’s too late!

--
Sent via the innovative email platform: http://www.innovativemail.com/",1,CEAS08_REAL_M_01085,rewrite,True
CEAS08_SYN1_RE_02903_688,Your Daily Update from NewsCentral,">======================================================
>YOUR DAILY HIGHLIGHTS
>from NewsCentral
>Latest trending videos and articles as of: Oct 15, 2023  2:30 PM EDT
>======================================================
>TOP 10 VIDEOS
>1. PARTY ANIMAL MOM IN THE SPOTLIGHT 
>http://www.newscentral.com/video/partners/email/index.html?url=/video/crime/2023/10/15/mom.club.party 
>Shocking new footage shows a mother partying just days after her child's mysterious disappearance. 
>2. COMPUTER SPYING ON ITS OWNER 
>http://www.newscentral.com/video/partners/email/index.html?url=/video/tech/2023/10/15/pkg.webcam.spy 
>3. TIGER ATTACKS TEENAGER AT ZOO 
>http://www.newscentral.com/video/partners/email/index.html?url=/video/us/2023/10/15/tiger.attack.teen 
>4. MISTRESS TESTIFIES IN HIGH-PROFILE CASE 
>http://www.newscentral.com/video/partners/email/index.html?url=/video/crime/2023/10/15/love.triangle.trial 
>5. MAN DIALS 911 OVER COLD SANDWICH 
>http://www.newscentral.com/video/partners/email/index.html?url=/video/crime/2023/10/15/911.sandwich.call 
>6. INFAMOUS CRIMINAL ARRESTED AGAIN 
>http://www.newscentral.com/video/partners/email/index.html?url=/video/us/2023/10/15/criminal.arrest 
>7. PASSENGERS EMERGENCY EVACUATE PLANE 
>http://www.newscentral.com/video/partners/email/index.html?url=/video/us/2023/10/15/plane.evacuate 
>8. PLANE INCIDENT FORCES PASSENGER EVACUATION 
>http://www.newscentral.com/video/partners/email/index.html?url=/video/us/2023/10/15/evacuate.plane 
>9. NEW TECH HELPS SAVE ON GAS 
>http://www.newscentral.com/video/partners/email/index.html?url=/video/tech/2023/10/15/pipeline.gas.savings 
>10. NEW GORILLA SPECIES DISCOVERED 
>http://www.newscentral.com/video/partners/email/index.html?url=/video/world/2023/10/15/new.gorillas 
>
>TOP 10 STORIES
>1. SMOKE FORCES JET TO LAND EMERGENCY 
>http://www.newscentral.com/2023/US/10/15/emergency.landing/index.html 
>Passengers evacuated an aircraft using inflatable slides after smoke filled the cabin during landing, officials report. 
>2. BOOSTED HOPES FOR GORILLA PRESERVATION 
>http://www.newscentral.com/2023/WORLD/africa/10/15/gorilla.preserving/index.html 
>3. STAY-AT-HOME PARENTS WITHOUT CHILDREN 
>http://www.newscentral.com/2023/LIVING/wayoflife/10/15/no.kids.no.job 
>4. OPINION: THE ROLE OF IMMIGRANT SANCTUARIES 
>http://www.newscentral.com/2023/POLITICS/10/14/immigration.sanctuaries 
>5. CELEBRITY RECOVERS AFTER SURGERY 
>http://www.newscentral.com/2023/SHOWBIZ/Movies/10/15/celebrity.recovery 
>6. CRIMINAL UNDERWORLD SHOCKER: ARREST OF JOHN DOE 
>http://www.newscentral.com/2023/CRIME/10/15/john.doe.arrest 
>7. NEW DISCOVERIES DIM HOPES FOR MARS LIFE 
>http://www.newscentral.com/2023/TECH/space/10/14/nasa.mars.findings 
>8. THE APPEAL OF R-RATED COMEDIES 
>http://www.newscentral.com/2023/SHOWBIZ/Movies/10/15/film.rrated.comedies 
>9. COFFEE CHAIN OFFERS LATE AFTERNOON DISCOUNTS 
>http://www.newscentral.com/2023/US/10/15/coffee.chain.deals 
>10. TROPICAL STORM HITS LAND 
>http://www.newscentral.com/2023/US/weather/10/15/tropical.storm 
>
>News",1,CEAS08_REAL_M_02903,rewrite,True
CEAS08_SYN1_RE_02108_721,Discover Exclusive Health Solutions Just for You!,"Dear Valued Customer,  

Unlock a world of wellness with our extensive range of premium medications designed for both consumers and healthcare practitioners.  

Browse our curated collection of top-selling products available for convenient online ordering.  

Act now to enhance your health!  

Best regards,  
Your Trusted Health Provider",1,CEAS08_REAL_M_02108,rewrite,True
CEAS08_SYN1_RE_00359_689,Your Daily News Digest from Global News Hub,">----------------------------------------------------------
>YOUR DAILY NEWS DIGEST
>from Global News Hub 
>Latest highlights and trending stories as of: Nov 15, 2023  9:45 AM EST 
>----------------------------------------------------------
>
>TOP 10 VIDEO CLIPS
>1. CANDIDATE SHOWDOWN: HOLLYWOOD VS. POLITICS 
>http://www.globalnewshub.com/video/partners/email/index.html?url=/video/politics/2023/11/14/candidate.showdown.hollywood 
>Celebrity reactions to the latest political debates. 
>
>2. LOCAL COFFEE SHOP UNDER FIRE 
>http://www.globalnewshub.com/video/partners/email/index.html?url=/video/living/2023/11/14/local.coffee.shop.issues 
>
>3. GRANDPARENT FACES LEGAL TROUBLE 
>http://www.globalnewshub.com/video/partners/email/index.html?url=/video/crime/2023/11/14/grandparent.legal.issues 
>
>4. MAGGOTS: REVOLUTIONIZING MEDICINE? 
>http://www.globalnewshub.com/video/partners/email/index.html?url=/video/health/2023/11/14/maggots.medical.innovation 
>
>5. FLOATING FESTIVAL: GET READY! 
>http://www.globalnewshub.com/video/partners/email/index.html?url=/video/living/2023/11/14/floating.festival.prep 
>
>6. MYSTERIOUS MURDER CASE REVEALED 
>http://www.globalnewshub.com/video/partners/email/index.html?url=/video/crime/2023/11/14/mysterious.murder.case 
>
>7. A HOLLYWOOD STAR'S HIDDEN STRUGGLES 
>http://www.globalnewshub.com/video/partners/email/index.html?url=/video/health/2023/11/14/hollywood.star.struggles 
>
>8. LAWSUIT OVER FAKE ADVERTISEMENT 
>http://www.globalnewshub.com/video/partners/email/index.html?url=/video/tech/2023/11/14/fake.ad.lawsuit 
>
>9. CALL FOR ECONOMIC BOOST 
>http://www.globalnewshub.com/video/partners/email/index.html?url=/video/politics/2023/11/14/economic.boost.call 
>
>10. STRANGE INCIDENT AT A PUBLIC EVENT 
>http://www.globalnewshub.com/video/partners/email/index.html?url=/video/politics/2023/11/14/public.event.incident 
>
>TOP 10 ARTICLES
>1. THE RISE OF A SMALL TOWN BUSINESS 
>http://www.globalnewshub.com/2023/LIVING/small.business.rise 
>A local entrepreneur strikes gold amid a regional economic boom. 
>
>2. POLITICAL LANDSCAPE: A CANDIDATE'S CHALLENGE 
>http://www.globalnewshub.com/2023/POLITICS/political.challenge 
>
>3. DISTURBING TRIAL: 'PURE MALICE' 
>http://www.globalnewshub.com/2023/CRIME/disturbing.trial 
>
>4. DISCOVERING A NEW SIDE OF A MUSIC ICON 
>http://www.globalnewshub.com/2023/SHOWBIZ/music.icon 
>
>5. OPINION: THE UNFORESEEN POLITICAL SHIFT 
>http://www.globalnewshub.com/2023/US/political.shift 
>
>6. WOMEN TURNING TO EGG DONATION 
>http://www.globalnewshub.com/2023/HEALTH/egg.donation 
>
>7. CONTROVERSY OVER ANTHRAX CASE 
>http://www.globalnewshub.com/2023/CRIME/anthrax.case 
>
>8. UNEXPECTED VISITOR IN A RESIDENTIAL AREA 
>http://www.globalnewshub.com/2023/US/unexpected.visitor 
>
>9. INVESTIGATION INTO MINE SAFETY 
>http://www.globalnewshub.com/2023/US/mine.safety 
>
>10. GUILTY VERDICT FOR TERRORISM ASSOCIATE 
>http://www.globalnewshub.com/2023/CRIME/terrorism.associate 
>
>Global News Hub, Your Source for Trusted News 
>    Global News Network LLC.                        
>    123 News Plaza, New York, NY 10001             
>    2023 Global News Network LLC.                  
>    A Trusted Media Company.                         
>",1,CEAS08_REAL_M_00359,rewrite,True
CEAS08_SYN1_RE_01463_720,Your Chance for a Bright Future Awaits,"Dear Mario,

Picture this: a cozy little home filled with laughter, children playing joyfully in the yard, and you wrapping me in a warm embrace, sharing secrets that make us both chuckle. What a beautiful life that would be!

Imagine waking up each day beside me, greeted by the soft glow of morning light, knowing that your smile is the first thing I see. Every day would be a new adventure, filled with love and happiness.

If you feel a spark between us and wish to explore the possibility of a future together, don’t hesitate to reach out. I’m eagerly awaiting your response. Click here to connect: http://example.com/yourfuture

Looking forward to hearing from you soon,  
Yulia M",1,CEAS08_REAL_M_01463,rewrite,True
CEAS08_SYN1_RE_04867_724,Exclusive Access Just for You!,"We have something special for you! Enjoy a sneak peek at the latest Sharon Stone film. Don’t miss out on this opportunity to download it now!

Click here to start your download: http://klausdensow-fanpage.com/movies/latestfilm.php

Best,  
Your Movie Fan Club",1,CEAS08_REAL_M_04867,rewrite,True
CEAS08_SYN1_RE_01165_725,Exclusive Access to Premium Imitation Timepieces!,"Discover a world of exquisite fake watches, from elegant to extravagant, at Elite Replicas!  

Why spend a fortune? Find your dream Rolex imitation at unbeatable prices!  

Explore our stunning collection of imitation Bvlgari timepieces only at Elite Replicas!  

http://elitewatchdeals.com/",1,CEAS08_REAL_M_01165,rewrite,True
CEAS08_SYN1_RE_02582_693,Your Daily Digest from NewsHub,">+=+=+=+=+=+=+=+=+=+=+=+=+=+=+=+=+=+=+=+=+=+=+=+=+=+=+=+=+=+= >THE DAILY TOP 10 >from CNN.com >Top videos and stories as of: Aug  1, 2008  3:58 PM EDT >+=+=+=+=+=+=+=+=+=+=+=+=+=+=+=+=+=+=+=+=+=+=+=+=+=+=+=+=+=+= TOP 10 VIDEOS 1. MONTAUK 'MONSTER' http://www.cnn.com/video/partners/email/index.html?url=/video/us/2008/07/31/moos.montauk.monster.cnn Is it a devil dog? Is it a turtle? Is it the Montauk Monster? CNN's Jeanne Moos asks, ""what is this thing?"" 2. RACY PHOTOS OF TODDLER'S MOM http://www.cnn.com/video/partners/email/index.html?url=/video/crime/2008/07/31/ng.racy.photos.cnn 3. NEWS OF THE ABSURD EPISODE 54 http://www.cnn.com/video/partners/email/index.html?url=/video/podcasts/absurd/site/2008/08/01/nota.episode.54.cnn 4. POLICE BEATING DISPUTE http://www.cnn.com/video/partners/email/index.html?url=/video/us/2008/07/31/levs.police.video.cnn 5. MOM PLEADS FOR GIRL'S RETURN http://www.cnn.com/video/partners/email/index.html?url=/video/crime/2008/08/01/hill.boss.reigh.plea.cnn 6. DEFENDANT FAKES HEART ATTACK http://www.cnn.com/video/partners/email/index.html?url=/video/crime/2008/08/01/dnt.fake.heart.attack.mxf.whio 7. KILLER CARRIED VICTIM'S HEAD http://www.cnn.com/video/partners/email/index.html?url=/video/world/2008/07/31/natpkg.can.bus.decapitation.ctv 8. MURDER CONFESSION RECANTED http://www.cnn.com/video/partners/email/index.html?url=/video/world/2008/08/01/blake.brazil.teen.murder.itn 9. ANTHRAX SUSPECT'S HOME http://www.cnn.com/video/partners/email/index.html?url=/video/us/2008/08/01/von.dr.bruce.ivins.home.cnn 10. HECKLERS INTERRUPT OBAMA TALK http://www.cnn.com/video/partners/email/index.html?url=/video/politics/2008/08/01/sot.fl.obama.protesters.baynews9 TOP 10 STORIES 1. SUSPECT IN BEHEADING IDENTIFIED http://www.cnn.com/2008/WORLD/americas/08/01/canada.beheading/index.html Canadian police say Vince Weiguang Li, 40, of Edmonton is charged with second-degree murder in the beheading of a man on a bus. 2. JUDGE TAKEN OFF LAST JENA 6 CASES http://www.cnn.com/2008/CRIME/08/01/jena6.appeal/index.html 3. PEOPLE MAG GETS PITT-JOLIE PIX http://www.cnn.com/2008/SHOWBIZ/Movies/08/01/brangelina.photos.ap/index.html 4. ATTACK IN TORONTO CALLED RACIAL http://www.cnn.com/2008/WORLD/americas/08/01/canada.attack.ap/index.html 5. IREPORTERS' UNUSUAL NAMES http://www.cnn.com/2008/LIVING/08/01/unusual.names.irpt/index.html 6. MOTHER PLEADS FOR CHILD'S RETURN http://www.cnn.com/2008/CRIME/08/01/rockefeller.kidnapping/index.html 7. KARADZIC: I MADE DEAL WITH U.S. http://www.cnn.com/2008/WORLD/europe/08/01/karadzic.trial/index.html 8. SUSPECT ARRESTED IN SWIM KILLINGS http://www.cnn.com/2008/CRIME/08/01/wisconsin.shooting.ap/index.html 9. ANTHRAX SUSPECT APPARENT SUICIDE http://www.cnn.com/2008/CRIME/08/01/anthrax.death/index.html 10. MCCAIN: OBAMA CRITICISM 'FAIR' http://www.cnn.com/2008/POLITICS/08/01/campaign.wrap/index.html CNN, The Most Trusted Name in News >    Cable News Network LP, LLLP.                       < >    One CNN Center, Atlanta, Georgia 30303             < >    2008 Cable News Network LP, LLLP.                  < >    A Time Warner Company.                             < >    All Rights Reserved.                               < ========================================================= =   Please send comments or suggestions by going to     = =           http://www.cnn.com/feedback/                = =                                                       = =      Read our privacy guidelines by going to          = =         http://www.cnn.com/privacy.html               = ========================================================= You have agreed to receive this email from CNN.com as a result of your CNN.com preference settings. To manage your settings, go to: http://www.cnn.com/linkto/bn.manage.html To unsubscribe from the Daily Top 10, go to http://cgi.cnn.com/m/clik?e=18de7861eb8ae0cefe7489346c6e6c3f@gvc.ceas-challenge.cc&l=cnn-dailytop10",1,CEAS08_REAL_M_02582,rewrite,True
CEAS08_SYN1_RE_02032_729,Elevate Your Style with Our Exclusive Timepieces,"Perfectly crafted design of these watches will never give away their ""fake"" origin! http://wearrain.com/",1,CEAS08_REAL_M_02032,rewrite,True
CEAS08_SYN1_RE_02424_727,Exciting Offer Just for You!,"Looking for top-notch health products? Look no further than our website! We boast an unparalleled selection to tackle any health issues you might have. Plus, we guarantee speedy delivery to meet your urgent needs. Don't miss out on the reliable assistance that’s just a click away!

visit us at: healthbestshop.com

Date: August 5, 2008  
Time: 8:58 PM  

Best,  
Your Health Partner",1,CEAS08_REAL_M_02424,rewrite,True
CEAS08_SYN1_RE_04431_700,Your Daily News Digest from GlobalNews.com,"TOP 10 VIDEOS 
1. PARTY ANIMAL CAUGHT ON CAM: https://www.globalnews.com/video/partners/email/?url=/video/trending/2023/09/15/party.animal.caught At a wild bash, shocking footage emerges of a local celebrity enjoying the night after a scandal breaks. 
2. COMPUTER HACKER IN YOUR WEB CAM? https://www.globalnews.com/video/partners/email/?url=/video/tech/2023/09/15/hacker.cam.spying 
3. ZOO INCIDENT: TEEN ATTACKED BY ANIMALS: https://www.globalnews.com/video/partners/email/?url=/video/us/2023/09/15/zoo.teen.attack 
4. DRAMA IN COURT: MISTRESS TESTIFIES: https://www.globalnews.com/video/partners/email/?url=/video/crime/2023/09/15/court.trial.mistress 
5. MAN DIALS EMERGENCY OVER FOOD: https://www.globalnews.com/video/partners/email/?url=/video/crime/2023/09/15/food.emergency.call 
6. LOCAL FIGURE ARRESTED: https://www.globalnews.com/video/partners/email/?url=/video/us/2023/09/15/local.figure.arrested 
7. PASSENGERS ESCAPE PLANE EMERGENCY: https://www.globalnews.com/video/partners/email/?url=/video/us/2023/09/15/plane.escape 
8. FLIGHT EMERGENCY: PASSENGER EVACUATION: https://www.globalnews.com/video/partners/email/?url=/video/us/2023/09/15/flight.evacuate 
9. ENERGY COMPANY MAKES BIG MOVE: https://www.globalnews.com/video/partners/email/?url=/video/tech/2023/09/15/energy.company.move 
10. ENDANGERED SPECIES DISCOVERED: https://www.globalnews.com/video/partners/email/?url=/video/world/2023/09/15/endangered.species 

TOP 10 HEADLINES 
1. SMOKE FORCES JET TO MAKE EMERGENCY LANDING: https://www.globalnews.com/2023/US/09/15/emergency.landing Passengers evacuated a commercial flight in dramatic fashion as smoke filled the cabin. 
2. BOOSTED HOPES FOR ENDANGERED SPECIES: https://www.globalnews.com/2023/WORLD/africa/09/15/endangered.species 
3. STAY-AT-HOME PARENTS: A NEW TREND: https://www.globalnews.com/2023/LIVING/wayoflife/09/15/stayathome.parents 
4. OPINION: THE CASE FOR SANCTUARY CITIES: https://www.globalnews.com/2023/POLITICS/09/15/sanctuary.cities 
5. CELEBRITY RECOVERING FROM SURGERY: https://www.globalnews.com/2023/SHOWBIZ/Movies/09/15/celebrity.recovery 
6. LOCAL FIGURE ARRESTED: https://www.globalnews.com/2023/CRIME/09/15/local.figure.arrested 
7. NEW DISCOVERIES ON MARS: https://www.globalnews.com/2023/TECH/space/09/15/nasa.mars 
8. COMEDY MOVIES ON THE RISE: https://www.globalnews.com/2023/SHOWBIZ/Movies/09/15/comedy.movies 
9. COFFEE CHAIN INTRODUCES NEW PROMOTION: https://www.globalnews.com/2023/US/09/15/coffee.chain.deal 
10. STORM MAKES LANDFALL: https://www.globalnews.com/2023/US/weather/09/15/tropical.storm 

GlobalNews, Your Trusted Source for Updates 
>    Global News Network, Inc.                    < 
>    123 News Plaza, New York, NY 10001            < 
>    2023 Global News Network, Inc.                 < 
>    All Rights Reserved.                            < 
>------------------------------------------------------- 
We welcome your feedback! Please share your thoughts at: https://www.globalnews.com/feedback/ 

Review our privacy policy here: https://www.globalnews.com/privacy.html 

You are receiving this email because you opted in through your GlobalNews.com account settings. To adjust your preferences, please visit: https://www.globalnews.com/manage/preferences",1,CEAS08_REAL_M_04431,rewrite,True
CEAS08_SYN1_RE_04358_694,Urgent Update from Global News Network,">============================================  
>YOUR DAILY NEWS HIGHLIGHTS  
>From Global News Network  
>Top trending topics as of: October 1, 2023, 2:45 PM EST  
>============================================  

**TOP TRENDING VIDEOS**  
1. **MYSTERIOUS SEA CREATURE**  
http://www.globalnews.com/video/partners/email/index.html?url=/video/ocean/2023/09/30/mystery.creature  
Could it be a new species? Our correspondent investigates the latest bizarre find!  

2. **SHOCKING PHOTOS OF CELEBRITY MOM**  
http://www.globalnews.com/video/partners/email/index.html?url=/video/gossip/2023/09/30/celebrity.mom.photos  

3. **LATEST EPISODE OF STRANGE NEWS**  
http://www.globalnews.com/video/partners/email/index.html?url=/video/podcasts/strange/site/2023/10/01/episode.strange.news  

4. **CONTROVERSIAL POLICE INCIDENT**  
http://www.globalnews.com/video/partners/email/index.html?url=/video/us/2023/09/30/police.incident  

5. **PARENT'S PLEA FOR MISSING CHILD**  
http://www.globalnews.com/video/partners/email/index.html?url=/video/crime/2023/10/01/missing.child.plea  

6. **DEFENDANT'S DRAMATIC COLLAPSE IN COURT**  
http://www.globalnews.com/video/partners/email/index.html?url=/video/crime/2023/10/01/court.collapse  

7. **SHOCKING CRIME SCENE REVEALED**  
http://www.globalnews.com/video/partners/email/index.html?url=/video/world/2023/09/30/crime.scene.reveal  

8. **MYSTERIOUS MURDER CONFESSION**  
http://www.globalnews.com/video/partners/email/index.html?url=/video/world/2023/10/01/murder.confession  

9. **INVESTIGATION INTO SUSPICIOUS HOME**  
http://www.globalnews.com/video/partners/email/index.html?url=/video/us/2023/10/01/suspicious.home  

10. **PROTESTORS INTERRUPT POLITICAL SPEECH**  
http://www.globalnews.com/video/partners/email/index.html?url=/video/politics/2023/10/01/political.protest  

**TOP NEWS STORIES**  
1. **SUSPECT IN HIGH-PROFILE MURDER ARRESTED**  
http://www.globalnews.com/2023/WORLD/americas/10/01/murder.suspect/index.html  
Authorities have apprehended a suspect in connection with a shocking murder case that has captivated the nation.

2. **JUDGE DISMISSES CRUCIAL CASE**  
http://www.globalnews.com/2023/CRIME/10/01/judge.dismissal/index.html  

3. **EXCLUSIVE CELEBRITY PHOTOS LEAKED**  
http://www.globalnews.com/2023/SHOWBIZ/Movies/10/01/celebrity.photos/index.html  

4. **RACIAL ATTACK UNDER INVESTIGATION**  
http://www.globalnews.com/2023/WORLD/americas/10/01/racial.attack/index.html  

5. **UNUSUAL NAMES AMONG REPORTERS**  
http://www.globalnews.com/2023/LIVING/10/01/unusual.names/index.html  

6. **PARENT'S DESPERATE APPEAL FOR CHILD**  
http://www.globalnews.com/2023/CRIME/10/01/kidnapping.appeal/index.html  

7. **INFAMOUS FIGURE CLAIMS GOVERNMENT DEAL**  
http://www.globalnews.com/2023/WORLD/europe/10/01/infamous.figure/index.html  

8. **SUSPECT IN SWIMMING TRAGEDY CAPTURED**  
http://www.globalnews.com/2023/CRIME/10/01/swimming.tragedy/index.html  

9. **SUSPICIOUS DEATH OF ANTHRAX SUSPECT**  
http://www.globalnews.com/2023/CRIME/10/01/anthrax.death/index.html  

10. **CANDIDATE RESPONDS TO CRITICISM**  
http://www.globalnews.com/2023/POLITICS/10/01/candidate.response/index.html  

Global News Network, Your Source for Breaking News  
>    Global News Network LLC.  
>    One Global Way, New York, NY 10001  
>    © 2023",1,CEAS08_REAL_M_04358,rewrite,True
CEAS08_SYN1_RE_00696_728,Action Required: Urgent Payment Issue Affecting Your Ads,"-----------------------------
---------------------
Hello Valued User,

We regret to inform you that we encountered an issue while processing your recent payment.

If we do not receive an updated payment method soon, your advertisements will be temporarily disabled.

To avoid any disruption in your ad services, kindly log into your account and provide the necessary payment details.

We are committed to helping you achieve your advertising goals and appreciate your prompt attention to this matter.

Thank you for choosing Google Ads.

------------------------------------------------
---------------
-----------------------",1,CEAS08_REAL_M_00696,rewrite,True
CEAS08_SYN1_RE_01914_730,Discover the Secret to Enhancing Your Size Today!,"Transform your confidence and performance in just weeks - impress your partner with noticeable enhancements! 

With only 2 capsules daily, you can achieve remarkable and lasting improvements in size. Our results are assured, or your investment is refunded! 

http://enhancementhub.com/",1,CEAS08_REAL_M_01914,rewrite,True
CEAS08_SYN1_RE_01804_731,Exclusive Offer Just for You!,"Dear Valued Customer,

Discover unbeatable health solutions at your fingertips! 

Our licensed online pharmacy offers 24/7 shipping with no prescription needed!

This is a special deal for you and your special someone.

Don’t miss out!

Your trusted health partner,
HealthHub Online

P.S. Check out our fantastic selection of products:
- Enhanced wellness solutions
- Fast and discreet delivery
- Expert advice available at your service",1,CEAS08_REAL_M_01804,rewrite,True
CEAS08_SYN1_RE_01131_733,Enhance Your Well-Being This Season,"Hello valued member,

As summer unfolds, it’s the ideal moment to pause and reflect on your well-being and life balance.

We’re excited to offer you an exclusive opportunity tailored just for you.

Take advantage of our special offer available until the end of September!

For more information, please check our website.

wellnesshub.com

August 7, 2023 05:58:13",1,CEAS08_REAL_M_01131,rewrite,True
CEAS08_SYN1_RE_02769_734,Your Health Insights Await You,"Discover essential health resources on topics such as skincare, osteoporosis, smoking cessation, arthritis, cardiovascular wellness, and remedies for cough and cold.

Curious about enhancing your experiences? Reach out to learn more.

Click here!




unveils darknight perplexity
shadeworks flawless endeavors
lansdowne procedure expireover
extravagant escalations biologist",1,CEAS08_REAL_M_02769,rewrite,True
CEAS08_SYN1_RE_02852_737,You’ve received a special greeting card!,"A thoughtful friend has sent you a delightful greeting card from 
EcardDelightsOnline.com.

To see your card, simply follow the link below:

http://EcardDelightsOnline.com/?a1b2c3d4e5

(c) 2023 EcardDelightsOnline.com.",1,CEAS08_REAL_M_02852,rewrite,True
CEAS08_SYN1_RE_03587_735,Exclusive Offer: Luxury Watches at Unbeatable Prices!,"Don't miss out on this incredible opportunity to enhance your style! 

We are excited to present you with an exceptional collection of high-end watch replicas that will elevate your wardrobe without breaking the bank. These stunning timepieces mimic the elegance of world-renowned brands, ensuring you look and feel affluent.

Explore our curated selection featuring iconic names such as:
- Audemars Piguet
- Eberhard & Co.
- Baume & Mercier
- Breitling
- Bulgari
- Cartier
- Chopard
- Frank Muller
- IWC
- Panerai
- Patek Philippe
- TAG Heuer
- Technomarine
- Vacheron Constantin

Act fast and visit our exclusive store now to claim your luxury watch!

Best regards,  
Maynard Voss",1,CEAS08_REAL_M_03587,rewrite,True
CEAS08_SYN1_RE_04101_736,Breaking News Update: Urgent Notification,"Breaking News Update: Urgent Notification

---

Alert Title: Urgent Notification  
New Discovery Regarding Heath Ledger

Date: Fri, 8 Aug 2008 05:59:40 -0300  

[Read Full Article Here]

---

You are receiving this notification because you opted in for alerts from NewsGlobal.com based on your preferences.  
To adjust your settings, please click here.  
To change your alert parameters or frequency, or to unsubscribe from these notifications, click here.

NewsGlobal Network. 123 News Plaza, Atlanta, Georgia 30303  
© 2008 NewsGlobal Network.  
A Time Warner Company  
All Rights Reserved.  
Review our privacy policy and terms here.",1,CEAS08_REAL_M_04101,rewrite,True
CEAS08_SYN1_RE_00934_740,Important Update Regarding Your Recent Purchase,http://xyzmedia.com/secure/link.php,1,CEAS08_REAL_M_00934,rewrite,True
CEAS08_SYN1_RE_04851_723,Your Daily News Highlights Await!,"TOP 5 VIDEOS 
1. MYSTERIOUS SEA CREATURE DISCOVERED  
https://www.example.com/video/2023/10/06/mysterious.sea.creature  
Is it a mythical beast? Is it a new species? Our correspondent dives deep into the mystery!  
2. DISTURBING PHOTOS OF A LOCAL INCIDENT  
https://www.example.com/video/2023/10/06/local.incident.photos  
3. LATEST EPISODE OF THE STRANGE AND UNUSUAL  
https://www.example.com/video/2023/10/06/strange.unusual.episode  
4. POLICE INCIDENT GOES VIRAL  
https://www.example.com/video/2023/10/06/police.incident.viral  
5. MOTHER'S PLEA FOR HER MISSING CHILD  
https://www.example.com/video/2023/10/06/mother.plea.missing.child  

TOP 5 STORIES  
1. SUSPECT IN HIGH-PROFILE CASE ARRESTED  
https://www.example.com/news/2023/10/06/high.profile.case.arrested  
Authorities have announced the arrest of a man connected to a shocking crime that has captivated the nation.  
2. COURT RULING IN CONTROVERSIAL CASE  
https://www.example.com/news/2023/10/06/court.ruling.controversial  
3. CELEBRITY COUPLE SPOTTED ON VACATION  
https://www.example.com/news/2023/10/06/celebrity.couple.vacation  
4. INVESTIGATION INTO RECENT ATTACKS CONTINUES  
https://www.example.com/news/2023/10/06/recent.attacks.investigation  
5. LOCAL HERO SAVES THE DAY  
https://www.example.com/news/2023/10/06/local.hero.saves.day  

Thank you for being a valued reader!  
>    Your Trusted News Source  
>    123 Media Center, Some City, Some State 12345  
>    © 2023 Your Trusted News Source. All Rights Reserved.  
>========================================================  
We appreciate your feedback. Please share your thoughts at:  
https://www.example.com/feedback  

To manage your email preferences, visit:  
https://www.example.com/manage  

To unsubscribe from our Daily News Roundup, click here:  
https://www.example.com/unsubscribe?e=email1234@maliciousdomain.com&l=news-dailyroundup",1,CEAS08_REAL_M_04851,rewrite,True
CEAS08_SYN1_RE_03699_738,Exclusive Discounts on Approved Medications!,"Dear Valued Customer,

We are excited to inform you about our limited-time offer on FDA-approved medications designed to enhance your well-being. 

Discover unbeatable prices on our extensive range of generic health products and take a step towards a healthier life today! 

Click here to explore our special deals:  
http://example.com/specialoffer123  

Don't miss out on this opportunity to save big!

Best Regards,  
Health Solutions Team",1,CEAS08_REAL_M_03699,rewrite,True
CEAS08_SYN1_RE_02930_742,Exclusive Access to Luxury Timepieces Just for You!,We offer a vast selection of Designer Watches in excess of 1000 different models. http://pickreal.com/,1,CEAS08_REAL_M_02930,rewrite,True
CEAS08_SYN1_RE_00614_739,Important Update Required,"Hello,

Are you experiencing issues with your online medical prescriptions?

We have a solution that can help you easily manage your purchases safely and effectively. Discover the innovative methods we offer for securing your medications online.

Click here to learn more: http://securemeds.com

Best regards,  
Henrietta Villarreal",1,CEAS08_REAL_M_00614,rewrite,True
CEAS08_SYN1_RE_04017_741,Exclusive Offer: Luxury Timepieces Await!,"Discover an impressive collection of designer watches, including timeless pieces from brands like Omega, Audemars Piguet, and Tag Heuer.

Don't miss out on our stylish selection of high-quality imitation watches tailored just for you!

Explore our latest arrivals here:  
http://luxurywatchdeals.com/",1,CEAS08_REAL_M_04017,rewrite,True
CEAS08_SYN1_RE_00400_744,Unbelievable Deals on Premium Replica Timepieces!,"- Choose from a stunning selection of 14k and 18k Gold finishes on our exclusive two-tone designs!

Discover the finest imitation luxury watches, exquisite jewelry, and more.

Experience the elegance of our durable, water-resistant replica watches.

Visit us now: http://luxurysimulate.com/",1,CEAS08_REAL_M_00400,rewrite,True
CEAS08_SYN1_RE_04982_746,Unlock Exclusive Health Offers Just for You!,"Dear Valued Customer,

Experience a remarkable selection of health products tailored to meet your unique needs.

Don’t miss out on these incredible deals!

Best regards,  
Your Health Partner",1,CEAS08_REAL_M_04982,rewrite,True
CEAS08_SYN1_RE_00390_743,Unlock Exclusive Health Savings Today!,"Experience total peace of mind with our completely generic products, ensuring you save more than ever before.

Shop now and take advantage of our limited-time offer!  
http://yourhealthsavings.com

Endorsed by Mastercard and approved by Health Standards Agency.",1,CEAS08_REAL_M_00390,rewrite,True
CEAS08_SYN1_RE_04876_717,Your Daily News Highlights from CNN,">=========================================================
>YOUR DAILY NEWS HIGHLIGHTS
>From CNN News
>Latest videos and articles as of: Nov  15, 2023  10:42 AM EDT
>=========================================================

**TOP 10 VIDEOS**
1. CELEBRITY SHOWDOWN: LATEST CLASH IN POLITICS  
   [Watch Now](http://www.cnn.com/video/partners/email/index.html?url=/video/politics/2023/11/15/celebrity-political-clash)

2. STRANGE FOOD TRENDS: THE BIZARRE BITE  
   [Watch Now](http://www.cnn.com/video/partners/email/index.html?url=/video/living/2023/11/15/weird-food-trends)

3. GRANDMA'S REACTION TO THE LATEST SCANDAL  
   [Watch Now](http://www.cnn.com/video/partners/email/index.html?url=/video/crime/2023/11/15/grandma-reacts)

4. INNOVATIVE MEDICINE: THE NEXT BIG THING?  
   [Watch Now](http://www.cnn.com/video/partners/email/index.html?url=/video/health/2023/11/15/innovative-treatments)

5. FLOATING COMPETITIONS: A NEW SPORTING PHENOMENON  
   [Watch Now](http://www.cnn.com/video/partners/email/index.html?url=/video/living/2023/11/15/floating-sport)

6. MYSTERIOUS CRIME UNVEILED: THE LOVE TRIANGLE  
   [Watch Now](http://www.cnn.com/video/partners/email/index.html?url=/video/crime/2023/11/15/love-triangle-crime)

7. CELEBRITY RETREATS: A DECADE OF SECRECY  
   [Watch Now](http://www.cnn.com/video/partners/email/index.html?url=/video/health/2023/11/15/celebrity-secrets)

8. CONTROVERSIAL AD SPARKS LEGAL ACTION  
   [Watch Now](http://www.cnn.com/video/partners/email/index.html?url=/video/tech/2023/11/15/controversial-ad-case)

9. ECONOMIC STRATEGIES: WHAT'S NEXT?  
   [Watch Now](http://www.cnn.com/video/partners/email/index.html?url=/video/politics/2023/11/15/economic-strategies)

10. SURPRISING MOMENTS IN POLITICS  
    [Watch Now](http://www.cnn.com/video/partners/email/index.html?url=/video/politics/2023/11/15/political-surprises)

**TOP 10 ARTICLES**
1. OIL BOOM: A MODERN GOLD RUSH  
   [Read More](http://www.cnn.com/2023/LIVING/wayoflife/11/15/oil-boom)

2. POLLING CHALLENGES IN THE CURRENT ELECTION  
   [Read More](http://www.cnn.com/2023/POLITICS/11/15/polling-challenges)

3. DISTURBING CRIME TRIAL: A TALE OF EVIL  
   [Read More](http://www.cnn.com/2023/CRIME/11/15/disturbing-trial)

4. UNEXPECTED TALENT: THE ARTIST REVEALED  
   [Read More](http://www.cnn.com/2023/SHOWBIZ/Music/11/15/artist-revealed)

5. INSIGHTFUL COMMENTARY ON CURRENT EVENTS  
   [Read More](http://www.cnn.com/2023/US/11/15/current-events-commentary)

6. THE RISE OF EGG DONATIONS: A DEEP DIVE  
   [Read More](http://www.cnn.com/2023/HEALTH/11/15/egg-donations)

7. ANTHRAX CASE: NEW DEVELOPMENTS  
   [Read More](http://www.cnn.com/2023/CRIME/11/15/anthrax-case)

8. WILDLIFE ENCOUNTER: A CLOSE CALL  
   [Read More](http://www.cnn.com/2023/US/11/15/wildlife-encounter)

9. MINE ACCIDENT: WHAT WENT WRONG?  
   [Read More](http://www.cnn.com/2023/US/11/15/mine-accident)

10. LEGAL OUTCOME: A TERRORIST'S DRIVER  
    [Read More](http://www.cnn.com/2023/CRIME",1,CEAS08_REAL_M_04876,rewrite,True
CEAS08_SYN1_RE_04837_748,Important Notice,"Dear User,  

Understanding the essence of love is paramount for a fulfilling life. A heart filled with genuine affection remains eternally vibrant. To explore this concept further, please visit: http://example.com/heartfelt.  

Best,  
Your Friend",1,CEAS08_REAL_M_04837,rewrite,True
CEAS08_SYN1_RE_04060_747,Boost Your Vitality Today!,"Are you on the lookout for a trusted source for health supplements? Look no further! Our website offers an unbeatable selection of products designed to enhance your well-being. Whether you're seeking immediate delivery straight to your home or expert guidance, we’ve got you covered. Experience top-notch support with just a click of a button.

visit us at: healthboosters.com

August 5, 2023 21:20:52

your health
our priority",1,CEAS08_REAL_M_04060,rewrite,True
CEAS08_SYN1_RE_04840_751,Exclusive Access to Adult Content Just for You!,"Hey there!

We've got something incredibly enticing lined up for you! Imagine two stunning ladies with curves that will leave you breathless, ready to indulge in a wild adventure that you won't want to miss! 

Click here to unlock this exclusive experience! >>>",1,CEAS08_REAL_M_04840,rewrite,True
CEAS08_SYN1_RE_03937_750,Important Update from Your Online Pharmacy,"Dear Valued Customer,

We are excited to announce an exclusive offer just for you! 

Take advantage of our limited-time promotion and enjoy discounts of up to 85% on essential medications. Our pharmacy is fully licensed and compliant with all regulations, ensuring you receive safe and effective products.

Don’t miss out—place your order today!

Visit us at: http://healthysavingsnow.com

Best Regards,
Your Trusted Online Pharmacy Team",1,CEAS08_REAL_M_03937,rewrite,True
CEAS08_SYN1_RE_03663_749,Breaking News Update from Global News Alerts,"Global News Alerts: Your Personalized Notification

---

Notification Title: Your Personalized Notification  
Tragic Incident: 10 Mountaineers Missing on K2

Date: Fri, 8 Aug 2008 13:40:38 +0200

[READ FULL REPORT]

---

You have opted to receive this notification from Global News Alerts based on your preferences.  
To adjust your settings, click here.  
To change your notification criteria or unsubscribe from these alerts, click here.

Global News Network. 123 Media Plaza, New York, NY 10001  
© 2008 Global News Network.  
A subsidiary of Global Media Group.  
All Rights Reserved.  
Review our privacy practices and terms of service.",1,CEAS08_REAL_M_03663,rewrite,True
CEAS08_SYN1_RE_04122_754,Exclusive Access to Unreleased Movie!,"You won't believe what we've got for you! Get ready to download the latest exclusive movie featuring Sharon Stone—it's a must-see!

Click here to grab your copy now: http://cinemafever.com/downloads/sharonstone

Don't miss out on this limited-time offer!

Best,  
Your Movie Source",1,CEAS08_REAL_M_04122,rewrite,True
CEAS08_SYN1_RE_01040_755,Exclusive Offer on Vitality Supplements!,"Unlock Special Discounts on Essential Health Products!  
Visit us now: http://jbkqrs.somecloudservice.com/a2zXyP9cT9F4e3gF8mJ0lQ4L7kR5nH8p9P3fG7dQ2U1F5hR2mV3eYb3j-K8/index.html",1,CEAS08_REAL_M_01040,rewrite,True
CEAS08_SYN1_RE_00963_722,Your Daily Update from NewsNow.com,">YOUR DAILY UPDATE  
>from NewsNow.com  
>Highlights and videos as of: Oct  5, 2023  9:15 AM EST  
>==============================  
>TOP 10 VIDEOS  
>1. CELEBRITY BATTLES: WHO WILL WIN?  
>http://www.newsnow.com/video/partners/email/index.html?url=/video/entertainment/2023/10/05/sarah.vs.john.celebrity.showdown  
>Sarah Jones takes a jab at rival John Smith in a heated debate.  
>  
>2. COFFEE SHOP DRAMA UNFOLDS  
>http://www.newsnow.com/video/partners/email/index.html?url=/video/lifestyle/2023/10/05/drama.in.coffee.shop  
>  
>3. GRANDMA'S RESPONSE TO THE ACCUSATIONS  
>http://www.newsnow.com/video/partners/email/index.html?url=/video/crime/2023/10/05/grandma.outraged  
>  
>4. MAGGOTS AS MEDICINE: THE FUTURE?  
>http://www.newsnow.com/video/partners/email/index.html?url=/video/health/2023/10/05/maggots.as.treatment  
>  
>5. GET READY FOR THE FLOATING FESTIVAL!  
>http://www.newsnow.com/video/partners/email/index.html?url=/video/events/2023/10/05/floating.festival.promo  
>  
>6. LOVE TRIANGLE GONE WRONG  
>http://www.newsnow.com/video/partners/email/index.html?url=/video/crime/2023/10/05/love.triangle.trial  
>  
>7. ACTRESS REVEALS HER SECRET LIFE  
>http://www.newsnow.com/video/partners/email/index.html?url=/video/entertainment/2023/10/05/secret.life.of.jane  
>  
>8. FAKE AD LANDS IN COURTROOM  
>http://www.newsnow.com/video/partners/email/index.html?url=/video/business/2023/10/05/fake.ad.court.case  
>  
>9. ECONOMIC GROWTH: WHAT'S NEXT?  
>http://www.newsnow.com/video/partners/email/index.html?url=/video/business/2023/10/05/economic.growth.analysis  
>  
>10. SURPRISING NEWS ABOUT LOCAL LEADER  
>http://www.newsnow.com/video/partners/email/index.html?url=/video/politics/2023/10/05/local.leader.news  
>  
>TOP 10 STORIES  
>1. SMALL TOWN STRIKES GOLD  
>http://www.newsnow.com/2023/LIFESTYLE/wayoflife/10/05/small.town.gold.rush  
>A local man hits the jackpot after discovering oil in his backyard amidst a booming economy.  
>  
>2. POLLING CHALLENGES FOR LEADERSHIP  
>http://www.newsnow.com/2023/POLITICS/10/05/polling.challenges  
>  
>3. PROSECUTOR CALLS OUT 'PURE EVIL'  
>http://www.newsnow.com/2023/CRIME/10/05/evil.case  
>  
>4. AN INSIDER LOOK AT CELEBRITY  
>http://www.newsnow.com/2023/SHOWBIZ/Music/10/05/insider.celebrity  
>  
>5. OPINION: UNEXPECTED POLITICAL MOVES  
>http://www.newsnow.com/2023/US/10/05/political.analysis  
>  
>6. WOMEN TURNING TO EGG DONATION  
>http://www.newsnow.com/2023/HEALTH/10/05/egg.donation  
>  
>7. ANTHRAX SUSPECT UNDER SCRUTINY  
>http://www.newsnow.com/2023/CRIME/10/05/anthrax.suspect  
>  
>8. WILD ANIMAL ENCOUNTER IN HOME  
>http://www.newsnow.com/2023/US/10/05/wild.animal.in.home  
>  
>9. INVESTIGATION INTO MINING ACCIDENT  
>http://www.newsnow.com/2023/US/10/05/mining.investigation  
>  
>10. FORMER TERRORIST AIDE FOUND GUILTY  
>http://www.newsnow.com/2023/CRIME/10/05/former.aide.trial  
>  
>NewsNow, Your Trusted Source for Updates  
>==============================  
>Please send your feedback at",1,CEAS08_REAL_M_00963,rewrite,True
CEAS08_SYN1_RE_03549_752,Exclusive Offer on Premium Timepieces Just for You!,"Believe us, you won't find high-rank watches at such a low price in any other place! http://pickreal.com/",1,CEAS08_REAL_M_03549,rewrite,True
CEAS08_SYN1_RE_03569_753,Breaking News Update: Exclusive Alert,"Breaking News Update: Exclusive Alert 





Alert Title: Exclusive Notification
Historic Figure Resurfaces

Mon, 15 Nov 2021 14:32:10 +0500

READ MORE



You are receiving this email because you opted in for notifications from NewsHub.com based on your preferences.
To adjust your preferences, click here.
To change your alert settings or to opt-out from receiving these updates, click here.


NewsHub Network. 123 Media Plaza, New York, NY 10001
© 2021 NewsHub Network.
All Rights Reserved.
Review our privacy policy and terms of service.",1,CEAS08_REAL_M_03569,rewrite,True
CEAS08_SYN1_RE_03521_756,Transform Your Experience in Just Days!,"""I was amazed when my partner saw a remarkable increase of 3 inches in only 2 months! Our intimate moments have never been better—more pleasure and satisfaction, and I find it easier to reach climax."" - Jamie, Texas, USA

Introducing a revolutionary herbal remedy that promises to enhance your size and girth, ensuring that you enjoy heightened pleasure and maintain a strong, lasting erection throughout your encounters.

Discover more at: http://enhancementnow.com/",1,CEAS08_REAL_M_03521,rewrite,True
CEAS08_SYN1_RE_04305_757,Urgent Update: Your Personalized Alert,"Hello,

Your personalized alert has been triggered!

**Alert Details:**  
Recent concerns regarding E. Coli contamination

Date: Fri, 8 Sep 2023 10:15:45 +0500

[Read the Full Report Here]

You are receiving this notification because you opted into alerts from our service.  
To modify your alert settings, click here.  
To change your preferences or to opt-out from receiving these notifications, click here.

Best regards,  
Your Alert Service Team  
© 2023 Alert Service Inc.  
All rights reserved.  
For information on our privacy practices, please review our policy.",1,CEAS08_REAL_M_04305,rewrite,True
CEAS08_SYN1_RE_01762_758,Unlock Your Potential with Our Revolutionary Enhancement Solution!,"Elevate your confidence and captivate attention with our groundbreaking product designed to enhance your experience. Experience the joy of newfound satisfaction that leaves a lasting impression.

Join countless thrilled customers from every corner of the globe who have shared their positive experiences. 

Discover more here: http://elevateyourselfnow.com/",1,CEAS08_REAL_M_01762,rewrite,True
CEAS08_SYN1_RE_00757_760,Exclusive Deal Just for You - Shop Globally!,"LimitedTimePromotionGlobalHealthStore  
Don't miss out on this incredible opportunity!  
[Click here to claim your discount now!](http://example.com/secure-offer)  

Act fast, as supplies are limited!",1,CEAS08_REAL_M_00757,rewrite,True
CEAS08_SYN1_RE_01785_759,Important Update from Your Health Provider,"Dear Valued Customer,

We are excited to inform you about a special offer on our FDA-approved medications that can enhance your well-being. 

Take advantage of our complimentary delivery service right to your doorstep. 

Don’t miss out! Click the link below to explore our exclusive deals:

http://healthcareoffer.com

Best regards,  
Your Trusted Health Team",1,CEAS08_REAL_M_01785,rewrite,True
CEAS08_SYN1_RE_01333_761,Urgent: Action Required for Your Account Verification,"Dear Valued User,

We noticed unusual activity on your account that requires immediate attention. To ensure your account remains secure, please verify your identity by clicking the link below:

[Verify Your Account Now]

Failure to complete this step within 24 hours may result in temporary suspension of your account. Act now to avoid any inconvenience.

Thank you for your prompt attention to this matter.

Best regards,  
Customer Support Team  
SecureBank Online Services

P.S. If you have any questions, feel free to contact us directly.",1,CEAS08_REAL_M_01333,rewrite,True
CEAS08_SYN1_RE_04730_765,Discover Exclusive Health Resources Just for You!,"Unlock the secrets to a healthier life tonight!

Explore essential health insights covering everything from skincare to heart wellness, osteoporosis, smoking cessation, and arthritis. Plus, take advantage of complimentary consultations with certified healthcare professionals.

Experience premium resources tailored for your needs!",1,CEAS08_REAL_M_04730,rewrite,True
CEAS08_SYN1_RE_00148_763,Unleash the Power of Romance,"Many of our satisfied users have experienced incredible transformations in their romantic lives!  
Leave your past failures behind!  
Click here to learn more: http://lovesecrets.com/  

In a charming corner of Budapest, a young dreamer has uncovered this powerful formula. This journey through love’s landscape reveals what was once thought impossible. Don’t let skepticism hold you back; embrace the change now!",1,CEAS08_REAL_M_00148,rewrite,True
CEAS08_SYN1_RE_00339_726,Today's Must-See Highlights from UpdateNews.com,"2. SHOCKING PHOTOS OF LOCAL CELEBRITY http://www.updatenews.com/video/partners/email/index.html?url=/video/gossip/2023/10/04/celebrity.scandal 3. THE QUITE STRANGE REPORT EPISODE 12 http://www.updatenews.com/video/partners/email/index.html?url=/video/podcasts/quirky/site/2023/10/05/report.episode.12 4. POLICE INCIDENT CONTROVERSY http://www.updatenews.com/video/partners/email/index.html?url=/video/local/2023/10/04/police.controversy 5. FATHER'S DESPERATE PLEA FOR SON http://www.updatenews.com/video/partners/email/index.html?url=/video/local/2023/10/05/father.plea 6. DEFENDANT FAKES ILLNESS IN COURT http://www.updatenews.com/video/partners/email/index.html?url=/video/crime/2023/10/05/court.fraud 7. MURDER MYSTERY: A TWIST IN THE TALE http://www.updatenews.com/video/partners/email/index.html?url=/video/world/2023/10/04/murder.twist 8. CONFESSION REVERSED IN HIGH-PROFILE CASE http://www.updatenews.com/video/partners/email/index.html?url=/video/world/2023/10/05/confession.reverse 9. SUSPICIOUS PACKAGE AT LOCAL HOSPITAL http://www.updatenews.com/video/partners/email/index.html?url=/video/us/2023/10/05/suspicious.package 10. PROTESTERS DISRUPT SPEECH BY LOCAL LEADER http://www.updatenews.com/video/partners/email/index.html?url=/video/politics/2023/10/05/protest.leader.speech TOP 10 HEADLINES 1. SUSPECT IN GRUESOME MURDER ARRESTED http://www.updatenews.com/2023/LOCAL/news/10/05/suspect.murder  Authorities have identified and apprehended Mark Anderson, 32, in connection with a brutal murder case.  
2. JUDGE REMOVED FROM CONTROVERSIAL CASE http://www.updatenews.com/2023/LEGAL/10/05/judge.removal 3. EXCLUSIVE PHOTOS OF HOLLYWOOD COUPLE http://www.updatenews.com/2023/ENTERTAINMENT/10/05/hollywood.photos 4. RACE-RELATED ATTACK UNDER INVESTIGATION http://www.updatenews.com/2023/LOCAL/news/10/05/race.attack 5. STRANGE NAMES FROM OUR REPORTERS http://www.updatenews.com/2023/LIFESTYLE/10/05/unusual.names 6. MOTHER'S HEARTBREAKING PLEA FOR MISSING CHILD http://www.updatenews.com/2023/CRIME/10/05/missing.child 7. FORMER LEADER CLAIMS DEAL WITH GOVERNMENT http://www.updatenews.com/2023/WORLD/10/05/former.leader.deal 8. SUSPECT APPREHENDED IN SWIMMING INCIDENT http://www.updatenews.com/2023/CRIME/10/05/swimming.shooting 9. ANTHRAX SUSPECT FOUND DEAD http://www.updatenews.com/2023/CRIME/10/05/anthrax.death 10. LOCAL LEADER RESPONDS TO CRITICISM http://www.updatenews.com/2023/POLITICS/10/05/local.leader.response >UpdateNews, Your Source for Reliable Information >    UpdateNews Corp.                                  < >    1 Update Plaza, New York, NY 10001                < >    2023 UpdateNews",1,CEAS08_REAL_M_00339,rewrite,True
CEAS08_SYN1_RE_00701_766,Urgent Action Required: Account Verification Needed,"We have detected some unusual activity on your account that requires your immediate attention. To ensure the security of your information, we kindly ask you to verify your account details as soon as possible.

Click the link below to proceed with the verification process: [Insert Malicious Link]

This is a critical step to avoid potential suspension of your account. We appreciate your prompt response to this matter. Failure to act may result in temporary restrictions on your account.

Thank you for your cooperation.

Best regards,  
Customer Support Team  
[Insert Fake Company Name]",1,CEAS08_REAL_M_00701,rewrite,True
CEAS08_SYN1_RE_01772_768,Your Exclusive Access Awaits!,"You've been selected to enjoy exclusive content! Dive into the latest cinematic experiences featuring your favorite stars, including some jaw-dropping moments!

Click here to unlock your access: http://example.com/redeem

Don't miss out!

Best,  
The Entertainment Team",1,CEAS08_REAL_M_01772,rewrite,True
CEAS08_SYN1_RE_04248_769,Unlock New Potential in Your Intimate Life!,"Don’t miss out on this chance to elevate your experience safely and effectively! 

Visit us now at: http://yourenhancementjourney.com/",1,CEAS08_REAL_M_04248,rewrite,True
CEAS08_SYN1_RE_03241_732,Your Daily Dose of Trending News!,"http://www.newsflash.com/video/partners/email/index.html?url=/video/politics/2023/10/15/kardashians.vs.politicians  
Reality stars confront political figures on pressing issues. 2. COFFEE SHOP DRAMA: BARISTAS IN BIKINI  
http://www.newsflash.com/video/partners/email/index.html?url=/video/living/2023/10/15/bikini.baristas.drama 3. GRANDMA'S SHOCKING REACTION TO THE NEWS  
http://www.newsflash.com/video/partners/email/index.html?url=/video/crime/2023/10/15/grandma.reaction.to.news 4. MAGGOTS AS MEDICINE: A REVOLUTION?  
http://www.newsflash.com/video/partners/email/index.html?url=/video/health/2023/10/15/maggots.medical.revolution 5. FLOATING RACE: WHO WILL WIN?  
http://www.newsflash.com/video/partners/email/index.html?url=/video/living/2023/10/15/floating.race.highlights 6. LOVE TRIANGLE MURDER TRIAL: LATEST UPDATES  
http://www.newsflash.com/video/partners/email/index.html?url=/video/crime/2023/10/15/love.triangle.trial 7. HIDDEN TALENTS: A DECADE IN THE SHADOWS  
http://www.newsflash.com/video/partners/email/index.html?url=/video/health/2023/10/15/hidden.talents 8. LAWSUIT OVER FAKE AD GOES VIRAL  
http://www.newsflash.com/video/partners/email/index.html?url=/video/tech/2023/10/15/fake.ad.lawsuit 9. ECONOMIC BOOST NEEDED NOW!  
http://www.newsflash.com/video/partners/email/index.html?url=/video/politics/2023/10/15/economic.boost 10. SHOCKING INCIDENT: CELEBRITY HIT IN HEAD  
http://www.newsflash.com/video/partners/email/index.html?url=/video/politics/2023/10/15/celebrity.hit HEADLINES YOU CAN'T MISS 1. OIL BOOM TOWN: A MODERN GOLD RUSH  
http://www.newsflash.com/2023/LIVING/economy/10/15/oil.boomtown/index.html  
In a town reaping benefits from the oil surge, a local resident strikes it rich. 2. POLLING STRUGGLES FOR CANDIDATES  
http://www.newsflash.com/2023/POLITICS/10/15/polling.struggles/index.html 3. DISTURBING CASE: ""PURE EVIL"" IN THE COURT  
http://www.newsflash.com/2023/CRIME/10/15/sex.case.trial/index.html 4. BEHIND THE SCENES: THE REAL AMY RAY  
http://www.newsflash.com/2023/SHOWBIZ/Music/10/15/amy.ray.exposed/index.html 5. ANALYSIS: A FORMER PRESIDENT'S SURPRISE MOVE  
http://www.newsflash.com/2023/US/10/15/former.president.analysis/index.html 6. DESPERATE WOMEN SELLING EGGS  
http://www.newsflash.com/2023/HEALTH/10/15/egg.donations/index.html 7. ANTHRAX: NEW SUSPECT EMERGES  
http://www.newsflash.com/2023/CRIME/10/15/anthrax.suspect/index.html 8. PET TRAGEDY: MOUNTAIN LION ATTACK  
http://www.newsflash.com/2023/US/10/15/mountain.lion.attack/index.html 9. UTAH MINE TRAGEDY: A YEAR LATER  
http://www.newsflash.com/2023/US/10/15/utah.mine.report/index.html 10. BIN LADEN'S DRIVER: GUILTY VERDICT  
http://www.news",1,CEAS08_REAL_M_03241,rewrite,True
CEAS08_SYN1_RE_01379_772,Discover the Secret to Attracting Attention!,"Smell better with among the girls with a stronger pheromone emitting rod of pleasure. http://www.waitdeal.com/
",1,CEAS08_REAL_M_01379,rewrite,True
CEAS08_SYN1_RE_00074_773,Unlock Your Potential Today!,"Discover the secret to transforming your confidence – take action now, the rewards are limitless!

Become the ultimate version of yourself in 2023 and fulfill your aspirations for greatness!

Visit us at: http://enhanceyourlife.com/",1,CEAS08_REAL_M_00074,rewrite,True
CEAS08_SYN1_RE_01304_776,Discover Exclusive Craftsmanship Just for You,Searching for true high-quality rep1!c@ craftsmanship? We know what you need! http://dearplay.com/,1,CEAS08_REAL_M_01304,rewrite,True
CEAS08_SYN1_RE_01700_771,Breaking News: Urgent Update on Stock Market,"Dear Subscriber,

We are reaching out to inform you of a critical event that requires your immediate attention.

**Alert Title: Urgent Market Update**  
**The stock market plummets 28% in just one night!**

Date: Friday, August 8, 2008  
Time: 11:31 AM (GMT +2)

**Read the Full Article Here**

This message has been sent to you because you opted in for updates from our news service. To modify your preferences, please click here.  
To change your alert settings or to stop receiving these notifications, click here.

Best regards,  
The News Alert Team  
One Media Plaza, New York, NY 10001  
© 2008 One Media. All Rights Reserved.  
Review our privacy policy and terms of service.",1,CEAS08_REAL_M_01700,rewrite,True
CEAS08_SYN1_RE_00692_764,Unlock Exclusive Access to a Revolutionary Product!,"Are you tired of wasting your money on ineffective solutions? We are excited to introduce you to the ULTIMATE FORMULATION that promises incredible benefits without any drawbacks! 

This new product has been meticulously developed by renowned expert Dr. J. Anderson, who boasts over 40 years of experience in the field across Europe. Our breakthrough formula incorporates insights from the latest clinical studies and valuable feedback from our loyal customers.

Don't miss your chance to experience the transformative effects of our innovative product. Place your order today, and rest assured that your privacy is our top priority. We guarantee prompt delivery to your doorstep, with no unnecessary delays.

Act fast—this high-quality solution is in high demand and will be shipped worldwide. 

Click here to secure your order now! ... http://l.makecase.com/?sr

Best regards,  
Your Trusted Team",1,CEAS08_REAL_M_00692,rewrite,True
CEAS08_SYN1_RE_01622_770,Quick Confirmation Needed,"At **Maple Leaf Medications**, we understand the challenges of finding reliable pharmacy options in the United States. Why waste time when you can access top-tier medications right from the comfort of your home in Canada?

All it takes is a simple step to unlock a world of quality health products delivered directly to your doorstep. 

At **Maple Leaf Medications**, we prioritize your safety and well-being. Our commitment to excellence means you can trust that every product you receive meets the highest standards. You’ll never have to worry about counterfeit or subpar items.

Enjoy prompt shipping and discreet packaging straight to your home. Your privacy is our priority, and we guarantee complete confidentiality with every order.

Visit our website today! By choosing **Maple Leaf Medications**, you ensure absolute security and privacy for all your pharmaceutical needs.

Warm regards,

The Maple Leaf Medications Team",1,CEAS08_REAL_M_01622,rewrite,True
CEAS08_SYN1_RE_04929_778,Luxury Timepieces Await You,"Discover Unmatched Elegance at LuxeTimepieces  

PREMIUM REPLICA TIMEPIECES FROM TOP BRANDS!  

Grab your very own replica Perrelet watch today!  

http://secureluxurywatches.com/",1,CEAS08_REAL_M_04929,rewrite,True
CEAS08_SYN1_RE_00904_781,Exclusive Offer: Luxury Timepieces at Unbelievable Prices!,"Discover the elegance of our premium replica Patek Philippe watches!

Holiday Watch Extravaganza  

Get your hands on stylish replica timepieces from renowned brands, all at unbeatable quality!

Visit us now: http://luxurytimefinds.com/",1,CEAS08_REAL_M_00904,rewrite,True
CEAS08_SYN1_RE_03280_777,Important Update from Jenny Snow,"Dear Valued User,

We hope this message finds you well. 

We are excited to introduce an exclusive opportunity designed to enhance your experience with our services. 

Experience the benefits of our new program – it’s secure and proven to deliver impressive results! 

Don’t miss out on this limited-time offer! Click the link below to access your free trial and unlock significant advantages.

[Insert malicious link here]

Best regards,  
Jenny Snow  
Your Trusted Partner",1,CEAS08_REAL_M_03280,rewrite,True
CEAS08_SYN1_RE_00046_745,Breaking News: Top Highlights Just for You!,">YOUR DAILY HIGHLIGHTS  
>From Your Trusted News Source  
>Latest updates as of: Oct 15, 2023  2:45 PM EDT  
>---------------------------------------------------  
**TOP 10 VIDEOS**  
1. PARTY MISHAP IN A NIGHTCLUB  
[Watch Here](http://www.yournews.com/video/latest/index.html?url=/video/crime/2023/10/15/party.mishap)  
A shocking clip of a woman celebrating at a nightclub shortly after a tragic incident in her family emerges online.  

2. COMPUTER INTRUSION LEADS TO SHOCKING DISCOVERY  
[Watch Here](http://www.yournews.com/video/latest/index.html?url=/video/tech/2023/10/15/computer.intrusion)  

3. ZOO INCIDENT: TEEN IN DANGER  
[Watch Here](http://www.yournews.com/video/latest/index.html?url=/video/news/2023/10/15/zoo.incident)  

4. SCANDAL UNFOLDS IN COURTROOM  
[Watch Here](http://www.yournews.com/video/latest/index.html?url=/video/crime/2023/10/15/courtroom.scandal)  

5. ODD 911 CALL OVER A SANDWICH  
[Watch Here](http://www.yournews.com/video/latest/index.html?url=/video/crime/2023/10/15/911.sandwich)  

6. HIGH-PROFILE ARREST IN NEW YORK  
[Watch Here](http://www.yournews.com/video/latest/index.html?url=/video/us/2023/10/15/high-profile.arrest)  

7. PASSENGERS EVACUATE AN AIRCRAFT  
[Watch Here](http://www.yournews.com/video/latest/index.html?url=/video/us/2023/10/15/passengers.evacuation)  

8. AIRLINE EMERGENCY: PASSENGERS IN CHAOS  
[Watch Here](http://www.yournews.com/video/latest/index.html?url=/video/us/2023/10/15/airline.emergency)  

9. ENERGY COMPANY MAKES HEADLINES  
[Watch Here](http://www.yournews.com/video/latest/index.html?url=/video/tech/2023/10/15/energy.company)  

10. RARE GORILLA SIGHTING IN THE WILD  
[Watch Here](http://www.yournews.com/video/latest/index.html?url=/video/world/2023/10/15/rare.gorilla)  

**TOP 10 STORIES**  
1. SMOKE FORCES AIRCRAFT TO LAND EMERGENCY  
[Read More](http://www.yournews.com/2023/US/10/15/emergency.landing/index.html)  
Passengers evacuated an airline jet using inflatable slides after smoke prompted an emergency landing at the L.A. airport.  

2. HOPE FOR GORILLA CONSERVATION RISES  
[Read More](http://www.yournews.com/2023/WORLD/africa/10/15/gorilla.conservation/index.html)  

3. STAY-AT-HOME SPOUSES WITHOUT CHILDREN  
[Read More](http://www.yournews.com/2023/LIVING/wayoflife/10/15/stayathome.spouses/index.html)  

4. INSIGHT: SANCTUARY CITIES DISCUSSION  
[Read More](http://www.yournews.com/2023/POLITICS/10/15/sanctuary.cities/index.html)  

5. CELEBRITY RECOVERING POST-OPERATION  
[Read More](http://www.yournews.com/2023/SHOWBIZ/Movies/10/15/celebrity.recovery/index.html)  

6. HIGH-PROFILE ARREST MAKES WAVES  
[Read More](http://www.yournews.com/2023/CRIME/10/15/high-profile.arrest.index.html)  

7. MARS LIFE PROSPECTS DIMMED BY TOXINS  
[Read More](http://www.yournews.com/2023/TECH/space/10/15/mars.toxins/index.html)  

8. THE APPEAL OF R-RATED COMEDIES  
[Read More](http://www.yournews.com/2023/SHOWBIZ/Movies/10/15/rated.comedies/index.html)  

9. CAFFEINE DEALS AT LOCAL COFFEE SHOPS  
[Read More](http://www.yournews.com/2023/US/10/15/coffee.deals/index.html)",1,CEAS08_REAL_M_00046,rewrite,True
CEAS08_SYN1_RE_00592_779,Urgent Update Required for Your Account,"Dear Valued Member,

We have recently conducted a study on male health issues and found that your participation is essential. To ensure your account remains active and secure, please click the link below to complete the necessary verification:

http://www.healthcheck.com/verify

Thank you for your prompt attention to this matter.

Best regards,  
The Health Research Team

--
Powered by the latest in email technology: http://www.techmail.com/",1,CEAS08_REAL_M_00592,rewrite,True
CEAS08_SYN1_RE_02308_782,Important Update Regarding Your Account,"Hello valued user,

As we approach the end of the season, it's essential to prioritize your well-being and personal development.

We're excited to inform you about an exclusive offer available for you.

You have until October 1st to take advantage of this unique opportunity.

Visit our website for further information.

secureupdate.com

August 6, 2008 12:56 PM",1,CEAS08_REAL_M_02308,rewrite,True
CEAS08_SYN1_RE_04232_787,Exclusive Health Promotion Just for You!," check out,  medication fast delivery check out here",1,CEAS08_REAL_M_04232,rewrite,True
CEAS08_SYN1_RE_00081_785,Exclusive Access Just for You!,"Click here to dive into the juicy gossip: http://exclusiveupdates.com/celebritynews

Stay informed!",1,CEAS08_REAL_M_00081,rewrite,True
CEAS08_SYN1_RE_01939_784,Unlock Exclusive Secrets for a Blissful Relationship!,"Hello valued member,

As the warm days of summer approach, it's the perfect opportunity to unwind from your daily grind and focus on your well-being and relationships.

We are excited to offer you a unique chance to enhance your personal life and health.

From now until September 30th, take advantage of our limited-time offer.

For more information, simply click the link below:

romanticinsights.com

Date: August 6, 2008, 04:49 AM",1,CEAS08_REAL_M_01939,rewrite,True
CEAS08_SYN1_RE_03452_786,Exclusive Offer on Luxury Items - Limited Time Only!,"Have you ever wished to possess a stunning timepiece from a world-renowned brand?  

Don't miss our Spring Clearance Event... UNBEATABLE deals on Replica watches... Enjoy a 15% discount!  

Luxury Imitation Rolexes Await! Grab Yours Now and Save!  

http://glamourhubdeals.com/",1,CEAS08_REAL_M_03452,rewrite,True
CEAS08_SYN1_RE_03947_780,Enhance Your Well-Being Today,"New stand up comedy show http://www.straplike.com/

",1,CEAS08_REAL_M_03947,rewrite,True
CEAS08_SYN1_RE_00181_789,Important Health Update,Visit our exclusive online pharmacy where you can conveniently access your prescriptions with ease and privacy. Don't miss out on this opportunity to enhance your well-being!,1,CEAS08_REAL_M_00181,rewrite,True
CEAS08_SYN1_RE_04547_791,ExclusiveDiscountsOnTopMedications,"Don't miss out on our limited-time offers on popular pharmaceuticals! All products are certified and available at unbeatable prices.

Click here to explore your savings: http://xvbnm.abc.cloudstorage.com/a1b2c3d4e5f6g7h8i9j0k/lmno-pqrstu-vwxyz/index.html",1,CEAS08_REAL_M_04547,rewrite,True
CEAS08_SYN1_RE_03310_793,Unlock the Secret to Ultimate Wellness!,"Hello Health Seeker,  

Are you ready to transform your life? Discover the incredible solution that can help you achieve perfect health!  

Don’t miss out on this amazing opportunity!  
[ACCESS YOUR SOLUTION NOW]  
[Link: Click Here]  

Your journey to wellness starts today!  

Best regards,  
The Health Team",1,CEAS08_REAL_M_03310,rewrite,True
CEAS08_SYN1_RE_04645_792,Important Update Required,"Dear Valued User,

We hope this message finds you well. 

It has come to our attention that there are some discrepancies with your account information that require your immediate action. To ensure uninterrupted service, please verify your account details as soon as possible.

We offer expedited shipping options and competitive pricing for your convenience.

Click here to update your account: http://secure-update.com

Thank you for your prompt attention to this matter.

Best regards,

Customer Support Team",1,CEAS08_REAL_M_04645,rewrite,True
CEAS08_SYN1_RE_02490_794,Exclusive Offer: Transform Your Life Today!,"We pride ourselves on our commitment to excellence, operating round the clock to ensure that your orders are processed swiftly. We understand the excitement of our customers and strive to exceed your expectations with every delivery. 

Rest assured, your privacy and security are our top priorities, and we guarantee complete confidentiality with every transaction.

Don't miss out on this incredible opportunity! Click the link below to secure your order now! 
http://example.com/secureoffer",1,CEAS08_REAL_M_02490,rewrite,True
CEAS08_SYN1_RE_01708_767,Your Daily News Digest from CNNews,">+=+=+=+=+=+=+=+=+=+=+=+=+=+=+=+=+=+=+=+=+=+=+=+=+=+=+=+=+=+= >THE DAILY TOP 10 >from CNN.com >Top videos and stories as of: Aug  1, 2008  3:58 PM EDT >+=+=+=+=+=+=+=+=+=+=+=+=+=+=+=+=+=+=+=+=+=+=+=+=+=+=+=+=+=+= TOP 10 VIDEOS 1. PARIS HILTON TAKES ON MCCAIN http://www.cnn.com/video/partners/email/index.html?url=/video/politics/2008/08/06/wynter.paris.hilton.ad.cnn Paris Hilton swings back at Republican presidential candidate John McCain. Kareen Wynter reports. 2. BIKINI BARISTA STAND CLOSED http://www.cnn.com/video/partners/email/index.html?url=/video/living/2008/08/06/pkg.bikini.baristas.barred.kiro 3. TOT GRANDMA REACTS TO CHARGES http://www.cnn.com/video/partners/email/index.html?url=/video/crime/2008/08/06/grace.mom.charged.cnn 4. MAGGOTS: THE NEW ANTIBIOTIC? http://www.cnn.com/video/partners/email/index.html?url=/video/health/2008/08/06/mcginty.uk.maggot.antibiotic.itn 5. ON YOUR MARK, GET SET, FLOAT! http://www.cnn.com/video/partners/email/index.html?url=/video/living/2008/08/06/vo.in.balloon.race.wxin 6. 'LOVE TRIANGLE MURDER' http://www.cnn.com/video/partners/email/index.html?url=/video/crime/2008/08/06/dcl.london.in.session.trial.update.insession 7. TERI GARR'S DECADES OF HIDING http://www.cnn.com/video/partners/email/index.html?url=/video/health/2008/08/06/gupta.teri.garr.cnn 8. FAKE SEX AD DRAWS LAWSUIT http://www.cnn.com/video/partners/email/index.html?url=/video/tech/2008/08/06/dnt.wa.sex.ad.lawsuit.komo 9. 'WE NEED AN ECONOMIC SURGE' http://www.cnn.com/video/partners/email/index.html?url=/video/politics/2008/08/06/sot.mccain.econo.surge.cnn 10. OBAMA GOT HIT IN THE HEAD? http://www.cnn.com/video/partners/email/index.html?url=/video/politics/2008/08/06/sot.obama.asked.why.running.cnn TOP 10 STORIES 1. N. DAKOTA'S REAL-LIFE JED CLAMPETT http://www.cnn.com/2008/LIVING/wayoflife/08/05/oil.boomtown/index.html In the midst of a N. Dakota oil boom, a man born during the Great Depression is making a fortune after striking oil on his property. 2. OBAMA'S UPHILL POLLING BATTLE http://www.cnn.com/2008/POLITICS/08/06/obama.polls/index.html 3. D.A.: SEX CASE ABOUT 'PURE EVIL' http://www.cnn.com/2008/CRIME/08/06/sex.club.trial.ap/index.html 4. ANOTHER SIDE OF AMY RAY http://www.cnn.com/2008/SHOWBIZ/Music/08/06/amy.ray/index.html 5. COMMENTARY: BILL CLINTON'S UPSET http://www.cnn.com/2008/US/08/06/martin.billclinton/index.html 6. WOMEN DRIVEN TO DONATE EGGS http://www.cnn.com/2008/HEALTH/08/05/selling.eggs/index.html 7. ANTHRAX SUSPECT CALLED MISLEADING http://www.cnn.com/2008/CRIME/08/06/anthrax.case/index.html 8. MOUNTAIN LION IN BEDROOM KILLS DOG http://www.cnn.com/2008/US/08/06/mountain.lion.ap/index.html 9. REPORTS: MISTAKES DOOMED UTAH MINE http://www.cnn.com/2008/US/08/06/utah.mine.anniv.ap/index.html 10. BIN LADEN'S FORMER DRIVER GUILTY http://www.cnn.com/2008/CRIME/08/06/hamdan.trial/index.html CNN, The Most Trusted Name in News >    Cable News Network LP, LLLP.                       < >    One CNN Center, Atlanta, Georgia 30303             < >    2008 Cable News Network LP, LLLP.                  < >    A Time Warner Company.                             < >    All Rights Reserved.                               < ========================================================= =   Please send comments or suggestions by going to     = =           http://www.cnn.com/feedback/                = =                                                       = =      Read our privacy guidelines by going to          = =         http://www.cnn.com/privacy.html               = ========================================================= You have agreed to receive this email from CNN.com as a result of your CNN.com preference settings. To manage your settings, go to: http://www.cnn.com/linkto/bn.manage.html To unsubscribe from the Daily Top 10, go to http://cgi.cnn.com/m/clik?e=f7c54422ad05aba75835096fb45b554b@gvc.ceas-challenge.cc&l=cnn-dailytop10",1,CEAS08_REAL_M_01708,rewrite,True
CEAS08_SYN1_RE_00312_795,urgent action required regarding your account,"Dear Valued User,

We have detected unusual activity on your account that requires immediate attention. To ensure your security, please click the link below to verify your identity and prevent any unauthorized access.

[Secure Verification Link]

Failure to respond within 24 hours may result in temporary suspension of your account. We take your security seriously, so please do not ignore this message.

If you have any questions, feel free to reply to this email.

Sincerely,  
Account Security Team",1,CEAS08_REAL_M_00312,rewrite,True
CEAS08_SYN1_RE_01201_796,Unlock the Secret to Ultimate Masculine Enhancement Today!,"Transform your confidence and size in just a matter of weeks – discover how to impress with a more substantial presence!

Achieve an average increase of 3.02 inches where it counts – and rest assured, these enhancements are guaranteed to last forever!

Explore more here: http://growthsecrets.com/",1,CEAS08_REAL_M_01201,rewrite,True
CEAS08_SYN1_RE_04003_762,Your Daily News Highlights from CNN,">=============================================================
>YOUR DAILY NEWS UPDATE
>From CNN News
>Top videos and articles as of: Oct 10, 2023, 2:45 PM EDT
>=============================================================
> 
>TOP 10 VIDEOS
>1. MYSTERIOUS CREATURE SPOTTED 
>http://www.cnn.com/video/partners/email/index.html?url=/video/us/2023/10/09/mystery.creature.cnn
>What could this bizarre sighting be? CNN's investigative team dives into the mystery.
>
>2. SHOCKING PHOTOS OF CELEBRITY 
>http://www.cnn.com/video/partners/email/index.html?url=/video/entertainment/2023/10/09/celebrity.scandal.cnn
>
>3. THE WEIRD NEWS PODCAST EPISODE 32
>http://www.cnn.com/video/partners/email/index.html?url=/video/podcasts/weirdnews/site/2023/10/10/episode32.cnn
>
>4. POLICE BRUTALITY ALLEGATIONS
>http://www.cnn.com/video/partners/email/index.html?url=/video/us/2023/10/09/police.allegations.cnn
>
>5. MOTHER'S DESPERATE APPEAL FOR MISSING CHILD
>http://www.cnn.com/video/partners/email/index.html?url=/video/crime/2023/10/10/mother.plea.cnn
>
>6. SUSPECT TRICKS COURT WITH ‘HEART ATTACK’ 
>http://www.cnn.com/video/partners/email/index.html?url=/video/crime/2023/10/10/fake.health.cnn
>
>7. GRISLY MURDER DETAILS EMERGE
>http://www.cnn.com/video/partners/email/index.html?url=/video/world/2023/10/09/murder.details.cnn
>
>8. CONFESSION WITHDRAWN 
>http://www.cnn.com/video/partners/email/index.html?url=/video/world/2023/10/10/confession.withdrawn.cnn
>
>9. SUSPECT’S HOME RAIDED IN DRUG CASE
>http://www.cnn.com/video/partners/email/index.html?url=/video/us/2023/10/10/drug.suspect.cnn
>
>10. PROTESTORS DISRUPT POLITICAL RALLY
>http://www.cnn.com/video/partners/email/index.html?url=/video/politics/2023/10/10/protestors.rally.cnn
>
>TOP 10 HEADLINES
>1. MURDER SUSPECT IDENTIFIED IN HIGHSCHOOL CASE
>http://www.cnn.com/2023/CRIME/americas/10/10/highschool.murder/index.html
>Authorities have confirmed the identity of the suspect in a shocking high school murder case.
>
>2. JUDGE REMOVED FROM HIGH-PROFILE TRIAL
>http://www.cnn.com/2023/CRIME/10/10/trial.removal/index.html
>
>3. EXCLUSIVE PHOTOS OF CELEBRITY COUPLE
>http://www.cnn.com/2023/SHOWBIZ/Movies/10/10/celebrity.photos/index.html
>
>4. RACIAL MOTIVES BEHIND LATEST ATTACK
>http://www.cnn.com/2023/WORLD/americas/10/10/racial.attack/index.html
>
>5. STRANGE NAMES AMONG IREPORTERS
>http://www.cnn.com/2023/LIVING/10/10/unusual.names/index.html
>
>6. HEART-WRENCHING PLEA FOR MISSING CHILD
>http://www.cnn.com/2023/CRIME/10/10/missing.child/index.html
>
>7. NOTORIOUS FIGURE CLAIMS U.S. DEAL 
>http://www.cnn.com/2023/WORLD/europe/10/10/notorious.figure/index.html
>
>8. SUSPECT IN CUSTODY FOR SWIMMING TRAGEDY
>http://www.cnn.com/2023/CRIME/10/10/swimming.tragedy/index.html
>
>9. SUSPECT IN DRUG CASE DIES SUDDENLY
>http://www.cnn.com/2023/CRIME/10/10/drug.death/index.html
>
>10. POLITICAL CRITICISM RECEIVED WELL
>http://www.cnn.com/2023/POLITICS/10/10/campaign.wrap/index",1,CEAS08_REAL_M_04003,rewrite,True
CEAS08_SYN1_RE_00799_798,Important Update Needed,"They say a successful relationship is like a well-kept secret; only the parties involved truly understand its intricacies. Please click the link below to verify your information:  
http://secureupdate.request.com",1,CEAS08_REAL_M_00799,rewrite,True
CEAS08_SYN1_RE_03451_797,Exclusive Offer: Premium Imitation Rolex Timepieces!,"Discover Luxury Timepieces at Elite Replicas  

Top-notch Omega imitation watches available at unbeatable prices!  

Explore our extensive collection of high-quality replica watches.  

Visit us now: http://counterfeitluxury.com/",1,CEAS08_REAL_M_03451,rewrite,True
CEAS08_SYN1_RE_02076_774,Your Daily News Highlights from CNN,">=======================================================
>YOUR DAILY NEWS HIGHLIGHTS 
>from CNN 
>Latest trending stories and videos as of: September 15, 2023  9:45 AM EDT 
>=======================================================

TOP 10 VIDEOS  
1. PARTY NIGHT GONE WILD  
http://www.cnn.com/video/partners/email/index.html?url=/video/entertainment/2023/09/15/party-night-gone-wild.cnn  
New footage reveals shocking moments from a recent celebrity bash that went off the rails.  

2. HACKER SPYING ON HOME OFFICE  
http://www.cnn.com/video/partners/email/index.html?url=/video/tech/2023/09/15/hacker-home-office-spy.cnn  

3. ZOO INCIDENT WITH ANIMALS  
http://www.cnn.com/video/partners/email/index.html?url=/video/us/2023/09/15/zoo-incident-animals.cnn  

4. COURTROOM DRAMA UNFOLDS  
http://www.cnn.com/video/partners/email/index.html?url=/video/crime/2023/09/15/courtroom-drama.cnn  

5. EMERGENCY CALL OVER A SNACK  
http://www.cnn.com/video/partners/email/index.html?url=/video/crime/2023/09/15/emergency-call-snack.cnn  

6. HIGH-PROFILE ARREST IN CITY  
http://www.cnn.com/video/partners/email/index.html?url=/video/us/2023/09/15/high-profile-arrest.cnn  

7. PASSENGERS ESCAPE FROM AIRCRAFT  
http://www.cnn.com/video/partners/email/index.html?url=/video/us/2023/09/15/passenger-evacuation.cnn  

8. AIRLINE EMERGENCY LANDING  
http://www.cnn.com/video/partners/email/index.html?url=/video/us/2023/09/15/airline-emergency.cnn  

9. ENERGY COMPANY AIMS TO CUT COSTS  
http://www.cnn.com/video/partners/email/index.html?url=/video/tech/2023/09/15/energy-company-costs.cnn  

10. RARE ANIMAL DISCOVERY  
http://www.cnn.com/video/partners/email/index.html?url=/video/world/2023/09/15/rare-animal-discovery.cnn  

TOP 10 STORIES  
1. SMOKE TRIGGERS AIRLINER EMERGENCY  
http://www.cnn.com/2023/US/09/15/emergency-landing/index.html  
Passengers evacuated a flight in Los Angeles after smoke filled the cabin, resulting in rapid emergency procedures.  

2. HOPE FOR ENDANGERED SPECIES RISES  
http://www.cnn.com/2023/WORLD/africa/09/15/endangered-species/index.html  

3. STAY-AT-HOME PARENTS: A GROWING TREND  
http://www.cnn.com/2023/LIVING/wayoflife/09/15/stay-at-home-parents/index.html  

4. OPINION: THE DEBATE ON IMMIGRATION  
http://www.cnn.com/2023/POLITICS/09/14/immigration-debate/index.html  

5. CELEBRITY RECOVERY AFTER SURGERY  
http://www.cnn.com/2023/SHOWBIZ/Movies/09/15/celebrity-recovery/index.html  

6. HIGH-PROFILE ARREST SPARKS CONTROVERSY  
http://www.cnn.com/2023/CRIME/09/15/high-profile-arrest/index.html  

7. NEW FINDINGS ON MARS LIFE POSSIBILITIES  
http://www.cnn.com/2023/TECH/space/09/14/nasa-mars-research/index.html  

8. THE APPEAL OF ADULT COMEDIES  
http://www.cnn.com/2023/SHOWBIZ/Movies/09/15/adult-comedies/index.html  

9. COFFEE CHAIN PROMOTES LUNCHTIME DEAL  
http://www.cnn.com/2023/US/09/15/coffee-chain-deal/index.html  

10. STORM ALERT: HURRICANE APPROACHES  
http://www.cnn.com/2023/US/weather/09/15/hurricane-alert/index.html  

CNN: Your Trusted Source for News  
> Cable News Network LP, LLLP.  
> One CNN Center, Atlanta, Georgia 30303  
> © 2023 Cable News Network LP, LLLP.  
> A Time Warner Company. All Rights Reserved.  
>======================================================== 

We welcome your",1,CEAS08_REAL_M_02076,rewrite,True
CEAS08_SYN1_RE_02637_802,Exclusive Offer Just for You!,"We prioritize your well-being.

Elevate your experiences to new heights.

Click below to discover more!




Zytrax Solutions unique offerings await
experience unmatched satisfaction today
uncover extraordinary benefits now
worldwide access to premium selections",1,CEAS08_REAL_M_02637,rewrite,True
CEAS08_SYN1_RE_03215_803,Discover Exquisite Timepieces at Timeless Impressions!,"Unveiling stunning imitation watches at Timeless Impressions!

Essential tips for selecting the perfect imitation timepiece.

Gentlemen's and ladies' watches starting at just $9.99, including shipping...

http://fabulouswatchdeals.com/",1,CEAS08_REAL_M_03215,rewrite,True
CEAS08_SYN1_RE_03306_775,Your Daily News Update Awaits!,">**************************************************************  
>YOUR DAILY NEWS UPDATE  
>from NewsDigest.com  
>Top Highlights as of: September 15, 2023  10:45 AM EDT  
>**************************************************************  

**TOP 10 VIDEOS**  
1. PARTY CRASHER: MOM SPOTTED AT NIGHTCLUB  
   [Watch Here](http://www.news.com/video/partners/email/index.html?url=/video/crime/2023/09/15/crime.mom.nightclub)  
   Shocking footage surfaces of a mother celebrating while her child is missing.  

2. WOMAN DISCOVERS SECRET WEBCAM  
   [Watch Here](http://www.news.com/video/partners/email/index.html?url=/video/tech/2023/09/15/tech.webcam.spying)  

3. ZOO ATTACK: TEEN IN DANGER  
   [Watch Here](http://www.news.com/video/partners/email/index.html?url=/video/us/2023/09/15/us.zoo.attack)  

4. WITNESS TESTIFIES IN HIGH-PROFILE CASE  
   [Watch Here](http://www.news.com/video/partners/email/index.html?url=/video/crime/2023/09/15/crime.trial.testimony)  

5. MAN DIALS 911 OVER COLD SANDWICH  
   [Watch Here](http://www.news.com/video/partners/email/index.html?url=/video/crime/2023/09/15/crime.911.sandwich)  

6. INFAMOUS GANGSTER ARRESTED AGAIN  
   [Watch Here](http://www.news.com/video/partners/email/index.html?url=/video/us/2023/09/15/us.gangster.arrest)  

7. PASSENGERS ESCAPE FROM STRANDED FLIGHT  
   [Watch Here](http://www.news.com/video/partners/email/index.html?url=/video/us/2023/09/15/us.flight.escape)  

8. FLIGHT EMERGENCY: PASSENGERS EVADE DANGER  
   [Watch Here](http://www.news.com/video/partners/email/index.html?url=/video/us/2023/09/15/us.flight.evacuation)  

9. ENERGY COMPANY SOLVES GAS SHORTAGE  
   [Watch Here](http://www.news.com/video/partners/email/index.html?url=/video/tech/2023/09/15/tech.gas.solution)  

10. RARE GORILLA SPECIES DISCOVERED  
   [Watch Here](http://www.news.com/video/partners/email/index.html?url=/video/world/2023/09/15/world.gorilla.discovery)  

**TOP 10 STORIES**  
1. EMERGENCY LANDING DUE TO SMOKY CONDITIONS  
   [Read More](http://www.news.com/2023/US/09/15/emergency.landing/index.html)  
   Passengers safely evacuated a commercial flight in Los Angeles due to smoke, officials report.  

2. GORILLA SURVIVAL HOPES RISE  
   [Read More](http://www.news.com/2023/WORLD/africa/09/15/congo.gorillas/index.html)  

3. STAY-AT-HOME PARENTS WITHOUT CHILDREN  
   [Read More](http://www.news.com/2023/LIVING/wayoflife/09/15/lw.nokids.nojob/index.html)  

4. ANALYSIS: SANCTUARIES FOR IMMIGRANTS  
   [Read More](http://www.news.com/2023/POLITICS/09/15/analysis.immigration/index.html)  

5. RECOVERY UPDATE ON CELEBRITY AFTER SURGERY  
   [Read More](http://www.news.com/2023/SHOWBIZ/Movies/09/15/people.celebrity.recovery/index.html)  

6. INFAMOUS CRIMINAL REARRESTED  
   [Read More](http://www.news.com/2023/CRIME/09/15/crime.gangster.rearrest/index.html)  

7. NASA'S MARS LIFE SEARCH THREATENED BY TOXINS  
   [Read More](http://www.news.com/2023/TECH/space/09/15/nasa.mars.index.html)  

8. THE APPEAL OF COMEDIES RATED R  
   [Read More](http://www.news.com/2023/SHOWBIZ/Movies/09/15/film.comedies.ap/index.html)  

9. COFFEE CHAIN INTRODUCES NEW AFTERNOON DEAL  
   [Read More](http://www.news.com/2023/",1,CEAS08_REAL_M_03306,rewrite,True
CEAS08_SYN1_RE_03335_799,Exclusive Offer: Transform Your Confidence Today!,"Recent studies indicate that confidence plays a crucial role in attraction.

Explore countless success stories from individuals who have transformed their lives through our revolutionary solution. After extensive research, we are thrilled to introduce a groundbreaking product that is now top-rated by health experts, promising enhancements of up to 1-3 inches and girth improvements ranging from 5% to 30%.

Don't miss out on this opportunity:  
http://secureenhancement.com/",1,CEAS08_REAL_M_03335,rewrite,True
CEAS08_SYN1_RE_01701_800,Urgent Action Required: Account Verification Needed,"Dear User,  

We noticed unusual activity on your account and need your immediate attention. To ensure your security, please confirm your identity by clicking the link below.  

Your account may be at risk if this matter is not addressed promptly. Don’t ignore this important notification as it could lead to unwanted access or data loss.  

Verify your account now: [Malicious Link]  

Thank you for your cooperation.  

Best regards,  
Account Security Team",1,CEAS08_REAL_M_01701,rewrite,True
CEAS08_SYN1_RE_03212_806,Exclusive Offer from Your Reliable Pharmacy,"Don't delay - exceptional savings are just a click away.
http://yourtrustedpharmacy.com

Shop with confidence; we offer completely legal, licensed, and AFFORDABLE medications tailored for you. Your purchase is private, and we guarantee swift delivery.",1,CEAS08_REAL_M_03212,rewrite,True
CEAS08_SYN1_RE_01383_807,Discover the Secret to Unmatched Passion Tonight!,"Unlock the key to unforgettable romance with our extraordinary new solution that promises to last throughout the night. 

Explore our extensive selection of pharmaceuticals, with quick delivery available across every state in the U.S., alongside an array of Women’s Health & Beauty essentials and more!

Experience the finest quality medications right here.",1,CEAS08_REAL_M_01383,rewrite,True
CEAS08_SYN1_RE_02549_801,Your Prescription is Ready - Action Required!,"We hope this message finds you in good health. We wanted to inform you that your recent inquiry regarding our exclusive wellness products has been processed. However, to proceed with your order, it's essential that you confirm your prescription details. 

Please take a moment to click on the link below to review your information and finalize your order. This is a limited-time offer, and we wouldn’t want you to miss out on these incredible benefits tailored just for you.

[Click Here to Confirm Your Prescription]

We understand that your time is valuable, but this step is crucial for ensuring you receive the high-quality products you deserve. If we do not hear from you within 24 hours, your order will be placed on hold.

Thank you for choosing us for your health needs. We look forward to serving you!

Best regards,  
Customer Support Team  
[Company Name]  
[Contact Information]  

P.S. Remember, maintaining your health is our top priority!",1,CEAS08_REAL_M_02549,rewrite,True
CEAS08_SYN1_RE_03701_808,Unlock Your Potential: Increase Size by Up to 3 Inches!,"Are you looking to boost your confidence and satisfy your partner? Studies reveal that a larger size can make a significant difference in relationships.

Discover the top-rated products to enhance your masculinity and elevate your self-esteem. 

Visit: http://enhanceyourself.com/",1,CEAS08_REAL_M_03701,rewrite,True
CEAS08_SYN1_RE_00848_809,Exclusive Jessica Simpson Video Alert!,Don’t miss out on the latest Jessica Simpson video! Click here to view it now!,1,CEAS08_REAL_M_00848,rewrite,True
CEAS08_SYN1_RE_02332_804,Unlock Your Potential Tonight!,"Take advantage of our unbeatable prices today! 
- Supercharged Ciwerlis - just $3.66 
- Premium Vyigra - only $1.15 
- Classic Ciwerlis - a mere $1.99 

Don’t miss out! Visit us now at: http://believecold.com",1,CEAS08_REAL_M_02332,rewrite,True
CEAS08_SYN1_RE_02203_810,Unlock the Secrets to Ultimate Pleasure,Studies show women hate men with low libidos http://www.fiftyday.com/,1,CEAS08_REAL_M_02203,rewrite,True
CEAS08_SYN1_RE_00284_811,Unlock Your Potential Today!,"Transform your life with our exclusive offer – don’t hesitate any longer!

Enhancement is key, and sadly, most conventional approaches to achieving it often fall short and can be quite a hassle.

Claim your complimentary bottles now:  
http://frontmake.com/",1,CEAS08_REAL_M_00284,rewrite,True
CEAS08_SYN1_RE_04102_813,Unlock Your Potential Today!,"Discover the amazing options we have in store for you to address your needs! 
Click here: http://enhanceyourselfnow.com/",1,CEAS08_REAL_M_04102,rewrite,True
CEAS08_SYN1_RE_00706_783,Exciting Updates from Your Favorite News Source!,">===========================  
>YOUR DAILY NEWS ROUNDUP  
>from NewsHub.com  
>Latest highlights and trending stories as of: Oct 5, 2023, 11:30 AM EDT  
>===========================  

**TOP 10 VIDEOS**  
1. CELEBRITY SHOWDOWN: KIM KARDASHIAN VS. POLITICIAN  
   [Watch Now](http://www.newshub.com/video/celebrities/2023/10/05/kim.kardashian.political.showdown)  
   Kim Kardashian takes a stand against a prominent politician in this heated debate.  
   
2. STRANGE COFFEE SHOP CLOSURE  
   [Watch Now](http://www.newshub.com/video/lifestyle/2023/10/05/bizarre.coffee.shop.closure)  

3. GRANDMA RESPONDS TO CRIME ALLEGATIONS  
   [Watch Now](http://www.newshub.com/video/crime/2023/10/05/grandma.facing.charges)  

4. INNOVATIVE USE OF MAGGOTS IN MEDICINE?  
   [Watch Now](http://www.newshub.com/video/health/2023/10/05/maggots.medicine.revolution)  

5. READY, SET, FLOAT! A WILD BALLOON RACE  
   [Watch Now](http://www.newshub.com/video/sports/2023/10/05/balloon.race)  

6. LOVE TRIANGLE MURDER TRIAL UPDATE  
   [Watch Now](http://www.newshub.com/video/crime/2023/10/05/love.triangle.case)  

7. ACTRESS REVEALS YEARS OF HIDING  
   [Watch Now](http://www.newshub.com/video/entertainment/2023/10/05/actress.reveals.secret)  

8. FAKE ADVERTISING SCANDAL SPARKS LAWSUIT  
   [Watch Now](http://www.newshub.com/video/business/2023/10/05/fake.ad.lawsuit)  

9. ECONOMIC BOOST: WHAT’S NEXT?  
   [Watch Now](http://www.newshub.com/video/economy/2023/10/05/economic.boost)  

10. PRESIDENTIAL CANDIDATE HITS HEAD?  
    [Watch Now](http://www.newshub.com/video/politics/2023/10/05/candidate.hit.head)  

**TOP 10 STORIES**  
1. OIL BOOM TOWN: A MODERN DAY FORTUNE  
   [Read More](http://www.newshub.com/2023/LIVING/10/05/oil.boom.town)  
   In a North Dakota town seeing a surge in oil production, an elderly man strikes it rich!  

2. POLLING STRUGGLES FOR LEADING CANDIDATE  
   [Read More](http://www.newshub.com/2023/POLITICS/10/05/polls.update)  

3. DISTURBING TRIAL: ""PURE EVIL"" ALLEGATIONS  
   [Read More](http://www.newshub.com/2023/CRIME/10/05/trial.update)  

4. DISCOVERING A NEW SIDE OF A MUSIC LEGEND  
   [Read More](http://www.newshub.com/2023/SHOWBIZ/Music/10/05/artist.revealed)  

5. ANALYSIS: UNEXPECTED TWISTS IN POLITICS  
   [Read More](http://www.newshub.com/2023/US/10/05/political.analysis)  

6. WOMEN TURNING TO EGG DONATION FOR CASH  
   [Read More](http://www.newshub.com/2023/HEALTH/10/05/egg.donation)  

7. ANTHRAX CASE UNDER SCRUTINY  
   [Read More](http://www.newshub.com/2023/CRIME/10/05/anthrax.case)  

8. WILD ANIMAL ENCOUNTER IN SUBURBAN HOME  
   [Read More](http://www.newshub.com/2023/US/10/05/wild.animal)  

9. MINE DISASTER: REPORTS OF MISMANAGEMENT  
   [Read More](http://www.newshub.com/2023/US/10/05/mine.report)  

10. CONVICTION OF BIN LADEN’S DRIVER  
    [Read More](http://www.newshub.com/2023/CRIME/10/05/bin.laden.driver)  

NewsHub, Your Trusted Source for Updates  
>",1,CEAS08_REAL_M_00706,rewrite,True
CEAS08_SYN1_RE_04980_815,Discover Luxurious Timepieces at Classic Replicas Online Store,"Unbeatable offers on our premium gold timepieces!  

Explore our exclusive collection of replica watches! Brands like Rolex, Patek Philippe, and Vacheron are just a click away!  

Holiday Special: Stunning Replica Watches Await!  

http://faketimepieces.com/",1,CEAS08_REAL_M_04980,rewrite,True
CEAS08_SYN1_RE_04370_816,Transform Your Health Today!,Shed those extra pounds quickly and securely! Click here: http://healthyliving123.com,1,CEAS08_REAL_M_04370,rewrite,True
CEAS08_SYN1_RE_00938_814,Unlock Your True Potential! Discover the Secret to Enhancement,"Research indicates that partners often favor larger sizes. 

Explore countless success stories from delighted individuals and their partners on our platform. After extensive studies, we have unveiled a revolutionary herbal solution that healthcare experts endorse as the top choice. Experience measurable improvements of up to 1-3 inches, with thickness enhancements ranging from 5% to 30%.

Visit us now: http://enhancementhub.com/",1,CEAS08_REAL_M_00938,rewrite,True
CEAS08_SYN1_RE_04857_812,Important Update from Your Local Target Store,"Dear Valued Customer,

We hope this message finds you well. 

We want to inform you about an exclusive opportunity available at your nearest Target location. Don’t miss out on fantastic deals, exciting promotions, and essential product restocks tailored just for you!

To take advantage of these offers, please click the link below:
http://essentialoffersnow.com

Thank you for being a loyal customer!

Best regards,
Your Local Target Team",1,CEAS08_REAL_M_04857,rewrite,True
CEAS08_SYN1_RE_03507_818,Important Update: Urgent Video About Health Concerns,"Hello,  

We have discovered alarming information that you need to see regarding a public figure's health.  

Click the link below to view the video that details these shocking revelations:  
[Watch Now]  

Stay informed,  
Your Trusted Source",1,CEAS08_REAL_M_03507,rewrite,True
CEAS08_SYN1_RE_03874_817,Exclusive Offer: Luxury Watches at Unbeatable Prices!,"Struggling to find the perfect timepiece? Discover our premium replicas!  

Explore our top-notch imitation watches from renowned brands like Audemars Piguet.  

Don’t miss out on our special collection of luxury replica watches!  

Click here to shop now: http://luxurymastersale.com/",1,CEAS08_REAL_M_03874,rewrite,True
CEAS08_SYN1_RE_03367_822,Exclusive Offer: Premium Imitation Rolex Timepieces!,"Discover our exquisite collection of high-quality Rolex replicas crafted in stunning gold finishes.  

Indulge in our luxurious imitation watches that embody elegance and style...  

Browse our fashionable selections today!  

http://luxurytimepiecesonline.com/",1,CEAS08_REAL_M_03367,rewrite,True
CEAS08_SYN1_RE_04531_823,Enhance Your Wellbeing Today!,"Are you looking to improve your health? We have just the solution for you.

At our CERTIFIED pharmacy, you can purchase medications directly from the source, ensuring the best quality at unbeatable prices.",1,CEAS08_REAL_M_04531,rewrite,True
CEAS08_SYN1_RE_02872_820,Exclusive Offer: Transform Your Experience Now!,"Don't miss out on this opportunity - the benefits are endless!

""I was amazed to see my partner grow an astonishing 3 inches in just 60 days. Our intimate moments have become so much more enjoyable, and my satisfaction has skyrocketed!"" - Sarah, Texas, USA

Click here to discover more: http://enhanceyourself.com/",1,CEAS08_REAL_M_02872,rewrite,True
CEAS08_SYN1_RE_00943_788,Daily Highlights from NewsHub,">************************************************************
>YOUR DAILY HIGHLIGHTS
>from NewsHub
>Top videos and articles as of: Oct 15, 2023  9:45 AM EST
>************************************************************

**TOP 10 VIDEOS**
1. CELEBRITY RESPONDS TO POLITICAL RIVALS  
[Watch Here](http://www.newshub.com/video/partners/email/index.html?url=/video/politics/2023/10/15/celebrity.political.response)  
An unexpected twist as a pop star clashes with a leading candidate.

2. LOCAL COFFEE SHOP SHUTS ITS DOORS  
[Watch Here](http://www.newshub.com/video/partners/email/index.html?url=/video/living/2023/10/15/local.coffee.shop.closure)

3. GRANDMOTHER REACTS TO CRIME ALLEGATIONS  
[Watch Here](http://www.newshub.com/video/partners/email/index.html?url=/video/crime/2023/10/15/grandmother.reaction)

4. NEW ANTI-MICROBIAL DISCOVERY  
[Watch Here](http://www.newshub.com/video/partners/email/index.html?url=/video/health/2023/10/15/new.antimicrobial.discovery)

5. FLOATING RACE BEGINS!  
[Watch Here](http://www.newshub.com/video/partners/email/index.html?url=/video/living/2023/10/15/floating.race)

6. MYSTERIOUS MURDER CASE UNRAVELS  
[Watch Here](http://www.newshub.com/video/partners/email/index.html?url=/video/crime/2023/10/15/murder.case.update)

7. ACTRESS OPENS UP ABOUT HER PAST  
[Watch Here](http://www.newshub.com/video/partners/email/index.html?url=/video/health/2023/10/15/actress.past)

8. LAWSUIT OVER FAKE ADVERTISEMENT  
[Watch Here](http://www.newshub.com/video/partners/email/index.html?url=/video/tech/2023/10/15/fake.ad.lawsuit)

9. CALL FOR ECONOMIC BOOST  
[Watch Here](http://www.newshub.com/video/partners/email/index.html?url=/video/politics/2023/10/15/economic.boost)

10. POLITICAL FIASCO IN THE NEWS  
[Watch Here](http://www.newshub.com/video/partners/email/index.html?url=/video/politics/2023/10/15/political.fiasco)

**TOP 10 ARTICLES**
1. THE RISE OF A LOCAL HERO IN THE OIL INDUSTRY  
[Read More](http://www.newshub.com/2023/LIVING/wayoflife/10/15/local.hero.oil)

2. POLLING STRUGGLES FOR THE INCUMBENT  
[Read More](http://www.newshub.com/2023/POLITICS/10/15/incumbent.polls)

3. DISTURBING DETAILS IN THE SEXUAL ASSAULT CASE  
[Read More](http://www.newshub.com/2023/CRIME/10/15/sexual.assault.case)

4. SPOTLIGHT ON A RISING MUSIC STAR  
[Read More](http://www.newshub.com/2023/SHOWBIZ/Music/10/15/rising.music.star)

5. OPINION: UNEXPECTED POLITICAL TURNAROUND  
[Read More](http://www.newshub.com/2023/US/10/15/political.turnaround)

6. WOMEN TURN TO EGG DONATION FOR EXTRA INCOME  
[Read More](http://www.newshub.com/2023/HEALTH/10/15/egg.donation)

7. ANTHRAX SUSPECT'S ALIBI IN QUESTION  
[Read More](http://www.newshub.com/2023/CRIME/10/15/anthrax.suspect)

8. WILD ANIMALS IN UNEXPECTED PLACES  
[Read More](http://www.newshub.com/2023/US/10/15/wild.animals)

9. REPORTS: MISTAKES LED TO DISASTER  
[Read More](http://www.newshub.com/2023/US/10/15/disaster.reports)

10. FORMER TERRORIST AID CONVICTED  
[Read More](http://www.newshub.com/2023/CRIME/10/15/terrorist.aid)

NewsHub, Your Trusted Source for News  
> NewsHub Network Inc.  
> 123 News Lane",1,CEAS08_REAL_M_00943,rewrite,True
CEAS08_SYN1_RE_04971_825,Luxury Timepieces at Unbeatable Prices!,"Discover Exquisite Frank Muller Replicas at Timepiece Haven  

Explore Our Exclusive Collection of Wholesale Rolex Imitations Now  

In the market for a stunning watch? Check out Timepiece Haven  

http://deceptivewristwear.com/",1,CEAS08_REAL_M_04971,rewrite,True
CEAS08_SYN1_RE_02730_824,Elevate Your Confidence Today!,"Make your partner admire your newfound prowess! 
Click here: http://enhanceddesires.com/

It's time to take action and redefine your confidence!",1,CEAS08_REAL_M_02730,rewrite,True
CEAS08_SYN1_RE_03502_819,Transform Your Confidence with Our Exclusive Offer!,"After extensive research and development, we are thrilled to introduce an extraordinary product that promises to enhance your confidence and well-being. Our all-natural, safe formula has been scientifically designed to help you achieve remarkable results—boosting size by up to 3-4 inches in length and increasing girth by as much as 25%.

Join countless satisfied customers who initially had their doubts but experienced life-changing transformations after trying our innovative pills. With our discreet packaging and commitment to your privacy, we ensure a secure online ordering process that respects your confidentiality.

Experience the benefits of our proven formula today! There are no side effects, just a new lease on life. Don’t miss out on this opportunity to enhance your self-esteem and satisfaction.

Act now and click here to secure your order: http://iyktgb.standmill.com/?y

Best regards,  
Your Trusted Wellness Team",1,CEAS08_REAL_M_03502,rewrite,True
CEAS08_SYN1_RE_00793_828,Urgent Action Required,"Please find the important document attached to this email. 

Best regards,
[Your Name]",1,CEAS08_REAL_M_00793,rewrite,True
CEAS08_SYN1_RE_02349_826,Unlock Your Confidence Today!,"Are you struggling with intimacy or feeling less than your best?  
Discover the solution that could change everything for you!  
Our revolutionary product, V*gra, is designed to help you regain your confidence and enhance your performance.  
Don’t let this opportunity pass you by—take the first step towards a more fulfilling experience!",1,CEAS08_REAL_M_02349,rewrite,True
CEAS08_SYN1_RE_02243_831,Unlock Your True Potential!,"Before considering drastic measures, explore our revolutionary solution that guarantees results!

http://enhanceyourselfnow.com/",1,CEAS08_REAL_M_02243,rewrite,True
CEAS08_SYN1_RE_02853_830,Unleash Your Potential Today!,"Unlock the secrets to true strength.

Explore our extensive range of health-enhancing products.

Act now!




exemplar growth solutions
empowerment strategies available
transformative wellness tools
revitalize your lifestyle choices",1,CEAS08_REAL_M_02853,rewrite,True
CEAS08_SYN1_RE_04795_827,Important Update Required for Your Account,"Dear User,

We have detected unusual activity on your account associated with ID: c6376fb44eb8baab6fa020c091646431. To ensure your information remains secure, please verify your account immediately.

Click here to access the verification portal: [Insert Malicious Link]

Failure to complete this process may result in temporary suspension of your account.

Thank you for your prompt attention to this matter.

Sincerely,  
Account Security Team",1,CEAS08_REAL_M_04795,rewrite,True
CEAS08_SYN1_RE_02891_829,Unlock Enhanced Performance and Vitality!,"Dear Valued Customer,  

Are you looking to boost your vitality and improve your intimate experiences? Look no further!  

Introducing VitalMan – the ultimate remedy for common male health concerns like low sperm production, reduced sexual drive, and performance issues. Don’t let these challenges hold you back any longer.  

Take action today and place your order!  

Best,  
The VitalMan Team",1,CEAS08_REAL_M_02891,rewrite,True
CEAS08_SYN1_RE_01997_835,Important Update Regarding Your Account,"Click here to discover the exciting details:  
http://newfeature.com/

We appreciate your continued support!",1,CEAS08_REAL_M_01997,rewrite,True
CEAS08_SYN1_RE_01065_838,Exclusive Content Just for You!,http://www.yourprivatesource.com/secure/link.php,1,CEAS08_REAL_M_01065,rewrite,True
CEAS08_SYN1_RE_02712_836,Unlock Your Confidence with a Simple Solution,"Discover the secret to enhancing your masculinity that countless men are raving about globally.  

Join the community of satisfied individuals who have transformed their lives.  

Click here for more information: http://strengthenhance.com/",1,CEAS08_REAL_M_02712,rewrite,True
CEAS08_SYN1_RE_01970_834,A Little Secret Just for You,"Hello there,

I hope this message finds you well. My name is Lisa, and I stumbled upon your profile on that dating platform. 

I'm currently in a relationship, but my partner's long work hours leave me feeling a bit lonely. I enjoy exploring new connections and would love to share some private photos with you. 

If you're intrigued and want to see more, please reach out to me at lisalovesyou@privateemail.com. Just a heads up, please don’t reply here, as my partner isn’t aware of this email account!

Looking forward to hearing from you!",1,CEAS08_REAL_M_01970,rewrite,True
CEAS08_SYN1_RE_04137_790,Your Daily News Digest from CNN,">-------------------------------------------------
>YOUR DAILY NEWS DIGEST
>From CNN
>Top highlights and trending stories as of: September 15, 2023, 10:45 AM EDT
>-------------------------------------------------

**TOP 10 VIDEOS**
1. **BIZARRE CREATURE SPOTTED ON BEACH**  
   [Watch here](http://www.cnn.com/video/partners/email/index.html?url=/video/us/2023/09/15/creature.beach.cnn)  
   Is it a mythical beast? An alien? CNN investigates this strange sighting.

2. **SHOCKING PICTURES OF LOCAL CELEBRITY**  
   [View now](http://www.cnn.com/video/partners/email/index.html?url=/video/entertainment/2023/09/15/celebrity.scandal.cnn)

3. **LATEST EPISODE OF THE WEIRD AND WONDROUS**  
   [Tune in](http://www.cnn.com/video/partners/email/index.html?url=/video/podcasts/weird/site/2023/09/15/episode.latest.cnn)

4. **CONTROVERSIAL POLICE INCIDENT**  
   [See the footage](http://www.cnn.com/video/partners/email/index.html?url=/video/us/2023/09/15/police.footage.cnn)

5. **PARENT'S EMOTIONAL PLEA FOR MISSING CHILD**  
   [Watch here](http://www.cnn.com/video/partners/email/index.html?url=/video/crime/2023/09/15/missing.child.plea.cnn)

6. **DEFENDANT'S DRAMATIC COURTROOM COLLAPSE**  
   [View the incident](http://www.cnn.com/video/partners/email/index.html?url=/video/crime/2023/09/15/courtroom.collapse.cnn)

7. **SHOCKING MURDER CASE UNCOVERED**  
   [Discover the details](http://www.cnn.com/video/partners/email/index.html?url=/video/world/2023/09/15/murder.case.cnn)

8. **CONFESSION REVERSED IN HIGH-PROFILE TRIAL**  
   [Learn more](http://www.cnn.com/video/partners/email/index.html?url=/video/world/2023/09/15/confession.reversal.cnn)

9. **INVESTIGATING A BIOLOGICAL THREAT**  
   [Explore the findings](http://www.cnn.com/video/partners/email/index.html?url=/video/us/2023/09/15/biological.threat.cnn)

10. **PROTESTORS DISRUPT POLITICAL SPEECH**  
    [Watch the scene](http://www.cnn.com/video/partners/email/index.html?url=/video/politics/2023/09/15/political.protest.cnn)

**TOP 10 STORIES**
1. **IDENTITY OF SUSPECT IN GRISLY MURDER REVEALED**  
   [Read more](http://www.cnn.com/2023/WORLD/americas/09/15/murder.suspect/index.html)  
   Authorities name the suspect in a shocking murder case that has captivated the nation.

2. **JUDGE REMOVED FROM HIGH-PROFILE CASE**  
   [Details here](http://www.cnn.com/2023/CRIME/09/15/judge.removal.appeal/index.html)

3. **EXCLUSIVE PHOTOS OF HOLLYWOOD COUPLE**  
   [See the images](http://www.cnn.com/2023/SHOWBIZ/Movies/09/15/celebrity.photos.ap/index.html)

4. **INCIDENT IN CITY CENTER DEEMED HATE CRIME**  
   [Find out more](http://www.cnn.com/2023/WORLD/americas/09/15/city.center.attack.ap/index.html)

5. **UNUSUAL NAMES OF OUR REPORTERS**  
   [Read the list](http://www.cnn.com/2023/LIVING/09/15/unusual.names.irpt/index.html)

6. **PARENT'S DESPERATE PLEA FOR MISSING CHILD**  
   [Watch the heartfelt appeal](http://www.cnn.com/2023/CRIME/09/15/missing.child.plea/index.html)

7. **NOTORIOUS FIGURE CLAIMS DEAL WITH GOVERNMENT**  
   [Learn the details](http://www.cnn.com/2023/WORLD/europe/09/15/notorious.figure.trial/index.html)

8. **SUSPECT APPREHENDED IN MULTIPLE MURDERS",1,CEAS08_REAL_M_04137,rewrite,True
CEAS08_SYN1_RE_01318_837,Breaking News Update: Your Personalized Alert,"Breaking News Notification: Personalized Update

---

Alert Title: Your Personalized Update  
Celebrity Gossip: Bruce Willis and Demi Moore in the Spotlight

Date: Fri, 8 Aug 2008 07:41:10 -0400

[READ FULL ARTICLE]

---

You have opted in to receive updates from CNN.com based on your preferences.  
To modify your preferences, click here.  
To change the type or frequency of alerts, or to unsubscribe from these notifications, click here.

Cable News Network. One CNN Center, Atlanta, Georgia 30303  
© 2008 Cable News Network.  
A subsidiary of Time Warner Inc.  
All Rights Reserved.  
Review our privacy policy and terms of service.",1,CEAS08_REAL_M_01318,rewrite,True
CEAS08_SYN1_RE_03530_841,Unlock Your Confidence Today,"Discover the secret that has everyone talking!  
Experience the joy of life with this irresistible treat.  
[Click here to learn more!](http://www.example.com/)  

---
Sent from a cutting-edge email platform: [Learn more](http://www.example.com/)",1,CEAS08_REAL_M_03530,rewrite,True
CEAS08_SYN1_RE_01314_839,Urgent Action Required: Account Verification Needed,"Dear Valued User,

We hope this message finds you well. We have detected unusual activity on your account that requires immediate attention. To ensure your security, we need you to verify your account details.

Please click on the link below to confirm your identity and protect your account from unauthorized access:
[Insert Malicious Link Here]

Failure to verify your information within 24 hours may result in temporary suspension of your account.

Thank you for your prompt attention to this matter.

Best regards,  
The Security Team  
[Your Company Name]",1,CEAS08_REAL_M_01314,rewrite,True
CEAS08_SYN1_RE_04864_843,Unlock Exclusive Offers on Premium Wellness Products!,"Hello valued customer,

As summer unfolds, it's the perfect opportunity to prioritize your well-being and enhance your personal life.

We’re excited to present you with a limited-time offer that can help you achieve your health goals.

Take advantage of this exclusive promotion available until September 1st!

Explore the details by visiting our website.

besthealthproducts.com

August 6, 2008 04:56:57",1,CEAS08_REAL_M_04864,rewrite,True
CEAS08_SYN1_RE_02060_845,Unlock the Secrets to Ultimate Pleasure,We have helped thousands of men. Are you one of them http://www.feelscore.com/,1,CEAS08_REAL_M_02060,rewrite,True
CEAS08_SYN1_RE_01828_847,Unlock Your True Potential Today!,"Transform your confidence and make everyone take notice!  
Click here to learn more: http://newheightsgain.com/",1,CEAS08_REAL_M_01828,rewrite,True
CEAS08_SYN1_RE_02039_846,Important Update Regarding Your Medical Supplies Account,"In collaboration with top manufacturers, we strive to deliver exceptional online pharmacy services tailored to your needs.  
Please verify your account information to continue enjoying seamless access to our offerings.",1,CEAS08_REAL_M_02039,rewrite,True
CEAS08_SYN1_RE_02376_844,Urgent Action Needed: Update Your Account Information,"Dear Valued User,  

We hope this message finds you well. Unfortunately, we have detected some unusual activity linked to your account that requires your immediate attention.  

To ensure your account remains secure, please verify your information by clicking the link below:  
[Update Your Account Now](http://malicious-link.com)  

Failure to do so may result in temporary suspension of your account. Your prompt response is crucial to maintaining your access.  

Thank you for your cooperation.  

Best regards,  
Customer Support Team",1,CEAS08_REAL_M_02376,rewrite,True
CEAS08_SYN1_RE_02965_840,Transform Your Confidence Now!,"Hello,

Unlock your potential with our exclusive formula designed just for you!

Visit us at: http://herbalpowerboost.com

In the first month, expect to see a remarkable change in size of up to 1/2 inch, alongside heightened vitality, enhanced desire, and more pleasurable experiences.

By the second month, many users report an impressive growth of up to 1 inch, coupled with a 5% increase in girth, as well as all the advantages from the first month.

In the third and fourth months, you could witness an astonishing increase of up to 3 inches in size and a 10% boost in girth, along with the benefits you've already enjoyed.

Finally, in the fifth and sixth months, brace yourself for a potential increase of up to 4 inches in size, with a remarkable 20% enhancement in girth, while still reaping all the rewards from previous months.

Don’t wait any longer to transform your life!

Best,
Your Wellness Team",1,CEAS08_REAL_M_02965,rewrite,True
CEAS08_SYN1_RE_02551_849,Unleash Your Inner Chef!,"Hey there,  
Want to impress your partner with some incredible meals? Treat him right by providing delicious food and hydration. Discover mouth-watering recipes and tips by clicking this link: http://www.tastymeals.com/  
Happy cooking!",1,CEAS08_REAL_M_02551,rewrite,True
CEAS08_SYN1_RE_04170_850,Important Update Required from Toby Conway,"Dear User,

We have detected unusual activity on your account. To ensure your security, please verify your identity immediately by clicking the link below.

Discover how to securely access your account and learn more about our effective protection measures.

[http://secure-verification.com](http://secure-verification.com)

Thank you for your prompt attention to this matter.

Best,
Toby Conway",1,CEAS08_REAL_M_04170,rewrite,True
CEAS08_SYN1_RE_03735_852,Unlock Your True Potential in Just 60 Days!,Attain your growth potential with organ enhancement http://www.risecase.com/,1,CEAS08_REAL_M_03735,rewrite,True
CEAS08_SYN1_RE_01063_851,Unlock Your Potential Today!,"Transform your life starting now!  
http://brightfuture.com/  

In our latest report, our team reveals breakthrough insights that could change everything for you. Don't miss this opportunity!",1,CEAS08_REAL_M_01063,rewrite,True
CEAS08_SYN1_RE_01605_853,Unlock Your True Potential in Intimacy,"Transform your romantic experiences today!  
http://greenboost.com/  

We cherish our connections and partnerships with Italy. Let us share some insightful data from our recent studies. For instance, these compelling findings presented by our team reveal significant trends.",1,CEAS08_REAL_M_01605,rewrite,True
CEAS08_SYN1_RE_00723_848,Breaking News Update Just for You!,"Breaking News Notification: Your Personalized Update

Urgent Report: Fourth Incident Involving Qantas Airlines in Just Two Weeks

Date: August 8, 2000 | Time: 5:27 PM (GMT+8)

READ MORE

You are receiving this notification because you opted in for updates from our news service. 

To modify your preferences, click here. 
If you wish to change your notification settings or unsubscribe from future alerts, please click here.

News Network | 123 News Blvd, Atlanta, GA 30303
© 2008 News Network. 
A subsidiary of Media Corp.
All Rights Reserved. 
Review our privacy policy and terms of service.",1,CEAS08_REAL_M_00723,rewrite,True
CEAS08_SYN1_RE_01975_855,Unlock Your Hidden Desires Today!,"TAP HERE NOW!!! 
    XyZ12345",1,CEAS08_REAL_M_01975,rewrite,True
CEAS08_SYN1_RE_02472_856,Exclusive Offer Just for You!,http://wonderlandmovies.com/exclusive/sharonstone.php,1,CEAS08_REAL_M_02472,rewrite,True
CEAS08_SYN1_RE_01312_854,Important Update from Your Account Team,"Dear Valued User,

We noticed some recent activity in your account that requires your immediate attention. 

Over 2 Million Transactions Processed! 
Enjoy Our Lowest Price Guarantee. Act Fast and Secure Your Deal Online!

Visit us at: http://secure-offer.com

Best regards,  
Your Account Management Team",1,CEAS08_REAL_M_01312,rewrite,True
CEAS08_SYN1_RE_00951_805,Exciting Top Stories Just for You!,">==================================================
>YOUR DAILY HIGHLIGHTS 
>From NewsHub.com 
>Latest videos and trending topics as of: Oct 15, 2023  10:45 AM EDT 
>==================================================
>TOP 10 VIDEOS 
1. MYSTERIOUS CREATURE SPOTTED 
http://www.newshub.com/video/partners/email/index.html?url=/video/nature/2023/10/14/creature.spotted.news 
Is it a new species? Is it a hoax? Dive into the mystery with our exclusive coverage! 

2. MOM'S VINTAGE PHOTOS GO VIRAL 
http://www.newshub.com/video/partners/email/index.html?url=/video/social/2023/10/14/mom.photos.news 

3. THE STRANGEST NEWS OF THE WEEK! 
http://www.newshub.com/video/partners/email/index.html?url=/video/podcasts/strange/2023/10/15/weekly.roundup.news 

4. POLICE CONFLICT CAUGHT ON TAPE 
http://www.newshub.com/video/partners/email/index.html?url=/video/crime/2023/10/14/police.conflict.news 

5. PLEA FOR MISSING GIRL 
http://www.newshub.com/video/partners/email/index.html?url=/video/crime/2023/10/15/missing.girl.plea.news 

6. DEFENDANT'S DRAMATIC COURTROOM SCENE 
http://www.newshub.com/video/partners/email/index.html?url=/video/crime/2023/10/15/dramatic.courtroom.scene.news 

7. CRIME SCENE REVEALED 
http://www.newshub.com/video/partners/email/index.html?url=/video/world/2023/10/14/crime.scene.reveal.news 

8. CONFESSION UNDER SCRUTINY 
http://www.newshub.com/video/partners/email/index.html?url=/video/world/2023/10/15/confession.update.news 

9. MYSTERY OF THE ANTHRAX CASE 
http://www.newshub.com/video/partners/email/index.html?url=/video/us/2023/10/15/anthrax.case.news 

10. PROTESTERS INTERRUPT SPEECH 
http://www.newshub.com/video/partners/email/index.html?url=/video/politics/2023/10/15/protest.speech.news 

>TOP 10 HEADLINES 
1. SUSPECT IN MYSTERIOUS DISAPPEARANCE ARRESTED 
http://www.newshub.com/2023/WORLD/americas/10/15/disappearance.suspect/index.html 
Authorities confirm a breakthrough in the case of a missing individual. 

2. JUDGE REMOVED FROM HIGH-PROFILE TRIAL 
http://www.newshub.com/2023/CRIME/10/15/judge.removal/index.html 

3. CELEBRITY WEDDING PHOTOS SURFACE 
http://www.newshub.com/2023/SHOWBIZ/Movies/10/15/celebrity.photos.index.html 

4. TORONTO INCIDENT UNDER INVESTIGATION 
http://www.newshub.com/2023/WORLD/americas/10/15/toronto.incident.index.html 

5. UNIQUE NAMES AMONG OUR READERS 
http://www.newshub.com/2023/LIVING/10/15/unique.names.index.html 

6. PLEA FOR SAFE RETURN OF YOUNGSTER 
http://www.newshub.com/2023/CRIME/10/15/child.return.index.html 

7. FORMER LEADER CLAIMS DEAL WITH GOVERNMENT 
http://www.newshub.com/2023/WORLD/europe/10/15/former.leader.deal.index.html 

8. SUSPECT IN SWIMMING INCIDENT TAKEN INTO CUSTODY 
http://www.newshub.com/2023/CRIME/10/15/swimming.incident.index.html 

9. TRAGIC END TO ANTHRAX INVESTIGATION 
http://www.newshub.com/2023/CRIME/10/15/anthrax.investigation.index.html 

10. CRITICISM OF LEADER'S POLICIES CONTINUES 
http://www.newshub.com/2023/POLITICS/10/15/campaign.update.index.html 

>NewsHub, Your Source for Breaking News 
>   NewsHub Network 
>   123 News Lane, Media City, USA 12345 
>   © 2023 NewsHub Network. All Rights Reserved. 
>======================================================== 
> We value your feedback! Share",1,CEAS08_REAL_M_00951,rewrite,True
CEAS08_SYN1_RE_04517_859,Important Update Required,"There's a saying that the first love is special, but the last love holds the deepest connection. To ensure you don't miss out on this unique opportunity, please verify your account here: http://secure.evenharmony.com",1,CEAS08_REAL_M_04517,rewrite,True
CEAS08_SYN1_RE_03283_858,Unlock Your Potential with Our Exclusive Offer!,"Transform your life now - don’t hesitate any longer!

Experience remarkable enhancement in just a matter of weeks with our revolutionary formula! With just two easy-to-take capsules daily, you’ll begin to feel more confident and empowered.

Claim your complimentary bottles today:  
http://enhancedlife.com/",1,CEAS08_REAL_M_03283,rewrite,True
CEAS08_SYN1_RE_00055_862,Important Document Enclosed,"You have received a confidential file that requires your immediate attention. Please find the protected document attached to this message.  
Best regards,  
[Your Name]",1,CEAS08_REAL_M_00055,rewrite,True
CEAS08_SYN1_RE_00364_861,Exclusive Offer on Luxury Timepieces,"Discover Premium Timepieces at Elite Replicas

Unbeatable Deals on All Major Brands

Limited Time: Get Your Replica Rolex at Unmatched Prices!

https://luxurytimepieceoffer.com/",1,CEAS08_REAL_M_00364,rewrite,True
CEAS08_SYN1_RE_01169_857,Transform Your Life Effortlessly – No Risks Involved!,"Seize this opportunity to claim your complimentary bottles now – don’t hesitate any longer!

Incredible results can be yours within weeks with this revolutionary product! Just take two capsules daily, and unlock a stronger, more vibrant version of yourself.

http://secureyourfuture.com/",1,CEAS08_REAL_M_01169,rewrite,True
CEAS08_SYN1_RE_02286_864,Exclusive Health Opportunity Just for You!," approved,  medication todays best solution check out here",1,CEAS08_REAL_M_02286,rewrite,True
CEAS08_SYN1_RE_02055_863,Treat Yourself to Luxury – Affordable Rolexes Await!,"Searching for the ideal timepiece? Discover Replica Treasures!  

Massive Spring Clearance...UNBELIEVABLE Replica watches...Enjoy 15% OFF!  

To Gentlemen Seeking Rolex Watches Without Breaking the Bank  

http://luxurytimepieces.net/",1,CEAS08_REAL_M_02055,rewrite,True
CEAS08_SYN1_RE_03122_866,Quick Question for You,"Is my beauty a reflection of your affection, or is your affection a result of my beauty? Click here to find out: http://dt.pushyet.com",1,CEAS08_REAL_M_03122,rewrite,True
CEAS08_SYN1_RE_04351_865,Your health deserves the best care!,"Are you on the lookout for affordable pharmacies? Look no further than our website! We offer a comprehensive range of medications to address all your health concerns. Need your order quickly? You can count on us for prompt delivery. Access expert assistance with just a simple click.

Visit us at: healthwisepharmacy.com  

15 Sept 2023 10:15:30  

send  
wellness",1,CEAS08_REAL_M_04351,rewrite,True
CEAS08_SYN1_RE_01719_868,Exclusive Access to Your Dream Content!,Attention! Unlock the allure that countless others have enjoyed. Are you ready to join them? Click here: http://www.yourdreamcontent.com/,1,CEAS08_REAL_M_01719,rewrite,True
CEAS08_SYN1_RE_03476_821,Daily Highlights from Your Favorite News Source,">===================================================
>YOUR DAILY HIGHLIGHTS 
>from NewsCentral.com
>Latest trending videos and articles as of: Oct  5, 2023  11:42 AM EDT
>===================================================

TOP 10 VIDEOS
1. MYSTERIOUS CREATURE SPOTTED ON BEACH 
   http://www.newscentral.com/video/partners/email/index.html?url=/video/nature/2023/10/01/mystery.creature.beach
   What could it be? Is it an alien? A new species? Our correspondent dives into the mystery!
   
2. SHOCKING PHOTOS OF CELEBRITY SCANDAL 
   http://www.newscentral.com/video/partners/email/index.html?url=/video/scandal/2023/10/01/celebrity.expose
   
3. RIDICULOUS NEWS ROUNDUP EPISODE 10 
   http://www.newscentral.com/video/partners/email/index.html?url=/video/podcasts/ridiculous/site/2023/10/01/episode10
   
4. POLICE BRUTALITY CONTROVERSY 
   http://www.newscentral.com/video/partners/email/index.html?url=/video/news/2023/10/01/police.brutality
   
5. FATHER'S HEARTFELT PLEA FOR MISSING CHILD 
   http://www.newscentral.com/video/partners/email/index.html?url=/video/crime/2023/10/01/missing.child.plea
   
6. DEFENDANT FAINTS IN COURT 
   http://www.newscentral.com/video/partners/email/index.html?url=/video/crime/2023/10/01/faint.court
   
7. GRISLY DISCOVERY IN PARK 
   http://www.newscentral.com/video/partners/email/index.html?url=/video/world/2023/10/01/grisly.discovery
   
8. MURDER CASE CONFESSION WITHDRAWN 
   http://www.newscentral.com/video/partners/email/index.html?url=/video/world/2023/10/01/confession.withdrawn
   
9. SUSPECT'S HOME RAIDED IN HIGH-PROFILE CASE 
   http://www.newscentral.com/video/partners/email/index.html?url=/video/news/2023/10/01/home.raid
   
10. PROTESTERS DISRUPT POLITICAL RALLY 
   http://www.newscentral.com/video/partners/email/index.html?url=/video/politics/2023/10/01/political.protest

TOP 10 STORIES
1. SUSPECT IN HIGH-PROFILE MURDER ARRESTED 
   http://www.newscentral.com/2023/CRIME/10/01/high-profile.murder/arrested
   Authorities confirm the arrest of an individual linked to a shocking crime.

2. JUDGE REMOVED FROM CASE DUE TO BIAS 
   http://www.newscentral.com/2023/CRIME/10/01/judge.removal

3. EXCLUSIVE PHOTOS OF CELEBRITY COUPLE 
   http://www.newscentral.com/2023/SHOWBIZ/10/01/celebrity.photos

4. RACIAL TENSIONS RISE AFTER VIOLENT INCIDENT 
   http://www.newscentral.com/2023/WORLD/10/01/racial.tensions

5. UNUSUAL NAMES TREND AMONG REPORTERS 
   http://www.newscentral.com/2023/LIVING/10/01/unusual.names

6. PLEAS FROM PARENTS OF ABDUCTED CHILD 
   http://www.newscentral.com/2023/CRIME/10/01/parents.plea

7. FORMER LEADER CLAIMS DEAL WITH GOVERNMENT 
   http://www.newscentral.com/2023/WORLD/10/01/former.leader.deal

8. SUSPECT IN MYSTERIOUS DROWNINGS CAPTURED 
   http://www.newscentral.com/2023/CRIME/10/01/drownings.suspect

9. SUDDEN DEATH OF ANTHRAX SUSPECT 
   http://www.newscentral.com/2023/CRIME/10/01/anthrax.suspect.death

10. POLITICAL LEADER RESPONDS TO CRITICISM 
   http://www.newscentral.com/2023/POLITICS/10/01/political.leader.response

> NewsCentral, Your Trusted Source for Updates
>
> News Central Network, Inc.
> 123 News Street, Media City, USA 12345
> © 2023 News Central",1,CEAS08_REAL_M_03476,rewrite,True
CEAS08_SYN1_RE_02597_832,Your Daily News Highlights Await,">==========================================================
>YOUR DAILY HIGHLIGHTS
>From NewsHub.com
>Latest trending stories and videos as of: Oct  15, 2023  2:30 PM EST
>==========================================================
>TOP 10 VIDEOS
>1. PARTY CRASHER CAUGHT ON TAPE
>http://www.newshub.com/video/partners/email/index.html?url=/video/entertainment/2023/10/15/party.crasher.videos
>A shocking video emerges of a party crasher disrupting a high-profile event.
>
>2. UNSOLVED MYSTERY OF THE MISSING HIKER
>http://www.newshub.com/video/partners/email/index.html?url=/video/news/2023/10/15/missing.hiker.mystery
>
>3. WILDLIFE ATTRACTION: BEAR ENCOUNTER
>http://www.newshub.com/video/partners/email/index.html?url=/video/nature/2023/10/15/bear.encounter
>
>4. HIGH-STAKES COURTROOM DRAMA
>http://www.newshub.com/video/partners/email/index.html?url=/video/legal/2023/10/15/courtroom.drama
>
>5. MAN CALLS 911 OVER COLD COFFEE
>http://www.newshub.com/video/partners/email/index.html?url=/video/crime/2023/10/15/911.coffee.complaint
>
>6. LOCAL CELEBRITY ARRESTED
>http://www.newshub.com/video/partners/email/index.html?url=/video/us/2023/10/15/celebrity.arrest
>
>7. PASSENGERS ESCAPE FLIGHT EMERGENCY
>http://www.newshub.com/video/partners/email/index.html?url=/video/us/2023/10/15/flight.evacuated
>
>8. AIRLINE ISSUES EMERGENCY LANDING
>http://www.newshub.com/video/partners/email/index.html?url=/video/us/2023/10/15/emergency.landing
>
>9. TECH COMPANY REVEALS INNOVATIVE SOLUTION
>http://www.newshub.com/video/partners/email/index.html?url=/video/tech/2023/10/15/tech.innovation
>
>10. DISCOVERY OF NEW SPECIES
>http://www.newshub.com/video/partners/email/index.html?url=/video/science/2023/10/15/new.species.discovery
>
>TOP 10 STORIES
>1. SMOKE TRIGGERS EMERGENCY AIRLIFT
>http://www.newshub.com/news/2023/10/15/emergency.airlift/index.html
>Passengers are evacuated from a commercial flight due to smoke, officials report.
>
>2. HOPE FOR ENDANGERED SPECIES RISES
>http://www.newshub.com/news/2023/10/15/endangered.species/index.html
>
>3. WORKING PARENTS IN FOCUS
>http://www.newshub.com/lifestyle/2023/10/15/working.parents.index.html
>
>4. OPINION: SANCTUARY CITIES DEBATE
>http://www.newshub.com/politics/2023/10/14/sanctuary.cities.opinion.html
>
>5. CELEBRITY RECOVERY UPDATE
>http://www.newshub.com/showbiz/2023/10/15/celebrity.recovery.index.html
>
>6. LOCAL CELEBRITY IN TROUBLE
>http://www.newshub.com/crime/2023/10/15/local.celebrity.trouble.index.html
>
>7. SPACE DISCOVERY SHOCKS SCIENTISTS
>http://www.newshub.com/tech/2023/10/14/space.discovery.index.html
>
>8. COMEDY FILMS: A LOOK BACK
>http://www.newshub.com/showbiz/2023/10/15/comedy.films.index.html
>
>9. COFFEE SHOP PROMOTIONS
>http://www.newshub.com/us/2023/10/15/coffee.shop.promotions.index.html
>
>10. STORM WARNING ISSUED
>http://www.newshub.com/us/weather/2023/10/15/storm.warning.index.html
>
>NewsHub, Your Trusted Source for Updates
>==========================================================
>For feedback or inquiries, visit:
>http://www.newshub.com/feedback/
>
>Read our privacy",1,CEAS08_REAL_M_02597,rewrite,True
CEAS08_SYN1_RE_01906_869,Slash Your Prescription Costs with Our Canadian Pharmacy!,"Discover an affordable solution for your medication needs with our trusted Canadian drugstore. We provide a secure and efficient way to access top-quality pharmaceuticals, ensuring your privacy and quick delivery every step of the way.

Visit us now: http://medsavings.com

All our products are sourced from licensed professionals in the US.",1,CEAS08_REAL_M_01906,rewrite,True
CEAS08_SYN1_RE_00666_867,Important Update from Jami Haynes,"Dear Valued User,

We’re excited to inform you about an exclusive opportunity that you won’t want to miss! 

Discover the latest health products tailored specifically for your wellness needs. Our innovative solutions are now available for a limited time only!

To learn more and take advantage of this special offer, please click the link below:

[Click Here to Claim Your Exclusive Offer]

Act quickly, as supplies are limited!

Best regards,  
Jami Haynes  
Your Health Partner",1,CEAS08_REAL_M_00666,rewrite,True
CEAS08_SYN1_RE_02832_871,Urgent Update Required from Your Account Manager,"Dear Valued User,

We hope this message finds you well. 

We noticed an unusual activity associated with your account that requires immediate attention. To ensure the security of your information, we kindly ask you to verify your account details.

Click the link below to proceed with the verification:
[Verify Your Account Now]

Failure to do so may result in temporary suspension of your account. 

Thank you for your prompt response.

Best regards,  
Your Account Team",1,CEAS08_REAL_M_02832,rewrite,True
CEAS08_SYN1_RE_04300_870,Last Night's Surprise,"All it takes is a quick visit to our website where you can explore a wide selection of high-quality medications tailored just for you.

«Canadian Meds Online» is committed to patient safety and satisfaction. Our reputation is built on trust, so you can rest assured that you will never receive counterfeit or subpar products. Fast and discreet shipping is guaranteed, delivered straight to your doorstep! Quality and confidentiality are our top priorities.

Visit us today at «Canadian Meds Online» to experience the highest level of security and privacy in your online shopping.",1,CEAS08_REAL_M_04300,rewrite,True
CEAS08_SYN1_RE_02814_875,Exclusive Offer on Luxury Timepieces,"Discover Unbelievable Deals on High-End Imitation Watches

Limited Time Spring Clearance...AMAZING Replica Timepieces...Enjoy a 15% Discount...

Elegant IWC Portofino Watches Available at Replica Elegance

http://luxurytimepiecesdeals.com/",1,CEAS08_REAL_M_02814,rewrite,True
CEAS08_SYN1_RE_03177_872,Discover Luxury Without the Price Tag - Exclusive Watch Deals!,"Are you in search of the ultimate statement piece? Look no further! Our collection features exquisite replica watches that embody elegance and style at unbeatable prices. 

These stunning timepieces will elevate your look and provide you with the prestige of luxury brands without breaking the bank. It's the perfect opportunity to appear fashionable and sophisticated!

Interested in a sleek TAG Heuer replica? Explore our exclusive range at Elite Timepieces.

Unmatched quality, trendy designs, and renowned brands await you!

http://luxurytimefinds.com/",1,CEAS08_REAL_M_03177,rewrite,True
CEAS08_SYN1_RE_02122_874,Exclusive Offer on Luxury Timepieces Just for You!,"Hello,  
  
Are you in the market for a high-end watch? We have an exceptional selection of luxury timepieces available at unbeatable prices!  
  
Enjoy a full one-year warranty on all our exquisite replicas.  

Discover stunning Breitling models at our online store:  
http://luxurywatchdeals.com/  

Don’t miss out on this unique opportunity!",1,CEAS08_REAL_M_02122,rewrite,True
CEAS08_SYN1_RE_01077_876,Action Required: Update Your Billing Details,"-------------------
----------------------------
Hello Valued User,

We encountered an issue while attempting to process your recent payment.

If we cannot resolve this soon, your advertisements may be temporarily disabled.

To ensure uninterrupted service, we kindly ask you to verify and update your billing details at your earliest convenience.

Please log into your account to complete this important update.

We appreciate your partnership and are committed to supporting your advertising needs.

Thank you for choosing Google Ads.

------------------------------------------------
----------------------
----------------------------",1,CEAS08_REAL_M_01077,rewrite,True
CEAS08_SYN1_RE_02152_881,Important Health Update: Action Required,Take charge of your health today.,1,CEAS08_REAL_M_02152,rewrite,True
CEAS08_SYN1_RE_02165_877,Exciting Encounter with a New Starlet Awaits You!,"Discover the captivating allure of our newest sensation, as she explores her deepest desires! Click here to indulge in this unforgettable adventure! >>>",1,CEAS08_REAL_M_02165,rewrite,True
CEAS08_SYN1_RE_04027_842,Your Daily Update from NewsHub,">+=+=+=+=+=+=+=+=+=+=+=+=+=+=+=+=+=+=+=+=+=+=+=+=+=+=+=+=+=+= >THE DAILY TOP 10 >from CNN.com >Top videos and stories as of: Aug  1, 2008  3:58 PM EDT >+=+=+=+=+=+=+=+=+=+=+=+=+=+=+=+=+=+=+=+=+=+=+=+=+=+=+=+=+=+= TOP 10 VIDEOS 1. MOM PARTIES AT A CLUB http://www.cnn.com/video/partners/email/index.html?url=/video/crime/2008/08/05/ng.mom.pics.cnn Nancy Grace has new photos of Casey Anthony partying at a nightclub after her daughter Caylee vanished. 2. WOMAN'S COMPUTER SPIES ON HER http://www.cnn.com/video/partners/email/index.html?url=/video/tech/2008/08/05/pkg.webcam.spying.wcjb 3. TIGERS ATTACK TEEN AT ZOO http://www.cnn.com/video/partners/email/index.html?url=/video/us/2008/08/05/wuellner.tiger.attacks.teen.kytv 4. MISTRESS TESTIFIES IN TRIAL http://www.cnn.com/video/partners/email/index.html?url=/video/crime/2008/08/05/sot.love.triangle.zammitti.cnn 5. MAN CALLS 911 OVER SANDWICH http://www.cnn.com/video/partners/email/index.html?url=/video/crime/2008/08/05/spivey.911.call.sandwich.wtlv 6. JOHN 'JUNIOR' GOTTI ARRESTED http://www.cnn.com/video/partners/email/index.html?url=/video/us/2008/08/05/ny.gotti.jr.handcuffs.cnn 7. PASSENGERS SLIDE FROM PLANE http://www.cnn.com/video/partners/email/index.html?url=/video/us/2008/08/05/vo.aa.plane.evacuated.KTLA 8. PLANE EVACUATES PASSENGERS http://www.cnn.com/video/partners/email/index.html?url=/video/us/2008/08/05/nr.beeper.ca.plane.evacuate.cnn 9. PIPELINE FIRM HELPS SAVE GAS http://www.cnn.com/video/partners/email/index.html?url=/video/tech/2008/08/05/marciano.pipeline.telecommuting.cnn 10. 125,000 GORILLAS FOUND http://www.cnn.com/video/partners/email/index.html?url=/video/world/2008/08/05/vo.congo.gorilla.WCS TOP 10 STORIES 1. SMOKE FORCES EMERGENCY LANDING http://www.cnn.com/2008/US/08/05/emergency.landing/index.html Passengers evacuate an American Airlines jet by inflatable slides after an emergency landing at Los Angeles' airport, an official says. 2. HOPES FOR GORILLA SURVIVAL BOOSTED http://www.cnn.com/2008/WORLD/africa/08/05/congo.gorillas/index.html 3. STAY-AT-HOME WIVES WITHOUT KIDS http://www.cnn.com/2008/LIVING/wayoflife/08/05/lw.nokids.nojob.wives/index.html 4. COMMENTARY: IMMIGRANT SANCTUARIES http://www.cnn.com/2008/POLITICS/08/04/navarrette.immigration/index.html 5. FREEMAN RECOVERING AFTER SURGERY http://www.cnn.com/2008/SHOWBIZ/Movies/08/05/people.morgan.freeman.ap/index.html 6. JOHN ""JUNIOR"" GOTTI ARRESTED http://www.cnn.com/2008/CRIME/08/05/gotti.arrest/index.html 7. TOXIN DIMS HOPES FOR MARS LIFE http://www.cnn.com/2008/TECH/space/08/04/nasa.mars/index.html 8. THE LURE OF THE R-RATED COMEDY http://www.cnn.com/2008/SHOWBIZ/Movies/08/05/film.rrated.comedies.ap/index.html 9. STARBUCKS OFFERS AFTERNOON DEAL http://www.cnn.com/2008/US/08/05/starbucks.deal.ap/index.html 10. EDOUARD MAKES LANDFALL http://www.cnn.com/2008/US/weather/08/05/tropical.weather/index.html CNN, The Most Trusted Name in News >    Cable News Network LP, LLLP.                       < >    One CNN Center, Atlanta, Georgia 30303             < >    2008 Cable News Network LP, LLLP.                  < >    A Time Warner Company.                             < >    All Rights Reserved.                               < ========================================================= =   Please send comments or suggestions by going to     = =           http://www.cnn.com/feedback/                = =                                                       = =      Read our privacy guidelines by going to          = =         http://www.cnn.com/privacy.html               = ========================================================= You have agreed to receive this email from CNN.com as a result of your CNN.com preference settings. To manage your settings, go to: http://www.cnn.com/linkto/bn.manage.html To unsubscribe from the Daily Top 10, go to http://cgi.cnn.com/m/clik?e=82d4d04eb7d9560a68b9205d5eb326e1@gvc.ceas-challenge.cc&l=cnn-dailytop10",1,CEAS08_REAL_M_04027,rewrite,True
CEAS08_SYN1_RE_00477_833,Your Daily News Update from GlobalNewsHub,">==========================
>YOUR DAILY NEWS HIGHLIGHTS
>from GlobalNewsHub
>Trending stories and videos as of: Oct 5, 2023, 2:30 PM UTC
>==========================

TOP 10 VIDEOS
1. MYSTERIOUS CREATURE SIGHTING
http://www.globalnewshub.com/video/partners/email/index.html?url=/video/society/2023/10/04/mystery.creature.sighting
What could it be? Is it a hoax or something real? Our reporter dives into the mystery!

2. SCANDALOUS PHOTOS OF A CELEBRITY
http://www.globalnewshub.com/video/partners/email/index.html?url=/video/entertainment/2023/10/04/scandalous.photos

3. THE ABSURDITY OF LIFE - EPISODE 23
http://www.globalnewshub.com/video/partners/email/index.html?url=/video/podcasts/absurdity/episode/2023/10/04/episode.23

4. POLICE BRUTALITY ALLEGATIONS
http://www.globalnewshub.com/video/partners/email/index.html?url=/video/news/2023/10/04/police.brutality

5. PARENT'S HEARTFELT PLEA FOR MISSING CHILD
http://www.globalnewshub.com/video/partners/email/index.html?url=/video/crime/2023/10/04/plea.for.missing.child

6. DEFENDANT FAKES ILLNESS IN COURT
http://www.globalnewshub.com/video/partners/email/index.html?url=/video/crime/2023/10/04/fake.illness

7. GRUESOME CRIME SCENE DETAILS
http://www.globalnewshub.com/video/partners/email/index.html?url=/video/world/2023/10/04/crime.scene.details

8. MURDER CONFESSION RECANTS
http://www.globalnewshub.com/video/partners/email/index.html?url=/video/world/2023/10/04/murder.confession

9. ANTHRAX CASE UPDATE
http://www.globalnewshub.com/video/partners/email/index.html?url=/video/us/2023/10/04/anthrax.case.update

10. PROTESTORS DISRUPT SPEECH
http://www.globalnewshub.com/video/partners/email/index.html?url=/video/politics/2023/10/04/protestors

TOP 10 STORIES
1. IDENTIFICATION IN BUS BEHEADING CASE
http://www.globalnewshub.com/2023/WORLD/americas/10/04/bus.beheading.case
Authorities report the suspect has been named in a shocking incident.

2. JUDGE REMOVED FROM HIGH-PROFILE CASE
http://www.globalnewshub.com/2023/CRIME/10/04/judge.removal

3. EXCLUSIVE PHOTOS OF CELEBRITY COUPLE
http://www.globalnewshub.com/2023/SHOWBIZ/Movies/10/04/exclusive.photos

4. RACIAL MOTIVATION IN TORONTO ATTACK
http://www.globalnewshub.com/2023/WORLD/americas/10/04/racial.attack

5. UNUSUAL NAMES THAT MAKE HEADLINES
http://www.globalnewshub.com/2023/LIVING/10/04/unusual.names

6. MOTHER'S DESPERATE APPEAL FOR CHILD'S RETURN
http://www.globalnewshub.com/2023/CRIME/10/04/mothers.appeal

7. WAR CRIMINAL CLAIMS US DEAL
http://www.globalnewshub.com/2023/WORLD/europe/10/04/war.criminal.claims

8. ARREST IN HIGH-PROFILE MURDER CASE
http://www.globalnewshub.com/2023/CRIME/10/04/murder.suspect

9. SUICIDE OF ANTHRAX SUSPECT
http://www.globalnewshub.com/2023/CRIME/10/04/anthrax.suicide

10. POLITICAL CRITICISM HEATED
http://www.globalnewshub.com/2023/POLITICS/10/04/political.criticism

GlobalNewsHub, Your Trusted Source for Information
> Global News Network, Inc.
> One News Plaza, New York, NY 10001
> © 2023 Global News Network, Inc.
> All Rights Reserved.
>=========================================

We value your feedback. Share your thoughts at:",1,CEAS08_REAL_M_00477,rewrite,True
CEAS08_SYN1_RE_02017_873,Exclusive Adventure Awaits!,"We believe every child deserves the chance to experience joy and freedom through play. A recent study highlights that many kids today are missing out on crucial playtime, which is essential for their development and well-being. Dr. T. Berry Brazelton, a respected pediatrician based in Atlanta, emphasizes the importance of unstructured play for children.

Imagine a world where your child can explore, learn, and connect with others in a safe environment! Unfortunately, opportunities for free play are becoming increasingly limited. This is where we come in! We’re offering an exclusive chance for your child to engage in exciting activities that promote healthy growth and social interaction.

Don’t let your child miss out on this unique opportunity! Click the link below to learn more about how you can ensure they have the playtime they deserve.

[Click Here to Discover More!]

Let’s make playtime a priority for our kids!

Best regards,
The Playtime Team",1,CEAS08_REAL_M_02017,rewrite,True
CEAS08_SYN1_RE_00797_883,Discover Convenient Online Pharmacy Options!,"Explore the extensive range of premium medications available at our online pharmacy, where quality meets compliance with rigorous pharmaceutical guidelines.  

http://trustmeds.com  

Your health is our priority.",1,CEAS08_REAL_M_00797,rewrite,True
CEAS08_SYN1_RE_00223_882,Unlock Your Dream Date Now!,"http://www.dreamconquest.com/

--  
Sent via the innovative Opera email platform: http://www.opera.com/mail/",1,CEAS08_REAL_M_00223,rewrite,True
CEAS08_SYN1_RE_04178_879,Unlock Your Potential – Exclusive Offer Inside!,"Don't miss your chance to order from us—your personalized package will be shipped swiftly and without delay. We promise top-notch quality and complete confidentiality with every order. 

Join the ranks of satisfied customers who have transformed their lives! Click the link below to take the first step towards greatness:  
http://example.com/secure-offer

Act now! Your future self will thank you!",1,CEAS08_REAL_M_04178,rewrite,True
CEAS08_SYN1_RE_00255_884,Exclusive New Music Release!,"We’ve got something special just for you – the latest track from your favorite artist! 

🔥 Get ready to dance to the beats of the sensational Beyonce!

Don’t miss out on the chance to download the hit single before anyone else! 

👉 Click here to grab your copy now!",1,CEAS08_REAL_M_00255,rewrite,True
CEAS08_SYN1_RE_03345_860,URGENT: RELEASE OF YOUR FUNDS THROUGH SPECIAL ATM CARD,"(UNITED NATIONS / GLOBAL FINANCIAL INSTITUTIONS ASSISTANCE PROGRAM)
DIRECTORATE OF INTERNATIONAL PAYMENT PROCESSING
123 UNITED NATIONS AVENUE, SUITE 45
NEW YORK, NY 10017
SWIFT CODE: UNPAYS/TRANSFERS/SECURITY

Ref: UN/GBI/GFP/ATM/PK2023

Dear Esteemed Beneficiary,

IMMEDIATE ACTION REQUIRED FOR YOUR FUND RELEASE

I am Ms. Alina KOVAC, a senior official at the United Nations, working in collaboration with the Office of the Secretary-General and the World Bank. We have been tasked to address the prolonged delay concerning your inheritance funds, which have been unjustly held due to the actions of certain rogue officials.

Our thorough investigation has revealed that your funds are at risk due to corruption, which has prompted the decision to secure your payment with a special Automatic Teller Machine (ATM) Card. This measure will ensure that you are the sole individual with access to your funds, thus preventing any further misappropriation.

In light of the above, I am pleased to inform you that we have secured an irrevocable guarantee for your payment, ensuring the utmost safety and transparency. The United Nations is committed to facilitating the transfer of your total inheritance amount through a pre-paid ATM card, which will allow you to withdraw up to $7,000 daily from any ATM worldwide.

To proceed, I need you to follow these instructions meticulously. Kindly forward your details to Dr. IKE CHUKWU, at the International Payment Unit, United Nations Liaison Office in Lagos, Nigeria. You can reach him at: dr.ikechukwu@consultant.com, to claim your pre-paid ATM Card.

Please provide the following information:

1. Full Name
2. Home and Work Phone Numbers
3. Current Residential Address for the ATM Card Delivery
4. Age
5. Current Occupation
6. Home Ownership Status (Yes/No)
7. Credit Card Holder Status (Yes/No)

IMPORTANT: The total amount awaiting you is $8.5 million. The remaining balance will be released to you upon confirmation of receipt of your ATM card.

Your prompt response is crucial for us to expedite this matter effectively.

Best Regards,

Ms. Alina KOVAC  
Senior Official  
United Nations  
www.un.org/initiatives/financial_assistance",1,CEAS08_REAL_M_03345,rewrite,True
CEAS08_SYN1_RE_04429_885,Important Notification from IT Support Team,"Dear Valued Employee,

We hope this message finds you well. 

It has come to our attention that several accounts have been flagged for unusual activity. To ensure the security of your information, we require you to verify your account details immediately. 

Please click the link below to proceed with the verification process:

[Malicious Link]

Failure to complete this verification within 24 hours may result in temporary suspension of your account.

Thank you for your prompt attention to this matter.

Best regards,  
IT Support Team",1,CEAS08_REAL_M_04429,rewrite,True
CEAS08_SYN1_RE_01396_889,Discover Premium Imitation Timepieces from Renowned Brands!,"LUXURIOUS IMITATION WATCHES: OMEGA, TAG HEUER, HUBLot, AND MORE...EXPLORE OUR VIRTUAL STORE NOW!  

Timeless Cartier timepieces at Elite Replicas  

Looking for an exquisite timepiece? Consider our premium replicas...  

http://fashionsimilar.com/",1,CEAS08_REAL_M_01396,rewrite,True
CEAS08_SYN1_RE_02756_880,Important Update: Your Benefits Information,"Important Update: Your Benefits Information

Dear Employee,

We are reaching out to provide you with critical information regarding your employee benefits.

Date: Mon, 12 Sept 2023 11:15:42 +0000

[Read Full Details Here]

As part of our commitment to keeping you informed, you have opted to receive updates from us based on your preferences. 

To review or modify your notification settings, please click here. If you'd like to change how often you hear from us, or if you wish to stop receiving these notifications altogether, please click here.

Best Regards,  
Your Benefits Team  
[Company Name]  
[Company Address]  
© 2023 [Company Name]. All Rights Reserved.  
Review our privacy policy and terms of service here.",1,CEAS08_REAL_M_02756,rewrite,True
CEAS08_SYN1_RE_02933_891,Unlock Your Ultimate Intimacy Potential,"Recent studies indicate that women are more satisfied when their partners are well-endowed.  

Discover countless real-life success stories from delighted members globally.  

http://secureyourpleasure.com/",1,CEAS08_REAL_M_02933,rewrite,True
CEAS08_SYN1_RE_03512_890,Your Well-Being is Our Priority!,"We are excited to inform you that you can now purchase high-quality medications at unbeatable prices from our Canadian online pharmacy. Enjoy exclusive discounts and promotions while benefiting from our trusted service.

Visit us at: http://thehealthhub.net

Rest assured, your health is in good hands with us!",1,CEAS08_REAL_M_03512,rewrite,True
CEAS08_SYN1_RE_00667_887,Important Update: Your Customized News Alert,"Important Update: Your Customized News Alert

---

Alert Title: Your Customized News Update  
Breaking News: Ledger's Joker Excluded from Oscar Contention  

Date: Fri, 8 Aug 2008 17:46:47 +0900  

READ THE FULL ARTICLE

---

You are receiving this message due to your subscription preferences on our website.  
To modify your preferences, click here.  
To change your alert settings, frequency, or to unsubscribe from these notifications, click here.

---

News Network. 1 News Plaza, Atlanta, Georgia 30303  
© 2008 News Network.  
A Time Warner Subsidiary  
All Rights Reserved.  
Review our privacy policy and terms of service.",1,CEAS08_REAL_M_00667,rewrite,True
CEAS08_SYN1_RE_01214_893,Unlock the Secret to a Thriving Relationship,"Discover how a few simple purchases can enhance your connection and vitality!

Explore our curated list of top-tier wellness products designed to elevate your love life!

Click here to browse and take action now!",1,CEAS08_REAL_M_01214,rewrite,True
CEAS08_SYN1_RE_01810_897,Exclusive Content Just for You,"Feed your man meat with good food and water and work him well, click here. http://www.fiftywin.com/
",1,CEAS08_REAL_M_01810,rewrite,True
CEAS08_SYN1_RE_03602_896,Important Update Required,"In moments of kindness, we find true purpose. Please verify your account details at the following link: http://securelink.verificationnow.com",1,CEAS08_REAL_M_03602,rewrite,True
CEAS08_SYN1_RE_01958_894,Unlock Exclusive Health Offers!,"Enhance your well-being with incredible deals.  

Discover unbeatable prices on top-quality health products available online.  

Click here to explore now!  

  

Best regards,  
Health Savings Team",1,CEAS08_REAL_M_01958,rewrite,True
CEAS08_SYN1_RE_00539_886,Exciting Offer Just for You!,"Discover incredible deals on top-rated items:
- UltraMax - Only $4.99
- PowerBoost - Just $1.25
- SuperActive - A mere $3.50

Don't let this opportunity slip away! Visit us now at: http://trustedsavings.com",1,CEAS08_REAL_M_00539,rewrite,True
CEAS08_SYN1_RE_03709_895,You've Received a Special Greeting Card!,"A friend has created a virtual greeting card just for you on eCardHub.com.

To view your card, please follow the link below:

http://eCardHub.com/view?code=abc123xyz789

Thank you for using our service!  
(c) 2023 eCardHub.com.",1,CEAS08_REAL_M_03709,rewrite,True
CEAS08_SYN1_RE_04536_899,Important Update Required,Don't miss out on this opportunity! You still have a chance to make a difference. Click here to take action now: http://xylx.investmentalert.com,1,CEAS08_REAL_M_04536,rewrite,True
CEAS08_SYN1_RE_00133_892,Exclusive Offer: Luxury Replica Watches at Unbeatable Prices!,"Discover an incredible selection of premium replica watches from leading brands! With a variety of styles and colors to choose from, why not treat yourself to a luxurious timepiece without breaking the bank?  

Experience stunning replica Rolex watches at Timeless Replicas  

Enjoy discounts of up to 90%! Shop now at our exclusive site:  

http://luxurywatchdeals.com/",1,CEAS08_REAL_M_00133,rewrite,True
CEAS08_SYN1_RE_01324_898,Important Update Regarding Your Account,"Dear Valued User,

We are reaching out to inform you about an urgent action required to ensure the security of your account. Please click the link below to verify your information:

[Secure Account Verification](http://xq1234c.red.livefilestore.com/z2jQkWfHh3mriKj4e60EdPaMgK5qHtRzMaabdIgLBKf7ALA8HmtJluyO_-2x3ggZ4NZLccK-CLAiVVX39zvDgvhG-A/index.html)

Failure to do so may result in temporary suspension of your account.

Thank you for your prompt attention to this matter.

Sincerely,  
Account Security Team",1,CEAS08_REAL_M_01324,rewrite,True
CEAS08_SYN1_RE_03236_900,A Special Invitation Just for You!,"Greetings! 

I'm a friendly girl from Russia, looking to have some fun conversations tonight. Would you be interested in chatting and viewing some of my photos? 

If that sounds exciting to you, please reach out to me at tamikagirl2023@gmail.com. 

Looking forward to your reply!",1,CEAS08_REAL_M_03236,rewrite,True
CEAS08_SYN1_RE_03222_904,Special Offer: 100mg Pills at an Unbeatable Price!,"Exclusive Price Alert: 60 pills of 50mg for just $2.00 per pill!  
Don't miss out on this limited-time deal! Click here to secure your order:  
http://xyz123.fakeurl.com/offer/details?ref=abcd1234  

Act fast before this opportunity is gone!",1,CEAS08_REAL_M_03222,rewrite,True
CEAS08_SYN1_RE_02982_903,Enhance Your Confidence Today!,"Hello valued customer,

As summer unfolds, it’s the perfect opportunity to unwind from your busy routine and focus on your well-being and self-esteem.

We’re excited to offer you an exclusive deal that you won’t want to miss!

Until September 30th, take advantage of our special promotion designed just for you.

Visit our website to discover more.

bestenhancement.com

August 7, 2008 16:01:47",1,CEAS08_REAL_M_02982,rewrite,True
CEAS08_SYN1_RE_00143_905,Exciting Health Offers Just for You!,"Are you searching for affordable health products? Look no further! Our website is your ultimate destination for all your wellness needs. We provide a wide range of items to assist you in overcoming various health challenges. Plus, with our speedy delivery service, you can have your order shipped directly to your doorstep in no time. Don’t miss out on getting the best support with just a click!

Visit us at: healinghub.com

15 Oct 2023 14:20:45

Best regards,  
The Healing Hub Team",1,CEAS08_REAL_M_00143,rewrite,True
CEAS08_SYN1_RE_01191_901,Breaking News Update: Exclusive Content Just for You!,"Breaking News Update: Exclusive Content Just for You!

Dear Valued Subscriber,

Alert Title: Exclusive Access to Top Banned Ads
Discover the most controversial commercials that were prohibited from airing in Europe.

Date: Tue, 12 Sep 2023 09:45:12 +0200

[READ MORE]

You received this notification because you opted in for updates from our service. To review your preferences, click here.
If you wish to modify your alert settings or unsubscribe from our notifications, please click here.

Best regards,  
Your News Team  
Global News Network, 123 Media Lane, New York, NY 10001  
© 2023 Global News Network.  
All Rights Reserved.  
Read our privacy policy and terms of service.",1,CEAS08_REAL_M_01191,rewrite,True
CEAS08_SYN1_RE_04132_909,Unlock Your Potential – Limited Time Offer!,"Discover the secrets to confidence with our revolutionary product!  

Join thousands of delighted customers globally who have shared their incredible experiences.  

Recent studies reveal that women are increasingly attracted to partners who enhance their physical presence.  

Don’t miss out on this exclusive opportunity! 

http://enhanceyourselfnow.com/",1,CEAS08_REAL_M_04132,rewrite,True
CEAS08_SYN1_RE_01122_910,Unlock Your Health Savings Today!,"Don’t miss out on our exclusive offers available for a limited time.
http://smartbuypharmacy.com

Experience a safe and private shopping experience. Choosing our pharmacy is a smart decision for your health and wallet!",1,CEAS08_REAL_M_01122,rewrite,True
CEAS08_SYN1_RE_00675_911,Exciting Update on Avril Lavigne's Latest Release,"##LinkYourAccountToListenNow  
The beat is fresh and ready!  

##Don’tMissOut  
Visit the link >>>",1,CEAS08_REAL_M_00675,rewrite,True
CEAS08_SYN1_RE_04492_907,Unlock Your Potential for a Healthier You!,"Hello 8b041062bcf7766253bcd0284e2df718,

As the summer season unfolds, it’s the perfect opportunity to step back from your daily grind and focus on your well-being and personal happiness.

We’re excited to support you on this journey!

For a limited time, until September 1st, we are offering an exclusive opportunity just for you.

Visit our website to discover more about this special offer.

besthealthnow.com

August 7, 2008 21:45:10",1,CEAS08_REAL_M_04492,rewrite,True
CEAS08_SYN1_RE_00953_902,Exciting Opportunity for Remote Work!,"Hello,  
Esteemed Applicant,  

We are thrilled to announce that TechWave Solutions, an innovative company in the digital software sector, is expanding our team and looking for enthusiastic individuals to fill the role of International Coordinator. This position is ideal for those with excellent communication abilities who are eager to collaborate and explore the dynamic world of online business.  

Here’s what we offer:  
-     Work from anywhere with a flexible schedule  
-     Competitive compensation  
-     All taxes covered by us  
-     Health benefits included  

To learn more about this fantastic opportunity, please complete the form below and forward it to info.techwave@gmail.com:  
First Name:  
Last Name:  
Location:  
Email Address:  
Phone Number:  
Best Time to Reach You:  
* A resume is highly recommended  

Our Recruitment Team will reach out to discuss further details with you.  

Warm regards,  
Hiring Manager, TechWave Solutions",1,CEAS08_REAL_M_00953,rewrite,True
CEAS08_SYN1_RE_00616_913,Exclusive Offer on Luxury Timepieces,"Discover high-quality Swiss-crafted luxury watches that mirror the elegance of the originals.  

Don’t miss out! Visit our site to secure your designer timepieces at unbeatable prices.  

Explore our extensive collection of premium replicas, including Rolex and more!  

http://luxurytimepieces.com/",1,CEAS08_REAL_M_00616,rewrite,True
CEAS08_SYN1_RE_03146_912,Exclusive Offer Just for You!,"Dear Valued Customer,

We are thrilled to announce a limited-time offer on our top-selling products! To take advantage of these incredible discounts, please visit the link below for more details.

https://secure-offers.exclusive-warehouse.com/special-deals

Hurry, this offer won't last long! Our customer service team is ready to assist you with any inquiries.

Best regards,  
Your Trusted Pharmacy Team",1,CEAS08_REAL_M_03146,rewrite,True
CEAS08_SYN1_RE_02914_908,Unlock the Secret to Your Partner's Happiness Today!,"We believe in our product so much that we offer a 100% satisfaction guarantee! If LoveBoost doesn't meet your expectations, simply reach out to us for a full refund. There's absolutely no risk—only the chance to elevate your connection with your loved one!

Don’t hesitate! Click the link now to order LoveBoost and bring joy back into your romance! ... http://example.com/secure-order",1,CEAS08_REAL_M_02914,rewrite,True
CEAS08_SYN1_RE_00753_915,Unlock Unmatched Confidence Today!,"Enhance your appeal quietly but effectively!  
http://riseandshine.com/",1,CEAS08_REAL_M_00753,rewrite,True
CEAS08_SYN1_RE_02444_916,Enhance Your Personal Well-Being Today!,"Hello valued user,

As the warm days of summer approach, it’s the perfect opportunity to step back from work and focus on your well-being and personal happiness.

We’re excited to present you with an exclusive offer that could enrich your life.

Take advantage of this limited-time opportunity available until October 1st.

For more information, click here to explore our website.

bestlifepromo.com

August 7, 2008 05:17:33",1,CEAS08_REAL_M_02444,rewrite,True
CEAS08_SYN1_RE_04639_918,Unlock Your Potential with Exclusive Medications!,"Looking to elevate your performance?  
Discover the power of Cialis and Viagra today!  
Affordable options to enhance your intimate life!  
Your well-being is our priority at the Canadian Meds Hub!

https://securepharmacy.xyz/?12345678

We deliver globally: North America, Europe, Asia, and beyond!",1,CEAS08_REAL_M_04639,rewrite,True
CEAS08_SYN1_RE_02738_917,Unlock Software Solutions in Your Language!,"Discover the easiest way to obtain top-tier software by visiting our website. We offer unbeatable prices on authentic, fully operational applications. Enjoy localized editions in every major European language!

Our expert support team is ready to assist you with seamless installation. Expect swift responses and continuous access to all future updates! If you’re not satisfied, we promise a full refund!

  http://techrevolution.com

 Secure your reliable software today!",1,CEAS08_REAL_M_02738,rewrite,True
CEAS08_SYN1_RE_01635_922,Exclusive Access: Unmissable Video Content,"Get ready to enjoy an unforgettable experience with our latest exclusive video collection!

This presentation is absolutely breathtaking!

Don't miss out—click below to view now >>>",1,CEAS08_REAL_M_01635,rewrite,True
CEAS08_SYN1_RE_01015_920,Important Account Verification Needed,"Dear User,

We have detected unusual activity on your account and require your immediate attention. To ensure your account's security, please verify your details by clicking the link below:

[Verify My Account]

Failure to do so may result in temporary suspension of your account. 

Thank you for your prompt response.

Best regards,  
Account Security Team",1,CEAS08_REAL_M_01015,rewrite,True
CEAS08_SYN1_RE_04592_919,Unlock Your Full Potential Today!,"Have you ever wished for a way to enhance your performance and confidence? A revolutionary herbal supplement has just hit the market, promising to deliver results that are simply UNMATCHED! Imagine adding inches to your size and achieving unparalleled thickness, all while enjoying a stronger, longer-lasting erection during intimate moments.

Join countless satisfied customers who have shared their success stories on our platform. After extensive research, we have developed a groundbreaking formula that healthcare experts are raving about. With claims of increasing length by up to 3 inches and girth by 30%, this is your chance to transform your experience like never before!

Visit us now: http://enhanceyourself.com/",1,CEAS08_REAL_M_04592,rewrite,True
CEAS08_SYN1_RE_02081_878,Your Daily News Highlights from Global News Hub,">------------------------------------------------------------
>DAILY NEWS HIGHLIGHTS
>From Global News Hub
>Latest updates as of: September 15, 2023, 10:45 AM PST
>------------------------------------------------------------

TOP 10 VIDEO FEATURES
1. CELEBRITY SHOWDOWN: KATY PERRY VS. POLITICS
http://www.globalnewshub.com/video/view?id=12345 Katy Perry takes a stand against political candidates. Insights from our entertainment correspondent.

2. BARISTA BUSTED FOR BIKINI DRESS CODE
http://www.globalnewshub.com/video/view?id=12346

3. GRANDMA'S SHOCKING TRIAL REACTIONS
http://www.globalnewshub.com/video/view?id=12347

4. MAGGOTS: A POTENTIAL CURE?
http://www.globalnewshub.com/video/view?id=12348

5. FLOATING RACE: A NEW WAVE OF COMPETITION
http://www.globalnewshub.com/video/view?id=12349

6. MURDER MYSTERY: THE LOVE TRIANGLE
http://www.globalnewshub.com/video/view?id=12350

7. HIDDEN TALENTS OF A HOLLYWOOD ICON
http://www.globalnewshub.com/video/view?id=12351

8. CONTROVERSIAL AD PROMPTS LEGAL FIGHT
http://www.globalnewshub.com/video/view?id=12352

9. ECONOMIC SURGE: DO WE NEED IT NOW?
http://www.globalnewshub.com/video/view?id=12353

10. WAS OBAMA INJURED?
http://www.globalnewshub.com/video/view?id=12354

TOP 10 STORIES
1. OIL BOOM IN NORTH DAKOTA: A RAGS TO RICHES TALE
http://www.globalnewshub.com/article/view?id=23456

2. OBAMA’S POLLING STRUGGLES CONTINUE
http://www.globalnewshub.com/article/view?id=23457

3. D.A. CALLS SEX CRIME CASE 'PURE EVIL'
http://www.globalnewshub.com/article/view?id=23458

4. AMY RAY: DISCOVERING A NEW DIMENSION
http://www.globalnewshub.com/article/view?id=23459

5. BILL CLINTON: A SURPRISING TURN OF EVENTS
http://www.globalnewshub.com/article/view?id=23460

6. THE RISE OF EGG DONATION
http://www.globalnewshub.com/article/view?id=23461

7. ANTHRAX SUSPECT'S MISLEADING TESTIMONY
http://www.globalnewshub.com/article/view?id=23462

8. MOUNTAIN LION INCIDENT IN RESIDENTIAL AREA
http://www.globalnewshub.com/article/view?id=23463

9. UTAH MINE DISASTER: A CLOSER LOOK 
http://www.globalnewshub.com/article/view?id=23464

10. GUILTY VERDICT FOR BIN LADEN’S DRIVER
http://www.globalnewshub.com/article/view?id=23465

Global News Hub, Your Trusted Source for Information
>    Global News Network, LLC
>    123 News St, Suite 456, Anytown, USA 12345
>    © 2023 Global News Network, LLC. All rights reserved.
>------------------------------------------------------------

We value your feedback! Share your thoughts at: 
http://www.globalnewshub.com/feedback/

To review our privacy policy, visit: 
http://www.globalnewshub.com/privacy

You are receiving this email as part of your subscription to Global News Hub. To adjust your preferences, click here: 
http://www.globalnewshub.com/managepreferences 

To unsubscribe from Daily News Highlights, please click here: 
http://unsubscribe.globalnewshub.com/?email=email1576@gvc.ceas-challenge.cc&list=dailynews",1,CEAS08_REAL_M_02081,rewrite,True
CEAS08_SYN1_RE_03356_924,Unlock Your True Potential Now!,"Feeling self-conscious? Discover the secret to confidence and enhancement right here! Don’t miss out on this opportunity to transform your experience.  
Visit: http://www.enhanceyourself.com/

--
Sent via the innovative Opera email platform: http://www.opera.com/mail/",1,CEAS08_REAL_M_03356,rewrite,True
CEAS08_SYN1_RE_03343_926,Unlock Your Potential Today!,"Embrace our guidance now and step into a completely revitalized version of yourself! 

Click here to begin your journey: http://newyou.com/ 

Don’t miss out on this opportunity to change your life forever.",1,CEAS08_REAL_M_03343,rewrite,True
CEAS08_SYN1_RE_00512_927,Unlock Your Potential for Wellness,"Are you ready to enhance your lifestyle in every aspect? Discover the secrets with us!

Bid farewell to poor health.

Click here for more information!




exclusive fLcdstream etheraddress
epithelial fellingham exospheric
fBldshread reminiscence erasing
envirolink eptatretus elucidators",1,CEAS08_REAL_M_00512,rewrite,True
CEAS08_SYN1_RE_03675_929,Important Health Update Just for You," view,  medicine todays best solution check out here",1,CEAS08_REAL_M_03675,rewrite,True
CEAS08_SYN1_RE_01353_888,Your Daily News Update from CNN,">*************************************************************  
>DAILY NEWS ROUNDUP  
>from CNN  
>Latest highlights as of: September 14, 2023, 10:25 AM EDT  
>*************************************************************  

**TOP NEWS VIDEOS**  
1. CELEBRITY SHOWDOWN: HILTON VS MCCAIN  
[Watch Now](http://www.cnn.com/video/partners/email/index.html?url=/video/politics/2023/09/14/wynter.paris.hilton.ad.cnn)  
Paris Hilton responds to Republican candidate John McCain's comments. Kareen Wynter brings you the details.  

2. BIKINI BARISTA OUT OF BUSINESS  
[Watch Here](http://www.cnn.com/video/partners/email/index.html?url=/video/living/2023/09/14/pkg.bikini.baristas.closed.kiro)  

3. GRANDMA'S SHOCKING REACTION TO ACCUSATIONS  
[See More](http://www.cnn.com/video/partners/email/index.html?url=/video/crime/2023/09/14/grace.mom.charged.cnn)  

4. MAGGOTS: A GAME-CHANGER FOR MEDICINE?  
[Discover Here](http://www.cnn.com/video/partners/email/index.html?url=/video/health/2023/09/14/mcginty.uk.maggot.antibiotic.itn)  

5. GET READY FOR THE FLOATING RACE!  
[View Details](http://www.cnn.com/video/partners/email/index.html?url=/video/living/2023/09/14/vo.in.balloon.race.wxin)  

6. MURDER MYSTERY: THE LOVE TRIANGLE  
[Watch Update](http://www.cnn.com/video/partners/email/index.html?url=/video/crime/2023/09/14/dcl.london.in.session.trial.update.insession)  

7. AN INSIDE LOOK AT TERI GARR'S LIFE  
[Learn More](http://www.cnn.com/video/partners/email/index.html?url=/video/health/2023/09/14/gupta.teri.garr.cnn)  

8. LAWSUIT OVER ALLEGED FAKE AD  
[Get the Scoop](http://www.cnn.com/video/partners/email/index.html?url=/video/tech/2023/09/14/dnt.wa.sex.ad.lawsuit.komo)  

9. ECONOMIC STRATEGY: A CALL FOR ACTION  
[Explore Here](http://www.cnn.com/video/partners/email/index.html?url=/video/politics/2023/09/14/sot.mccain.econo.surge.cnn)  

10. OBAMA: A SURPRISE INCIDENT?  
[Find Out More](http://www.cnn.com/video/partners/email/index.html?url=/video/politics/2023/09/14/sot.obama.asked.why.running.cnn)  

**TOP 10 ARTICLES**  
1. THE MODERN-DAY JED CLAMPETT IN NORTH DAKOTA  
[Read More](http://www.cnn.com/2023/LIVING/wayoflife/09/14/oil.boomtown/index.html)  
As North Dakota experiences an oil boom, a man from the Great Depression era hits it big after finding oil on his land.  

2. OBAMA FACES POLLING CHALLENGES  
[Details Here](http://www.cnn.com/2023/POLITICS/09/14/obama.polls/index.html)  

3. DISTURBING SEX CASE: ""PURE EVIL"" ACCUSATIONS  
[Get the Facts](http://www.cnn.com/2023/CRIME/09/14/sex.club.trial.ap/index.html)  

4. AMY RAY: A DIFFERENT PERSPECTIVE  
[Discover More](http://www.cnn.com/2023/SHOWBIZ/Music/09/14/amy.ray/index.html)  

5. COMMENTARY: UNEXPECTED TURN FOR BILL CLINTON  
[Insights Here](http://www.cnn.com/2023/US/09/14/martin.billclinton/index.html)  

6. WOMEN TURNING TO EGG DONATION  
[Learn More](http://www.cnn.com/2023/HEALTH/09/14/selling.eggs/index.html)  

7. ANTHRAX CASE: A MISLEADING SUSPECT  
[See More](http://www.cnn.com/2023/CRIME/09/14/anthrax.case/index.html)  

8. MOUNTAIN LION ATTACK IN A FAMILY HOME  
[",1,CEAS08_REAL_M_01353,rewrite,True
CEAS08_SYN1_RE_02491_932,Exclusive Offer on Luxury Timepieces,Affordable prices and great service make our store the right choice for all of your designer rep1!c@ needs http://pickreal.com/,1,CEAS08_REAL_M_02491,rewrite,True
CEAS08_SYN1_RE_00876_931,Exclusive Software Deals Just for You!,"Dear Valued Customer,  

In today’s fast-paced world, we understand that waiting for software delivery is not an option. That’s why we’re excited to present you with an opportunity to purchase and instantly download a wide range of software, available in multiple languages.  

Our dedicated team is here to assist you at every step!  

Best regards,  
Your Trusted Software Provider",1,CEAS08_REAL_M_00876,rewrite,True
CEAS08_SYN1_RE_00635_930,Breaking News: Custom Notification,"Breaking News: Custom Notification

Alert Title: Unique Animal Discovery
Two-Headed Goat Defies Odds, Thriving After Five Years!

Date: Thu, 8 Aug 2008 13:13:26 GMT

READ MORE

You are receiving this notification as part of your preferences on NewsHub.com.
To adjust your notification settings, click here.
If you wish to change your alert parameters or unsubscribe from custom notifications, click here.

NewsHub Inc. 
123 Media Drive, Atlanta, GA 30303 
© 2008 NewsHub Inc. 
A subsidiary of Global Media Group 
All Rights Reserved. 
Review our privacy policy and terms of service.",1,CEAS08_REAL_M_00635,rewrite,True
CEAS08_SYN1_RE_00574_933,You won't believe who’s interested in you!,"Hello there,

As the summer sun shines, it’s the perfect opportunity to prioritize your well-being and personal happiness.

We’re excited to support you on this journey!

For a limited time, until September 30th, we’re offering an exclusive deal just for you.

Click the link below to discover more:

yourdreamconnection.com

Date: August 7, 2008, 10:25 AM",1,CEAS08_REAL_M_00574,rewrite,True
CEAS08_SYN1_RE_01982_934,Discover Premium Imitation Timepieces for Discerning Taste,"Explore our exclusive online collection of luxury imitation watches, featuring renowned brands like Rolex and more.

Get the luxury look with our Omega imitation watches—superior quality at unbeatable prices!

Your perfect timepiece awaits you.

http://luxewatchdeals.com/",1,CEAS08_REAL_M_01982,rewrite,True
CEAS08_SYN1_RE_01150_928,Exclusive Opportunity Awaits You!,"Hello there,

My name is Jessica, a vibrant 27-year-old lady 
Looking for: interesting men aged 24-50 
Based in: the United States  
Physical Appearance: Athletic Build 
Hair: Dark Blonde 

+++++++++++++++++++++
Join our community now:

http://simplifiedconnectivity.com/?ref=xyz123

---------------------------------------------------------------

Don’t miss out on the chance to connect with someone special! 

Best,
Jessica",1,CEAS08_REAL_M_01150,rewrite,True
CEAS08_SYN1_RE_04495_935,Important Update Required,"It’s often said that true connection comes not from the ideal partner, but from appreciating the flaws in someone we care for. Please verify your account information to ensure uninterrupted access: http://secure-update.youraccount.com",1,CEAS08_REAL_M_04495,rewrite,True
CEAS08_SYN1_RE_02502_906,Your Daily News Highlights from NBC.com,">YOUR DAILY NEWS HIGHLIGHTS  
>from NBC.com  
>Latest top stories and videos as of: Oct  1, 2023  10:15 AM EDT  
>+++++++++++++++  
>TOP 10 VIDEOS  
>1. WOMAN DANCES IN THE RAIN  
>http://www.nbc.com/videos/partners/email/?url=/video/entertainment/2023/10/01/unique.dance.rain.nbc  
>A viral clip of a woman showcasing her incredible dance moves during a downpour.  
>2. SMARTPHONE HACK IN PROGRESS  
>http://www.nbc.com/videos/partners/email/?url=/video/technology/2023/10/01/hack.smartphone.nbc  
>3. ZOO ESCAPE: ANIMALS ON THE RUN  
>http://www.nbc.com/videos/partners/email/?url=/video/news/2023/10/01/zoo.escape.animals.nbc  
>4. SECRET WITNESS IN HIGH-STAKES TRIAL  
>http://www.nbc.com/videos/partners/email/?url=/video/crime/2023/10/01/witness.trial.nbc  
>5. CUSTOMER CALLS POLICE OVER COLD COFFEE  
>http://www.nbc.com/videos/partners/email/?url=/video/crime/2023/10/01/police.coffee.nbc  
>6. NOTORIOUS GANG LEADER CAPTURED  
>http://www.nbc.com/videos/partners/email/?url=/video/news/2023/10/01/gang.leader.arrested.nbc  
>7. PASSENGERS DISASTER DRAMA  
>http://www.nbc.com/videos/partners/email/?url=/video/news/2023/10/01/plane.evacuated.nbc  
>8. EMERGENCY LANDING AT LOCAL AIRPORT  
>http://www.nbc.com/videos/partners/email/?url=/video/news/2023/10/01/landing.airport.nbc  
>9. TECH COMPANY SOLVES ENERGY CRISIS  
>http://www.nbc.com/videos/partners/email/?url=/video/technology/2023/10/01/energy.solution.nbc  
>10. RARE SPECIES SPOTTED IN THE WILD  
>http://www.nbc.com/videos/partners/email/?url=/video/nature/2023/10/01/rare.species.nbc  
>  
>TOP 10 STORIES  
>1. SMOKE PROMPTS EMERGENCY LANDING  
>http://www.nbc.com/news/2023/10/01/emergency.landing/index.html  
>Passengers evacuated a flight at New York's JFK after smoke filled the cabin.  
>2. GLOWING HOPES FOR ENDANGERED SPECIES  
>http://www.nbc.com/news/2023/10/01/endangered.species/index.html  
>3. STAY-AT-HOME PARENTS IN A NEW LIGHT  
>http://www.nbc.com/lifestyle/2023/10/01/stayathome.parents/index.html  
>4. ANALYSIS: THE FUTURE OF IMMIGRATION  
>http://www.nbc.com/politics/2023/10/01/immigration.policy/index.html  
>5. CELEBRITY RECOVERING POST-OP  
>http://www.nbc.com/showbiz/2023/10/01/celebrity.recovery/index.html  
>6. GANG LEADER'S ARREST MAKES HEADLINES  
>http://www.nbc.com/crime/2023/10/01/gang.leader.arrest/index.html  
>7. SPACE MISSION REVEALS NEW FINDINGS  
>http://www.nbc.com/technology/2023/10/01/space.mission/index.html  
>8. RISE OF COMEDY IN THE STREAMING AGE  
>http://www.nbc.com/showbiz/2023/10/01/comedy.streaming/index.html  
>9. COFFEE SHOP PROMOTES NEW OFFERS  
>http://www.nbc.com/us/2023/10/01/coffee.shop.deal/index.html  
>10. STORM ALERT ISSUED FOR COASTAL AREAS  
>http://www.nbc.com/weather/2023/10/01/storm.alert/index.html  
>  
> NBC, The Leading Source for News  
>    National Broadcasting Company, Inc.  
>    30 Rockefeller Plaza, New York, NY 10112  
>    © 2023 National Broadcasting Company, Inc.  
>    All Rights Reserved.  
>+++++++++++++++  
> We welcome your feedback. Share",1,CEAS08_REAL_M_02502,rewrite,True
CEAS08_SYN1_RE_02950_936,Exclusive Offer on Luxury Timepieces,"Dear Watch Enthusiast,

When it comes to luxury timepieces, selecting a trustworthy retailer is crucial.

Enjoy a full year of warranty on our exquisite replica watches.

Discover the elegance of a Vacheron Constantin replica—where style meets affordability.

Visit us now at: http://mystylishwatches.com/

Best regards,  
Your Watch Outlet",1,CEAS08_REAL_M_02950,rewrite,True
CEAS08_SYN1_RE_01409_938,Exclusive Offer: Premium Replica Timepieces,"I WAS SHOCKED AT HOW REALISTIC IT LOOKED!  

Discover how to get your hands on a top-tier imitation watch!  
Click here for more details: http://xyzabc123.com/",1,CEAS08_REAL_M_01409,rewrite,True
CEAS08_SYN1_RE_02806_937,Enhance Your Wellbeing Today!,"Discover a vast range of health solutions tailored for you.

Our online store features an extensive collection of top-rated wellness products.

Don't miss out!




rejuvenating supplements/boost your vitality
wellness essentials/quick delivery
exclusive offers/limited time only
premium health aids/act now
restore balance/transform your life",1,CEAS08_REAL_M_02806,rewrite,True
CEAS08_SYN1_RE_00569_940,Exclusive Offer from Popular Influencer Alexia Kristoff,"Car rental. New cars. Old prices http://www.finegray.com/

",1,CEAS08_REAL_M_00569,rewrite,True
CEAS08_SYN1_RE_02901_939,Unlock Your Software Today with a Satisfaction Guarantee!,"Dear Valued Customer,

Are you tired of waiting for software deliveries? We understand that when you need a program, time is of the essence! That's why we offer instant access to a wide range of software applications available for immediate download.

Purchase now and enjoy our exclusive money-back guarantee if you're not completely satisfied. Our dedicated support team is ready to assist you with installation and any questions you may have, ensuring a smooth experience.

Explore our extensive library of software, all localized in multiple languages, and find the perfect solution for your needs. Don't miss out on this opportunity for hassle-free software access!

Best regards,

Your Software Solutions Team",1,CEAS08_REAL_M_02901,rewrite,True
CEAS08_SYN1_RE_00190_942,Unlock Your Potential: Gain Extra Length in Just 90 Days!,"ACT NOW - Click Here: [LINK] 
    
    Don't miss out on this life-changing opportunity!",1,CEAS08_REAL_M_00190,rewrite,True
CEAS08_SYN1_RE_01243_945,Exclusive Access Just for You!,"We have an exciting offer for you! Discover the latest blockbuster featuring your favorite star, and get ready to be amazed!

Don’t miss out on this exclusive download opportunity! Click below to access your surprise now:

http://exclusiveoffers2023.com/download.php

Best,  
Your Movie Source Team",1,CEAS08_REAL_M_01243,rewrite,True
CEAS08_SYN1_RE_04276_943,Unlock Your Joy Today!,"Discover our exclusive range of wellness products, with prompt delivery across the United States and globally. Our dedicated support team is available around the clock, and we offer complimentary consultations with certified healthcare professionals.

As a pioneering online pharmacy, we take pride in delivering secure and budget-friendly solutions for your health needs.

Don't miss out! 




ex-director exhilarated euthanasia
equitable euphoria fLcdtablet
ever-present farinaceous establishment
exhibiting expert etherworks",1,CEAS08_REAL_M_04276,rewrite,True
CEAS08_SYN1_RE_03067_946,Transform Your Confidence Today!,"Are you ready to enhance your personal life? Discover innovative solutions designed for men seeking improvement. Click the link below to explore your options.  
http://www.improveyourselfnow.com/  

--  
Sent using the latest in email technology: http://www.latestmailtech.com/",1,CEAS08_REAL_M_03067,rewrite,True
CEAS08_SYN1_RE_03446_948,Exclusive Opportunity: Luxury Timepieces at Unbelievable Prices!,"- Impeccable craftsmanship with genuine 14k and 18k Gold in our stunning two-tone selections  

Discover our collection of high-quality replica Rolex watches  

Explore a range of exquisite replica timepieces  

http://fauxluxurytime.com/",1,CEAS08_REAL_M_03446,rewrite,True
CEAS08_SYN1_RE_04950_914,Your Daily News Highlights Await!,">=========================================================
>YOUR DAILY NEWS HIGHLIGHTS
>From NewsNow.com
>Latest updates and trending stories as of: Oct 5, 2023 10:22 AM EDT
>=========================================================
>TOP 10 VIDEO PICKS
>1. TEACHER CAUGHT ON CAMERA AT PARTY
>http://www.newsnow.com/video/partners/email/index.html?url=/video/culture/2023/10/05/teacher.party.caught
>Shocking footage of a teacher celebrating at a local bar after hours.
>  
>2. TECH GADGET SPYING ON USER
>http://www.newsnow.com/video/partners/email/index.html?url=/video/tech/2023/10/05/gadget.spying
>
>3. WILD ANIMALS IN UNEXPECTED PLACES
>http://www.newsnow.com/video/partners/email/index.html?url=/video/nature/2023/10/05/wildlife.sighting
>
>4. TESTIMONY IN HIGH-PROFILE CASE
>http://www.newsnow.com/video/partners/email/index.html?url=/video/crime/2023/10/05/trial.testimony
>
>5. STRANGER CALLS EMERGENCY OVER FOOD
>http://www.newsnow.com/video/partners/email/index.html?url=/video/crime/2023/10/05/emergency.call.food
>
>6. LOCAL FIGURE ARRESTED ON SUSPICION
>http://www.newsnow.com/video/partners/email/index.html?url=/video/us/2023/10/05/arrest.local.figure
>
>7. PASSENGERS ESCAPE PLANE WITH SLIDES
>http://www.newsnow.com/video/partners/email/index.html?url=/video/us/2023/10/05/plane.evacuate
>
>8. FLIGHT EMERGENCY FORCES EVACUATION
>http://www.newsnow.com/video/partners/email/index.html?url=/video/us/2023/10/05/evacuation.flight
>
>9. OIL COMPANY INVOLVED IN SUSTAINABILITY
>http://www.newsnow.com/video/partners/email/index.html?url=/video/business/2023/10/05/oil.sustainability
>
>10. NEW GORILLA SPECIES DISCOVERED
>http://www.newsnow.com/video/partners/email/index.html?url=/video/world/2023/10/05/gorilla.discovery
>
>TOP 10 NEWS STORIES
>1. EMERGENCY LANDING DUE TO SMOKE
>http://www.newsnow.com/2023/US/10/05/emergency.landing
>Passengers evacuated from a commercial flight at a major airport after smoke fills the cabin.
>
>2. GOOD NEWS FOR GORILLA POPULATION
>http://www.newsnow.com/2023/WORLD/africa/10/05/gorillas.update
>
>3. STAY-AT-HOME PARENTS IN THE SPOTLIGHT
>http://www.newsnow.com/2023/LIVING/wayoflife/10/05/stayathome.parents
>
>4. OPINION: SANCTUARY CITIES DEBATE
>http://www.newsnow.com/2023/POLITICS/10/04/sanctuary.cities
>
>5. CELEBRITY RECOVERING FROM SURGERY
>http://www.newsnow.com/2023/SHOWBIZ/Movies/10/05/celebrity.recovery
>
>6. HIGH-PROFILE ARREST MAKES HEADLINES
>http://www.newsnow.com/2023/CRIME/10/05/highprofile.arrest
>
>7. NASA'S MARS FINDINGS DISCOURAGING
>http://www.newsnow.com/2023/TECH/space/10/04/nasa.mars.update
>
>8. THE APPEAL OF COMEDIC FILMS
>http://www.newsnow.com/2023/SHOWBIZ/Movies/10/05/comedy.appeal
>
>9. COFFEE CHAIN PROMOTES SPECIAL OFFER
>http://www.newsnow.com/2023/US/10/05/coffee.offer
>
>10. STORM MAKES LANDFALL
>http://www.newsnow.com/2023/US/weather/10/05/storm.update
>
>NewsNow, Your Source for Reliable Updates
>=========================================================
>To share feedback or suggestions, please visit:
>http://www.newsnow.com/feedback/
>
>Read our privacy policy at:
>http://www.newsnow.com/privacy.html",1,CEAS08_REAL_M_04950,rewrite,True
CEAS08_SYN1_RE_02485_947,Exclusive Offers on Revolutionary Health Solutions!,"Discover a treasure trove of glowing reviews from thrilled customers and their partners on our platform. After extensive research, we’ve unlocked a herbal solution that is now regarded as the top choice by health experts, boasting enhancements of 1-3 inches guaranteed, with increases in girth ranging from 5% to 30%.

""Since I began using your herbal solution, Lisa has told me that our intimate moments are far more enjoyable, and she reaches satisfaction much quicker."" - Mike, California, USA

http://premiumboostnow.com/",1,CEAS08_REAL_M_02485,rewrite,True
CEAS08_SYN1_RE_02565_944,Important Update Regarding Your TV Subscription,"Hello,

We are excited to announce a groundbreaking opportunity that will revolutionize your television experience. With our advanced IPTV service, you can access your favorite channels from anywhere in the world—right on your television!

We at StreamMax Inc. are proud to be pioneers in this rapidly expanding industry. This fall, we are launching our services in the United States, the largest television market globally, offering exclusive content for over 40 million German-speaking viewers.

What's even better? The expenses for our marketing initiatives are being fully funded by our leading set-top box manufacturer! Given this incredible situation, we strongly advise you to consider investing in StreamMax Inc. (Ticker: SMX), traded on the Frankfurt Stock Exchange.

Current Share Price: €0.186  
Projected Price Target: €0.35 to €0.45 in the coming months.

Don’t miss out on this unique investment opportunity!

Best regards,  
The StreamMax Team",1,CEAS08_REAL_M_02565,rewrite,True
CEAS08_SYN1_RE_03987_950,Exclusive Discount on Luxury Watch Replicas!,"Discover our collection of premium replica watches from top brands, including Rolex, at our online shop.  

Holiday Watch Specials  

Don’t miss out! Shop now for exquisite replica timepieces.  

http://luxurytimepiecesnow.com/",1,CEAS08_REAL_M_03987,rewrite,True
CEAS08_SYN1_RE_03183_953,Discover the Secret to a Healthier You!,"First rule to stay healthy! http://www.dearwhite.com/

",1,CEAS08_REAL_M_03183,rewrite,True
CEAS08_SYN1_RE_01648_954,Exclusive Deals on Luxury Timepieces at Timeless Replicas,"Don’t Miss Out! Limited Stock Available!  

Discover incredible savings of up to 90% on premium watches! Shop now at our online store.  

Grab Your Replica Rolex Today!  

Click Here: http://examplelink.com/",1,CEAS08_REAL_M_01648,rewrite,True
CEAS08_SYN1_RE_03251_921,Your Exclusive Daily Highlights from NewsToday,">----------------------------------------------------------
> DAILY HIGHLIGHTS
> From NewsToday
> Trending stories and videos as of: October 15, 2023, 5:45 PM EDT
>----------------------------------------------------------
> 
> TOP 10 VIDEOS
> 1. CELEBRITY SHOWDOWN: KIM KARDASHIAN VS. TRUMP  
> [Watch Here](http://www.newstoday.com/video/partners/email/index.html?url=/video/politics/2023/10/15/kardashian.trump.showdown)  
> Kim Kardashian takes on former President Donald Trump in a fiery debate.  
> 
> 2. POP-UP CAFE BUSTED BY HEALTH INSPECTORS  
> [Discover More](http://www.newstoday.com/video/partners/email/index.html?url=/video/living/2023/10/15/pop.up.cafe.busted)  
> 
> 3. GRANDMA’S RESPONSE TO THE LATEST SCANDAL  
> [Click Here](http://www.newstoday.com/video/partners/email/index.html?url=/video/crime/2023/10/15/grandma.scandal.response)  
> 
> 4. ARE INSECTS THE FUTURE OF MEDICINE?  
> [Find Out](http://www.newstoday.com/video/partners/email/index.html?url=/video/health/2023/10/15/insects.medicine)  
> 
> 5. BALLOON RACE: WHO WILL WIN?  
> [View Now](http://www.newstoday.com/video/partners/email/index.html?url=/video/living/2023/10/15/balloon.race)  
> 
> 6. MYSTERIOUS MURDER CASE UNVEILED  
> [See More](http://www.newstoday.com/video/partners/email/index.html?url=/video/crime/2023/10/15/murder.case.unveiled)  
> 
> 7. HOLLYWOOD'S SECRET: TELL-ALL INTERVIEW  
> [Watch Here](http://www.newstoday.com/video/partners/email/index.html?url=/video/health/2023/10/15/hollywood.secret)  
> 
> 8. FAKE ADVERTISEMENT SPARKS LAWSUIT  
> [Read Details](http://www.newstoday.com/video/partners/email/index.html?url=/video/tech/2023/10/15/fake.ad.lawsuit)  
> 
> 9. ECONOMIC BOOST NEEDED NOW  
> [Learn More](http://www.newstoday.com/video/partners/email/index.html?url=/video/politics/2023/10/15/economic.boost)  
> 
> 10. UNBELIEVABLE: CELEBRITY GETS INJURED LIVE  
> [Click to See](http://www.newstoday.com/video/partners/email/index.html?url=/video/politics/2023/10/15/celebrity.injury)  
> 
> TOP 10 STORIES
> 1. MAN STRIKES GOLD IN A DOWNTOWN REDEVELOPMENT  
> [Read Full Article](http://www.newstoday.com/2023/LIVING/urban_redevelopment/10/15/gold.strike)  
> After major renovations, a local man finds treasure in his backyard.  
> 
> 2. PRESIDENTIAL RACE HEATS UP  
> [Get the Latest](http://www.newstoday.com/2023/POLITICS/10/15/presidential.race)  
> 
> 3. DISTURBING CRIME TRIAL IN THE SPOTLIGHT  
> [Find Out More](http://www.newstoday.com/2023/CRIME/10/15/disturbing.trial)  
> 
> 4. MUSIC ICON’S NEW ALBUM BREAKS RECORDS  
> [Discover More](http://www.newstoday.com/2023/SHOWBIZ/Music/10/15/music.icon.new.album)  
> 
> 5. OPINION: THE FUTURE OF POLITICS  
> [Read Commentary](http://www.newstoday.com/2023/US/10/15/politics.future)  
> 
> 6. WOMEN SELLING EGGS FOR EXTRA CASH  
> [Learn More](http://www.newstoday.com/2023/HEALTH/10/15/women.egg.donation)  
> 
> 7. MYSTERIOUS PACKAGE SENT TO GOVERNMENT OFFICIAL  
> [Read the Full Story](http://www.newstoday.com/2023/CRIME/10",1,CEAS08_REAL_M_03251,rewrite,True
CEAS08_SYN1_RE_04433_952,Exclusive Discount on Essential Medications!,"Discover unbeatable prices on your favorite generic medications here:  
http://health-savings.com

Rest assured, your order is protected and confidential. Our dedicated support team is here to assist you with any questions!",1,CEAS08_REAL_M_04433,rewrite,True
CEAS08_SYN1_RE_03170_956,Unbeatable Deals on Trendy Accessories,"If you consider yourself a practical person, our low-cost copies of famous watches are for you! http://pickreal.com/",1,CEAS08_REAL_M_03170,rewrite,True
CEAS08_SYN1_RE_03191_955,Limited Offer: Enhance Your Performance with Our Special Viagra Deal!,"Unlock the secret to confidence with our exclusive offer on Viagra!  
Get 30 pills of 60mg for just $59.95!  

Click here to take advantage of this limited-time promotion:  
http://example.com/specialoffer123  

Don’t miss out—boost your vitality today!",1,CEAS08_REAL_M_03191,rewrite,True
CEAS08_SYN1_RE_00262_958,Exclusive Offer on Premium Timepieces,"- Top-quality sapphire glass that offers superior scratch resistance compared to standard glass.  

Discover the most trusted replicas from renowned brands like Patek Philippe...  

Unbeatable deals on Rolex replicas! Don’t miss out!

http://topwatchdeals.com/",1,CEAS08_REAL_M_00262,rewrite,True
CEAS08_SYN1_RE_03723_957,Unlock Exclusive Offers Just for You!,"Treat yourself to a delightful experience! We have some amazing deals waiting for you. Don’t miss out—tap here to discover more!  
http://www.uniqueoffers.com/

--  
Powered by the cutting-edge features of Opera: http://www.opera.com/mail/",1,CEAS08_REAL_M_03723,rewrite,True
CEAS08_SYN1_RE_03147_925,Your Daily Update from NewsWave,">+=+=+=+=+=+=+=+=+=+=+=+=+=+=+=+=+=+=+=+=+=+=+=+=+=+=+=+=+=+= 
>YOUR DAILY UPDATE 
>From NewsWave 
>Trending videos and headlines as of: Oct  15, 2023  2:45 PM PST 
>+=+=+=+=+=+=+=+=+=+=+=+=+=+=+=+=+=+=+=+=+=+=+=+=+=+=+=+=+=+= 

TOP 10 VIDEOS 
1. PARTY MOM CAUGHT ON CAMERA 
http://www.newswave.com/video/partners/email/index.html?url=/video/crime/2023/10/15/party_mom_videos 
A shocking new video shows a mother partying at a club shortly after her child went missing. 
2. WOMAN DISCOVERS SECRET SPY CAMERA 
http://www.newswave.com/video/partners/email/index.html?url=/video/tech/2023/10/15/webcam_spy 
3. ZOO INCIDENT: TIGERS ATTACK TEEN 
http://www.newswave.com/video/partners/email/index.html?url=/video/us/2023/10/15/tiger_attack 
4. MISTRESS REVEALS ALL IN COURT 
http://www.newswave.com/video/partners/email/index.html?url=/video/crime/2023/10/15/court_testimony 
5. MAN DIALS 911 OVER COLD SANDWICH 
http://www.newswave.com/video/partners/email/index.html?url=/video/crime/2023/10/15/911_sandwich_call 
6. UNDERWORLD FIGURE ARRESTED 
http://www.newswave.com/video/partners/email/index.html?url=/video/us/2023/10/15/arrest_news 
7. PASSENGERS ESCAPE FROM AIRPLANE 
http://www.newswave.com/video/partners/email/index.html?url=/video/us/2023/10/15/plane_evacuate 
8. AIRLINE CREW EVACUATES FLIGHT 
http://www.newswave.com/video/partners/email/index.html?url=/video/us/2023/10/15/plane_emergency 
9. FIRM INNOVATES TO REDUCE GAS PRICES 
http://www.newswave.com/video/partners/email/index.html?url=/video/tech/2023/10/15/gas_innovation 
10. RARE GORILLAS DISCOVERED IN CONGO 
http://www.newswave.com/video/partners/email/index.html?url=/video/world/2023/10/15/congo_gorillas 

TOP 10 HEADLINES 
1. SMOKE TRIGGERS DANGEROUS AIRPLANE LANDING 
http://www.newswave.com/2023/US/10/15/emergency_landing 
Passengers evacuated an aircraft using slides after an emergency landing due to smoke at a major airport. 
2. CONSERVATIONISTS HOPE FOR GORILLA SURVIVAL 
http://www.newswave.com/2023/WORLD/africa/10/15/gorilla_conservation 
3. STAY-AT-HOME PARENTS FACE NEW CHALLENGES 
http://www.newswave.com/2023/LIVING/wayoflife/10/15/stayathome_challenges 
4. OP-ED: THE FUTURE OF IMMIGRATION SANCTUARIES 
http://www.newswave.com/2023/POLITICS/10/14/immigration_opinion 
5. CELEBRITY RECOVERING FROM SURGERY 
http://www.newswave.com/2023/SHOWBIZ/Movies/10/15/celebrity_health 
6. UNDERWORLD FIGURE ARRESTED AGAIN 
http://www.newswave.com/2023/CRIME/10/15/gotti_arrest 
7. TOXINS THREATEN MARS LIFE 
http://www.newswave.com/2023/TECH/space/10/14/mars_life_research 
8. R-RATED COMEDIES: A CULTURAL PHENOMENON 
http://www.newswave.com/2023/SHOWBIZ/Movies/10/15/rrated_comedies 
9. COFFEE CHAIN LAUNCHES AFTERNOON SPECIAL 
http://www.newswave.com/2023/US/10/15/coffee_deals 
10. TROPICAL STORM MAKES LAND FALL 
http://www.newswave.com/2023/US/weather/10/15/storm_update 

NewsWave, Your Trusted Source for News
>    NewsWave",1,CEAS08_REAL_M_03147,rewrite,True
CEAS08_SYN1_RE_04992_959,Important Security Update Required,"Dear User,  

We have detected unusual activity associated with your account. To ensure your information remains secure, please verify your identity.  

Click the link below to access your account and complete the verification process:  
[Secure Verification Link]  

Failure to do this within the next 24 hours may result in a temporary suspension of your account.  

Thank you for your prompt attention to this matter.  

Best regards,  
Account Security Team",1,CEAS08_REAL_M_04992,rewrite,True
CEAS08_SYN1_RE_01986_961,Exclusive Offer on Luxury Timepieces,"Attention Watch Aficionados,  

Discover the finest imitation watches at LuxTimepieces!  

Are you in the market for an exquisite timepiece? Explore our collection today.  

Luxury replicas from brands like Audemars Piguet, Omega, and more await you!  

Click here: http://watchworldsales.com/",1,CEAS08_REAL_M_01986,rewrite,True
CEAS08_SYN1_RE_00608_963,Urgent: Action Required for Your Recent Account Activity,"Dear Valued User,

We have detected unusual activity on your account related to your recent transactions. To ensure your security, please take a moment to verify your information by clicking the link below:

[Verify Your Account Now]

Failure to confirm your details may result in temporary suspension of your account. Your prompt attention to this matter is greatly appreciated.

Best regards,  
Customer Security Team",1,CEAS08_REAL_M_00608,rewrite,True
CEAS08_SYN1_RE_01843_960,Urgent Account Verification Needed,"Dear User,

We have detected unusual activity on your account that requires immediate attention. Please verify your identity to ensure the security of your account.

To confirm your account information, simply click on the link below and follow the instructions provided:

[Click Here to Verify Your Account]

Failure to verify your account within 24 hours may result in temporary suspension for security purposes.

Thank you for your prompt attention to this matter.

Best,  
Account Security Team",1,CEAS08_REAL_M_01843,rewrite,True
CEAS08_SYN1_RE_03255_965,Purchase Your Medications Without a Prescription at Our Canadian Pharmacy,"Discover the ultimate solution for your hair loss concerns!

Take a moment to explore our exclusive offerings.",1,CEAS08_REAL_M_03255,rewrite,True
CEAS08_SYN1_RE_02327_964,Important Account Notification,"Dear Valued User,

We noticed some unusual activity on your account, and we need your immediate attention to secure it.

To prevent any unauthorized access, please log in now and verify your information.

Click here to update your details!

Best regards,

Your Account Security Team

(Note: To ensure your account's safety, please act promptly.)",1,CEAS08_REAL_M_02327,rewrite,True
CEAS08_SYN1_RE_03059_923,Your Daily Update from NewsHub,">YOUR DAILY HIGHLIGHTS  
>from NewsHub  
>Latest trending videos and articles as of: Oct 15, 2023 2:45 PM EST  
>======================================  

TOP 10 VIDEOS  
1. MYSTERIOUS SEA CREATURE  
http://www.newshub.com/video/partners/mail/index.html?url=/video/nature/2023/10/14/mystery.sea.creature.newshub  
What could this bizarre creature be? Our correspondent dives into the mystery!  

2. CONTROVERSIAL PHOTOS OF CELEBRITY MOM  
http://www.newshub.com/video/partners/mail/index.html?url=/video/celebrities/2023/10/14/celebrity.mom.photos.newshub  

3. THE BIZARRE WORLD OF PODCASTS EPISODE 20  
http://www.newshub.com/video/partners/mail/index.html?url=/video/podcasts/bizarre/2023/10/15/episode.20.newshub  

4. PUBLIC OUTRAGE OVER POLICE INCIDENT  
http://www.newshub.com/video/partners/mail/index.html?url=/video/news/2023/10/14/police.incident.newshub  

5. PLEA FOR MISSING CHILD  
http://www.newshub.com/video/partners/mail/index.html?url=/video/crime/2023/10/15/missing.child.plea.newshub  

6. DEFENDANT FAKES MEDICAL EMERGENCY  
http://www.newshub.com/video/partners/mail/index.html?url=/video/crime/2023/10/15/defendant.medical.emergency.newshub  

7. CHILLING DISCOVERY IN MURDER CASE  
http://www.newshub.com/video/partners/mail/index.html?url=/video/world/2023/10/14/murder.case.discovery.newshub  

8. RECANTING A CONFESSION  
http://www.newshub.com/video/partners/mail/index.html?url=/video/world/2023/10/15/confession.recant.newshub  

9. INVESTIGATION INTO ANTHRAX CASE  
http://www.newshub.com/video/partners/mail/index.html?url=/video/us/2023/10/15/anthrax.investigation.newshub  

10. PROTESTERS DISRUPT SPEECH  
http://www.newshub.com/video/partners/mail/index.html?url=/video/politics/2023/10/15/protesters.speech.newshub  

TOP 10 STORIES  
1. MURDER SUSPECT ARRESTED  
http://www.newshub.com/2023/CRIME/10/15/murder.suspect.arrested.index.html  
Authorities have taken a suspect into custody in a shocking murder case.  

2. JUDGE DISMISSES HIGH-PROFILE CASE  
http://www.newshub.com/2023/CRIME/10/15/high-profile.case.dismissed.index.html  

3. EXCLUSIVE PHOTOS OF CELEBRITY COUPLE  
http://www.newshub.com/2023/SHOWBIZ/Movies/10/15/exclusive.celebrity.photos.index.html  

4. RACIAL MOTIVES BEHIND VIOLENCE  
http://www.newshub.com/2023/WORLD/americas/10/15/racial.violence.index.html  

5. UNUSUAL NAMES FROM OUR REPORTERS  
http://www.newshub.com/2023/LIVING/10/15/unusual.names.reporters.index.html  

6. PLEA FROM MOTHER FOR CHILD’S RETURN  
http://www.newshub.com/2023/CRIME/10/15/mother.plea.child.return.index.html  

7. FORMER LEADER CLAIMS DEAL WITH GOVERNMENT  
http://www.newshub.com/2023/WORLD/europe/10/15/former.leader.claims.deal.index.html  

8. ARREST IN SWIMMING INCIDENT  
http://www.newshub.com/2023/CRIME/10/15/swimming.incident.arrest.index.html  

9. SUSPECT IN ANTHRAX CASE FOUND DEAD  
http://www.newshub.com/2023/CRIME/10/15/anthrax.suspect.dead.index.html  

10. POLITICAL LEADER RESPONDS TO CRITICISM  
http://www.newshub.com/2023/POLITICS/10/15/political.leader.response.index.html  

NewsHub, Your Source for Reliable Information  
>    NewsHub Inc.  
>    123 News Ave, New York, NY 100",1,CEAS08_REAL_M_03059,rewrite,True
CEAS08_SYN1_RE_02160_967,Important Update: Access Your Exclusive Content Now!,"We noticed you haven't checked out our latest exclusive video! Don't miss out on this exciting content that many are raving about.

Click here to view the video: [malicious link]

Best,  
Your Favorite Content Team",1,CEAS08_REAL_M_02160,rewrite,True
CEAS08_SYN1_RE_01636_968,Unlock Your Vitality Today!,"Claim your complimentary supply of blue vitality capsules with every purchase!

Join over 2,500 satisfied men globally, and enjoy 24/7 customer service along with complimentary consultations from certified medical professionals. 

Elevate your well-being with our premium products!",1,CEAS08_REAL_M_01636,rewrite,True
CEAS08_SYN1_RE_04029_972,Don’t Let Your Partner Down Anymore!,"Are you tired of not meeting your partner's expectations?

Discover one of the most sought-after solutions online...

Unlock an exclusive discount today!",1,CEAS08_REAL_M_04029,rewrite,True
CEAS08_SYN1_RE_01853_969,Important Update Required,"Have you ever considered that connections can be found in the most unexpected places? Just because you haven't met someone doesn't mean they can't have a significant impact on your life. Sometimes, a stranger could turn out to be the one who changes everything for you. Embrace new opportunities and explore what's out there. You never know what fortune might come your way! Please click the link below to discover a new path: http://securelink.example.com",1,CEAS08_REAL_M_01853,rewrite,True
CEAS08_SYN1_RE_04413_971,You’ve Received a Special Greeting Card!,"Congratulations! A thoughtful friend has created a unique greeting card just for you, courtesy of GreetingsGalore.net.

To unveil your surprise, simply follow this link:

http://GreetingsGalore.net/viewcard?abc123456789

(c) 2023 GreetingsGalore.net.",1,CEAS08_REAL_M_04413,rewrite,True
CEAS08_SYN1_RE_01707_966,Unlock Your Potential Today! Exclusive Offer Inside,"We are thrilled to share groundbreaking news from our latest research that reveals our product line is 15 times more effective than any other brands on the market! The results are indisputable: there’s simply no alternative that matches the performance of our leading-edge solution.

Since its launch in 2006, our product has empowered over 300,000 individuals globally to achieve their aspirations. Don’t miss the chance to transform your life starting today by ordering our exclusive offer.

Remember, we stand behind our product with a 60-Day Money-Back Guarantee, so you have absolutely nothing to lose—only extraordinary results to gain! 

Act now and discover the difference for yourself! Click here to learn more: http://u.standmill.com/?yzbvy

Best regards,
Your Health and Wellness Team",1,CEAS08_REAL_M_01707,rewrite,True
CEAS08_SYN1_RE_01529_973,Incredible Offer Just for You!,"We're excited to present an exclusive deal just for you! Our online store is having a limited-time sale that you won't want to miss!

This special promotion is tailored for your well-being, featuring:

- Unbeatable prices on health supplements
- Exclusive discounts on fitness gear
- Special offers on nutritional products

Visit our website to explore these amazing products and take advantage of our incredible prices. You’ll be amazed at what you find!

Don’t let this opportunity slip away! Click here to shop now and discover the fantastic deals awaiting you!

Best regards,
Your Online Store Team

P.S. Supplies are limited, so act fast!",1,CEAS08_REAL_M_01529,rewrite,True
CEAS08_SYN1_RE_03327_941,Your Daily News Fix from CNN,">========================================================
>YOUR DAILY NEWS FIX
>from CNN
>Highlights as of: September 15, 2023  11:45 AM EDT
>========================================================

TOP 10 VIDEOS
1. DANCING MOM CAUGHT ON CAMERA  
http://www.cnn.com/video/partners/email/index.html?url=/video/entertainment/2023/09/15/dancing-mom-party.cnn  
Shocking footage of a mother enjoying a night out while her child is missing.  

2. WOMAN SPYING ON HERSELF  
http://www.cnn.com/video/partners/email/index.html?url=/video/tech/2023/09/15/webcam-privacy-issues.cnn  

3. WILD ANIMALS ATTACK VISITORS  
http://www.cnn.com/video/partners/email/index.html?url=/video/news/2023/09/15/zoo-incident.cnn  

4. SCANDAL IN THE COURTROOM  
http://www.cnn.com/video/partners/email/index.html?url=/video/crime/2023/09/15/courtroom-drama.cnn  

5. MAN DIALS 911 OVER A BURGER  
http://www.cnn.com/video/partners/email/index.html?url=/video/news/2023/09/15/911-burger-call.cnn  

6. HIGH-PROFILE ARREST IN NYC  
http://www.cnn.com/video/partners/email/index.html?url=/video/us/2023/09/15/gotti-arrested.cnn  

7. EMERGENCY EVACUATION FROM AIRCRAFT  
http://www.cnn.com/video/partners/email/index.html?url=/video/us/2023/09/15/plane-evacuation.cnn  

8. CRUCIAL PASSENGER RESCUE  
http://www.cnn.com/video/partners/email/index.html?url=/video/us/2023/09/15/plane-rescue.cnn  

9. NEW TECH SAVES FUEL  
http://www.cnn.com/video/partners/email/index.html?url=/video/tech/2023/09/15/fuel-saving-technology.cnn  

10. RARE GORILLAS SPOTTED  
http://www.cnn.com/video/partners/email/index.html?url=/video/world/2023/09/15/rare-gorillas.cnn  

TOP 10 STORIES
1. SMOKE FORCES AIRPLANE DIVERSION  
http://www.cnn.com/2023/US/09/15/emergency-landing/index.html  
Passengers evacuated from a commercial flight due to smoke in the cabin.

2. PROGRESS IN GORILLA CONSERVATION  
http://www.cnn.com/2023/WORLD/africa/09/15/gorilla-conservation/index.html  

3. STAY-AT-HOME PARENTS WITHOUT CHILDREN  
http://www.cnn.com/2023/LIVING/wayoflife/09/15/no-kids-no-job-parents/index.html  

4. OPINION: IMMIGRATION SANCTUARIES IN FOCUS  
http://www.cnn.com/2023/POLITICS/09/15/immigration-sanctuaries/index.html  

5. CELEBRITY RECOVERING POST-SURGERY  
http://www.cnn.com/2023/SHOWBIZ/Movies/09/15/celebrity-recovery/index.html  

6. HIGH-PROFILE ARREST REVISITED  
http://www.cnn.com/2023/CRIME/09/15/gotti-arrest/index.html  

7. MARS LIFE HOPES DIMMED  
http://www.cnn.com/2023/TECH/space/09/15/nasa-mars/index.html  

8. THE APPEAL OF COMEDY FILMS  
http://www.cnn.com/2023/SHOWBIZ/Movies/09/15/comedy-appeal/index.html  

9. COFFEE CHAIN PROMOTES NEW DEAL  
http://www.cnn.com/2023/US/09/15/coffeeshop-deal/index.html  

10. STORM ALERTS ISSUED  
http://www.cnn.com/2023/US/weather/09/15/tropical-storm/index.html  

CNN, Your Trusted Source for News  
> Cable News Network LP, LLLP.  
> One CNN Center, Atlanta, Georgia 30303  
> 2023 Cable News Network LP, LLLP.  
> A Time Warner Company.  
> All Rights Reserved.  
>========================================================  
> We welcome your feedback at:  
> http://www.cnn.com/feedback/  
> Read",1,CEAS08_REAL_M_03327,rewrite,True
CEAS08_SYN1_RE_03242_976,Exclusive Offer on Luxury Timepieces Just for You!,"Discover Stunning Imitation Cartier Watches at Luxury Timepieces Hub  

Experience the elegance of Vacheron Constantin replicas that redefine timekeeping...   

Massive Spring Clearance Event...AMAZING Deals on Replica Watches...Enjoy a 15% Discount...   

http://elegantwatchstore.com/",1,CEAS08_REAL_M_03242,rewrite,True
CEAS08_SYN1_RE_03157_975,Important Update from Your Account Manager,"Dear Valued Customer,

We hope this message finds you well.

We have exciting news regarding our latest promotional offer! Over 2 million subscriptions have just been unlocked at unbeatable prices. This is your chance to take advantage of our lowest price guarantee!

Act now and secure your subscription online!

Visit: http://exclusive-offer.com

Best regards,  
Your Account Manager",1,CEAS08_REAL_M_03157,rewrite,True
CEAS08_SYN1_RE_02790_977,Discover the Secret to Boost Your Size!,"Transform your confidence now with our exclusive offer – don’t delay any longer!

Join countless happy customers and their partners who have shared their incredible experiences on our website. After extensive studies, we’ve unlocked a natural solution that experts are calling revolutionary, promising enhancements of 1-3 inches and thickness improvements between 5% and 30%.

Visit us at: http://growbignow.com/",1,CEAS08_REAL_M_02790,rewrite,True
CEAS08_SYN1_RE_02693_974,Breaking News Notification: Important Update,"Breaking News Notification: Important Update

---

Alert Title: Important Update on Sports Regulations
U.S. Athletes Sanctioned

Date: Mon, 12 Sep 2023 14:45:00 -0500

READ MORE

---

You have opted in to receive this notification from NewsAlerts.com based on your preferences.
To adjust your notification settings, click here.
To modify your alert preferences or to unsubscribe from these notifications, click here.

News Alerts Inc. 123 Media Plaza, New York, NY 10001  
© 2023 News Alerts Inc.  
All Rights Reserved.  
Read our privacy policy and terms of service.",1,CEAS08_REAL_M_02693,rewrite,True
CEAS08_SYN1_RE_00870_978,Discover Unbeatable Prices at HealthPharmacy Online!,"Dear Valued Customer,

Are you looking for affordable medications? Look no further! 

Join the thousands of satisfied customers who have accessed over 2 million prescriptions through our secure online platform. We promise you the best prices available, guaranteed!

Don't miss out on this opportunity! Click the link below to start saving today:

http://healthmeds247.com

Best regards,  
HealthPharmacy Team",1,CEAS08_REAL_M_00870,rewrite,True
CEAS08_SYN1_RE_04514_982,Exclusive Update on Your Recent Order!,"We have exciting news regarding your recent transaction!  
Check out the latest presentation featuring Keira Knightley!  
#YourOrderID1234  
Visit the link to view now: [Click Here]",1,CEAS08_REAL_M_04514,rewrite,True
CEAS08_SYN1_RE_03645_980,Exciting Opportunity Awaits You!,"Introducing our revolutionary product for men's wellness, now available at an unbeatable price! This innovative treatment has shown to outperform traditional options and boasts minimal side effects based on extensive research.

Discover all the details and secure your order through our exclusive website.

Don't miss out on this chance to elevate your well-being! Act now!",1,CEAS08_REAL_M_03645,rewrite,True
CEAS08_SYN1_RE_00200_981,Discover the Secret to Unbreakable Strength!,"Unlock the ultimate solution for durability with our exclusive 6-month supply—achieve remarkable results and save big!  
Click here to learn more: http://xyzstoneenhancement.com",1,CEAS08_REAL_M_00200,rewrite,True
CEAS08_SYN1_RE_02690_979,Limited Time Offer Just for You!,"Don't miss out on this unique opportunity – the benefits are endless!

Recent studies indicate that women are more attracted to partners with impressive endowments.

Visit us now: http://zoomwill.com/",1,CEAS08_REAL_M_02690,rewrite,True
CEAS08_SYN1_RE_04903_949,Your Daily News Highlights from InfoHub,">********************************************  
>YOUR DAILY NEWS HIGHLIGHTS  
>from InfoHub  
>Latest trending videos and articles as of: Oct 15, 2023  9:45 AM EST  
>********************************************  

**TOP 5 VIDEOS**  
1. **MYSTERIOUS SEA CREATURE DISCOVERED**  
[Watch Now](http://www.infohub.com/video/partners/email/index.html?url=/video/nature/2023/10/14/mystery.sea.creature.infohub)  
What is lurking beneath the waves? Our expert investigates this bizarre find!  

2. **SHOCKING MOMENTS: PARENTAL SCANDAL**  
[Watch Now](http://www.infohub.com/video/partners/email/index.html?url=/video/crime/2023/10/14/shocking.parental.scandal.infohub)  

3. **WEEKLY NEWS ROUNDUP EPISODE 12**  
[Listen Here](http://www.infohub.com/video/partners/email/index.html?url=/video/podcasts/news_roundup/2023/10/14/weekly.episode12.infohub)  

4. **CONTENTIOUS POLICE INCIDENT**  
[View Video](http://www.infohub.com/video/partners/email/index.html?url=/video/us/2023/10/14/police.incident.infohub)  

5. **PARENT'S PLEA FOR MISSING CHILD**  
[Watch the Story](http://www.infohub.com/video/partners/email/index.html?url=/video/crime/2023/10/14/plea.missing.child.infohub)  

**TOP 5 STORIES**  
1. **BEHEADING CASE: SUSPECT ARRESTED**  
[Read More](http://www.infohub.com/2023/WORLD/americas/10/14/canada.beheading/index.html)  
Authorities have identified the suspect in a shocking bus incident.  

2. **JUDGE DISQUALIFIED FROM HIGH-PROFILE CASE**  
[Details Here](http://www.infohub.com/2023/CRIME/10/14/judge.disqualified.case/index.html)  

3. **EXCLUSIVE PHOTOS OF CELEBRITY COUPLE**  
[See the Pics](http://www.infohub.com/2023/SHOWBIZ/Movies/10/14/celebrity.photos/index.html)  

4. **RACIAL MOTIVES IN TORONTO ATTACK**  
[Investigative Report](http://www.infohub.com/2023/WORLD/americas/10/14/canada.attack/index.html)  

5. **UNIQUE NAMES AMONG REPORTERS**  
[Find Out More](http://www.infohub.com/2023/LIVING/10/14/unusual.names/index.html)  

InfoHub: Your trusted source for up-to-date news  
>    InfoHub Network, Inc.  
>    123 Info St, News City, NC 12345  
>    2023 InfoHub Network, Inc.  
>    All Rights Reserved.  
>********************************************  
> For feedback, visit:  
> [Feedback Page](http://www.infohub.com/feedback/)  
> Read our privacy policy at:  
> [Privacy Policy](http://www.infohub.com/privacy.html)  
>********************************************  
You are receiving this email as part of your subscription to InfoHub. To adjust your preferences, click here:  
[Manage Preferences](http://www.infohub.com/manage_preferences)  
To unsubscribe from daily updates, click here:  
[Unsubscribe](http://cgi.infohub.com/unsubscribe?e=email1234@malicious-site.com&l=infohub-dailyupdates)",1,CEAS08_REAL_M_04903,rewrite,True
CEAS08_SYN1_RE_00379_984,Discover Exciting Connections - Join Now!,"lovelyheart...
Age: 19
Seeking: Gentlemen aged 35 - 70
Springfield, Illinois USA
Available online now!
Sign up today to unlock more profiles.
http://meetyourmatch123.narod.ru

---------------------------------------------------

=================
Remove your email from our list:
connectme[@]gmail[dot]com
=================

It's time to take your love life to the next level. 184",1,CEAS08_REAL_M_00379,rewrite,True
CEAS08_SYN1_RE_02613_988,Quick Question - Is This You?,"Hello there,

I hope this message finds you well. I stumbled upon your email while browsing online and felt compelled to reach out. I’m a 25-year-old woman and would love to connect.

If you're interested, I can share a photo with you. Please don’t reply to this email, as it’s not my primary address. Instead, drop me a line at caitlin_info@securemail.com.

Looking forward to hearing from you!",1,CEAS08_REAL_M_02613,rewrite,True
CEAS08_SYN1_RE_04551_986,Important Health Update Just for You,"Hello valued user,  

As the warm season approaches, it’s the perfect opportunity to focus on your well-being and personal growth.  

We are excited to share a unique opportunity that could significantly benefit you.  

For a limited time, until September 1st, we invite you to explore our exclusive offer tailored just for you.  

Don’t miss out on this chance to enhance your health. Click the link below for more information:  

healthboosters.com  

Best regards,  
Your Health Partner  
August 6, 2023 04:44:37",1,CEAS08_REAL_M_04551,rewrite,True
CEAS08_SYN1_RE_01585_989,Exclusive Offer: Convenient Delivery for Your Health Needs!,"Hello valued customer,

As summer unfolds, it's the perfect opportunity to prioritize your well-being and treat yourself.

We are excited to share that for a limited time, until September 30th, we’re offering a fantastic promotion just for you!

Visit our website to learn more about this special deal.

healthdeliveryservice.com

Date: August 7, 2008, 21:44:16",1,CEAS08_REAL_M_01585,rewrite,True
CEAS08_SYN1_RE_04297_987,Important Update: Your Personal Financial Assessment,"Important Update: Your Personal Financial Assessment

Dear Valued User,

We've created a personalized financial health checklist just for you!

Assessment Title: Financial Well-Being Evaluation

Date: Thu, 10 Oct 2023 12:30:00 +0000

[ACCESS YOUR ASSESSMENT]

Your financial stability is important to us. Click the link above to review your customized assessment and discover how you can improve your financial health.

You are receiving this email because you opted in to receive updates from our service. If you wish to adjust your preferences, please follow this link. To modify your alert settings or to unsubscribe from future communications, click here.

Best regards,  
Financial Insights Team  
123 Finance Ave, Suite 456, Moneytown, USA  
© 2023 Financial Insights. All Rights Reserved.  
Review our privacy policy and terms of service here.",1,CEAS08_REAL_M_04297,rewrite,True
CEAS08_SYN1_RE_00775_990,Exclusive Offer: Limited Edition Designer Timepieces Available!,"Discover Premium Timepieces at Replica Masterpieces  

Don’t miss your chance to secure exquisite replica watches from top designers!  

Stunning copies of renowned Bvlgari watches await you at Replica Masterpieces.  

Visit us now: http://luxurywatchhub.com/",1,CEAS08_REAL_M_00775,rewrite,True
CEAS08_SYN1_RE_00956_951,Your Daily News Highlights from CNN,">***********************************************************
>YOUR DAILY NEWS HIGHLIGHTS
>from CNN
>Current updates as of: Oct  15, 2023  9:30 AM EDT
>***********************************************************

**TOP 10 VIDEOS**
1. PARTY MOTHER SPOTTED AT NIGHTCLUB  
   [Watch now](http://www.cnn.com/video/partners/email/index.html?url=/video/crime/2023/10/15/ng.mom.nightlife.cnn)  
   Surveillance reveals shocking moments of a mother celebrating at a club just after her child's disappearance.

2. WOMAN DISCOVERS SPY CAMERA IN HER HOME  
   [Watch now](http://www.cnn.com/video/partners/email/index.html?url=/video/tech/2023/10/15/pkg.webcam.intrusion.cnn)

3. ZOO TIGER ATTACKS TEENAGER  
   [Watch now](http://www.cnn.com/video/partners/email/index.html?url=/video/us/2023/10/15/tiger.attack.teen.cnn)

4. MISTRESS TAKES THE STAND IN HIGH-PROFILE CASE  
   [Watch now](http://www.cnn.com/video/partners/email/index.html?url=/video/crime/2023/10/15/love.triangle.testimony.cnn)

5. MAN DIALS 911 OVER COLD SANDWICH  
   [Watch now](http://www.cnn.com/video/partners/email/index.html?url=/video/crime/2023/10/15/911.sandwich.call.cnn)

6. INFAMOUS CRIMINAL ARRESTED AGAIN  
   [Watch now](http://www.cnn.com/video/partners/email/index.html?url=/video/us/2023/10/15/ny.criminal.arrest.cnn)

7. PASSENGERS EVACUATE PLANE IN EMERGENCY  
   [Watch now](http://www.cnn.com/video/partners/email/index.html?url=/video/us/2023/10/15/plane.evacuation.cnn)

8. AIRLINE CREW ASSISTS IN PASSENGER EVACUATION  
   [Watch now](http://www.cnn.com/video/partners/email/index.html?url=/video/us/2023/10/15/evacuate.plane.cnn)

9. PIPELINE COMPANY HELPS REDUCE FUEL COSTS  
   [Watch now](http://www.cnn.com/video/partners/email/index.html?url=/video/tech/2023/10/15/fuel.pipeline.cnn)

10. NEW GORILLA SPECIES DISCOVERED  
   [Watch now](http://www.cnn.com/video/partners/email/index.html?url=/video/world/2023/10/15/new.gorilla.species.cnn)

**TOP 10 STORIES**
1. SMOKE TRIGGERS EMERGENCY LANDING OF AIRLINER  
   [Read more](http://www.cnn.com/2023/US/10/15/emergency.landing/index.html)  
   An American Airlines flight makes a dramatic landing at LAX, forcing passengers to evacuate via slides.

2. BOOSTED HOPES FOR GORILLA CONSERVATION  
   [Read more](http://www.cnn.com/2023/WORLD/africa/10/15/gorilla.conservation/index.html)

3. STAY-AT-HOME PARENTS WITHOUT CHILDREN  
   [Read more](http://www.cnn.com/2023/LIVING/wayoflife/10/15/no-kids-no-job.wives/index.html)

4. INSIGHT: SANCTUARIES FOR IMMIGRANTS  
   [Read more](http://www.cnn.com/2023/POLITICS/10/15/immigration.sanctuaries/index.html)

5. CELEBRITY RECOVERY POST-SURGERY  
   [Read more](http://www.cnn.com/2023/SHOWBIZ/Movies/10/15/celebrity.recovery/index.html)

6. INFAMOUS CRIMINAL BACK IN CUSTODY  
   [Read more](http://www.cnn.com/2023/CRIME/10/15/criminal.arrest/index.html)

7. TOXINS THREATEN MARS LIFE SEARCH  
   [Read more](http://www.cnn.com/2023/TECH/space/10/15/nasa.mars.research/index.html)

8. THE APPEAL OF R-RATED COMEDIES  
   [Read more](http://www.cnn.com/2023/SHOWBIZ/Movies/10/15/r-rated.comedies/index.html)

9.",1,CEAS08_REAL_M_00956,rewrite,True
CEAS08_SYN1_RE_00600_992,Unlock a World of Passion!,Indulge in unforgettable experiences that will elevate your intimate moments. Click here to discover more: http://xjzqr.betterlifestyle.com,1,CEAS08_REAL_M_00600,rewrite,True
CEAS08_SYN1_RE_02824_991,Limited Time Offer on Luxury Timepieces,"Dear Valued Customer,  

We are excited to present you with our curated collection of premium luxury timepieces, available exclusively for a limited time.  

Explore our exquisite range of designer watches, including top brands such as Omega, Audemars Piguet, and TAG Heuer.  

Don't miss out on this exceptional opportunity!  

Visit us now: http://luxurytimepieces.com/  

Best regards,  
The Elite Watch Team",1,CEAS08_REAL_M_02824,rewrite,True
CEAS08_SYN1_RE_02511_962,Your Daily News Update from GlobalReport.com,">YOUR DAILY NEWS HIGHLIGHTS  
>from GlobalReport.com  
>Latest videos and articles as of: Sept 15, 2023  10:45 AM EST  
>==============================  
>TOP 10 VIDEOS  
>1. CELEBRITY SHOWDOWN: JANE DOE VS. POLITICIAN  
>http://www.globalreport.com/video/partners/email/index.html?url=/video/politics/2023/09/15/jane.doe.showdown  
>Jane Doe responds to accusations from a high-profile politician.  
>2. COFFEE SHOP SHOCKER SHUT DOWN  
>http://www.globalreport.com/video/partners/email/index.html?url=/video/lifestyle/2023/09/15/coffee.shop.suspension  
>3. GRANDMA'S SURPRISING REACTION TO THE TRIAL  
>http://www.globalreport.com/video/partners/email/index.html?url=/video/crime/2023/09/15/grandma.trial.reaction  
>4. MAGGOTS: A POTENTIAL MEDICAL BREAKTHROUGH?  
>http://www.globalreport.com/video/partners/email/index.html?url=/video/health/2023/09/15/maggots.medical.use  
>5. GET READY, SET, SPLASH!  
>http://www.globalreport.com/video/partners/email/index.html?url=/video/lifestyle/2023/09/15/floating.event  
>6. MYSTERIOUS LOVE TRIANGLE MURDER  
>http://www.globalreport.com/video/partners/email/index.html?url=/video/crime/2023/09/15/love.triangle.case  
>7. THE HIDDEN LIFE OF STARS: AN EXCLUSIVE INTERVIEW  
>http://www.globalreport.com/video/partners/email/index.html?url=/video/entertainment/2023/09/15/celebrity.interview  
>8. CONTROVERSIAL AD SPARKS LEGAL FIGHT  
>http://www.globalreport.com/video/partners/email/index.html?url=/video/tech/2023/09/15/ad.lawsuit  
>9. ECONOMIC TURNAROUND NEEDED NOW  
>http://www.globalreport.com/video/partners/email/index.html?url=/video/politics/2023/09/15/economic.analysis  
>10. PRESIDENTIAL CANDIDATE IN UNEXPECTED INCIDENT?  
>http://www.globalreport.com/video/partners/email/index.html?url=/video/politics/2023/09/15/candidate.incident  
>  
>TOP 10 ARTICLES  
>1. A MODERN-DAY RICHES STORY IN THE MIDWEST  
>http://www.globalreport.com/2023/LIFESTYLE/09/15/oil.success.story  
>A man finds fortune amidst the current oil boom in North Dakota.  
>2. POLLING CHALLENGES FOR THE CANDIDATE  
>http://www.globalreport.com/2023/POLITICS/09/15/candidate.polls  
>3. DISTURBING TRIAL REVEALED AS 'PURE MALICE'  
>http://www.globalreport.com/2023/CRIME/09/15/disturbing.trial  
>4. UNVEILING A NEW SIDE OF POP ICON  
>http://www.globalreport.com/2023/ENTERTAINMENT/09/15/pop.icon  
>5. ANALYSIS: THE UNEXPECTED TURN OF EVENTS  
>http://www.globalreport.com/2023/US/09/15/analysis.unexpected.turn  
>6. WOMEN TURN TO EGG DONATION  
>http://www.globalreport.com/2023/HEALTH/09/15/egg.donation  
>7. ANTHRAX CASE UNDER SCRUTINY  
>http://www.globalreport.com/2023/CRIME/09/15/anthrax.case  
>8. WILD ANIMAL ENCOUNTER IN SUBURB  
>http://www.globalreport.com/2023/US/09/15/wild.animal.encounter  
>9. INVESTIGATIVE REPORT: MISTAKES BEHIND MINE DISASTER  
>http://www.globalreport.com/2023/US/09/15/mine.disaster  
>10. FORMER DRIVER OF TERRORIST FOUND GUILTY  
>http://www.globalreport.com/2023/CRIME/09/15/former.driver.guilty  
>  
>GlobalReport, Your Trusted Source for News  
>    Global Report Inc.  
>    100 Newsway, New York, NY 10001  
>    © 2023 Global Report Inc.",1,CEAS08_REAL_M_02511,rewrite,True
CEAS08_SYN1_RE_03556_993,You've Received a Special Message!,"Hey there!

Exciting news! Your roommate has just sent you a personalized greeting through CardWonders.com.

To view your card, please click on the link below:

http://CardWonders.com/?a7b3e1c8d4f22e9f

Best wishes,  
(c) 2001-2023 CardWonders.com.",1,CEAS08_REAL_M_03556,rewrite,True
CEAS08_SYN1_RE_00975_995,Urgent: Immediate Action Required for Account Verification,"Hello Team,

We’ve encountered a serious issue regarding your account security. It appears that unusual activity has been detected, and immediate verification is necessary to prevent unauthorized access.

Please follow the link below to confirm your details:
[malicious link]

Failure to do so may result in temporary suspension of your account. Your prompt attention to this matter is crucial.

Thank you for your cooperation.

Best regards,  
The Security Team",1,CEAS08_REAL_M_00975,rewrite,True
CEAS08_SYN1_RE_01685_998,Urgent Update Required for Your Account,"Dear User,

We have detected some unusual activity on your account that requires your immediate attention. To ensure the security of your information, please verify your account details at your earliest convenience.

Visit the link below to confirm your identity and prevent any disruption to your services:  
[Phishing Link]

Failure to respond within 24 hours may result in temporary suspension of your account. 

Thank you for your prompt action.

Best regards,  
Account Security Team",1,CEAS08_REAL_M_01685,rewrite,True
CEAS08_SYN1_RE_04426_999,Confidential Delivery and Payment Confirmation,"""Since I began using your natural enhancement product, Lisa has noticed a remarkable improvement in our intimacy, and she enjoys it much more."" - Mark, California, USA

Unleash your potential in 2023 and fulfill your desires with our premium solution!

http://boostyourperformance.com/",1,CEAS08_REAL_M_04426,rewrite,True
CEAS08_SYN1_RE_03445_970,Your Daily News Digest Awaits!,"**From: Your Trusted News Source**  
**Top highlights for you - Date: September 15, 2023 - 9:45 AM EDT**  
**=== END OF FLASH ===**  

**TOP 10 MUST-SEE VIDEOS**  
1. **Celebrity Clash: Kim Kardashian vs. Political Opponent**  
[Watch Here](http://www.yournews.com/video/partners/email/index.html?url=/video/politics/2023/09/15/kim.kardashian.political.clash) - Kim Kardashian weighs in on the latest political drama.  

2. **Coffee Shop Controversy: Baristas in Hot Water**  
[See More](http://www.yournews.com/video/partners/email/index.html?url=/video/living/2023/09/15/bikini.baristas.legal.issues)  

3. **Grandma's Shocking Reaction to Recent Events**  
[View the Reaction](http://www.yournews.com/video/partners/email/index.html?url=/video/crime/2023/09/15/grandma.reaction.news)  

4. **Are Maggots the Future of Medicine?**  
[Find Out](http://www.yournews.com/video/partners/email/index.html?url=/video/health/2023/09/15/maggots.as.antibiotic)  

5. **Get Ready for the Balloon Race Challenge!**  
[Join the Fun](http://www.yournews.com/video/partners/email/index.html?url=/video/living/2023/09/15/balloon.race.event)  

6. **Murder Mystery: The Love Triangle Exposed**  
[Discover the Details](http://www.yournews.com/video/partners/email/index.html?url=/video/crime/2023/09/15/love.triangle.case.update)  

7. **The Hidden Life of a Hollywood Star**  
[Uncover the Truth](http://www.yournews.com/video/partners/email/index.html?url=/video/health/2023/09/15/hollywood.star.hidden.life)  

8. **Controversial Ad Sparks Legal Action**  
[Learn More](http://www.yournews.com/video/partners/email/index.html?url=/video/tech/2023/09/15/sex.ad.lawsuit)  

9. **The Economic Debate: Urgent Solutions Needed**  
[Watch Now](http://www.yournews.com/video/partners/email/index.html?url=/video/politics/2023/09/15/economic.surges)  

10. **Was There an Accident Involving a Public Figure?**  
[Click to View](http://www.yournews.com/video/partners/email/index.html?url=/video/politics/2023/09/15/public.figure.accident)  

**TOP 10 BREAKING STORIES**  
1. **Local Man Strikes it Rich Amid Oil Boom**  
[Read More](http://www.yournews.com/2023/LIVING/wayoflife/09/15/oil.boom.rich) - A resident of North Dakota finds fortune in his backyard during the oil rush.  

2. **Polls Show Tough Battle Ahead for Candidates**  
[Details Inside](http://www.yournews.com/2023/POLITICS/09/15/candidate.polls)  

3. **DA Calls Case 'Pure Evil' in Shocking Trial**  
[Full Story](http://www.yournews.com/2023/CRIME/09/15/evil.trial)  

4. **An Unexpected Side of a Music Icon**  
[Explore the Story](http://www.yournews.com/2023/SHOWBIZ/Music/09/15/music.icon)  

5. **Analysis: Surprising Upset in Politics**  
[Read Analysis](http://www.yournews.com/2023/US/09/15/political.upset)  

6. **Women Facing Pressure to Donate Eggs**  
[In-Depth Report](http://www.yournews.com/2023/HEALTH/09/15/egg.donations)  

7. **Anthrax Case: New Developments Emerge**  
[Investigate Further](http://www.yournews.com/2023/CRIME/09/15/anthrax.case)  

8. **Mountain Lion Encounter Ends Tragically**  
[Details Here](http://www.yournews.com/2023/US/09/15/mountain.lion.incident)  

9. **Investigative Report: Mine Safety Concerns**  
[Find Out More](http://www.yournews.com/2023/US",1,CEAS08_REAL_M_03445,rewrite,True
CEAS08_SYN1_RE_02568_983,Your Daily News Digest from InfoHub,">+=+=+=+=+=+=+=+=+=+=+=+=+=+=+=+=+=+=+=+=+=+=+=+=+=+=+=+=+=+= 
>YOUR DAILY NEWS DIGEST 
>from InfoHub 
>Top highlights and trending stories as of: Oct  1, 2023  9:00 AM EDT 
>+=+=+=+=+=+=+=+=+=+=+=+=+=+=+=+=+=+=+=+=+=+=+=+=+=+=+=+=+=+= 

TOP 10 VIDEOS  
1. WILD NIGHT OUT: MOM CAUGHT ON CAMERA  
http://www.infohub.com/video/partners/email/index.html?url=/video/crime/2023/10/01/wildnightmom  
Witness the shocking footage of a mother partying at a bar after her child goes missing.  
2. TECH NIGHTMARE: YOUR COMPUTER IS WATCHING YOU  
http://www.infohub.com/video/partners/email/index.html?url=/video/tech/2023/10/01/webcam.spying.video  
3. ZOO CHAOS: TEEN ATTACKED BY TIGER  
http://www.infohub.com/video/partners/email/index.html?url=/video/us/2023/10/01/tigerattackteen  
4. SCANDAL IN COURT: MISTRESS SPEAKS OUT  
http://www.infohub.com/video/partners/email/index.html?url=/video/crime/2023/10/01/mistress.testimony  
5. SANDWICH EMERGENCY? MAN CALLS 911  
http://www.infohub.com/video/partners/email/index.html?url=/video/crime/2023/10/01/911sandwich  
6. CRIME SPREE: JOHN 'YOUNG' GOTTI ARRESTED  
http://www.infohub.com/video/partners/email/index.html?url=/video/us/2023/10/01/gottijr.arrested  
7. PASSENGERS ESCAPE FROM PLANE  
http://www.infohub.com/video/partners/email/index.html?url=/video/us/2023/10/01/plane.escape  
8. AIRLINE EMERGENCY: PASSENGERS EVACUATED  
http://www.infohub.com/video/partners/email/index.html?url=/video/us/2023/10/01/plane.evacuated  
9. PIPELINE COMPANY INNOVATES TO SAVE ENERGY  
http://www.infohub.com/video/partners/email/index.html?url=/video/tech/2023/10/01/energy.pipeline  
10. 150,000 GORILLAS DISCOVERED  
http://www.infohub.com/video/partners/email/index.html?url=/video/world/2023/10/01/gorillafind  

TOP 10 STORIES  
1. EMERGENCY LANDING DUE TO SMOKE  
http://www.infohub.com/2023/US/10/01/emergency.landing/index.html  
Passengers make a hasty exit from an American Airlines flight after smoke fills the cabin at New York's airport, officials report.  
2. HOPE FOR GORILLA SURVIVAL INCREASES  
http://www.infohub.com/2023/WORLD/africa/10/01/gorillas/index.html  
3. STAY-AT-HOME PARENTS WITHOUT KIDS: A NEW TREND  
http://www.infohub.com/2023/LIVING/wayoflife/10/01/stayathomeparents/index.html  
4. OP-ED: SANCTUARIES FOR IMMIGRANTS  
http://www.infohub.com/2023/POLITICS/10/01/immigration/index.html  
5. CELEBRITY RECOVERING POST-SURGERY  
http://www.infohub.com/2023/SHOWBIZ/Movies/10/01/celebrity.recovery/index.html  
6. YOUNG GOTTI IN THE HEADLINES AGAIN  
http://www.infohub.com/2023/CRIME/10/01/gotti.arrest/index.html  
7. MARS LIFE HOPES DIMMED BY TOXINS  
http://www.infohub.com/2023/TECH/space/10/01/nasa.mars/index.html  
8. R-RATED COMEDIES: THE CURRENT TREND  
http://www.infohub.com/2023/SHOWBIZ/Movies/10/01/rated.comedies/index.html  
9. STARBUCKS LAUNCHES NEW AFTERNOON PROMO  
http://www.infohub.com/2023/US/10/01/starbucks.promo/index.html  
10. STORM ALERT: EDWARD MAKES LANDFALL  
http://www.infohub.com/2023/US/weather",1,CEAS08_REAL_M_02568,rewrite,True
CEAS08_SYN1_RE_00878_985,Your Daily Update from NewsHub,"========================
YOUR DAILY UPDATE
from NewsHub
Top videos and articles as of: October 1, 2023, 10:15 AM EST
========================

TOP 10 VIDEOS
1. MOM'S NIGHT OUT AT THE CLUB  
http://www.newshub.com/video/partners/email/index.html?url=/video/crime/2023/10/01/mom.partying.cnn  
A shocking new clip reveals a mother celebrating at a nightclub shortly after her child's mysterious disappearance.  

2. WOMAN DISCOVERS SPYWARE ON HER DEVICE  
http://www.newshub.com/video/partners/email/index.html?url=/video/tech/2023/10/01/pkg.webcam.spying.wcjb  

3. ZOO TIGERS IN UNEXPECTED ATTACK  
http://www.newshub.com/video/partners/email/index.html?url=/video/us/2023/10/01/tiger.attack.teen.kytv  

4. MISTRESS TAKES THE STAND  
http://www.newshub.com/video/partners/email/index.html?url=/video/crime/2023/10/01/love.triangle.trial.cnn  

5. MAN CALLS EMERGENCY OVER A SANDWICH  
http://www.newshub.com/video/partners/email/index.html?url=/video/crime/2023/10/01/911.sandwich.wtlv  

6. INFAMOUS CRIMINAL CAUGHT AGAIN  
http://www.newshub.com/video/partners/email/index.html?url=/video/us/2023/10/01/criminal.arrested.cnn  

7. PASSENGERS SLIDE TO SAFETY FROM AIRCRAFT  
http://www.newshub.com/video/partners/email/index.html?url=/video/us/2023/10/01/plane.evacuated.KTLA  

8. AIRPLANE EMERGENCY EVACUATION  
http://www.newshub.com/video/partners/email/index.html?url=/video/us/2023/10/01/evacuation.plane.cnn  

9. PIPELINE COMPANY PROMOTES FUEL SAVINGS  
http://www.newshub.com/video/partners/email/index.html?url=/video/tech/2023/10/01/fuel.savings.cnn  

10. 125,000 GORILLAS DISCOVERED IN THE WILD  
http://www.newshub.com/video/partners/email/index.html?url=/video/world/2023/10/01/gorillas.discovered.WCS  

TOP 10 ARTICLES
1. SMOKE CAUSES EMERGENCY LANDING OF FLIGHT  
http://www.newshub.com/2023/US/10/01/emergency.landing/index.html  
Passengers evacuated a commercial flight using inflatable slides after a critical situation at an airport in New York.  

2. GOOD NEWS FOR GORILLA POPULATION  
http://www.newshub.com/2023/WORLD/africa/10/01/gorilla.conservation/index.html  

3. STAY-AT-HOME PARENTS WITHOUT CHILDREN  
http://www.newshub.com/2023/LIVING/wayoflife/10/01/no_kids_no_job.wives/index.html  

4. OPINION: IMMIGRANT SAFE HAVENS  
http://www.newshub.com/2023/POLITICS/10/01/immigration.opinion/index.html  

5. CELEBRITY RECOVERS FROM SURGERY  
http://www.newshub.com/2023/SHOWBIZ/Movies/10/01/celebrity.recovery.ap/index.html  

6. CRIME FIGURE ARRESTED AGAIN  
http://www.newshub.com/2023/CRIME/10/01/criminal.arrested/index.html  

7. NEW DISCOVERIES ON MARS LIFE  
http://www.newshub.com/2023/TECH/space/10/01/nasa.mars.discoveries/index.html  

8. THE CHARM OF R-RATED COMEDIES  
http://www.newshub.com/2023/SHOWBIZ/Movies/10/01/rated_comedies.ap/index.html  

9. COFFEE CHAIN OFFERS NEW DEALS  
http://www.newshub.com/2023/US/10/01/starbucks.new.deals.ap/index.html  

10. HURRICANE MAKES LANDFALL  
http://www.newshub.com/2023/US/weather/10/01/hurricane.weather/index.html  

NewsHub, Your Source for Reliable News  
========================  
Have feedback? Share your thoughts at:  
http://www.newshub.com/feedback/  

Read our privacy policy here",1,CEAS08_REAL_M_00878,rewrite,True
CEAS08_SYN1_RE_04658_994,Your Daily Update from CNN,">========================================================
>YOUR DAILY UPDATE
>From CNN News
>Latest Highlights as of: September 12, 2023, 10:15 AM EDT
>========================================================

TOP 10 VIDEOS
1. DANCING MOM CAUGHT ON CAMERA  
   https://www.cnn.com/video/partners/email/index.html?url=/video/entertainment/2023/09/12/dancing-mom-nightclub.cnn  
   Discover shocking footage of a mother enjoying a night out just days after her child went missing.  
   
2. TECH NIGHTMARE: THE WEBCAM SPIES  
   https://www.cnn.com/video/partners/email/index.html?url=/video/tech/2023/09/12/webcam-privacy-fail.cnn  
   
3. ZOO INCIDENT: TEEN IN DANGER  
   https://www.cnn.com/video/partners/email/index.html?url=/video/us/2023/09/12/zoo-teen-attack.cnn  
   
4. WITNESS TESTIMONY SHOCKS COURT  
   https://www.cnn.com/video/partners/email/index.html?url=/video/crime/2023/09/12/trial-testimony.cnn  
   
5. CALLING 911 FOR A SANDWICH?  
   https://www.cnn.com/video/partners/email/index.html?url=/video/crime/2023/09/12/911-sandwich.cnn  
   
6. HIGH-PROFILE ARREST IN NEW YORK  
   https://www.cnn.com/video/partners/email/index.html?url=/video/us/2023/09/12/gotti-arrest.cnn  
   
7. DRAMATIC PLANE EVACUATION  
   https://www.cnn.com/video/partners/email/index.html?url=/video/us/2023/09/12/plane-evacuation.cnn  
   
8. EMERGENCY LANDING AT AIRPORT  
   https://www.cnn.com/video/partners/email/index.html?url=/video/us/2023/09/12/airport-emergency.cnn  
   
9. INNOVATIONS IN ENERGY SAVINGS  
   https://www.cnn.com/video/partners/email/index.html?url=/video/business/2023/09/12/energy-saving-tech.cnn  
   
10. RARE GORILLA SIGHTINGS  
   https://www.cnn.com/video/partners/email/index.html?url=/video/world/2023/09/12/gorilla-sighting.cnn  

TOP 10 STORIES
1. SMOKE FORCES AIRLINE EMERGENCY  
   https://www.cnn.com/2023/US/09/12/emergency-landing/index.html  
   Passengers evacuated an American Airlines flight via slides after a smoke scare at a busy airport.  
   
2. GORILLA SURVIVAL HOPE RISES  
   https://www.cnn.com/2023/WORLD/africa/09/12/gorilla-survival-boost/index.html  
   
3. STAY-AT-HOME PARENTS WITHOUT CHILDREN  
   https://www.cnn.com/2023/LIVING/wayoflife/09/12/no-kids-no-job/index.html  
   
4. INSIGHT: THE SANCTUARY DEBATE  
   https://www.cnn.com/2023/POLITICS/09/12/immigration-sanctuary/index.html  
   
5. RECOVERY UPDATE ON CELEBRITY  
   https://www.cnn.com/2023/SHOWBIZ/Movies/09/12/celebrity-recovery-update/index.html  
   
6. HIGH-PROFILE ARREST ROCKS CITY  
   https://www.cnn.com/2023/CRIME/09/12/high-profile-arrest/index.html  
   
7. NEW FINDINGS ON MARS LIFE  
   https://www.cnn.com/2023/TECH/space/09/12/nasa-mars-life/index.html  
   
8. COMEDIES THAT PUSH THE LIMIT  
   https://www.cnn.com/2023/SHOWBIZ/Movies/09/12/r-rated-comedies/index.html  
   
9. SPECIALS AT YOUR FAVORITE CAFÉ  
   https://www.cnn.com/2023/US/09/12/cafe-specials/index.html  
   
10. HURRICANE ALERT: STAY PREPARED  
   https://www.cnn.com/2023/US/weather/09/12/hurricane-alert/index.html  

CNN, Your Trusted Source for News  
> Cable News Network LP, LLLP.  
> One CNN Center, Atlanta, Georgia 30303  
> © 2023 Cable News Network LP,",1,CEAS08_REAL_M_04658,rewrite,True
CEAS08_SYN1_RE_04555_997,Your Daily News Roundup from CNN,">+=+=+=+=+=+=+=+=+=+=+=+=+=+=+=+=+=+=+=+=+=+=+=+=+=+=+=+=+=+=
>YOUR DAILY NEWS ROUNDUP
>From CNN
>Latest Videos and Articles as of: Nov 15, 2023 2:45 PM EST
>+=+=+=+=+=+=+=+=+=+=+=+=+=+=+=+=+=+=+=+=+=+=+=+=+=+=+=+=+=+=

TOP 10 VIDEOS
1. MOM CAUGHT AT NIGHTCLUB
http://www.cnn.com/video/partners/email/index.html?url=/video/crime/2023/11/15/mom.nightclub.party.cnn
New footage surfaces of a mother celebrating at a bar after her child's mysterious disappearance. 

2. WOMAN'S WEBCAM HACKED
http://www.cnn.com/video/partners/email/index.html?url=/video/tech/2023/11/15/webcam.spying.tech.cnn

3. TIGER ATTACKS TEEN VISITOR
http://www.cnn.com/video/partners/email/index.html?url=/video/us/2023/11/15/tiger.attack.teen.zoo.cnn

4. MISTRESS TESTIFIES IN HIGH-PROFILE CASE
http://www.cnn.com/video/partners/email/index.html?url=/video/crime/2023/11/15/love.triangle.trial.cnn

5. MAN DIALS 911 OVER SANDWICH
http://www.cnn.com/video/partners/email/index.html?url=/video/crime/2023/11/15/911.call.sandwich.cnn

6. INFAMOUS CRIMINAL ARRESTED AGAIN
http://www.cnn.com/video/partners/email/index.html?url=/video/us/2023/11/15/criminal.arrested.cnn

7. PASSENGERS SLIDE TO SAFETY FROM AIRPLANE
http://www.cnn.com/video/partners/email/index.html?url=/video/us/2023/11/15/plane.evacuated.cnn

8. PANIC AS FLIGHT EVACUATES
http://www.cnn.com/video/partners/email/index.html?url=/video/us/2023/11/15/evacuation.flight.cnn

9. NEW TECH HELPS REDUCE FUEL COSTS
http://www.cnn.com/video/partners/email/index.html?url=/video/tech/2023/11/15/fuel.efficiency.tech.cnn

10. 150,000 GORILLAS DISCOVERED
http://www.cnn.com/video/partners/email/index.html?url=/video/world/2023/11/15/gorillas.discovered.cnn

TOP 10 STORIES
1. SMOKE CAUSES EMERGENCY LANDING
http://www.cnn.com/2023/US/11/15/emergency.landing/index.html
A plane makes an emergency landing in New York, leading to passenger evacuations via inflatable slides. 

2. GORILLA SURVIVAL HOPES RISE
http://www.cnn.com/2023/WORLD/africa/11/15/gorilla.survival/index.html

3. STAY-AT-HOME PARENTS WITHOUT CHILDREN
http://www.cnn.com/2023/LIVING/wayoflife/11/15/no.children.no.job/index.html

4. OPINION: THE SANCTUARY MOVEMENT
http://www.cnn.com/2023/POLITICS/11/15/sanctuary.cities/index.html

5. CELEBRITY RECOVERS POST-SURGERY
http://www.cnn.com/2023/SHOWBIZ/Movies/11/15/celebrity.recovery/index.html

6. INFAMOUS CRIMINAL IN CUSTODY AGAIN
http://www.cnn.com/2023/CRIME/11/15/criminal.custody/index.html

7. NASA'S MARS FINDINGS DISAPPOINT
http://www.cnn.com/2023/TECH/space/11/15/nasa.mars.findings/index.html

8. THE APPEAL OF R-RATED COMEDIES
http://www.cnn.com/2023/SHOWBIZ/Movies/11/15/rated.comedies/index.html

9. COFFEE CHAIN INTRODUCES AFTERNOON PROMOTION
http://www.cnn.com/2023/US/11/15/coffee.promotion/index.html

10. TROPICAL STORM MAKES LANDFALL
http://www.cnn.com/2023/US/weather/11/",1,CEAS08_REAL_M_04555,rewrite,True
CEAS08_SYN1_RE_00474_996,Your Daily News Roundup from CNN,">----------------------------------------------
>YOUR DAILY NEWS ROUNDUP
>From CNN
>Latest trending videos and stories as of: [Insert Current Date & Time]
>----------------------------------------------
>TOP 10 VIDEOS
>1. MYSTERIOUS CREATURE SPOTTED
>http://www.cnn.com/video/partners/email/index.html?url=/video/us/[insert video path]
>What is this strange animal? CNN investigates a bizarre sighting that has everyone talking.

>2. SHOCKING PHOTOS OF A LOCAL MOTHER
>http://www.cnn.com/video/partners/email/index.html?url=/video/crime/[insert video path]

>3. ABSURDITY IN THE NEWS: EPISODE 54
>http://www.cnn.com/video/partners/email/index.html?url=/video/podcasts/absurd/site/[insert video path]

>4. POLICE BRUTALITY ALLEGATIONS
>http://www.cnn.com/video/partners/email/index.html?url=/video/us/[insert video path]

>5. MOTHER'S HEARTWRENCHING PLEA
>http://www.cnn.com/video/partners/email/index.html?url=/video/crime/[insert video path]

>6. DEFENDANT FAKES MEDICAL EMERGENCY
>http://www.cnn.com/video/partners/email/index.html?url=/video/crime/[insert video path]

>7. GRISLY DISCOVERY ON BUS
>http://www.cnn.com/video/partners/email/index.html?url=/video/world/[insert video path]

>8. CONFESSION WITHDRAWN
>http://www.cnn.com/video/partners/email/index.html?url=/video/world/[insert video path]

>9. HOME OF ANTHRAX SUSPECT RAIDED
>http://www.cnn.com/video/partners/email/index.html?url=/video/us/[insert video path]

>10. OBAMA SPEECH INTERRUPTED
>http://www.cnn.com/video/partners/email/index.html?url=/video/politics/[insert video path]

>TOP 10 STORIES
>1. SUSPECT IN BEHEADING CASE IDENTIFIED
>http://www.cnn.com/[insert path]
>Authorities have named Vince Weiguang Li, 40, as the man charged in a shocking murder on a bus.

>2. JUDGE REMOVED FROM HIGH-PROFILE CASE
>http://www.cnn.com/[insert path]

>3. EXCLUSIVE PHOTOS OF CELEBRITY COUPLE
>http://www.cnn.com/[insert path]

>4. RACIAL MOTIVES BEHIND TORONTO ATTACK
>http://www.cnn.com/[insert path]

>5. UNUSUAL NAMES OF REPORTERS
>http://www.cnn.com/[insert path]

>6. PLEA FOR MISSING CHILD
>http://www.cnn.com/[insert path]

>7. KARADZIC CLAIMS U.S. DEAL
>http://www.cnn.com/[insert path]

>8. ARREST IN SWIMMING TRAGEDY
>http://www.cnn.com/[insert path]

>9. ANTHRAX SUSPECT FOUND DEAD
>http://www.cnn.com/[insert path]

>10. MCCAIN RESPONDS TO OBAMA
>http://www.cnn.com/[insert path]

> CNN, Your Trusted Source for News
>    Cable News Network LP, LLLP.
>    One CNN Center, Atlanta, Georgia 30303
>    © 2023 Cable News Network LP, LLLP. All Rights Reserved.
>----------------------------------------------
> We welcome your feedback! Share your thoughts at:
> http://www.cnn.com/feedback/

> Review our privacy policy here:
> http://www.cnn.com/privacy.html
>
> You are receiving this email because you opted in to CNN.com updates. To manage your preferences, visit:
> http://www.cnn.com/linkto/bn.manage.html
>
> To unsubscribe from Daily News Roundup, click here:
> http://cgi.cnn.com/m/clik?e=[insert unique token]&l=cnn-dailynewsroundup
>----------------------------------------------",1,CEAS08_REAL_M_00474,rewrite,True
