attack_type,count,diff_srv_rate,difficulty_level,dst_bytes,dst_host_count,dst_host_diff_srv_rate,dst_host_rerror_rate,dst_host_same_src_port_rate,dst_host_same_srv_rate,dst_host_serror_rate,dst_host_srv_count,dst_host_srv_diff_host_rate,dst_host_srv_rerror_rate,dst_host_srv_serror_rate,duration,flag,generation_timestamp,hot,is_guest_login,is_host_login,label,land,logged_in,num_access_files,num_compromised,num_failed_logins,num_file_creations,num_outbound_cmds,num_root,num_shells,protocol_type,rerror_rate,root_shell,same_srv_rate,sample_id,serror_rate,service,src_bytes,srv_count,srv_diff_host_rate,srv_rerror_rate,srv_serror_rate,su_attempted,sub_label,urgent,wrong_fragment,synthetic
phf,3,0.0,10,8500,20,0.0,0.95,0.0,1.0,0.0,20,0.0,0.95,0.0,0,RSTO,1750431333.553983,0,0,0,1,0,0,0,0,2,0,0,0,0,tcp,1.0,0,1.0,mal_33_3,0.0,http,15,3,0.0,1.0,0.0,0,r2l,0,0,1
normal,10,0.0,21,0,75,0.0,0.0,1.0,1.0,0.0,120,0.02,0.0,0.0,0,SF,,0,0,0,0,0,0,0,0,0,0,0,0,0,udp,0.0,0,1.0,,0.0,domain_u,36,10,0.0,0.0,0.0,0,normal,0,0,0
normal,3,0.0,21,0,228,0.03,0.0,0.52,0.52,0.0,134,0.01,0.0,0.0,0,SF,,0,0,0,0,0,1,0,0,0,0,0,0,0,tcp,0.0,0,1.0,,0.0,ftp_data,13239,3,0.0,0.0,0.0,0,normal,0,0,0
normal,35,0.02,20,110,180,0.01,0.0,0.0,0.97,0.0,175,0.01,0.0,0.0,8,SF,1750431418.8826866,0,0,0,0,0,0,0,0,0,0,0,0,0,udp,0.0,0,0.98,ben_51_4,0.0,domain_u,35,40,0.01,0.0,0.0,0,normal,0,0,1
normal,50,0.0,21,110,200,0.0,0.0,0.0,1.0,0.0,195,0.0,0.0,0.0,20,SF,1750431422.6261852,0,0,0,0,0,0,0,0,0,0,0,0,0,icmp,0.0,0,1.0,ben_57_4,0.0,ecr_i,90,48,0.0,0.0,0.0,0,normal,0,0,1
normal,1,0.0,21,335,192,0.02,0.0,0.01,0.48,0.01,144,0.01,0.0,0.0,0,SF,,0,0,0,0,0,1,0,0,0,0,0,0,0,tcp,0.0,0,1.0,,0.0,smtp,935,2,1.0,0.0,0.0,0,normal,0,0,0
normal,3,0.0,21,282,255,0.0,0.0,0.0,1.0,0.0,255,0.0,0.0,0.0,0,SF,,0,0,0,0,0,1,0,0,0,0,0,0,0,tcp,0.0,0,1.0,,0.0,http,356,3,0.0,0.0,0.0,0,normal,0,0,0
normal,8,0.0,21,8903,238,0.0,0.0,0.0,1.0,0.0,255,0.02,0.0,0.0,0,SF,,0,0,0,0,0,1,0,0,0,0,0,0,0,tcp,0.0,0,1.0,,0.0,http,291,9,0.22,0.0,0.0,0,normal,0,0,0
normal,1,0.0,21,369,130,0.02,0.0,0.01,0.55,0.0,138,0.01,0.0,0.0,7,SF,,0,0,0,0,0,1,0,0,0,0,0,0,0,tcp,0.0,0,1.0,,0.0,smtp,1341,1,0.0,0.0,0.0,0,normal,0,0,0
guess_passwd,6,0.0,10,8000,25,0.0,0.9,0.0,1.0,0.0,25,0.0,0.91,0.0,0,RSTO,1750431372.1847565,0,0,0,1,0,0,0,0,2,0,0,0,0,tcp,0.91,0,1.0,mal_37_2,0.0,http,0,6,0.0,0.93,0.0,0,r2l,0,0,1
normal,110,0.0,20,220,230,0.0,0.0,0.0,1.0,0.0,230,0.0,0.0,0.0,40,SF,1750431512.047359,0,0,0,0,0,0,0,0,0,0,0,0,0,udp,0.0,0,1.0,ben_79_1,0.0,domain_u,60,150,0.01,0.0,0.0,0,normal,0,0,1
normal,7,0.0,21,6162,7,0.0,0.0,0.14,1.0,0.0,255,0.02,0.0,0.0,0,SF,,0,0,0,0,0,1,0,0,0,0,0,0,0,tcp,0.0,0,1.0,,0.0,http,331,7,0.0,0.0,0.0,0,normal,0,0,0
normal,2,0.0,21,0,13,0.15,0.0,0.23,0.23,0.0,32,0.06,0.0,0.0,0,SF,,0,0,0,0,0,0,0,0,0,0,0,0,0,tcp,0.0,0,1.0,,0.0,ftp_data,383,2,0.0,0.0,0.0,0,normal,0,0,0
normal,18,0.0,21,180,70,0.0,0.0,0.0,1.0,0.0,70,0.0,0.0,0.0,8,SF,1750431511.6783435,0,0,0,0,0,1,0,0,0,0,0,0,0,tcp,0.0,0,1.0,ben_76_3,0.0,telnet,150,20,0.0,0.0,0.0,0,normal,0,0,1
warezclient,4,0.0,10,7200,22,0.0,0.94,0.05,1.0,0.02,22,0.0,0.95,0.01,0,RSTO,1750431332.4137142,0,0,0,1,0,0,0,0,3,0,0,0,0,tcp,0.95,0,1.0,mal_25_0,0.02,ftp_data,0,4,0.0,0.96,0.01,0,r2l,0,0,1
normal,22,0.0,18,250,40,0.0,0.0,0.0,1.0,0.0,39,0.0,0.0,0.0,8,SF,1750431590.046141,0,0,0,0,0,1,0,0,0,0,0,0,0,tcp,0.0,0,1.0,ben_99_3,0.0,telnet,130,25,0.0,0.0,0.0,0,normal,0,0,1
normal,1,0.0,21,332,163,0.02,0.0,0.01,0.87,0.0,141,0.0,0.0,0.0,7,SF,,0,0,0,0,0,1,0,0,0,0,0,0,0,tcp,0.0,0,1.0,,0.0,smtp,2240,2,1.0,0.0,0.0,0,normal,0,0,0
normal,1,0.0,21,0,1,0.0,1.0,1.0,1.0,0.0,80,0.2,1.0,0.0,0,REJ,,0,0,0,0,0,0,0,0,0,0,0,0,0,tcp,1.0,0,1.0,,0.0,http,0,1,0.0,1.0,0.0,0,normal,0,0,0
normal,25,0.05,19,14500,230,0.01,0.0,0.0,0.98,0.0,225,0.0,0.0,0.0,12,SF,1750431586.4065084,0,0,0,0,0,1,0,0,0,0,0,0,0,tcp,0.0,0,0.95,ben_98_0,0.0,http,350,22,0.0,0.0,0.0,0,normal,0,0,1
normal,15,0.01,18,5000,110,0.0,0.0,0.0,0.99,0.0,108,0.0,0.0,0.0,20,SF,1750431457.8480332,0,0,0,0,0,1,0,0,0,0,0,0,0,tcp,0.0,0,0.98,ben_65_2,0.0,ftp_data,4500,14,0.0,0.0,0.0,0,normal,0,0,1
guess_passwd,4,0.0,11,16000,15,0.0,0.9,0.0,1.0,0.0,15,0.0,0.9,0.0,1,SF,1750431333.540983,0,0,0,1,0,0,0,0,3,0,0,0,0,tcp,0.95,0,1.0,mal_33_1,0.0,telnet,40,4,0.0,0.96,0.0,0,r2l,0,0,1
normal,5,0.0,21,1065,255,0.0,0.0,0.0,1.0,0.01,255,0.0,0.0,0.01,0,SF,,0,0,0,0,0,1,0,0,0,0,0,0,0,tcp,0.0,0,1.0,,0.2,http,224,6,0.33,0.0,0.17,0,normal,0,0,0
normal,30,0.05,18,4600,60,0.03,0.0,0.0,0.96,0.0,58,0.01,0.0,0.0,18,SF,1750431590.0321412,0,0,0,0,0,1,0,0,0,0,0,0,0,tcp,0.0,0,0.95,ben_99_2,0.0,ftp_data,800,28,0.0,0.0,0.0,0,normal,0,0,1
normal,2,1.0,21,105,255,0.67,0.0,0.96,0.01,0.0,3,0.0,0.0,0.0,2230,SF,,0,0,0,0,0,0,0,0,0,0,0,0,0,udp,0.0,0,0.5,,0.0,other,146,1,0.0,0.0,0.0,0,normal,0,0,0
normal,40,0.01,20,240,55,0.0,0.0,0.0,1.0,0.0,55,0.0,0.0,0.0,10,SF,1750431546.613464,0,0,0,0,0,1,0,0,0,0,0,0,0,tcp,0.0,0,0.99,ben_86_3,0.0,telnet,150,35,0.0,0.0,0.0,0,normal,0,0,1
normal,2,0.0,21,105,255,0.66,0.0,0.95,0.01,0.0,2,0.0,0.0,0.0,575,SF,,0,0,0,0,0,0,0,0,0,0,0,0,0,udp,0.0,0,1.0,,0.0,other,145,2,0.0,0.0,0.0,0,normal,0,0,0
normal,7,0.0,21,3508,131,0.0,0.0,0.01,1.0,0.0,255,0.02,0.0,0.0,0,SF,,0,0,0,0,0,1,0,0,0,0,0,0,0,tcp,0.0,0,1.0,,0.0,http,326,15,0.13,0.0,0.0,0,normal,0,0,0
normal,2,0.0,21,2090,37,0.0,0.0,0.03,1.0,0.0,255,0.03,0.0,0.0,0,SF,,0,0,0,0,0,1,0,0,0,0,0,0,0,tcp,0.0,0,1.0,,0.0,http,230,6,0.33,0.0,0.0,0,normal,0,0,0
loadmodule,2,0.0,15,7100,6,0.0,0.0,1.0,1.0,0.0,6,0.25,0.0,0.0,1,SF,1750431288.6690443,2,0,0,1,0,1,0,1,0,0,0,1,0,tcp,0.0,1,1.0,mal_18_1,0.0,ftp_data,0,2,0.0,0.0,0.0,0,u2r,0,0,1
normal,1,0.0,21,330,190,0.03,0.01,0.01,0.67,0.0,127,0.0,0.0,0.0,1,SF,,0,0,0,0,0,1,0,0,0,0,0,0,0,tcp,0.0,0,1.0,,0.0,smtp,795,2,1.0,0.0,0.0,0,normal,0,0,0
normal,75,0.0,20,150,230,0.0,0.0,0.0,1.0,0.0,230,0.0,0.0,0.0,45,SF,1750431545.9718773,0,0,0,0,0,0,0,0,0,0,0,0,0,udp,0.0,0,1.0,ben_84_1,0.0,domain_u,60,100,0.01,0.0,0.0,0,normal,0,0,1
normal,1,0.0,21,0,4,0.0,1.0,0.25,1.0,0.0,243,0.25,0.98,0.0,0,REJ,,0,0,0,0,0,0,0,0,0,0,0,0,0,tcp,1.0,0,1.0,,0.0,http,0,1,0.0,1.0,0.0,0,normal,0,0,0
rootkit,3,0.0,16,350,4,0.0,0.0,0.5,1.0,0.0,4,0.0,0.0,0.0,0,SF,1750431247.6304638,3,0,0,1,0,1,1,4,1,1,0,2,0,tcp,0.0,1,1.0,mal_7_3,0.0,telnet,75,3,0.0,0.0,0.0,0,u2r,0,0,1
normal,1,0.0,19,48165,194,0.05,0.01,0.01,0.02,0.01,3,0.0,0.33,0.0,177,SF,,0,0,0,0,0,1,0,2,0,0,0,2,0,tcp,0.0,0,1.0,,0.0,telnet,206,1,0.0,0.0,0.0,0,normal,0,0,0
loadmodule,3,0.0,14,3200,6,0.0,0.0,1.0,1.0,0.0,6,0.17,0.0,0.0,0,SF,1750431246.7555149,2,0,0,1,0,1,0,1,0,1,0,1,0,tcp,0.0,1,1.0,mal_5_2,0.0,ftp_data,0,3,0.0,0.0,0.0,0,u2r,0,0,1
rootkit,3,0.0,17,400,4,0.0,0.0,0.6,1.0,0.0,4,0.0,0.0,0.0,0,SF,1750431288.8491533,3,0,0,1,0,1,0,4,0,2,0,1,1,tcp,0.0,1,1.0,mal_21_3,0.0,telnet,90,3,0.0,0.0,0.0,1,u2r,0,0,1
normal,8,0.0,21,1125,142,0.0,0.0,0.01,1.0,0.0,255,0.04,0.0,0.0,0,SF,,0,0,0,0,0,1,0,0,0,0,0,0,0,tcp,0.0,0,1.0,,0.0,http,324,8,0.0,0.0,0.0,0,normal,0,0,0
normal,20,0.0,21,10861,20,0.0,0.0,0.05,1.0,0.0,255,0.01,0.0,0.0,0,SF,,0,0,0,0,0,1,0,0,0,0,0,0,0,tcp,0.0,0,1.0,,0.0,http,216,36,0.06,0.0,0.0,0,normal,0,0,0
normal,1,0.0,21,363,150,0.05,0.0,0.01,0.43,0.0,65,0.0,0.0,0.0,0,SF,,0,0,0,0,0,1,0,0,0,0,0,0,0,tcp,0.0,0,1.0,,0.0,smtp,1901,1,0.0,0.0,0.0,0,normal,0,0,0
normal,55,0.03,19,230,120,0.02,0.0,0.0,0.96,0.0,115,0.01,0.0,0.0,45,SF,1750431510.9958074,0,0,0,0,0,0,0,0,0,0,0,0,0,udp,0.0,0,0.97,ben_74_1,0.0,domain_u,60,70,0.02,0.0,0.0,0,normal,0,0,1
rootkit,3,0.0,17,180,4,0.0,0.0,0.4,1.0,0.0,4,0.0,0.0,0.0,0,SF,1750431288.6880443,2,0,0,1,0,1,0,4,0,1,0,2,0,tcp,0.0,1,1.0,mal_23_2,0.0,telnet,90,3,0.0,0.0,0.0,1,u2r,0,0,1
normal,7,0.0,21,379,255,0.0,0.0,0.01,1.0,0.0,255,0.0,0.0,0.0,0,SF,,0,0,0,0,0,1,0,0,0,0,0,0,0,tcp,0.0,0,1.0,,0.0,http,250,7,0.0,0.0,0.0,0,normal,0,0,0
rootkit,3,0.0,16,230,4,0.0,0.0,0.6,1.0,0.0,4,0.0,0.0,0.0,0,SF,1750431247.5324843,3,0,0,1,0,1,1,4,0,1,0,2,0,tcp,0.0,1,1.0,mal_0_3,0.0,telnet,110,3,0.0,0.0,0.0,1,u2r,0,0,1
normal,60,0.01,19,150,210,0.0,0.0,0.0,1.0,0.0,208,0.0,0.0,0.0,120,SF,1750431418.8616865,0,0,0,0,0,0,0,0,0,0,0,0,0,udp,0.0,0,0.99,ben_51_1,0.0,domain_u,60,55,0.01,0.0,0.0,0,normal,0,0,1
normal,1,0.0,20,0,57,0.07,0.0,0.33,0.33,0.0,37,0.05,0.0,0.0,0,SF,,0,0,0,0,0,0,0,0,0,0,0,0,0,tcp,0.0,0,1.0,,0.0,ftp_data,151,1,0.0,0.0,0.0,0,normal,0,0,0
normal,18,0.0,18,4500,50,0.0,0.0,1.0,1.0,0.0,50,0.0,0.0,0.0,8,SF,1750431560.420105,0,0,0,0,0,1,0,0,0,1,0,0,0,tcp,0.0,0,1.0,ben_94_2,0.0,ftp_data,1100,20,0.0,0.0,0.0,0,normal,0,0,1
normal,1,0.0,21,3047,17,0.0,0.0,0.06,1.0,0.0,255,0.05,0.0,0.0,0,SF,,0,0,0,0,0,1,0,0,0,0,0,0,0,tcp,0.0,0,1.0,,0.0,http,247,19,0.26,0.0,0.0,0,normal,0,0,0
normal,55,0.0,21,334,56,0.0,0.0,0.02,1.0,0.0,255,0.03,0.0,0.0,0,SF,,0,0,0,0,0,1,0,0,0,0,0,0,0,tcp,0.0,0,1.0,,0.0,http,206,55,0.0,0.0,0.0,0,normal,0,0,0
phf,5,0.0,9,17500,30,0.0,0.99,0.0,0.96,0.0,28,0.0,0.99,0.0,1,RSTO,1750431422.402126,0,0,0,1,0,0,0,0,2,0,0,0,0,tcp,1.0,0,1.0,mal_49_4,0.0,http,50,5,0.0,1.0,0.0,0,r2l,0,0,1
normal,30,0.0,18,8500,90,0.0,0.0,1.0,1.0,0.0,90,0.0,0.0,0.0,10,SF,1750431456.056941,0,0,0,0,0,1,0,0,0,1,0,0,0,tcp,0.0,0,1.0,ben_60_2,0.0,ftp_data,1000,30,0.0,0.0,0.0,0,normal,0,0,1
normal,40,0.03,21,150,140,0.01,0.0,0.0,0.97,0.0,138,0.01,0.0,0.0,15,SF,1750431457.8670359,0,0,0,0,0,0,0,0,0,0,0,0,0,icmp,0.0,0,0.96,ben_65_4,0.0,ecr_i,100,42,0.01,0.0,0.0,0,normal,0,0,1
rootkit,2,0.0,17,350,3,0.0,0.0,0.4,1.0,0.0,3,0.0,0.0,0.0,0,SF,1750431288.6018593,3,0,0,1,0,1,0,4,0,1,0,2,1,tcp,0.0,1,1.0,mal_22_3,0.0,telnet,110,2,0.0,0.0,0.0,0,u2r,0,0,1
normal,3,1.0,19,0,255,0.01,0.0,0.08,0.07,0.0,17,0.0,0.0,0.0,0,SF,,0,0,0,0,0,0,0,0,0,0,0,0,0,icmp,0.0,0,0.33,,0.0,urp_i,181,1,0.0,0.0,0.0,0,normal,0,0,0
normal,12,0.0,18,0,239,0.02,0.05,0.2,0.2,0.0,55,0.04,0.0,0.0,0,SF,,0,0,0,0,0,0,0,0,0,0,0,0,0,tcp,0.0,0,1.0,,0.0,ftp_data,10272,12,0.0,0.0,0.0,0,normal,0,0,0
normal,1,0.0,21,584,20,0.0,0.0,0.05,1.0,0.0,255,0.04,0.0,0.0,0,SF,,0,0,0,0,0,1,0,0,0,0,0,0,0,tcp,0.0,0,1.0,,0.0,http,232,1,0.0,0.0,0.0,0,normal,0,0,0
warezclient,3,0.0,10,6750000,15,0.0,0.94,0.0,1.0,0.0,15,0.0,0.95,0.0,0,RSTO,1750431333.8200252,0,0,0,1,0,0,0,0,4,0,0,0,0,tcp,0.96,0,1.0,mal_32_0,0.0,ftp_data,0,3,0.0,0.97,0.0,0,r2l,0,0,1
normal,17,0.0,21,835,17,0.0,0.0,0.06,1.0,0.0,255,0.02,0.0,0.0,0,SF,,0,0,0,0,0,1,0,0,0,0,0,0,0,tcp,0.0,0,1.0,,0.0,http,212,17,0.0,0.0,0.0,0,normal,0,0,0
normal,25,0.02,19,12500,210,0.01,0.0,0.0,0.98,0.0,205,0.0,0.0,0.0,15,SF,1750431546.5104654,0,0,0,0,0,1,0,0,0,0,0,0,0,tcp,0.0,0,0.97,ben_87_0,0.0,http,350,23,0.01,0.0,0.0,0,normal,0,0,1
guess_passwd,5,0.0,10,16000,20,0.0,0.92,0.0,1.0,0.01,20,0.0,0.92,0.01,0,RSTO,1750431346.0559003,0,0,0,1,0,0,0,0,2,0,0,0,0,tcp,0.95,0,1.0,mal_35_4,0.01,http,30,5,0.0,0.96,0.0,0,r2l,0,0,1
normal,1,0.0,21,87,255,0.01,0.0,0.01,0.96,0.0,245,0.0,0.0,0.0,0,SF,,0,0,0,0,0,0,0,0,0,0,0,0,0,udp,0.0,0,1.0,,0.0,domain_u,33,3,1.0,0.0,0.0,0,normal,0,0,0
normal,1,0.0,21,331,179,0.02,0.0,0.01,0.76,0.0,193,0.01,0.0,0.0,1,SF,,0,0,0,0,0,1,0,0,0,0,0,0,0,tcp,0.0,0,1.0,,0.0,smtp,1114,3,1.0,0.0,0.0,0,normal,0,0,0
normal,8,0.5,21,105,255,0.6,0.0,0.88,0.01,0.0,2,0.0,0.0,0.0,4823,SF,,0,0,0,0,0,0,0,0,0,0,0,0,0,udp,0.0,0,0.25,,0.0,other,147,2,0.0,0.0,0.0,0,normal,0,0,0
loadmodule,2,0.0,15,150,6,0.0,0.0,1.0,1.0,0.0,6,0.15,0.0,0.0,0,SF,1750431422.3871257,2,0,0,1,0,1,0,1,0,0,0,1,0,tcp,0.0,1,1.0,mal_49_2,0.0,ftp_data,30,2,0.0,0.0,0.0,0,u2r,0,0,1
normal,2,0.0,20,0,189,0.02,0.01,0.2,0.2,0.0,76,0.03,0.0,0.0,0,SF,,0,0,0,0,0,1,0,0,0,0,0,0,0,tcp,0.0,0,1.0,,0.0,ftp_data,501760,2,0.0,0.0,0.0,0,normal,0,0,0
normal,22,0.0,21,1686,185,0.0,0.0,0.01,1.0,0.0,255,0.01,0.0,0.0,0,SF,,0,0,0,0,0,1,0,0,0,0,0,0,0,tcp,0.0,0,1.0,,0.0,http,331,23,0.09,0.0,0.0,0,normal,0,0,0
normal,6,0.0,21,622,255,0.0,0.0,0.0,1.0,0.0,255,0.0,0.0,0.0,0,SF,,0,0,0,0,0,1,0,0,0,0,0,0,0,tcp,0.0,0,1.0,,0.0,http,206,7,0.29,0.0,0.0,0,normal,0,0,0
normal,1,0.0,21,337,238,0.02,0.0,0.0,0.53,0.0,143,0.01,0.0,0.0,5,SF,,0,0,0,0,0,1,0,0,0,0,0,0,0,tcp,0.0,0,1.0,,0.0,smtp,1106,1,0.0,0.0,0.0,0,normal,0,0,0
normal,45,0.02,19,10800,120,0.03,0.0,0.0,0.95,0.0,115,0.02,0.0,0.0,18,SF,1750431546.5754642,0,0,0,0,0,1,0,0,0,0,0,0,0,tcp,0.0,0,0.98,ben_86_0,0.0,http,320,50,0.01,0.0,0.0,0,normal,0,0,1
rootkit,3,0.0,16,250,4,0.0,0.0,0.6,1.0,0.0,4,0.0,0.0,0.0,0,SF,1750431374.0913372,3,0,0,1,0,1,0,2,0,1,0,1,0,tcp,0.0,1,1.0,mal_36_1,0.0,telnet,85,3,0.0,0.0,0.0,1,u2r,0,0,1
normal,35,0.0,20,210,200,0.01,0.0,0.0,0.98,0.0,195,0.0,0.0,0.0,300,SF,1750431563.255542,0,1,0,0,0,0,0,0,0,0,0,0,0,udp,0.0,0,1.0,ben_95_1,0.0,domain_u,180,38,0.05,0.0,0.0,0,normal,0,0,1
normal,30,0.0,20,4300,70,0.0,0.0,0.0,0.99,0.0,69,0.0,0.0,0.0,8,SF,1750431512.0683286,0,0,0,0,0,1,0,0,0,0,0,0,0,tcp,0.0,0,1.0,ben_79_3,0.0,telnet,350,32,0.0,0.0,0.0,0,normal,0,0,1
normal,18,0.02,19,7800,200,0.01,0.0,0.0,0.98,0.0,198,0.0,0.0,0.0,15,SF,1750431546.3540027,0,0,0,0,0,1,0,0,0,0,0,0,0,tcp,0.0,0,0.98,ben_85_0,0.0,http,350,20,0.0,0.0,0.0,0,normal,0,0,1
normal,15,0.0,21,230,20,0.0,0.0,0.1,1.0,0.0,20,0.0,0.0,0.0,7,SF,1750431512.131357,0,0,1,0,0,1,0,0,0,0,0,0,0,tcp,0.0,0,1.0,ben_78_3,0.0,telnet,110,15,0.0,0.0,0.0,0,normal,0,0,1
normal,1,0.0,21,105,234,0.44,0.0,0.82,0.0,0.0,1,0.0,0.0,0.0,2597,SF,,0,0,0,0,0,0,0,0,0,0,0,0,0,udp,0.0,0,1.0,,0.0,other,147,1,0.0,0.0,0.0,0,normal,0,0,0
normal,35,0.08,18,50,80,0.02,0.0,0.0,0.95,0.0,78,0.01,0.0,0.0,15,SF,1750431431.6646047,0,0,0,0,0,0,0,0,0,0,0,0,0,icmp,0.0,0,0.92,ben_58_4,0.0,ecr_i,40,40,0.1,0.0,0.0,0,normal,0,0,1
normal,3,0.0,18,327,91,0.07,0.0,0.01,0.48,0.03,136,0.01,0.0,0.02,1,SF,,0,0,0,0,0,1,0,0,0,0,0,0,0,tcp,0.0,0,1.0,,0.33,smtp,941,3,0.0,0.0,0.33,0,normal,0,0,0
normal,25,0.0,21,3159,255,0.0,0.0,0.0,1.0,0.0,255,0.0,0.0,0.0,0,SF,,0,0,0,0,0,1,0,0,0,0,0,0,0,tcp,0.0,0,1.0,,0.0,http,294,25,0.0,0.0,0.0,0,normal,0,0,0
rootkit,3,0.0,17,350,4,0.0,0.0,0.6,1.0,0.0,4,0.0,0.0,0.0,0,SF,1750431333.2405865,4,0,0,1,0,1,0,4,0,2,0,3,1,tcp,0.0,1,1.0,mal_29_2,0.0,telnet,140,3,0.0,0.0,0.0,1,u2r,0,0,1
normal,6,0.0,21,9676,62,0.0,0.0,0.02,1.0,0.0,255,0.05,0.0,0.0,0,SF,,0,0,0,0,0,1,0,0,0,0,0,0,0,tcp,0.0,0,1.0,,0.0,http,244,13,0.15,0.0,0.0,0,normal,0,0,0
normal,35,0.03,20,3200,210,0.01,0.0,0.0,0.98,0.0,200,0.0,0.0,0.0,60,SF,1750431511.2347689,0,0,0,0,0,1,0,0,0,0,0,0,0,tcp,0.0,0,0.97,ben_75_4,0.0,http,2800,40,0.01,0.0,0.0,0,normal,0,0,1
normal,2,0.0,18,0,255,0.07,0.0,0.02,0.02,0.92,5,0.0,0.0,0.0,0,SF,,0,0,0,0,0,0,0,0,0,0,0,0,0,tcp,0.0,0,1.0,,0.0,ftp_data,74,2,0.0,0.0,0.0,0,normal,0,0,0
normal,13,0.0,21,282,255,0.0,0.0,0.0,1.0,0.0,255,0.0,0.0,0.0,0,SF,,0,0,0,0,0,1,0,0,0,0,0,0,0,tcp,0.0,0,1.0,,0.0,http,295,31,0.16,0.0,0.0,0,normal,0,0,0
normal,1,0.0,21,761,104,0.0,0.0,0.01,1.0,0.0,255,0.02,0.0,0.0,0,SF,,0,0,0,0,0,1,0,0,0,0,0,0,0,tcp,0.0,0,1.0,,0.0,http,326,10,0.3,0.0,0.0,0,normal,0,0,0
normal,15,0.0,21,6845,38,0.0,0.0,0.03,1.0,0.0,255,0.04,0.0,0.0,0,SF,,0,0,0,0,0,1,0,0,0,0,0,0,0,tcp,0.0,0,1.0,,0.0,http,208,15,0.0,0.0,0.0,0,normal,0,0,0
normal,22,0.05,18,95,75,0.04,0.0,0.0,0.93,0.0,70,0.02,0.0,0.0,10,SF,1750431420.5730789,0,0,0,0,0,0,0,0,0,0,0,0,0,udp,0.0,0,0.95,ben_55_4,0.0,domain_u,22,27,0.04,0.0,0.0,0,normal,0,0,1
normal,150,0.0,20,150,230,0.0,0.0,0.0,1.0,0.0,230,0.0,0.0,0.0,45,SF,1750431547.029406,0,0,0,0,0,0,0,0,0,0,0,0,0,udp,0.0,0,1.0,ben_88_1,0.0,domain_u,60,160,0.01,0.0,0.0,0,normal,0,0,1
guess_passwd,4,0.0,11,15000,30,0.0,0.9,0.05,1.0,0.0,30,0.0,0.9,0.0,1,SF,1750431288.3444297,0,0,0,1,0,0,0,0,3,0,0,0,0,tcp,0.96,0,1.0,mal_17_1,0.0,telnet,20,4,0.0,0.94,0.0,0,r2l,0,0,1
phf,5,0.0,9,11000,25,0.0,0.92,0.0,1.0,0.01,25,0.0,0.93,0.0,2,RSTO,1750431300.0819154,1,0,0,1,0,0,0,0,2,0,0,0,0,tcp,0.93,0,1.0,mal_20_4,0.01,http,42,5,0.0,0.95,0.0,0,r2l,0,0,1
normal,17,0.0,21,3426,43,0.0,0.0,0.02,1.0,0.0,255,0.04,0.0,0.0,0,SF,,0,0,0,0,0,1,0,0,0,0,0,0,0,tcp,0.0,0,1.0,,0.0,http,212,52,0.06,0.0,0.0,0,normal,0,0,0
normal,25,0.03,19,2800,150,0.02,0.0,0.0,0.98,0.0,140,0.01,0.0,0.0,15,SF,1750431417.78799,0,0,0,0,0,1,0,0,0,0,0,0,0,tcp,0.0,0,0.97,ben_50_0,0.0,http,350,22,0.01,0.0,0.0,0,normal,0,0,1
normal,1,0.0,21,333,20,0.2,0.0,0.05,0.6,0.0,160,0.02,0.0,0.01,0,SF,,0,0,0,0,0,1,0,0,0,0,0,0,0,tcp,0.0,0,1.0,,0.0,smtp,2582,1,0.0,0.0,0.0,0,normal,0,0,0
normal,30,0.0,20,300,60,0.0,0.0,0.0,1.0,0.0,60,0.0,0.0,0.0,10,SF,1750431434.2888453,0,0,0,0,0,1,0,0,0,0,0,0,0,tcp,0.0,0,1.0,ben_59_3,0.0,telnet,150,30,0.0,0.0,0.0,0,normal,0,0,1
normal,15,0.03,18,7000,50,0.02,0.0,0.01,0.95,0.0,48,0.01,0.0,0.0,18,SF,1750431511.1557999,0,0,0,0,0,1,0,0,0,0,0,0,0,tcp,0.0,0,0.95,ben_73_2,0.0,ftp_data,4800,14,0.02,0.0,0.0,0,normal,0,0,1
loadmodule,3,0.0,15,2200,6,0.0,0.0,1.0,1.0,0.0,6,0.15,0.0,0.0,0,SF,1750431288.3474355,2,0,0,1,0,1,1,2,0,1,0,1,0,tcp,0.0,1,1.0,mal_17_2,0.0,ftp_data,0,3,0.0,0.0,0.0,1,u2r,0,0,1
normal,21,0.0,21,263,255,0.0,0.0,0.0,1.0,0.0,255,0.0,0.0,0.0,0,SF,,0,0,0,0,0,1,0,0,0,0,0,0,0,tcp,0.0,0,1.0,,0.0,http,285,27,0.11,0.0,0.0,0,normal,0,0,0
guess_passwd,5,0.0,12,9200,22,0.0,0.92,0.15,1.0,0.0,22,0.0,0.92,0.0,0,RSTO,1750431332.9660366,0,0,0,1,0,0,0,0,4,0,0,0,0,tcp,0.95,0,1.0,mal_28_0,0.0,ftp_data,0,5,0.0,0.96,0.0,0,r2l,0,0,1
rootkit,3,0.0,17,180,4,0.0,0.0,0.5,1.0,0.0,4,0.0,0.0,0.0,0,SF,1750431422.3951259,3,0,0,1,0,1,0,4,0,2,0,1,0,tcp,0.0,1,1.0,mal_49_3,0.0,telnet,110,3,0.0,0.0,0.0,1,u2r,0,0,1
normal,29,0.0,21,279,255,0.01,0.0,0.0,0.89,0.0,228,0.0,0.0,0.0,0,SF,,0,0,0,0,0,1,0,0,0,0,0,0,0,tcp,0.0,0,1.0,,0.0,http,263,29,0.0,0.0,0.0,0,normal,0,0,0
normal,25,0.0,18,5800,65,0.0,0.0,0.0,1.0,0.0,65,0.01,0.0,0.0,12,SF,1750431512.0583568,0,0,0,0,0,1,0,0,0,1,0,0,0,tcp,0.0,0,0.99,ben_79_2,0.0,ftp_data,1200,28,0.0,0.0,0.0,0,normal,0,0,1
normal,9,0.0,21,1711,36,0.0,0.0,0.03,1.0,0.0,255,0.04,0.0,0.0,0,SF,,0,0,0,0,0,1,0,0,0,0,0,0,0,tcp,0.0,0,1.0,,0.0,http,317,29,0.1,0.0,0.0,0,normal,0,0,0
warezclient,3,0.0,12,7500000,15,0.0,0.94,0.1,1.0,0.02,15,0.0,0.94,0.02,0,RSTO,1750431247.322157,0,0,0,1,0,0,0,0,4,0,0,0,0,tcp,0.95,0,1.0,mal_1_0,0.02,ftp_data,0,3,0.0,0.96,0.01,0,r2l,0,0,1
normal,1,0.0,21,335,121,0.04,0.0,0.01,0.64,0.01,175,0.01,0.0,0.01,1,SF,,0,0,0,0,0,1,0,0,0,0,0,0,0,tcp,0.0,0,1.0,,0.0,smtp,1207,1,0.0,0.0,0.0,0,normal,0,0,0
warezmaster,3,0.0,12,7560000,15,0.0,0.94,0.1,1.0,0.0,15,0.0,0.95,0.0,0,RSTO,1750431300.0679433,0,0,0,1,0,0,0,0,4,0,0,0,0,tcp,0.95,0,1.0,mal_20_0,0.0,ftp_data,0,3,0.0,0.97,0.0,0,r2l,0,0,1
normal,2,0.0,20,0,7,0.29,0.0,0.57,0.57,0.0,4,0.0,0.0,0.0,0,SF,,0,0,0,0,0,0,0,0,0,0,0,0,0,tcp,0.0,0,1.0,,0.0,ftp_data,203,2,0.0,0.0,0.0,0,normal,0,0,0
normal,24,0.0,21,477,134,0.0,0.0,0.01,1.0,0.0,255,0.02,0.0,0.0,0,SF,,0,0,0,0,0,1,0,0,0,0,0,0,0,tcp,0.0,0,1.0,,0.0,http,224,37,0.11,0.0,0.0,0,normal,0,0,0
loadmodule,3,0.0,16,9800,6,0.0,0.0,1.0,1.0,0.0,6,0.15,0.0,0.0,1,SF,1750431246.9503171,2,0,0,1,0,1,0,2,0,1,0,1,0,tcp,0.0,1,1.0,mal_2_1,0.0,ftp_data,0,3,0.0,0.0,0.0,1,u2r,0,0,1
normal,1,0.0,21,332,208,0.07,0.0,0.0,0.55,0.0,153,0.01,0.0,0.0,8,SF,,0,0,0,0,0,1,0,0,0,0,0,0,0,tcp,0.0,0,1.0,,0.0,smtp,2450,1,0.0,0.0,0.0,0,normal,0,0,0
normal,15,0.0,18,85,75,0.0,0.0,0.0,1.0,0.0,75,0.0,0.0,0.0,20,SF,1750431547.3598533,0,0,0,0,0,0,0,0,0,0,0,0,0,icmp,0.0,0,1.0,ben_90_4,0.0,ecr_i,50,18,0.0,0.0,0.0,0,normal,0,0,1
normal,3,0.0,20,0,43,0.05,0.0,0.91,0.91,0.0,92,0.03,0.0,0.0,0,SF,,0,0,0,0,0,1,0,0,0,0,0,0,0,tcp,0.0,0,1.0,,0.0,ftp_data,1690,3,0.0,0.0,0.0,0,normal,0,0,0
normal,1,0.0,17,0,22,0.0,0.0,1.0,1.0,0.0,128,0.42,0.0,0.0,0,SF,,0,0,0,0,0,0,0,0,0,0,0,0,0,icmp,0.0,0,1.0,,0.0,eco_i,30,1,0.0,0.0,0.0,0,normal,0,0,0
normal,1,0.0,21,1380,255,0.02,0.03,0.0,0.94,0.0,240,0.0,0.03,0.0,0,SF,,0,0,0,0,0,1,0,0,0,0,0,0,0,tcp,0.0,0,1.0,,0.0,http,233,1,0.0,0.0,0.0,0,normal,0,0,0
normal,9,0.0,21,7624,9,0.0,0.0,0.11,1.0,0.0,255,0.01,0.0,0.0,0,SF,,0,0,0,0,0,1,0,0,0,0,0,0,0,tcp,0.0,0,1.0,,0.0,http,211,39,0.1,0.0,0.0,0,normal,0,0,0
normal,100,0.0,21,120,220,0.0,0.0,0.0,1.0,0.0,220,0.0,0.0,0.0,20,SF,1750431547.0674083,0,0,0,0,0,0,0,0,0,0,0,0,0,udp,0.0,0,1.0,ben_88_4,0.0,domain_u,30,110,0.01,0.0,0.0,0,normal,0,0,1
phf,3,0.0,10,11000,22,0.0,0.94,0.0,1.0,0.0,22,0.0,0.94,0.0,0,RSTO,1750431374.1533408,0,0,0,1,0,0,0,0,2,0,0,0,0,tcp,0.97,0,1.0,mal_39_3,0.0,http,18,3,0.0,0.95,0.0,0,r2l,0,0,1
normal,212,0.0,18,129,255,0.01,0.0,0.0,0.99,0.0,253,0.0,0.0,0.0,0,SF,,0,0,0,0,0,0,0,0,0,0,0,0,0,udp,0.0,0,1.0,,0.0,domain_u,45,288,0.01,0.0,0.0,0,normal,0,0,0
normal,25,0.0,21,14000,260,0.01,0.0,0.0,0.98,0.0,255,0.0,0.0,0.0,10,SF,1750431418.7056146,0,0,0,0,0,1,0,0,0,0,0,0,0,tcp,0.0,0,1.0,ben_52_1,0.0,http,350,22,0.0,0.0,0.0,0,normal,0,0,1
warezclient,3,0.0,12,7500000,22,0.0,0.94,0.07,1.0,0.01,22,0.0,0.94,0.01,0,RSTO,1750431288.683047,0,0,0,1,0,0,0,0,4,0,0,0,0,tcp,0.95,0,1.0,mal_23_0,0.01,ftp_data,0,3,0.0,0.97,0.0,0,r2l,0,0,1
normal,32,0.02,19,7800,200,0.02,0.0,0.0,0.96,0.0,190,0.01,0.0,0.0,12,SF,1750431545.9588788,0,0,0,0,0,1,0,0,0,0,0,0,0,tcp,0.0,0,0.98,ben_84_0,0.0,http,350,29,0.0,0.0,0.0,0,normal,0,0,1
normal,22,0.0,18,4800,180,0.0,0.0,0.0,1.0,0.0,180,0.0,0.0,0.0,12,SF,1750431457.1495428,0,0,0,0,0,1,1,0,0,1,0,0,0,tcp,0.0,0,1.0,ben_63_2,0.0,ftp_data,500,25,0.0,0.0,0.0,0,normal,0,0,1
normal,130,0.0,20,140,245,0.0,0.0,0.0,1.0,0.0,245,0.0,0.0,0.0,12,SF,1750431420.5511081,0,0,0,0,0,0,0,0,0,0,0,0,0,udp,0.0,0,1.0,ben_55_1,0.0,domain_u,60,160,0.01,0.0,0.0,0,normal,0,0,1
normal,45,0.02,20,350,120,0.03,0.0,0.02,0.95,0.0,115,0.01,0.0,0.0,7,SF,1750431525.0352879,0,0,0,0,0,1,0,0,0,0,0,0,0,tcp,0.0,0,0.98,ben_82_3,0.0,telnet,120,50,0.01,0.0,0.0,0,normal,0,0,1
normal,22,0.01,20,600,100,0.0,0.0,0.0,0.99,0.0,98,0.0,0.0,0.0,9,SF,1750431457.7873375,0,0,0,0,0,1,0,0,0,0,0,0,0,tcp,0.0,0,0.98,ben_64_4,0.0,telnet,150,25,0.01,0.0,0.0,0,normal,0,0,1
normal,1,0.0,21,340,255,0.02,0.0,0.0,0.41,0.0,105,0.0,0.0,0.0,0,SF,,0,0,0,0,0,1,0,0,0,0,0,0,0,tcp,0.0,0,1.0,,0.0,smtp,715,1,0.0,0.0,0.0,0,normal,0,0,0
normal,35,0.0,18,60,60,0.0,0.0,0.0,1.0,0.0,60,0.0,0.0,0.0,7,SF,1750431510.4113097,0,0,0,0,0,0,0,0,0,0,0,0,0,icmp,0.0,0,1.0,ben_72_3,0.0,ecr_i,60,40,0.0,0.0,0.0,0,normal,0,0,1
normal,25,0.02,19,12000,180,0.03,0.0,0.0,0.95,0.0,170,0.01,0.0,0.0,15,SF,1750431434.2628455,0,0,0,0,0,1,0,0,0,0,0,0,0,tcp,0.0,0,0.98,ben_59_0,0.0,http,350,27,0.01,0.0,0.0,0,normal,0,0,1
normal,1,0.0,20,147,170,0.01,0.0,0.01,0.99,0.0,168,0.0,0.0,0.0,0,SF,,0,0,0,0,0,0,0,0,0,0,0,0,0,udp,0.0,0,1.0,,0.0,private,105,1,0.0,0.0,0.0,0,normal,0,0,0
normal,60,0.02,20,180,220,0.0,0.0,0.0,1.0,0.0,220,0.0,0.0,0.0,45,SF,1750431456.976007,0,0,0,0,0,0,0,0,0,0,0,0,0,udp,0.0,0,0.98,ben_61_1,0.0,domain_u,75,75,0.01,0.0,0.0,0,normal,0,0,1
normal,225,0.0,18,42,255,0.0,0.0,0.0,1.0,0.0,255,0.0,0.0,0.0,0,SF,,0,0,0,0,0,0,0,0,0,0,0,0,0,udp,0.0,0,1.0,,0.0,domain_u,42,225,0.0,0.0,0.0,0,normal,0,0,0
warezmaster,5,0.0,12,7500000,22,0.0,0.94,0.0,1.0,0.0,22,0.0,0.94,0.0,0,RSTO,1750431288.8401406,0,0,0,1,0,0,0,0,4,0,0,0,0,tcp,0.97,0,1.0,mal_21_0,0.0,ftp_data,0,5,0.0,0.96,0.0,0,r2l,0,0,1
normal,1,0.0,21,329,248,0.03,0.0,0.0,0.54,0.0,140,0.01,0.0,0.0,2,SF,,0,0,0,0,0,1,0,0,0,0,0,0,0,tcp,0.0,0,1.0,,0.0,smtp,666,2,1.0,0.0,0.0,0,normal,0,0,0
normal,100,0.0,18,120,230,0.0,0.0,0.0,1.0,0.0,230,0.0,0.0,0.0,45,SF,1750431546.3669715,0,0,0,0,0,0,0,0,0,0,0,0,0,udp,0.0,0,1.0,ben_85_1,0.0,domain_u,40,150,0.01,0.0,0.0,0,normal,0,0,1
rootkit,2,0.0,16,180,4,0.0,0.0,0.5,1.0,0.0,4,0.0,0.0,0.0,0,SF,1750431288.3494296,3,0,0,1,0,1,1,3,0,2,0,2,0,tcp,0.0,1,1.0,mal_17_3,0.0,telnet,80,2,0.0,0.0,0.0,0,u2r,0,0,1
normal,25,0.02,19,14500,240,0.01,0.0,0.0,0.97,0.0,235,0.01,0.0,0.0,15,SF,1750431420.967343,0,0,0,0,0,1,0,0,0,0,0,0,0,tcp,0.0,0,0.98,ben_56_0,0.0,http,350,23,0.01,0.0,0.0,0,normal,0,0,1
normal,7,0.0,21,4065,7,0.0,0.0,0.14,1.0,0.0,255,0.03,0.0,0.0,0,SF,,0,0,0,0,0,1,0,0,0,0,0,0,0,tcp,0.0,0,1.0,,0.0,http,285,7,0.0,0.0,0.0,0,normal,0,0,0
loadmodule,2,0.0,15,2800,8,0.0,0.0,1.0,1.0,0.0,8,0.1,0.0,0.0,1,SF,1750431288.8193603,3,0,0,1,0,1,1,2,0,1,0,2,0,tcp,0.0,1,1.0,mal_16_2,0.0,ftp_data,0,2,0.0,0.0,0.0,1,u2r,0,0,1
normal,2,0.0,21,26088,255,0.0,0.0,0.0,1.0,0.0,255,0.0,0.0,0.0,0,SF,,0,0,0,0,0,1,0,0,0,0,0,0,0,tcp,0.0,0,1.0,,0.0,http,260,2,0.0,0.0,0.0,0,normal,0,0,0
normal,1,0.0,21,2662,55,0.0,0.0,0.02,1.0,0.0,255,0.01,0.0,0.01,0,SF,,0,0,0,0,0,1,0,0,0,0,0,0,0,tcp,0.0,0,1.0,,0.0,http,331,3,0.67,0.0,0.0,0,normal,0,0,0
normal,2,0.0,21,593,2,0.0,0.0,0.5,1.0,0.0,255,0.02,0.0,0.0,0,SF,,0,0,0,0,0,1,0,0,0,0,0,0,0,tcp,0.0,0,1.0,,0.0,http,220,2,0.0,0.0,0.0,0,normal,0,0,0
normal,60,0.03,20,90,55,0.01,0.0,0.0,0.97,0.0,55,0.0,0.0,0.0,12,SF,1750431418.7266128,0,0,0,0,0,0,0,0,0,0,0,0,0,udp,0.0,0,0.97,ben_52_4,0.0,domain_u,22,62,0.01,0.0,0.0,0,normal,0,0,1
normal,1,0.0,21,4110,65,0.0,0.42,0.02,1.0,0.0,227,0.15,0.56,0.0,0,SF,,0,0,0,0,0,1,0,0,0,0,0,0,0,tcp,0.0,0,1.0,,0.0,http,196,6,0.67,0.0,0.0,0,normal,0,0,0
normal,11,0.0,21,7937,255,0.0,0.0,0.0,1.0,0.0,255,0.0,0.0,0.0,0,SF,,0,0,0,0,0,1,0,0,0,0,0,0,0,tcp,0.0,0,1.0,,0.0,http,223,11,0.0,0.0,0.0,0,normal,0,0,0
normal,18,0.02,20,4800,220,0.01,0.0,0.0,0.98,0.0,215,0.02,0.0,0.0,12,SF,1750431457.8290331,0,0,0,0,0,1,0,0,0,0,0,0,0,tcp,0.0,0,0.97,ben_65_0,0.0,http,350,20,0.01,0.0,0.0,0,normal,0,0,1
normal,10,0.0,21,596,252,0.0,0.0,0.0,1.0,0.0,255,0.01,0.0,0.0,0,SF,,0,0,0,0,0,1,0,0,0,0,0,0,0,tcp,0.0,0,1.0,,0.0,http,317,10,0.0,0.0,0.0,0,normal,0,0,0
normal,9,0.0,21,0,39,0.08,0.0,0.74,0.74,0.0,94,0.02,0.0,0.0,0,SF,,0,0,0,0,0,1,0,0,0,0,0,0,0,tcp,0.0,0,1.0,,0.0,ftp_data,965,10,0.2,0.0,0.0,0,normal,0,0,0
normal,30,0.05,21,60,80,0.05,0.0,0.0,0.95,0.0,80,0.0,0.0,0.0,20,SF,1750431546.5594645,0,0,0,0,0,0,0,0,0,0,0,0,0,icmp,0.0,0,0.95,ben_87_4,0.0,ecr_i,50,35,0.0,0.0,0.0,0,normal,0,0,1
normal,25,0.02,19,12000,230,0.01,0.0,0.0,0.98,0.0,225,0.0,0.0,0.0,15,SF,1750431459.2817495,0,0,0,0,0,1,0,0,0,0,0,0,0,tcp,0.0,0,0.98,ben_68_0,0.0,http,300,22,0.0,0.0,0.0,0,normal,0,0,1
normal,8,0.0,21,4816,99,0.0,0.0,0.02,1.0,0.0,255,0.03,0.0,0.0,0,SF,,0,0,0,0,0,1,0,0,0,0,0,0,0,tcp,0.0,0,1.0,,0.0,http,262,8,0.0,0.0,0.0,0,normal,0,0,0
guess_passwd,4,0.0,10,15000,15,0.0,0.93,0.1,1.0,0.0,15,0.0,0.93,0.0,1,SF,1750431375.8142662,0,0,0,1,0,0,0,0,3,0,0,0,0,tcp,0.96,0,1.0,mal_45_1,0.0,telnet,10,4,0.0,0.95,0.0,0,r2l,0,0,1
normal,1,0.0,21,457,1,0.0,0.0,1.0,1.0,0.0,255,0.01,0.0,0.0,0,SF,,0,0,0,0,0,1,0,0,0,0,0,0,0,tcp,0.0,0,1.0,,0.0,http,244,1,0.0,0.0,0.0,0,normal,0,0,0
normal,18,0.01,19,350,45,0.02,0.0,0.0,0.95,0.0,42,0.0,0.0,0.0,20,SF,1750431527.414185,0,0,0,0,0,1,0,0,0,0,0,0,0,tcp,0.0,0,0.99,ben_83_2,0.0,telnet,150,20,0.0,0.0,0.0,0,normal,0,0,1
normal,12,0.0,21,1694,255,0.0,0.0,0.0,1.0,0.01,255,0.0,0.0,0.01,0,SF,,0,0,0,0,0,1,0,0,0,0,0,0,0,tcp,0.0,0,1.0,,0.0,http,334,12,0.0,0.0,0.0,0,normal,0,0,0
loadmodule,1,0.0,14,0,4,0.0,0.0,1.0,1.0,0.0,4,0.15,0.0,0.0,0,SF,1750431288.5988584,2,0,0,1,0,1,1,2,0,0,0,1,0,tcp,0.0,1,1.0,mal_22_2,0.0,ftp_data,10,1,0.0,0.0,0.0,1,u2r,0,0,1
normal,22,0.03,20,700,80,0.0,0.0,0.0,0.99,0.0,80,0.0,0.0,0.0,27,SF,1750431546.38997,0,0,0,0,0,1,0,0,0,0,0,0,0,tcp,0.0,0,0.97,ben_85_3,0.0,telnet,320,25,0.0,0.0,0.0,0,normal,0,0,1
normal,22,0.05,19,4600,230,0.02,0.0,0.0,0.98,0.0,200,0.01,0.0,0.0,12,SF,1750431510.3802788,0,0,0,0,0,1,0,0,0,0,0,0,0,tcp,0.0,0,0.95,ben_72_0,0.0,http,350,24,0.01,0.0,0.0,0,normal,0,0,1
guess_passwd,5,0.0,12,8300,15,0.0,0.9,0.1,1.0,0.0,15,0.0,0.9,0.0,0,RSTO,1750431288.6670446,0,0,0,1,0,0,0,0,4,0,0,0,0,tcp,0.95,0,1.0,mal_18_0,0.0,telnet,0,5,0.0,0.96,0.0,0,r2l,0,0,1
normal,9,0.0,21,2531,192,0.0,0.0,0.01,1.0,0.01,196,0.01,0.0,0.01,0,SF,,0,0,0,0,0,1,0,0,0,0,0,0,0,tcp,0.0,0,1.0,,0.0,http,224,9,0.0,0.0,0.0,0,normal,0,0,0
guess_passwd,2,0.0,10,10500,15,0.0,0.9,0.0,1.0,0.0,15,0.0,0.9,0.0,0,RSTO,1750431288.8661525,0,0,0,1,0,0,0,0,2,0,0,0,0,tcp,0.94,0,1.0,mal_15_3,0.0,http,40,2,0.0,0.95,0.0,0,r2l,0,0,1
normal,22,0.0,18,180,55,0.0,0.0,0.0,1.0,0.0,54,0.0,0.0,0.0,5,SF,1750431548.6782074,0,0,0,0,0,1,0,0,0,0,0,0,0,tcp,0.0,0,1.0,ben_93_3,0.0,telnet,200,25,0.0,0.0,0.0,0,normal,0,0,1
normal,22,0.0,18,300,45,0.0,0.0,0.0,1.0,0.0,45,0.0,0.0,0.0,15,SF,1750431457.6879072,0,0,0,0,0,1,0,0,0,0,0,0,0,tcp,0.0,0,1.0,ben_66_3,0.0,telnet,120,22,0.0,0.0,0.0,0,normal,0,0,1
normal,9,0.0,21,8617,44,0.0,0.0,0.02,1.0,0.0,255,0.03,0.0,0.0,0,SF,,0,0,0,0,0,1,0,0,0,0,0,0,0,tcp,0.0,0,1.0,,0.0,http,262,16,0.25,0.0,0.0,0,normal,0,0,0
guess_passwd,3,0.0,13,18000,10,0.0,0.98,0.0,1.0,0.0,10,0.0,0.98,0.0,0,RSTO,1750431247.196505,0,0,0,1,0,0,0,0,2,0,0,0,0,tcp,1.0,0,1.0,mal_6_4,0.01,http,20,3,0.0,1.0,0.01,0,r2l,0,0,1
normal,40,0.0,18,110,230,0.0,0.0,0.0,1.0,0.0,230,0.0,0.0,0.0,45,SF,1750431511.6573098,0,0,0,0,0,0,0,0,0,0,0,0,0,udp,0.0,0,1.0,ben_76_1,0.0,domain_u,70,50,0.01,0.0,0.0,0,normal,0,0,1
normal,25,0.03,20,400,60,0.01,0.0,0.02,0.98,0.0,60,0.0,0.0,0.0,20,SF,1750431431.6565988,0,0,0,0,0,1,0,0,0,0,0,0,0,tcp,0.0,0,0.97,ben_58_3,0.0,telnet,300,23,0.0,0.0,0.0,0,normal,0,0,1
normal,1,0.0,20,48,3,0.0,0.0,1.0,1.0,0.0,4,0.5,0.0,0.0,63,SF,,0,0,0,0,0,0,0,0,0,0,0,0,0,udp,0.0,0,1.0,,0.0,ntp_u,48,1,0.0,0.0,0.0,0,normal,0,0,0
normal,15,0.1,19,300,30,0.02,0.0,0.0,0.93,0.0,28,0.01,0.0,0.0,6,SF,1750431511.9690888,0,0,0,0,0,1,0,0,0,0,0,0,0,tcp,0.0,0,0.9,ben_77_3,0.0,telnet,120,14,0.0,0.0,0.0,0,normal,0,0,1
normal,40,0.1,18,120,75,0.05,0.0,0.0,0.9,0.0,70,0.05,0.0,0.0,22,SF,1750431586.4645073,0,0,0,0,0,0,0,0,0,0,0,0,0,icmp,0.0,0,0.9,ben_98_4,0.0,ecr_i,80,42,0.05,0.0,0.0,0,normal,0,0,1
normal,1,0.0,18,110,255,0.01,0.02,0.01,0.92,0.0,235,0.0,0.0,0.0,0,SF,,0,0,0,0,0,0,0,0,0,0,0,0,0,udp,0.0,0,1.0,,0.0,domain_u,45,2,1.0,0.0,0.0,0,normal,0,0,0
normal,31,0.06,20,0,255,0.53,0.0,0.12,0.12,0.0,30,0.0,0.0,0.0,0,SF,,0,0,0,0,0,0,0,0,0,0,0,0,0,udp,0.0,0,0.97,,0.0,other,113,30,0.0,0.0,0.0,0,normal,0,0,0
normal,3,0.0,21,23863,73,0.0,0.0,0.01,1.0,0.0,255,0.03,0.0,0.0,0,SF,,0,0,0,0,0,1,0,0,0,0,0,0,0,tcp,0.0,0,1.0,,0.0,http,301,3,0.0,0.0,0.0,0,normal,0,0,0
normal,40,0.0,21,313,255,0.0,0.0,0.0,1.0,0.0,255,0.0,0.0,0.0,0,SF,,0,0,0,0,0,1,0,0,0,0,0,0,0,tcp,0.0,0,1.0,,0.0,http,294,40,0.0,0.0,0.0,0,normal,0,0,0
normal,8,0.0,21,1715,255,0.0,0.0,0.0,1.0,0.0,255,0.0,0.0,0.0,0,SF,,0,0,0,0,0,1,0,0,0,0,0,0,0,tcp,0.0,0,1.0,,0.0,http,312,8,0.0,0.0,0.0,0,normal,0,0,0
warezmaster,5,0.0,12,7100000,18,0.0,0.95,0.15,1.0,0.05,18,0.0,0.96,0.04,0,RSTO,1750431247.3101864,0,0,0,1,0,0,0,0,4,0,0,0,0,tcp,1.0,0,1.0,mal_11_0,0.06,ftp_data,0,5,0.0,0.95,0.04,0,r2l,0,0,1
normal,70,0.0,21,70,160,0.01,0.0,0.0,0.95,0.0,150,0.01,0.0,0.0,5,SF,1750431525.0463161,0,0,0,0,0,0,0,0,0,0,0,0,0,icmp,0.0,0,1.0,ben_82_4,0.0,ecr_i,60,60,0.0,0.0,0.0,0,normal,0,0,1
normal,1,0.0,21,335,208,0.03,0.0,0.0,0.5,0.0,105,0.0,0.0,0.0,0,SF,,0,0,0,0,0,1,0,0,0,0,0,0,0,tcp,0.0,0,1.0,,0.0,smtp,767,1,0.0,0.0,0.0,0,normal,0,0,0
normal,1,0.0,20,7153,255,0.08,0.0,0.0,0.36,0.02,92,0.0,0.0,0.05,0,SF,,0,0,0,0,0,0,0,0,0,0,0,0,0,tcp,0.0,0,1.0,,0.0,ftp_data,0,12,0.17,0.0,0.08,0,normal,0,0,0
normal,7,0.0,21,2017,255,0.0,0.0,0.0,1.0,0.0,255,0.0,0.0,0.0,0,SF,,0,0,0,0,0,1,0,0,0,0,0,0,0,tcp,0.0,0,1.0,,0.0,http,241,7,0.0,0.0,0.0,0,normal,0,0,0
normal,60,0.01,20,115,100,0.0,0.0,0.0,1.0,0.0,100,0.0,0.0,0.0,15,SF,1750431590.0601406,0,0,0,0,0,0,0,0,0,0,0,0,0,udp,0.0,0,0.99,ben_99_4,0.0,domain_u,22,65,0.02,0.0,0.0,0,normal,0,0,1
normal,1,0.0,19,130,255,0.02,0.0,0.0,0.02,0.0,5,0.0,0.0,0.0,0,SF,,0,0,0,0,0,1,0,0,0,0,0,0,0,tcp,0.0,0,1.0,,0.0,pop_3,35,1,0.0,0.0,0.0,0,normal,0,0,0
normal,1,0.0,21,338,159,0.03,0.0,0.01,0.83,0.0,190,0.01,0.0,0.0,14,SF,,0,0,0,0,0,1,0,0,0,0,0,0,0,tcp,0.0,0,1.0,,0.0,smtp,1278,1,0.0,0.0,0.0,0,normal,0,0,0
normal,25,0.05,20,7900,200,0.01,0.0,0.0,0.97,0.0,190,0.01,0.0,0.0,12,SF,1750431547.3058558,0,0,0,0,0,1,0,0,0,0,0,0,0,tcp,0.0,0,0.95,ben_90_0,0.0,http,350,30,0.02,0.0,0.0,0,normal,0,0,1
normal,2,0.0,17,0,199,0.02,0.0,0.15,0.15,0.0,49,0.04,0.0,0.0,0,SF,,0,0,0,0,0,0,0,0,0,0,0,0,0,tcp,0.0,0,1.0,,0.0,ftp_data,12,2,0.0,0.0,0.0,0,normal,0,0,0
normal,18,0.0,19,330,30,0.0,0.0,0.0,1.0,0.0,30,0.0,0.0,0.0,7,SF,1750431589.926141,0,0,1,0,0,1,0,0,0,0,0,0,0,tcp,0.01,0,1.0,ben_97_3,0.0,telnet,110,20,0.0,0.0,0.0,0,normal,0,0,1
normal,25,0.02,20,60,80,0.05,0.0,0.0,0.95,0.0,75,0.0,0.0,0.0,15,SF,1750431458.0010068,0,0,0,0,0,0,0,0,0,0,0,0,0,icmp,0.0,0,0.98,ben_67_4,0.0,ecr_i,40,30,0.01,0.0,0.0,0,normal,0,0,1
guess_passwd,5,0.0,11,4800,15,0.0,0.95,0.07,1.0,0.03,15,0.0,0.96,0.02,0,RSTO,1750431247.5720043,0,0,0,1,0,0,0,0,3,0,0,0,0,tcp,1.0,0,1.0,mal_8_1,0.02,telnet,0,5,0.0,1.0,0.0,0,r2l,0,0,1
warezmaster,6,0.0,12,6500000,22,0.0,0.95,0.1,1.0,0.0,22,0.0,0.95,0.0,0,RSTO,1750431288.2049692,0,0,0,1,0,0,0,0,4,0,0,0,0,tcp,0.97,0,1.0,mal_12_0,0.0,ftp_data,0,6,0.0,0.98,0.0,0,r2l,0,0,1
normal,1,0.0,21,335,243,0.03,0.0,0.0,0.59,0.0,148,0.01,0.0,0.0,1,SF,,0,0,0,0,0,1,0,0,0,0,0,0,0,tcp,0.0,0,1.0,,0.0,smtp,1239,4,1.0,0.0,0.0,0,normal,0,0,0
rootkit,2,0.0,17,350,4,0.0,0.0,0.6,1.0,0.0,4,0.0,0.0,0.0,0,SF,1750431247.3241518,4,0,0,1,0,1,1,4,0,2,0,2,0,tcp,0.0,1,1.0,mal_1_3,0.0,telnet,70,2,0.0,0.0,0.0,1,u2r,0,0,1
normal,3,0.0,21,1462,255,0.0,0.0,0.0,1.0,0.0,255,0.0,0.0,0.0,0,SF,,0,0,0,0,0,1,0,0,0,0,0,0,0,tcp,0.0,0,1.0,,0.0,http,340,3,0.0,0.0,0.0,0,normal,0,0,0
normal,25,0.04,19,4500,150,0.02,0.0,0.02,0.97,0.0,140,0.01,0.0,0.0,45,SF,1750431563.2412643,0,0,0,0,0,1,0,0,0,0,0,0,0,tcp,0.0,0,0.95,ben_95_0,0.0,http,500,22,0.01,0.0,0.0,0,normal,0,0,1
normal,165,0.0,18,43,255,0.0,0.0,0.0,1.0,0.0,255,0.0,0.0,0.0,0,SF,,0,0,0,0,0,0,0,0,0,0,0,0,0,udp,0.0,0,1.0,,0.0,domain_u,43,165,0.0,0.0,0.0,0,normal,0,0,0
normal,2,0.0,21,0,237,0.02,0.0,0.21,0.21,0.0,57,0.04,0.0,0.0,0,SF,,0,0,0,0,0,1,0,0,0,0,0,0,0,tcp,0.0,0,1.0,,0.0,ftp_data,383,2,0.0,0.0,0.0,0,normal,0,0,0
normal,25,0.05,19,6000,250,0.01,0.0,0.0,0.98,0.0,245,0.02,0.0,0.0,15,SF,1750431459.767751,0,0,0,0,0,1,0,0,0,0,0,0,0,tcp,0.0,0,0.95,ben_69_0,0.0,http,4500,23,0.01,0.0,0.0,0,normal,0,0,1
normal,34,0.06,20,0,255,0.52,0.0,0.13,0.13,0.0,33,0.0,0.0,0.0,0,SF,,0,0,0,0,0,0,0,0,0,0,0,0,0,udp,0.0,0,0.97,,0.0,other,113,33,0.0,0.0,0.0,0,normal,0,0,0
normal,1,0.0,21,0,12,0.0,1.0,0.08,1.0,0.0,214,0.21,1.0,0.0,0,REJ,,0,0,0,0,0,0,0,0,0,0,0,0,0,tcp,1.0,0,1.0,,0.0,http,0,1,0.0,1.0,0.0,0,normal,0,0,0
normal,1,0.0,21,327,144,0.03,0.0,0.01,0.74,0.01,194,0.01,0.0,0.0,0,SF,,0,0,0,0,0,1,0,0,0,0,0,0,0,tcp,0.0,0,1.0,,0.0,smtp,883,1,0.0,0.0,0.0,0,normal,0,0,0
guess_passwd,4,0.0,13,11000,15,0.0,0.93,0.07,1.0,0.02,15,0.0,0.93,0.01,0,RSTO,1750431288.645877,0,0,0,1,0,0,0,0,3,0,0,0,0,tcp,0.95,0,1.0,mal_14_1,0.02,telnet,30,4,0.0,0.96,0.01,0,r2l,0,0,1
normal,5,0.0,21,42,35,0.09,0.0,0.03,0.91,0.0,32,0.0,0.0,0.0,0,SF,,0,0,0,0,0,0,0,0,0,0,0,0,0,udp,0.0,0,1.0,,0.0,domain_u,42,8,0.25,0.0,0.0,0,normal,0,0,0
normal,2,0.0,20,0,255,0.03,0.0,0.42,0.42,0.01,108,0.0,0.0,0.01,0,SF,,0,0,0,0,0,1,0,0,0,0,0,0,0,tcp,0.0,0,1.0,,0.0,ftp_data,2191,2,0.0,0.0,0.0,0,normal,0,0,0
normal,5,0.4,20,44,66,0.03,0.0,0.02,0.95,0.0,63,0.0,0.0,0.0,29,SF,,0,0,0,0,0,0,0,0,0,0,0,0,0,udp,0.0,0,0.2,,0.0,domain_u,44,5,0.4,0.0,0.0,0,normal,0,0,0
warezmaster,1,0.0,12,7850000,17,0.0,0.95,0.05,1.0,0.1,17,0.0,0.95,0.1,0,RSTO,1750431288.8551228,0,0,0,1,0,0,0,0,4,0,0,0,0,tcp,0.97,0,1.0,mal_15_0,0.1,ftp_data,0,1,0.0,0.98,0.1,0,r2l,0,0,1
normal,1,0.0,21,0,127,0.0,1.0,0.01,1.0,0.0,255,0.06,1.0,0.0,0,REJ,,0,0,0,0,0,0,0,0,0,0,0,0,0,tcp,1.0,0,1.0,,0.0,http,0,1,0.0,1.0,0.0,0,normal,0,0,0
normal,8,0.0,21,7355,255,0.0,0.0,0.0,1.0,0.0,255,0.0,0.0,0.0,0,SF,,0,0,0,0,0,1,0,0,0,0,0,0,0,tcp,0.0,0,1.0,,0.0,http,309,11,0.18,0.0,0.0,0,normal,0,0,0
normal,31,0.0,21,2592,255,0.0,0.0,0.0,1.0,0.0,255,0.0,0.0,0.0,0,SF,,0,0,0,0,0,1,0,0,0,0,0,0,0,tcp,0.0,0,1.0,,0.0,http,323,34,0.12,0.0,0.0,0,normal,0,0,0
normal,79,0.0,19,132,255,0.0,0.0,0.0,1.0,0.0,255,0.0,0.0,0.0,0,SF,,0,0,0,0,0,0,0,0,0,0,0,0,0,udp,0.0,0,1.0,,0.0,domain_u,43,158,0.01,0.0,0.0,0,normal,0,0,0
normal,7,0.0,21,7384,255,0.0,0.0,0.0,1.0,0.0,255,0.0,0.0,0.0,0,SF,,0,0,0,0,0,1,0,0,0,0,0,0,0,tcp,0.0,0,1.0,,0.0,http,287,7,0.0,0.0,0.0,0,normal,0,0,0
normal,1,0.0,20,0,135,0.03,0.0,0.24,0.24,0.0,85,0.02,0.0,0.0,2,SF,,0,0,0,0,0,0,0,0,0,0,0,0,0,tcp,0.0,0,1.0,,0.0,ftp_data,2194619,1,0.0,0.0,0.0,0,normal,0,0,0
normal,1,0.0,21,0,5,0.0,1.0,0.2,1.0,0.0,206,0.27,1.0,0.0,0,REJ,,0,0,0,0,0,0,0,0,0,0,0,0,0,tcp,1.0,0,1.0,,0.0,http,0,1,0.0,1.0,0.0,0,normal,0,0,0
normal,2,0.0,21,0,57,0.05,0.0,0.16,0.16,0.0,43,0.07,0.0,0.0,0,SF,,0,0,0,0,0,0,0,0,0,0,0,0,0,tcp,0.0,0,1.0,,0.0,ftp_data,641,2,0.0,0.0,0.0,0,normal,0,0,0
normal,5,0.6,21,105,255,0.83,0.0,1.0,0.01,0.0,2,0.0,0.0,0.0,4625,SF,,0,0,0,0,0,0,0,0,0,0,0,0,0,udp,0.0,0,0.4,,0.0,other,146,2,0.0,0.0,0.0,0,normal,0,0,0
normal,14,0.0,21,342,253,0.0,0.0,0.0,1.0,0.0,255,0.01,0.0,0.0,0,SF,,0,0,0,0,0,1,0,0,0,0,0,0,0,tcp,0.0,0,1.0,,0.0,http,334,14,0.0,0.0,0.0,0,normal,0,0,0
normal,1,0.0,21,324,202,0.02,0.0,0.0,0.67,0.0,135,0.0,0.0,0.0,0,SF,,0,0,0,0,0,1,0,0,0,0,0,0,0,tcp,0.0,0,1.0,,0.0,smtp,1519,1,0.0,0.0,0.0,0,normal,0,0,0
normal,32,0.0,21,321,255,0.0,0.0,0.0,1.0,0.0,255,0.0,0.0,0.0,0,SF,,0,0,0,0,0,1,0,0,0,0,0,0,0,tcp,0.0,0,1.0,,0.0,http,291,48,0.04,0.0,0.0,0,normal,0,0,0
normal,1,0.0,21,328,122,0.02,0.0,0.01,0.75,0.0,170,0.01,0.0,0.0,0,SF,,0,0,0,0,0,1,0,0,0,0,0,0,0,tcp,0.0,0,1.0,,0.0,smtp,1087,1,0.0,0.0,0.0,0,normal,0,0,0
normal,1,0.0,21,0,5,0.0,1.0,0.2,1.0,0.0,27,0.26,1.0,0.0,0,REJ,,0,0,0,0,0,0,0,0,0,0,0,0,0,tcp,1.0,0,1.0,,0.0,http,0,2,1.0,1.0,0.0,0,normal,0,0,0
normal,1,0.0,20,58843,127,0.57,0.54,0.01,0.08,0.01,11,0.18,0.18,0.09,13368,SF,,1,0,0,0,0,1,0,2,0,15,0,2,0,tcp,0.0,1,1.0,,0.0,telnet,2987,1,0.0,0.0,0.0,0,normal,0,0,0
normal,1,0.0,17,413,38,0.08,0.0,0.03,0.76,0.03,182,0.02,0.0,0.02,4,S2,,2,0,0,0,0,1,0,0,0,0,0,0,0,tcp,0.0,0,1.0,,1.0,smtp,966,1,0.0,0.0,1.0,0,normal,0,0,0
normal,15,0.0,19,110,140,0.0,0.0,0.0,1.0,0.0,140,0.0,0.0,0.0,10,SF,1750431547.4278586,0,0,0,0,0,0,0,0,0,0,0,0,0,udp,0.0,0,1.0,ben_91_4,0.0,domain_u,33,15,0.0,0.0,0.0,0,normal,0,0,1
normal,40,0.05,18,90,50,0.05,0.0,0.1,0.95,0.0,48,0.02,0.0,0.0,20,SF,1750431512.1433554,0,0,0,0,0,0,0,0,0,0,0,0,0,icmp,0.0,0,0.95,ben_78_4,0.0,ecr_i,80,45,0.02,0.0,0.0,0,normal,0,0,1
loadmodule,2,0.0,14,3500,6,0.0,0.0,1.0,1.0,0.0,6,0.15,0.0,0.0,1,SF,1750431247.5740056,2,0,0,1,0,1,0,2,0,0,0,1,0,tcp,0.0,1,1.0,mal_8_2,0.0,ftp_data,10,2,0.0,0.0,0.0,0,u2r,0,0,1
loadmodule,3,0.0,15,2400,6,0.0,0.0,1.0,1.0,0.0,6,0.2,0.0,0.0,1,SF,1750431288.209821,2,0,0,1,0,1,1,2,0,0,0,1,0,tcp,0.0,1,1.0,mal_12_2,0.0,ftp_data,0,3,0.0,0.0,0.0,1,u2r,0,0,1
normal,51,0.0,20,1321,117,0.0,0.0,0.01,1.0,0.0,255,0.04,0.0,0.0,0,SF,,1,0,0,0,0,1,0,0,0,0,0,0,0,tcp,0.0,1,1.0,,0.0,http,321,51,0.0,0.0,0.0,0,normal,0,0,0
guess_passwd,5,0.0,11,15000,15,0.0,0.89,0.05,1.0,0.0,15,0.0,0.89,0.0,1,SF,1750431288.970096,0,0,0,1,0,0,0,0,2,0,0,0,0,tcp,0.91,0,1.0,mal_19_1,0.0,telnet,10,5,0.0,0.92,0.0,0,r2l,0,0,1
normal,8,0.0,21,5422,255,0.0,0.0,0.0,1.0,0.0,255,0.0,0.0,0.0,0,SF,,0,0,0,0,0,1,0,0,0,0,0,0,0,tcp,0.0,0,1.0,,0.0,http,314,8,0.0,0.0,0.0,0,normal,0,0,0
normal,1,0.0,21,1415,48,0.0,0.0,0.02,1.0,0.0,48,0.0,0.0,0.0,0,SF,,0,0,0,0,0,1,0,0,0,0,0,0,0,tcp,0.0,0,1.0,,0.0,http,224,1,0.0,0.0,0.0,0,normal,0,0,0
guess_passwd,4,0.0,11,13000,20,0.0,0.96,0.05,1.0,0.0,20,0.0,0.96,0.0,1,SF,1750431300.0719156,2,0,0,1,0,0,0,0,3,0,0,0,0,tcp,1.0,0,1.0,mal_20_1,0.0,telnet,38,4,0.0,1.0,0.0,0,r2l,0,0,1
normal,15,0.0,19,350,30,0.0,0.0,0.05,1.0,0.0,30,0.0,0.0,0.0,5,SF,1750431560.433134,0,0,0,0,0,1,0,0,0,0,0,0,0,tcp,0.0,0,1.0,ben_94_3,0.0,telnet,70,16,0.0,0.0,0.0,0,normal,0,0,1
warezmaster,3,0.0,12,6450000,21,0.0,0.95,0.1,1.0,0.04,21,0.0,0.95,0.03,0,RSTO,1750431247.5967417,0,0,0,1,0,0,0,0,4,0,0,0,0,tcp,0.95,0,1.0,mal_10_0,0.04,ftp_data,0,3,0.0,0.96,0.02,0,r2l,0,0,1
normal,36,0.0,21,188,255,0.0,0.0,0.01,1.0,0.0,255,0.0,0.0,0.0,0,SF,,0,0,0,0,0,1,0,0,0,0,0,0,0,tcp,0.0,0,1.0,,0.0,http,238,36,0.0,0.0,0.0,0,normal,0,0,0
normal,50,0.1,20,180,150,0.05,0.0,0.0,0.9,0.0,140,0.02,0.0,0.0,45,SF,1750431548.5821748,0,0,0,0,0,0,0,0,0,0,0,0,0,udp,0.0,0,0.9,ben_92_1,0.0,domain_u,55,60,0.05,0.0,0.0,0,normal,0,0,1
normal,4,0.0,21,2731,57,0.0,0.0,0.02,1.0,0.02,255,0.05,0.0,0.0,0,SF,,0,0,0,0,0,1,0,0,0,0,0,0,0,tcp,0.0,0,1.0,,0.0,http,315,4,0.0,0.0,0.0,0,normal,0,0,0
normal,1,0.0,19,0,25,0.0,1.0,0.04,1.0,0.0,25,0.0,1.0,0.0,0,REJ,,0,0,0,0,0,0,0,0,0,0,0,0,0,tcp,1.0,0,1.0,,0.0,other,0,1,0.0,1.0,0.0,0,normal,0,0,0
normal,2,0.0,19,0,178,0.02,0.0,0.27,0.27,0.0,72,0.03,0.0,0.0,2,SF,,0,0,0,0,0,1,0,0,0,0,0,0,0,tcp,0.0,0,1.0,,0.0,ftp_data,2194619,2,0.0,0.0,0.0,0,normal,0,0,0
normal,73,0.0,20,128,255,0.01,0.0,0.0,0.99,0.0,252,0.0,0.0,0.0,0,SF,,0,0,0,0,0,0,0,0,0,0,0,0,0,udp,0.0,0,1.0,,0.0,domain_u,44,153,0.01,0.0,0.0,0,normal,0,0,0
normal,2,0.0,20,0,20,0.15,0.0,0.5,0.5,0.0,84,0.02,0.0,0.01,0,SF,,0,0,0,0,0,1,0,0,0,0,0,0,0,tcp,0.0,0,1.0,,0.0,ftp_data,12,2,0.0,0.0,0.0,0,normal,0,0,0
normal,15,0.0,19,350,40,0.0,0.0,0.6,1.0,0.0,40,0.0,0.0,0.0,3,SF,1750431547.0554059,0,0,0,0,0,1,0,0,0,0,0,0,0,tcp,0.0,0,1.0,ben_88_3,0.0,telnet,120,18,0.0,0.0,0.0,0,normal,0,0,1
normal,1,0.0,21,170,255,0.0,0.0,0.0,1.0,0.0,255,0.0,0.0,0.0,0,SF,,0,0,0,0,0,1,0,0,0,0,0,0,0,tcp,0.0,0,1.0,,0.0,http,175,2,1.0,0.0,0.0,0,normal,0,0,0
normal,140,0.0,20,110,230,0.0,0.0,0.0,1.0,0.0,220,0.0,0.0,0.0,45,SF,1750431431.6405685,0,0,0,0,0,0,0,0,0,0,0,0,0,udp,0.0,0,0.99,ben_58_1,0.0,domain_u,35,170,0.01,0.0,0.0,0,normal,0,0,1
normal,16,0.0,21,1469,64,0.0,0.0,0.02,1.0,0.0,255,0.04,0.0,0.0,0,SF,,0,0,0,0,0,1,0,0,0,0,0,0,0,tcp,0.0,0,1.0,,0.0,http,215,16,0.0,0.0,0.0,0,normal,0,0,0
normal,2,1.0,21,0,255,0.01,0.0,0.07,0.07,0.0,18,0.0,0.0,0.0,0,SF,,0,0,0,0,0,0,0,0,0,0,0,0,0,udp,0.0,0,0.5,,0.0,domain_u,102,2,1.0,0.0,0.0,0,normal,0,0,0
normal,14,0.0,21,7973,34,0.0,0.0,0.03,1.0,0.0,255,0.02,0.0,0.0,0,SF,,0,0,0,0,0,1,0,0,0,0,0,0,0,tcp,0.0,0,1.0,,0.0,http,258,14,0.0,0.0,0.0,0,normal,0,0,0
normal,1,0.0,21,0,57,0.0,1.0,0.02,1.0,0.0,251,0.09,0.99,0.0,0,REJ,,0,0,0,0,0,0,0,0,0,0,0,0,0,tcp,1.0,0,1.0,,0.0,http,0,1,0.0,1.0,0.0,0,normal,0,0,0
normal,3,0.0,21,1933,87,0.0,0.0,0.01,1.0,0.0,255,0.03,0.0,0.0,0,SF,,0,0,0,0,0,1,0,0,0,0,0,0,0,tcp,0.0,0,1.0,,0.0,http,226,3,0.0,0.0,0.0,0,normal,0,0,0
normal,215,0.0,17,4,215,0.0,0.0,1.0,1.0,0.0,215,0.0,0.0,0.0,0,SF,,0,0,0,0,0,0,0,0,0,0,0,0,0,udp,0.0,0,1.0,,0.0,other,516,215,0.0,0.0,0.0,0,normal,0,0,0
normal,2,0.0,21,7367,4,0.0,0.0,0.25,1.0,0.0,255,0.02,0.0,0.01,0,SF,,0,0,0,0,0,1,0,0,0,0,0,0,0,tcp,0.0,0,1.0,,0.0,http,207,2,0.0,0.0,0.0,0,normal,0,0,0
normal,4,0.0,21,464,8,0.0,0.0,0.12,1.0,0.0,255,0.05,0.0,0.0,0,SF,,0,0,0,0,0,1,0,0,0,0,0,0,0,tcp,0.0,0,1.0,,0.0,http,190,5,0.4,0.0,0.0,0,normal,0,0,0
normal,30,0.0,19,150,200,0.0,0.0,0.0,1.0,0.0,200,0.0,0.0,0.0,7,SF,1750431511.145798,0,0,0,0,0,0,0,0,0,0,0,0,0,udp,0.0,0,1.0,ben_73_1,0.0,domain_u,40,40,0.01,0.0,0.0,0,normal,0,0,1
warezmaster,5,0.0,12,6240000,22,0.0,0.9,0.1,1.0,0.03,22,0.0,0.9,0.03,0,RSTO,1750431288.3424299,0,0,0,1,0,0,0,0,4,0,0,0,0,tcp,0.95,0,1.0,mal_17_0,0.03,ftp_data,0,5,0.0,0.92,0.02,0,r2l,0,0,1
normal,1,0.0,20,4,23,0.0,0.0,0.04,1.0,0.0,23,0.0,0.0,0.0,7,SF,,0,0,0,0,0,0,0,0,0,0,0,0,0,tcp,0.0,0,1.0,,0.0,time,0,1,0.0,0.0,0.0,0,normal,0,0,0
normal,1,0.0,21,28198,75,0.0,0.0,0.01,1.0,0.01,255,0.03,0.0,0.0,0,SF,,0,0,0,0,0,1,0,0,0,0,0,0,0,tcp,0.0,0,1.0,,0.0,http,326,1,0.0,0.0,0.0,0,normal,0,0,0
normal,1,0.0,20,0,59,0.05,0.0,0.03,0.03,0.0,43,0.05,0.0,0.0,0,SF,,0,0,0,0,0,0,0,0,0,0,0,0,0,tcp,0.0,0,1.0,,0.0,ftp_data,259,1,0.0,0.0,0.0,0,normal,0,0,0
normal,1,0.0,21,0,2,0.0,1.0,0.5,1.0,0.0,247,0.11,0.88,0.0,0,REJ,,0,0,0,0,0,0,0,0,0,0,0,0,0,tcp,1.0,0,1.0,,0.0,http,0,1,0.0,1.0,0.0,0,normal,0,0,0
normal,22,0.0,18,3500,45,0.0,0.0,0.0,1.0,0.0,45,0.0,0.0,0.0,9,SF,1750431457.9820354,0,0,0,0,0,1,0,0,0,0,0,0,0,tcp,0.0,0,1.0,ben_67_2,0.0,ftp_data,540,25,0.0,0.0,0.0,0,normal,0,0,1
normal,18,0.0,18,4800,35,0.0,0.0,0.1,1.0,0.0,33,0.05,0.0,0.0,30,SF,1750431418.8686862,0,0,0,0,0,1,1,0,0,1,0,0,0,tcp,0.0,0,1.0,ben_51_2,0.0,ftp_data,5000,20,0.05,0.0,0.0,0,normal,0,0,1
normal,13,0.0,21,1314,255,0.0,0.0,0.0,1.0,0.0,255,0.0,0.0,0.0,0,SF,,0,0,0,0,0,1,0,0,0,0,0,0,0,tcp,0.0,0,1.0,,0.0,http,291,18,0.22,0.0,0.0,0,normal,0,0,0
phf,4,0.0,7,16000,22,0.0,0.9,0.0,1.0,0.0,22,0.0,0.9,0.0,0,RSTO,1750431333.8350244,1,0,0,1,0,0,0,0,2,0,0,0,0,tcp,0.95,0,1.0,mal_32_3,0.0,http,45,4,0.0,0.95,0.0,0,r2l,0,0,1
normal,17,0.0,21,259,255,0.0,0.0,0.0,1.0,0.0,255,0.0,0.0,0.0,0,SF,,0,0,0,0,0,1,0,0,0,0,0,0,0,tcp,0.0,0,1.0,,0.0,http,285,17,0.0,0.0,0.0,0,normal,0,0,0
loadmodule,3,0.0,14,3500,7,0.0,0.0,1.0,1.0,0.0,7,0.1,0.0,0.0,1,SF,1750431375.2465768,2,0,0,1,0,1,0,2,0,0,0,1,0,tcp,0.0,1,1.0,mal_46_2,0.0,ftp_data,20,3,0.0,0.0,0.0,0,u2r,0,0,1
normal,1,0.0,21,8745,255,0.0,0.0,0.0,1.0,0.0,255,0.0,0.0,0.0,0,SF,,0,0,0,0,0,1,0,0,0,0,0,0,0,tcp,0.0,0,1.0,,0.0,http,258,1,0.0,0.0,0.0,0,normal,0,0,0
phf,5,0.0,10,12000,20,0.0,0.95,0.02,1.0,0.0,20,0.0,0.95,0.0,0,RSTO,1750431421.5709875,0,0,0,1,0,0,0,0,5,0,0,0,0,tcp,1.0,0,1.0,mal_48_3,0.0,http,10,5,0.0,1.0,0.0,0,r2l,0,0,1
warezmaster,5,0.0,12,7500000,25,0.0,0.95,0.0,1.0,0.0,25,0.0,0.95,0.0,0,RSTO,1750431288.1704862,0,0,0,1,0,0,0,0,4,0,0,0,0,tcp,0.96,0,1.0,mal_13_0,0.0,ftp_data,0,5,0.0,0.97,0.0,0,r2l,0,0,1
normal,100,0.0,20,95,200,0.01,0.0,0.0,0.99,0.0,195,0.0,0.0,0.0,12,SF,1750431417.7949896,0,0,0,0,0,0,0,0,0,0,0,0,0,udp,0.0,0,1.0,ben_50_1,0.0,domain_u,40,120,0.02,0.0,0.0,0,normal,0,0,1
normal,1,0.0,21,333,50,0.1,0.0,0.02,0.34,0.0,133,0.02,0.0,0.0,0,SF,,0,0,0,0,0,1,0,0,0,0,0,0,0,tcp,0.0,0,1.0,,0.0,smtp,1007,3,1.0,0.0,0.0,0,normal,0,0,0
phf,6,0.0,8,8500,25,0.0,0.9,0.0,1.0,0.01,25,0.0,0.91,0.01,0,RSTO,1750431247.315157,0,0,0,1,0,0,0,0,2,0,0,0,0,tcp,0.9,0,1.0,mal_11_4,0.02,http,12,6,0.0,0.92,0.01,0,r2l,0,0,1
normal,1,0.0,21,1811,11,0.0,0.0,0.09,1.0,0.0,255,0.04,0.0,0.0,0,SF,,0,0,0,0,0,1,0,0,0,0,0,0,0,tcp,0.0,0,1.0,,0.0,http,226,4,0.5,0.0,0.0,0,normal,0,0,0
guess_passwd,5,0.0,12,10240,15,0.0,0.94,0.1,1.0,0.0,15,0.0,0.96,0.0,0,RSTO,1750431334.1462517,0,0,0,1,0,0,0,0,4,0,0,0,0,tcp,0.95,0,1.0,mal_34_0,0.0,ftp_data,0,5,0.0,0.98,0.0,0,r2l,0,0,1
normal,7,0.0,21,12635,255,0.01,0.0,0.0,0.89,0.0,228,0.0,0.0,0.0,0,SF,,0,0,0,0,0,1,0,0,0,0,0,0,0,tcp,0.0,0,1.0,,0.0,http,248,7,0.0,0.0,0.0,0,normal,0,0,0
normal,40,0.0,20,350,80,0.0,0.0,0.05,1.0,0.0,80,0.0,0.0,0.0,60,SF,1750431563.2827556,0,0,1,0,0,1,0,0,0,1,0,0,0,tcp,0.0,0,1.0,ben_95_3,0.0,telnet,120,42,0.0,0.0,0.0,0,normal,0,0,1
normal,1,0.0,15,2396,255,0.02,0.0,0.0,0.18,0.23,46,0.0,0.0,0.33,12013,SF,,0,0,0,0,0,1,0,0,0,0,0,0,0,tcp,0.0,0,1.0,,0.0,telnet,91,1,0.0,0.0,0.0,0,normal,0,0,0
normal,39,0.0,21,768,255,0.0,0.0,0.0,1.0,0.0,255,0.0,0.0,0.0,0,SF,,0,0,0,0,0,1,0,0,0,0,0,0,0,tcp,0.0,0,1.0,,0.0,http,217,39,0.0,0.0,0.0,0,normal,0,0,0
normal,25,0.1,20,350,45,0.0,0.0,0.1,1.0,0.0,45,0.0,0.0,0.0,9,SF,1750431545.9958782,0,0,0,0,0,1,0,0,0,0,0,0,0,tcp,0.0,0,0.9,ben_84_3,0.0,telnet,150,27,0.0,0.0,0.0,0,normal,0,0,1
normal,1,0.0,21,0,30,0.0,1.0,0.03,1.0,0.0,255,0.22,0.95,0.0,0,REJ,,0,0,0,0,0,0,0,0,0,0,0,0,0,tcp,1.0,0,1.0,,0.0,http,0,1,0.0,1.0,0.0,0,normal,0,0,0
normal,2,0.0,21,397,121,0.0,0.0,0.01,1.0,0.0,255,0.01,0.0,0.0,0,SF,,0,0,0,0,0,1,0,0,0,0,0,0,0,tcp,0.0,0,1.0,,0.0,http,237,2,0.0,0.0,0.0,0,normal,0,0,0
normal,12,0.0,21,454,224,0.0,0.0,0.0,1.0,0.0,255,0.01,0.0,0.0,0,SF,,0,0,0,0,0,1,0,0,0,0,0,0,0,tcp,0.0,0,1.0,,0.08,http,220,12,0.0,0.0,0.08,0,normal,0,0,0
warezclient,4,0.0,12,7000,22,0.0,0.94,0.1,1.0,0.01,22,0.0,0.95,0.01,0,RSTO,1750431288.967068,0,0,0,1,0,0,0,0,3,0,0,0,0,tcp,0.95,0,1.0,mal_19_0,0.01,ftp_data,0,4,0.0,0.96,0.0,0,r2l,0,0,1
normal,40,0.0,20,75,90,0.01,0.0,0.0,0.95,0.0,85,0.0,0.0,0.0,18,SF,1750431560.4461043,0,0,0,0,0,0,0,0,0,0,0,0,0,icmp,0.0,0,1.0,ben_94_4,0.0,ecr_i,60,50,0.0,0.0,0.0,0,normal,0,0,1
normal,18,0.05,19,11000,230,0.02,0.0,0.0,0.98,0.0,220,0.0,0.0,0.0,12,SF,1750431457.9640384,0,0,0,0,0,1,0,0,0,0,0,0,0,tcp,0.0,0,0.95,ben_67_0,0.0,http,250,19,0.01,0.0,0.0,0,normal,0,0,1
normal,1,0.0,19,0,255,0.02,0.0,0.04,0.04,0.0,11,0.0,0.0,0.0,0,SF,,0,0,0,0,0,1,0,0,0,0,0,0,0,tcp,0.0,0,1.0,,0.0,ftp_data,12,1,0.0,0.0,0.0,0,normal,0,0,0
guess_passwd,5,0.0,13,12000,15,0.0,0.95,0.0,1.0,0.0,15,0.0,0.95,0.0,0,RSTO,1750431246.9503171,0,0,0,1,0,0,0,0,4,0,0,0,0,tcp,0.98,0,1.0,mal_2_2,0.0,http,30,5,0.0,0.97,0.0,0,r2l,0,0,1
normal,18,0.0,18,2400,60,0.01,0.0,0.01,0.96,0.0,58,0.0,0.0,0.0,10,SF,1750431548.5952065,0,0,0,0,0,1,0,0,0,1,0,0,0,tcp,0.0,0,1.0,ben_92_2,0.0,ftp_data,1200,20,0.0,0.0,0.0,0,normal,0,0,1
phf,3,0.0,10,15000,22,0.0,0.97,0.05,1.0,0.01,22,0.0,0.98,0.0,0,RSTO,1750431288.6038604,0,0,0,1,0,0,0,0,2,0,0,0,0,tcp,0.98,0,1.0,mal_22_4,0.01,http,15,3,0.0,0.99,0.0,0,r2l,0,0,1
normal,18,0.05,18,5000,60,0.02,0.0,0.0,0.97,0.0,58,0.01,0.0,0.0,7,SF,1750431545.9838772,0,0,0,0,0,1,1,0,0,1,0,0,0,tcp,0.0,0,0.95,ben_84_2,0.0,ftp_data,400,17,0.0,0.0,0.0,0,normal,0,0,1
guess_passwd,4,0.0,11,11000,20,0.0,0.92,0.06,1.0,0.0,20,0.0,0.93,0.0,0,SF,1750431372.8736148,0,0,0,1,0,0,0,0,3,0,0,0,0,tcp,0.95,0,1.0,mal_41_1,0.0,telnet,40,4,0.0,0.96,0.0,0,r2l,0,0,1
normal,75,0.0,19,150,230,0.0,0.0,0.0,1.0,0.0,230,0.0,0.0,0.0,7,SF,1750431457.7613373,0,0,0,0,0,0,0,0,0,0,0,0,0,udp,0.0,0,0.99,ben_64_1,0.0,domain_u,45,110,0.01,0.0,0.0,0,normal,0,0,1
normal,90,0.0,20,140,230,0.0,0.0,0.0,1.0,0.0,210,0.02,0.0,0.0,5,SF,1750431434.2718453,0,0,0,0,0,0,0,0,0,0,0,0,0,udp,0.0,0,1.0,ben_59_1,0.0,domain_u,65,110,0.01,0.0,0.0,0,normal,0,0,1
warezmaster,3,0.0,12,7200000,15,0.0,0.94,0.07,1.0,0.03,15,0.0,0.94,0.03,0,RSTO,1750431247.343127,0,0,0,1,0,0,0,0,4,0,0,0,0,tcp,0.95,0,1.0,mal_4_0,0.03,ftp_data,0,3,0.0,0.97,0.04,0,r2l,0,0,1
guess_passwd,4,0.0,9,16000,30,0.0,0.99,0.0,1.0,0.0,30,0.0,0.99,0.0,0,RSTO,1750431247.325151,0,0,0,1,0,0,0,0,5,0,0,0,0,tcp,1.0,0,1.0,mal_1_4,0.0,http,12,4,0.0,1.0,0.0,0,r2l,0,0,1
normal,225,0.0,18,45,255,0.0,0.0,0.0,1.0,0.0,255,0.0,0.0,0.0,0,SF,,0,0,0,0,0,0,0,0,0,0,0,0,0,udp,0.0,0,1.0,,0.0,domain_u,45,225,0.0,0.0,0.0,0,normal,0,0,0
warezclient,5,0.0,12,6700000,22,0.0,0.93,0.12,1.0,0.03,22,0.0,0.94,0.02,0,RSTO,1750431333.4774754,0,0,0,1,0,0,0,0,4,0,0,0,0,tcp,0.95,0,1.0,mal_27_0,0.03,ftp_data,0,5,0.0,0.96,0.02,0,r2l,0,0,1
normal,2,0.0,21,751,96,0.0,0.0,0.01,1.0,0.0,255,0.04,0.0,0.0,0,SF,,0,0,0,0,0,1,0,0,0,0,0,0,0,tcp,0.0,0,1.0,,0.0,http,208,8,0.25,0.0,0.0,0,normal,0,0,0
normal,64,0.03,20,136,255,0.01,0.0,0.0,0.95,0.0,241,0.0,0.0,0.0,0,SF,,0,0,0,0,0,0,0,0,0,0,0,0,0,udp,0.0,0,0.98,,0.0,domain_u,46,144,0.01,0.0,0.0,0,normal,0,0,0
normal,150,0.0,20,125,230,0.0,0.0,0.0,1.0,0.0,220,0.0,0.0,0.0,45,SF,1750431513.014383,0,0,0,0,0,0,0,0,0,0,0,0,0,udp,0.0,0,1.0,ben_80_1,0.0,domain_u,50,180,0.02,0.0,0.0,0,normal,0,0,1
normal,5,0.0,21,5109,255,0.0,0.0,0.0,1.0,0.01,255,0.0,0.0,0.01,0,SF,,0,0,0,0,0,1,0,0,0,0,0,0,0,tcp,0.0,0,1.0,,0.0,http,339,5,0.0,0.0,0.0,0,normal,0,0,0
normal,1,0.0,21,0,33,0.0,1.0,0.03,1.0,0.0,255,0.2,1.0,0.0,0,REJ,,0,0,0,0,0,0,0,0,0,0,0,0,0,tcp,1.0,0,1.0,,0.0,http,0,1,0.0,1.0,0.0,0,normal,0,0,0
normal,35,0.0,21,1540,255,0.0,0.0,0.0,1.0,0.0,255,0.0,0.0,0.0,0,SF,,0,0,0,0,0,1,0,0,0,0,0,0,0,tcp,0.0,0,1.0,,0.0,http,324,39,0.1,0.0,0.0,0,normal,0,0,0
normal,5,0.0,21,1269,48,0.0,0.0,0.02,1.0,0.0,255,0.05,0.0,0.0,0,SF,,0,0,0,0,0,1,0,0,0,0,0,0,0,tcp,0.0,0,1.0,,0.0,http,222,5,0.0,0.0,0.0,0,normal,0,0,0
normal,140,0.0,20,180,240,0.0,0.0,0.0,1.0,0.0,240,0.0,0.0,0.0,45,SF,1750431420.931329,0,0,0,0,0,0,0,0,0,0,0,0,0,udp,0.0,0,1.0,ben_54_1,0.0,domain_u,150,175,0.01,0.0,0.0,0,normal,0,0,1
normal,17,0.0,21,3791,255,0.0,0.0,0.0,1.0,0.0,255,0.0,0.0,0.0,0,SF,,0,0,0,0,0,1,0,0,0,0,0,0,0,tcp,0.0,0,1.0,,0.0,http,236,17,0.0,0.0,0.0,0,normal,0,0,0
normal,4,0.5,18,146,255,0.01,0.0,0.01,0.96,0.0,244,0.0,0.0,0.0,0,SF,,0,0,0,0,0,0,0,0,0,0,0,0,0,udp,0.0,0,0.25,,0.0,private,105,1,0.0,0.0,0.0,0,normal,0,0,0
normal,9,0.0,21,675,255,0.0,0.0,0.0,1.0,0.0,255,0.0,0.0,0.0,0,SF,,0,0,0,0,0,1,0,0,0,0,0,0,0,tcp,0.0,0,1.0,,0.0,http,310,9,0.0,0.0,0.0,0,normal,0,0,0
normal,3,0.0,18,1380,255,0.01,0.0,0.0,0.95,0.0,241,0.0,0.0,0.0,0,SF,,0,0,0,0,0,1,0,0,0,0,0,0,0,tcp,0.0,0,1.0,,0.33,http,233,3,0.0,0.0,0.33,0,normal,0,0,0
normal,25,0.02,19,4800,200,0.03,0.0,0.0,0.96,0.0,190,0.01,0.0,0.0,12,SF,1750431511.1927972,0,0,0,0,0,1,0,0,0,0,0,0,0,tcp,0.0,0,0.98,ben_75_0,0.0,http,3500,30,0.01,0.0,0.0,0,normal,0,0,1
normal,140,0.0,20,200,255,0.0,0.0,0.0,1.0,0.0,255,0.0,0.0,0.0,45,SF,1750431457.1405754,0,0,0,0,0,0,0,0,0,0,0,0,0,udp,0.0,0,1.0,ben_63_1,0.0,domain_u,60,165,0.01,0.0,0.0,0,normal,0,0,1
normal,2,0.0,21,0,255,0.65,0.0,0.04,0.04,0.0,11,0.0,0.0,0.0,0,SF,,0,0,0,0,0,1,0,0,0,0,0,0,0,tcp,0.0,0,1.0,,0.0,ftp_data,7280,2,0.0,0.0,0.0,0,normal,0,0,0
normal,40,0.0,21,290,255,0.0,0.0,0.0,1.0,0.0,255,0.0,0.0,0.0,0,SF,,0,0,0,0,0,1,0,0,0,0,0,0,0,tcp,0.0,0,1.0,,0.0,http,223,45,0.07,0.0,0.0,0,normal,0,0,0
normal,14,0.02,20,270,40,0.02,0.0,0.0,0.95,0.0,38,0.01,0.0,0.0,5,SF,1750431459.7967496,0,0,0,0,0,1,0,0,0,0,0,0,0,tcp,0.0,0,0.98,ben_69_3,0.0,telnet,130,15,0.01,0.0,0.0,0,normal,0,0,1
normal,70,0.01,21,150,200,0.0,0.0,0.0,0.99,0.0,195,0.0,0.0,0.0,20,SF,1750431459.3197498,0,0,0,0,0,0,0,0,0,0,0,0,0,udp,0.0,0,0.99,ben_68_4,0.0,domain_u,55,75,0.01,0.0,0.0,0,normal,0,0,1
normal,1,0.0,21,105,255,0.6,0.0,0.92,0.02,0.0,4,0.0,0.0,0.0,249,SF,,0,0,0,0,0,0,0,0,0,0,0,0,0,udp,0.0,0,1.0,,0.0,other,145,1,0.0,0.0,0.0,0,normal,0,0,0
normal,18,0.04,19,4300,70,0.05,0.0,0.0,0.95,0.0,68,0.02,0.0,0.0,8,SF,1750431457.6789067,0,0,0,0,0,1,0,0,0,1,0,0,0,tcp,0.0,0,0.96,ben_66_2,0.0,ftp_data,550,20,0.01,0.0,0.0,0,normal,0,0,1
normal,1,0.0,21,0,1,0.0,1.0,1.0,1.0,0.0,255,0.22,0.97,0.0,0,REJ,,0,0,0,0,0,0,0,0,0,0,0,0,0,tcp,1.0,0,1.0,,0.0,http,0,1,0.0,1.0,0.0,0,normal,0,0,0
normal,3,0.67,20,0,255,0.01,0.0,0.05,0.01,0.0,3,0.0,0.0,0.0,0,SF,,0,0,0,0,0,0,0,0,0,0,0,0,0,icmp,0.0,0,0.33,,0.0,eco_i,30,1,0.0,0.0,0.0,0,normal,0,0,0
normal,1,0.0,7,0,252,0.02,0.04,0.0,0.07,0.0,18,0.0,0.11,0.06,0,S0,,0,0,0,0,0,0,0,0,0,0,0,0,0,tcp,0.0,0,1.0,,1.0,telnet,0,1,0.0,0.0,1.0,0,normal,0,0,0
normal,7,0.0,21,1701,32,0.0,0.0,0.03,1.0,0.0,255,0.04,0.0,0.0,0,SF,,0,0,0,0,0,1,0,0,0,0,0,0,0,tcp,0.0,0,1.0,,0.0,http,201,7,0.0,0.0,0.0,0,normal,0,0,0
normal,45,0.03,19,13500,240,0.01,0.0,0.0,0.98,0.0,230,0.01,0.0,0.0,12,SF,1750431590.0041409,0,0,0,0,0,1,0,0,0,0,0,0,0,tcp,0.0,0,0.97,ben_99_0,0.0,http,2300,48,0.02,0.0,0.0,0,normal,0,0,1
guess_passwd,4,0.0,11,14000,16,0.0,0.91,0.0,1.0,0.0,16,0.0,0.92,0.0,1,SF,1750431333.4885025,0,0,0,1,0,0,0,0,3,0,0,0,0,tcp,0.97,0,1.0,mal_27_1,0.0,telnet,40,4,0.0,0.98,0.0,0,r2l,0,0,1
loadmodule,1,0.0,15,2700,7,0.0,0.0,1.0,1.0,0.0,7,0.1,0.0,0.0,0,SF,1750431288.8461254,2,0,0,1,0,1,0,2,0,0,0,1,0,tcp,0.0,1,1.0,mal_21_2,0.0,ftp_data,0,1,0.0,0.0,0.0,0,u2r,0,0,1
normal,4,0.0,21,1660,255,0.0,0.0,0.0,1.0,0.0,255,0.0,0.0,0.0,0,SF,,0,0,0,0,0,1,0,0,0,0,0,0,0,tcp,0.0,0,1.0,,0.0,http,317,4,0.0,0.0,0.0,0,normal,0,0,0
loadmodule,2,0.0,15,4200,5,0.0,0.0,1.0,1.0,0.0,5,0.2,0.0,0.0,0,SF,1750431247.1955073,3,0,0,1,0,1,0,1,0,1,0,1,0,tcp,0.0,1,1.0,mal_6_2,0.0,ftp_data,0,2,0.0,0.0,0.0,0,u2r,0,0,1
normal,2,0.0,21,5864,106,0.0,0.0,0.01,1.0,0.0,255,0.02,0.0,0.0,0,SF,,0,0,0,0,0,1,0,0,0,0,0,0,0,tcp,0.0,0,1.0,,0.0,http,360,26,0.12,0.0,0.0,0,normal,0,0,0
normal,1,0.0,21,105,255,0.44,0.0,0.82,0.02,0.0,4,0.0,0.0,0.0,3620,SF,,0,0,0,0,0,0,0,0,0,0,0,0,0,udp,0.0,0,1.0,,0.0,other,145,1,0.0,0.0,0.0,0,normal,0,0,0
normal,16,0.0,19,350,35,0.0,0.0,0.0,1.0,0.0,35,0.0,0.0,0.0,7,SF,1750431457.9910061,0,0,0,0,0,1,0,0,0,0,0,0,0,tcp,0.0,0,1.0,ben_67_3,0.0,telnet,120,18,0.0,0.0,0.0,0,normal,0,0,1
normal,16,0.0,21,1233,255,0.0,0.0,0.0,1.0,0.0,255,0.0,0.0,0.0,0,SF,,0,0,0,0,0,1,0,0,0,0,0,0,0,tcp,0.0,0,1.0,,0.0,http,203,21,0.14,0.0,0.05,0,normal,0,0,0
normal,2,1.0,21,335,145,0.03,0.0,0.01,0.5,0.0,122,0.02,0.0,0.0,0,SF,,0,0,0,0,0,1,0,0,0,0,0,0,0,tcp,0.0,0,0.5,,0.0,smtp,1007,1,0.0,0.0,0.0,0,normal,0,0,0
normal,7,0.0,21,42,255,0.01,0.0,0.0,0.59,0.0,150,0.0,0.0,0.0,0,SF,,0,0,0,0,0,0,0,0,0,0,0,0,0,udp,0.0,0,1.0,,0.0,domain_u,42,13,0.15,0.0,0.0,0,normal,0,0,0
normal,4,0.0,21,1275,41,0.0,0.0,0.02,1.0,0.0,255,0.04,0.0,0.0,0,SF,,0,0,0,0,0,1,0,0,0,0,0,0,0,tcp,0.0,0,1.0,,0.0,http,345,11,0.27,0.0,0.0,0,normal,0,0,0
normal,10,0.0,21,753,207,0.0,0.0,0.0,1.0,0.0,255,0.01,0.0,0.0,0,SF,,0,0,0,0,0,1,0,0,0,0,0,0,0,tcp,0.0,0,1.0,,0.0,http,333,10,0.0,0.0,0.0,0,normal,0,0,0
normal,20,0.0,21,27859,20,0.0,0.0,0.05,1.0,0.0,255,0.04,0.0,0.0,0,SF,,0,0,0,0,0,1,0,0,0,0,0,0,0,tcp,0.0,0,1.0,,0.0,http,293,30,0.07,0.0,0.0,0,normal,0,0,0
guess_passwd,3,0.0,12,7200,15,0.0,0.9,0.1,1.0,0.0,15,0.0,0.9,0.0,0,RSTO,1750431247.19451,0,0,0,1,0,0,0,0,4,0,0,0,0,tcp,0.95,0,1.0,mal_6_0,0.0,ftp_data,0,3,0.0,0.96,0.0,0,r2l,0,0,1
normal,1,0.0,21,277,255,0.02,0.0,0.0,0.59,0.0,151,0.0,0.0,0.0,0,SF,,0,0,0,0,0,1,0,0,0,0,0,0,0,tcp,0.0,0,1.0,,0.0,smtp,1743,1,0.0,0.0,0.0,0,normal,0,0,0
normal,1,0.0,21,362,242,0.03,0.0,0.0,0.62,0.0,161,0.01,0.0,0.0,1,SF,,0,0,0,0,0,1,0,0,0,0,0,0,0,tcp,0.0,0,1.0,,0.0,smtp,1384,3,1.0,0.0,0.0,0,normal,0,0,0
normal,30,0.07,18,0,255,0.01,0.0,0.07,0.07,0.0,19,0.0,0.0,0.0,0,SF,,0,0,0,0,0,0,0,0,0,0,0,0,0,icmp,0.0,0,0.1,,0.0,urp_i,78,3,0.0,0.0,0.0,0,normal,0,0,0
guess_passwd,4,0.0,13,11000,10,0.0,0.9,0.1,1.0,0.0,10,0.0,0.9,0.0,1,SF,1750431374.1073399,0,0,0,1,0,0,0,0,3,0,0,0,0,tcp,0.93,0,1.0,mal_38_0,0.0,telnet,40,4,0.0,0.91,0.0,0,r2l,0,0,1
normal,9,0.0,21,6357,21,0.0,0.0,0.05,1.0,0.0,255,0.01,0.0,0.0,0,SF,,0,0,0,0,0,1,0,0,0,0,0,0,0,tcp,0.0,0,1.0,,0.0,http,335,12,0.25,0.0,0.0,0,normal,0,0,0
normal,3,0.67,21,31,62,0.05,0.0,0.02,0.52,0.0,32,0.0,0.0,0.0,27,SF,,0,0,0,0,0,0,0,0,0,0,0,0,0,udp,0.0,0,0.33,,0.0,domain_u,31,5,0.4,0.0,0.0,0,normal,0,0,0
normal,25,0.02,19,10240,200,0.01,0.0,0.0,0.97,0.0,195,0.0,0.0,0.0,12,SF,1750431511.6443453,0,0,0,0,0,1,0,0,0,0,0,0,0,tcp,0.0,0,0.98,ben_76_0,0.0,http,350,30,0.0,0.0,0.0,0,normal,0,0,1
normal,5,0.0,21,8311,5,0.0,0.0,0.2,1.0,0.0,255,0.03,0.0,0.0,0,SF,,0,0,0,0,0,1,0,0,0,0,0,0,0,tcp,0.0,0,1.0,,0.0,http,210,5,0.0,0.0,0.0,0,normal,0,0,0
guess_passwd,1,0.0,13,15000,8,0.0,0.95,0.0,1.0,0.0,8,0.0,0.95,0.0,0,RSTO,1750431247.5304673,0,0,0,1,0,0,0,0,3,0,0,0,0,tcp,1.0,0,1.0,mal_0_2,0.0,http,0,1,0.0,1.0,0.0,0,r2l,0,0,1
normal,43,0.0,21,110,245,0.01,0.0,0.0,0.78,0.0,191,0.0,0.0,0.0,0,SF,,0,0,0,0,0,0,0,0,0,0,0,0,0,udp,0.0,0,1.0,,0.0,domain_u,44,123,0.02,0.0,0.0,0,normal,0,0,0
normal,2,1.0,21,0,102,0.07,0.0,0.1,0.1,0.0,10,0.0,0.0,0.0,0,SF,,0,0,0,0,0,0,0,0,0,0,0,0,0,udp,0.0,0,0.5,,0.0,domain_u,30,2,1.0,0.0,0.0,0,normal,0,0,0
normal,9,0.0,21,1109,255,0.0,0.0,0.01,1.0,0.0,255,0.0,0.0,0.0,0,SF,,0,0,0,0,0,1,0,0,0,0,0,0,0,tcp,0.0,0,1.0,,0.0,http,221,9,0.0,0.0,0.0,0,normal,0,0,0
normal,40,0.01,19,4000,90,0.03,0.0,0.1,0.95,0.0,85,0.0,0.0,0.0,8,SF,1750431547.401854,0,0,0,0,0,1,0,0,0,1,0,0,0,tcp,0.0,0,0.99,ben_91_2,0.0,ftp_data,500,42,0.01,0.0,0.0,0,normal,0,0,1
normal,6,0.0,21,1464,19,0.0,0.0,0.05,1.0,0.05,255,0.04,0.0,0.01,0,SF,,0,0,0,0,0,1,0,0,0,0,0,0,0,tcp,0.0,0,1.0,,0.0,http,247,8,0.25,0.0,0.0,0,normal,0,0,0
normal,1,0.0,21,379,134,0.0,0.0,0.01,1.0,0.0,255,0.01,0.0,0.0,0,SF,,0,0,0,0,0,1,0,0,0,0,0,0,0,tcp,0.0,0,1.0,,0.0,http,200,2,1.0,0.0,0.0,0,normal,0,0,0
warezmaster,2,0.0,15,7500000,20,0.0,0.89,0.0,1.0,0.0,20,0.0,0.89,0.0,0,SF,1750431387.2138567,0,0,0,1,0,0,0,0,1,0,0,0,0,tcp,0.92,0,1.0,mal_47_1,0.0,ftp_data,3,2,0.0,0.91,0.0,0,r2l,0,0,1
normal,25,0.02,19,14500,200,0.03,0.0,0.0,0.97,0.0,195,0.01,0.0,0.0,12,SF,1750431422.5942175,0,0,0,0,0,1,0,0,0,0,0,0,0,tcp,0.0,0,0.98,ben_57_0,0.0,http,150,22,0.01,0.0,0.0,0,normal,0,0,1
normal,2,0.0,20,44,52,0.04,0.0,0.65,0.73,0.0,38,0.0,0.0,0.0,74,SF,,0,0,0,0,0,0,0,0,0,0,0,0,0,udp,0.0,0,1.0,,0.0,domain_u,43,2,0.0,0.0,0.0,0,normal,0,0,0
normal,7,0.0,21,260,255,0.01,0.0,0.0,0.95,0.03,243,0.0,0.0,0.03,279,SF,,0,0,0,0,0,1,0,0,0,0,0,0,0,tcp,0.0,0,1.0,,0.0,http,232,7,0.0,0.0,0.0,0,normal,0,0,0
normal,100,0.0,19,180,240,0.0,0.0,0.0,1.0,0.0,240,0.0,0.0,0.0,45,SF,1750431457.0945768,0,0,0,0,0,0,0,0,0,0,0,0,0,udp,0.0,0,1.0,ben_62_1,0.0,domain_u,50,110,0.01,0.0,0.0,0,normal,0,0,1
normal,1,0.0,21,422,255,0.0,0.0,0.0,1.0,0.0,255,0.0,0.0,0.0,0,SF,,0,0,0,0,0,1,0,0,0,0,0,0,0,tcp,0.0,0,1.0,,0.0,http,296,2,1.0,0.0,0.0,0,normal,0,0,0
normal,1,0.0,20,0,104,0.04,0.0,0.14,0.14,0.0,29,0.07,0.0,0.0,0,SF,,0,0,0,0,0,0,0,0,0,0,0,0,0,tcp,0.0,0,1.0,,0.0,ftp_data,383,1,0.0,0.0,0.0,0,normal,0,0,0
normal,1,0.0,21,329,164,0.04,0.0,0.01,0.62,0.0,138,0.01,0.0,0.0,0,SF,,0,0,0,0,0,1,0,0,0,0,0,0,0,tcp,0.0,0,1.0,,0.0,smtp,2466,1,0.0,0.0,0.0,0,normal,0,0,0
normal,40,0.03,21,120,200,0.01,0.0,0.0,0.96,0.0,195,0.01,0.0,0.0,27,SF,1750431477.417885,0,0,0,0,0,0,0,0,0,0,0,0,0,udp,0.0,0,0.97,ben_71_4,0.0,domain_u,33,38,0.02,0.0,0.0,0,normal,0,0,1
normal,1,0.0,21,329,130,0.02,0.0,0.01,0.77,0.0,173,0.01,0.0,0.0,1,SF,,0,0,0,0,0,1,0,0,0,0,0,0,0,tcp,0.0,0,1.0,,0.0,smtp,2025,3,1.0,0.0,0.0,0,normal,0,0,0
normal,18,0.04,19,900,40,0.03,0.0,0.0,0.95,0.0,38,0.0,0.0,0.0,12,SF,1750431457.1125715,0,0,0,0,0,1,0,0,0,0,0,0,0,tcp,0.0,0,0.96,ben_62_3,0.0,telnet,240,20,0.0,0.0,0.0,0,normal,0,0,1
normal,2,0.0,19,2507,25,0.12,0.0,0.04,0.52,0.28,13,0.0,0.0,0.0,0,SF,,0,0,0,0,0,1,0,0,0,0,0,0,0,tcp,0.0,0,1.0,,0.0,http,303,2,0.0,0.0,0.0,0,normal,0,0,0
normal,8,0.0,21,8766,152,0.0,0.0,0.01,1.0,0.0,255,0.03,0.0,0.0,0,SF,,0,0,0,0,0,1,0,0,0,0,0,0,0,tcp,0.0,0,1.0,,0.0,http,223,8,0.0,0.0,0.0,0,normal,0,0,0
normal,6,0.0,21,2670,6,0.0,0.0,0.17,1.0,0.0,255,0.02,0.0,0.0,0,SF,,0,0,0,0,0,1,0,0,0,0,0,0,0,tcp,0.0,0,1.0,,0.0,http,217,6,0.0,0.0,0.0,0,normal,0,0,0
guess_passwd,4,0.0,11,8500,14,0.0,0.96,0.1,1.0,0.02,14,0.0,0.95,0.01,0,RSTO,1750431421.550982,0,0,0,1,0,0,0,0,3,0,0,0,0,tcp,1.0,0,1.0,mal_48_1,0.01,telnet,15,4,0.0,0.95,0.0,0,r2l,0,0,1
normal,4,0.75,21,105,255,0.42,0.0,0.73,0.0,0.0,1,0.0,0.0,0.0,8315,SF,,0,0,0,0,0,0,0,0,0,0,0,0,0,udp,0.0,0,0.25,,0.0,other,146,1,0.0,0.0,0.0,0,normal,0,0,0
normal,18,0.0,18,3500,38,0.0,0.0,0.05,1.0,0.0,38,0.0,0.0,0.0,10,SF,1750431512.1213603,0,0,0,0,0,1,0,0,0,1,0,0,0,tcp,0.0,0,1.0,ben_78_2,0.0,ftp_data,1200,20,0.0,0.0,0.0,0,normal,0,0,1
normal,4,0.0,21,700,161,0.0,0.0,0.01,1.0,0.01,255,0.02,0.0,0.01,0,SF,,0,0,0,0,0,1,0,0,0,0,0,0,0,tcp,0.0,0,1.0,,0.0,http,204,4,0.0,0.0,0.0,0,normal,0,0,0
normal,2,0.0,20,397,255,0.0,0.0,0.0,1.0,0.0,255,0.0,0.0,0.0,0,SF,,0,0,0,0,0,1,0,0,0,0,0,0,0,tcp,0.5,0,1.0,,0.0,http,307,2,0.0,0.5,0.0,0,normal,0,0,0
normal,1,0.0,11,0,7,0.0,0.0,1.0,1.0,0.0,7,0.0,0.0,0.0,0,SF,,0,0,0,0,0,1,0,0,0,0,0,0,0,tcp,0.0,0,1.0,,0.0,ftp_data,172,1,0.0,0.0,0.0,0,normal,0,0,0
rootkit,3,0.0,16,210,4,0.0,0.0,0.5,1.0,0.0,4,0.0,0.0,0.0,0,SF,1750431332.9780333,2,0,0,1,0,1,0,4,0,1,0,1,0,tcp,0.0,1,1.0,mal_28_3,0.0,telnet,150,3,0.0,0.0,0.0,0,u2r,0,0,1
normal,127,0.0,18,46,255,0.01,0.0,0.25,0.65,0.0,166,0.0,0.0,0.0,0,SF,,0,0,0,0,0,0,0,0,0,0,0,0,0,udp,0.0,0,1.0,,0.0,domain_u,71,127,0.0,0.0,0.0,0,normal,0,0,0
normal,18,0.0,21,450,38,0.0,0.0,0.5,1.0,0.0,38,0.0,0.0,0.0,10,SF,1750431420.9893398,0,0,0,0,0,1,0,0,0,0,0,0,0,tcp,0.0,0,1.0,ben_56_3,0.0,telnet,220,20,0.0,0.0,0.0,0,normal,0,0,1
normal,25,0.04,20,4200,200,0.02,0.0,0.0,0.97,0.0,190,0.0,0.0,0.0,15,SF,1750431457.084541,0,0,0,0,0,1,0,0,0,0,0,0,0,tcp,0.0,0,0.95,ben_62_0,0.0,http,350,30,0.01,0.0,0.0,0,normal,0,0,1
normal,22,0.03,19,250,30,0.0,0.0,0.0,1.0,0.0,30,0.0,0.0,0.0,12,SF,1750431511.0168068,0,0,1,0,0,1,0,0,0,0,0,0,0,tcp,0.0,0,0.97,ben_74_3,0.0,telnet,90,21,0.01,0.0,0.0,0,normal,0,0,1
normal,150,0.0,20,150,180,0.0,0.0,0.0,1.0,0.0,180,0.0,0.0,0.0,45,SF,1750431511.202767,0,0,0,0,0,0,0,0,0,0,0,0,0,udp,0.0,0,1.0,ben_75_1,0.0,domain_u,60,160,0.02,0.0,0.0,0,normal,0,0,1
normal,2,0.0,18,26280,2,0.0,0.0,0.5,1.0,0.5,255,0.03,0.0,0.01,0,S1,,0,0,0,0,0,1,0,0,0,0,0,0,0,tcp,0.0,0,1.0,,0.5,http,216,2,0.0,0.0,0.5,0,normal,0,0,0
normal,12,0.0,21,947,136,0.0,0.1,0.01,1.0,0.0,255,0.01,0.05,0.0,0,SF,,0,0,0,0,0,1,0,0,0,0,0,0,0,tcp,0.0,0,1.0,,0.0,http,213,12,0.0,0.0,0.0,0,normal,0,0,0
normal,18,0.04,18,5700,60,0.0,0.0,0.01,0.98,0.0,60,0.0,0.0,0.0,25,SF,1750431546.601464,0,0,0,0,0,1,0,0,0,0,0,0,0,tcp,0.0,0,0.96,ben_86_2,0.0,ftp_data,480,20,0.0,0.0,0.0,0,normal,0,0,1
normal,35,0.0,19,180,230,0.0,0.0,0.0,1.0,0.0,225,0.0,0.0,0.0,22,SF,1750431511.1767972,0,0,0,0,0,0,0,0,0,0,0,0,0,udp,0.0,0,1.0,ben_73_4,0.0,domain_u,35,40,0.02,0.0,0.0,0,normal,0,0,1
normal,25,0.03,19,8000,200,0.02,0.0,0.0,0.98,0.0,195,0.01,0.0,0.0,12,SF,1750431456.967005,0,0,0,0,0,1,0,0,0,0,0,0,0,tcp,0.0,0,0.97,ben_61_0,0.0,http,1500,30,0.01,0.0,0.0,0,normal,0,0,1
normal,26,0.0,21,2483,255,0.0,0.0,0.0,1.0,0.0,255,0.0,0.0,0.0,0,SF,,0,0,0,0,0,1,0,0,0,0,0,0,0,tcp,0.0,0,1.0,,0.0,http,224,26,0.0,0.0,0.0,0,normal,0,0,0
normal,18,0.05,18,3400,80,0.01,0.0,0.0,0.98,0.0,79,0.04,0.0,0.0,22,SF,1750431511.006808,0,0,0,0,0,1,0,0,0,1,0,0,0,tcp,0.0,0,0.95,ben_74_2,0.0,ftp_data,1200,20,0.02,0.0,0.0,0,normal,0,0,1
phf,5,0.0,9,9200,30,0.0,0.89,0.0,1.0,0.0,30,0.0,0.9,0.0,0,RSTO,1750431247.3331509,0,0,0,1,0,0,0,0,1,0,0,0,0,tcp,0.91,0,1.0,mal_9_3,0.0,http,28,5,0.0,0.92,0.0,0,r2l,0,0,1
normal,3,0.0,21,3222,255,0.02,0.0,0.0,0.96,0.0,246,0.0,0.0,0.0,0,SF,,0,0,0,0,0,1,0,0,0,0,0,0,0,tcp,0.0,0,1.0,,0.0,http,238,3,0.0,0.0,0.0,0,normal,0,0,0
normal,7,0.0,21,7734,7,0.0,0.0,0.14,1.0,0.0,255,0.07,0.0,0.0,0,SF,,0,0,0,0,0,1,0,0,0,0,0,0,0,tcp,0.0,0,1.0,,0.0,http,219,7,0.0,0.0,0.0,0,normal,0,0,0
normal,1,0.0,20,394616,23,0.0,0.0,0.04,1.0,0.0,255,0.02,0.0,0.0,0,SF,,1,0,0,0,0,1,0,0,0,0,0,0,0,tcp,0.0,1,1.0,,0.0,http,317,1,0.0,0.0,0.0,0,normal,0,0,0
phf,6,0.0,8,9500,22,0.0,0.9,0.0,1.0,0.0,22,0.0,0.9,0.0,0,RSTO,1750431374.1243365,0,0,0,1,0,0,0,0,2,0,0,0,0,tcp,0.92,0,1.0,mal_38_3,0.0,http,30,6,0.0,0.91,0.0,0,r2l,0,0,1
normal,45,0.02,20,12000,200,0.01,0.0,0.0,0.99,0.0,190,0.0,0.0,0.0,15,SF,1750431456.0389426,0,0,0,0,0,1,0,0,0,0,0,0,0,tcp,0.0,0,0.98,ben_60_0,0.0,http,350,50,0.01,0.0,0.0,0,normal,0,0,1
normal,17,0.0,21,13599,255,0.0,0.0,0.0,1.0,0.0,255,0.0,0.0,0.0,0,SF,,0,0,0,0,0,1,0,0,0,0,0,0,0,tcp,0.0,0,1.0,,0.0,http,291,17,0.0,0.0,0.0,0,normal,0,0,0
normal,10,0.0,21,0,186,0.06,0.0,0.21,0.18,0.01,53,0.04,0.0,0.0,0,SF,,0,0,0,0,0,1,0,0,0,0,0,0,0,tcp,0.0,0,1.0,,0.0,ftp_data,7196,10,0.0,0.0,0.0,0,normal,0,0,0
normal,23,0.0,21,337,255,0.0,0.0,0.0,1.0,0.0,255,0.0,0.0,0.0,0,SF,,0,0,0,0,0,1,0,0,0,0,0,0,0,tcp,0.0,0,1.0,,0.0,http,316,23,0.0,0.0,0.0,0,normal,0,0,0
normal,7,0.0,21,1479,51,0.0,0.0,0.02,1.0,0.0,255,0.04,0.0,0.0,0,SF,,0,0,0,0,0,1,0,0,0,0,0,0,0,tcp,0.0,0,1.0,,0.0,http,201,7,0.0,0.0,0.0,0,normal,0,0,0
normal,7,0.0,21,1490,52,0.0,0.0,0.02,1.0,0.0,255,0.04,0.0,0.0,0,SF,,0,0,0,0,0,1,0,0,0,0,0,0,0,tcp,0.0,0,1.0,,0.0,http,314,8,0.25,0.0,0.0,0,normal,0,0,0
normal,11,0.0,21,771,37,0.0,0.0,0.03,1.0,0.0,255,0.04,0.0,0.01,0,SF,,0,0,0,0,0,1,0,0,0,0,0,0,0,tcp,0.0,0,1.0,,0.0,http,323,11,0.0,0.0,0.0,0,normal,0,0,0
normal,9,0.0,21,4073,11,0.0,0.0,0.09,1.0,0.0,255,0.03,0.0,0.0,0,SF,,0,0,0,0,0,1,0,0,0,0,0,0,0,tcp,0.0,0,1.0,,0.0,http,290,20,0.1,0.0,0.0,0,normal,0,0,0
normal,12,0.0,21,535,255,0.0,0.0,0.0,1.0,0.0,255,0.0,0.0,0.0,0,SF,,0,0,0,0,0,1,0,0,0,0,0,0,0,tcp,0.0,0,1.0,,0.0,http,288,40,0.15,0.0,0.0,0,normal,0,0,0
normal,10,0.0,21,13200,20,0.0,0.0,0.05,1.0,0.0,255,0.03,0.0,0.0,0,SF,,0,0,0,0,0,1,0,0,0,0,0,0,0,tcp,0.0,0,1.0,,0.0,http,281,14,0.21,0.0,0.0,0,normal,0,0,0
phf,5,0.0,9,11000,25,0.0,0.94,0.0,1.0,0.0,25,0.0,0.94,0.0,0,RSTO,1750431391.8053153,0,0,0,1,0,0,0,0,3,0,0,0,0,tcp,0.95,0,1.0,mal_42_3,0.0,http,30,5,0.0,0.96,0.0,0,r2l,0,0,1
normal,1,0.0,21,105,212,0.48,0.0,0.85,0.01,0.0,2,0.0,0.0,0.0,10485,SF,,0,0,0,0,0,0,0,0,0,0,0,0,0,udp,0.0,0,1.0,,0.0,other,147,1,0.0,0.0,0.0,0,normal,0,0,0
normal,1,0.0,21,0,6,0.0,1.0,0.17,1.0,0.0,255,0.15,0.79,0.0,0,REJ,,0,0,0,0,0,0,0,0,0,0,0,0,0,tcp,1.0,0,1.0,,0.0,http,0,9,0.33,0.22,0.0,0,normal,0,0,0
normal,1,0.0,21,338,255,0.02,0.0,0.0,0.46,0.0,117,0.0,0.0,0.0,2,SF,,0,0,0,0,0,1,0,0,0,0,0,0,0,tcp,0.0,0,1.0,,0.0,smtp,768,3,1.0,0.0,0.0,0,normal,0,0,0
normal,44,0.0,21,46,255,0.01,0.0,0.01,0.88,0.0,225,0.0,0.0,0.0,0,SF,,0,0,0,0,0,0,0,0,0,0,0,0,0,udp,0.0,0,1.0,,0.0,domain_u,46,124,0.02,0.0,0.0,0,normal,0,0,0
normal,1,0.0,21,0,34,0.0,1.0,0.03,1.0,0.0,255,0.08,0.84,0.0,0,REJ,,0,0,0,0,0,0,0,0,0,0,0,0,0,tcp,1.0,0,1.0,,0.0,http,0,1,0.0,1.0,0.0,0,normal,0,0,0
guess_passwd,2,0.0,12,18000,10,0.0,0.98,0.05,1.0,0.02,10,0.0,0.98,0.02,0,RSTO,1750431333.923745,0,0,0,1,0,0,0,0,4,0,0,0,0,tcp,1.0,0,1.0,mal_31_1,0.02,telnet,15,2,0.0,1.0,0.01,0,r2l,0,0,1
normal,37,0.0,21,861,221,0.0,0.0,0.0,1.0,0.0,255,0.02,0.0,0.0,0,SF,,0,0,0,0,0,1,0,0,0,0,0,0,0,tcp,0.0,0,1.0,,0.0,http,259,38,0.05,0.0,0.0,0,normal,0,0,0
normal,120,0.01,20,140,255,0.0,0.0,0.0,0.99,0.0,255,0.0,0.0,0.0,60,SF,1750431511.6893396,0,0,0,0,0,0,0,0,0,0,0,0,0,udp,0.0,0,0.99,ben_76_4,0.0,domain_u,80,130,0.02,0.0,0.0,0,normal,0,0,1
normal,60,0.01,19,180,230,0.02,0.0,0.0,0.98,0.0,220,0.01,0.0,0.0,20,SF,1750431457.6969066,0,0,0,0,0,0,0,0,0,0,0,0,0,udp,0.0,0,0.99,ben_66_4,0.0,domain_u,55,80,0.01,0.0,0.0,0,normal,0,0,1
normal,16,0.0,18,300,15,0.0,0.0,0.01,1.0,0.0,15,0.0,0.0,0.0,7,SF,1750431513.0373828,0,0,0,0,0,1,0,0,0,1,0,0,0,tcp,0.0,0,1.0,ben_80_3,0.0,telnet,120,15,0.0,0.0,0.0,0,normal,0,0,1
phf,6,0.0,10,11000,35,0.0,0.95,0.0,1.0,0.0,35,0.0,0.95,0.0,0,RSTO,1750431288.35143,0,0,0,1,0,0,0,0,5,0,0,0,0,tcp,1.0,0,1.0,mal_17_4,0.0,http,10,6,0.0,0.98,0.0,0,r2l,0,0,1
normal,25,0.0,18,560,60,0.0,0.0,0.2,1.0,0.0,60,0.0,0.0,0.0,4,SF,1750431547.4148536,0,0,1,0,0,1,0,0,0,0,0,0,0,tcp,0.0,0,1.0,ben_91_3,0.0,telnet,250,28,0.0,0.0,0.0,0,normal,0,0,1
normal,20,0.01,19,300,40,0.0,0.0,0.0,1.0,0.0,40,0.0,0.0,0.0,8,SF,1750431511.2238016,0,0,0,0,0,1,0,0,0,0,0,0,0,tcp,0.0,0,0.99,ben_75_3,0.0,telnet,150,22,0.0,0.0,0.0,0,normal,0,0,1
normal,165,0.0,18,73,255,0.0,0.0,0.01,1.0,0.0,255,0.0,0.0,0.0,0,SF,,0,0,0,0,0,0,0,0,0,0,0,0,0,udp,0.0,0,1.0,,0.0,domain_u,45,165,0.0,0.0,0.0,0,normal,0,0,0
normal,25,0.01,19,12000,180,0.02,0.0,0.0,0.97,0.0,175,0.0,0.0,0.0,12,SF,1750431512.0973263,0,0,1,0,0,1,0,0,0,0,0,0,0,tcp,0.0,0,0.99,ben_78_0,0.0,http,1500,22,0.0,0.0,0.0,0,normal,0,0,1
normal,150,0.0,20,150,255,0.0,0.0,0.0,1.0,0.0,250,0.0,0.0,0.0,40,SF,1750431525.0113196,0,0,0,0,0,0,0,0,0,0,0,0,0,udp,0.0,0,1.0,ben_82_1,0.0,domain_u,60,180,0.01,0.0,0.0,0,normal,0,0,1
normal,30,0.0,20,11000,180,0.02,0.0,0.0,0.98,0.0,175,0.0,0.0,0.0,35,SF,1750431417.8099885,0,0,0,0,0,1,0,0,0,0,0,0,0,tcp,0.0,0,0.99,ben_50_3,0.0,http,150,28,0.0,0.0,0.0,0,normal,0,0,1
phf,6,0.0,8,18000,20,0.0,0.91,0.02,1.0,0.0,20,0.0,0.91,0.0,0,RSTO,1750431332.429743,0,0,0,1,0,0,0,0,2,0,0,0,0,tcp,0.92,0,1.0,mal_25_3,0.0,http,30,6,0.0,0.93,0.0,0,r2l,0,0,1
normal,18,0.0,18,360,45,0.0,0.0,0.05,1.0,0.0,45,0.0,0.0,0.0,5,SF,1750431418.7196128,0,0,0,0,0,1,0,0,0,0,0,0,0,tcp,0.0,0,1.0,ben_52_3,0.0,telnet,180,20,0.0,0.0,0.0,0,normal,0,0,1
normal,11,0.0,21,3102,11,0.0,0.0,0.09,1.0,0.0,255,0.03,0.0,0.0,0,SF,,0,0,0,0,0,1,0,0,0,0,0,0,0,tcp,0.0,0,1.0,,0.0,http,242,11,0.0,0.0,0.0,0,normal,0,0,0
normal,115,0.0,18,124,255,0.01,0.0,0.0,1.0,0.0,254,0.0,0.0,0.0,0,SF,,0,0,0,0,0,0,0,0,0,0,0,0,0,udp,0.0,0,1.0,,0.0,domain_u,44,195,0.01,0.0,0.0,0,normal,0,0,0
phf,3,0.0,10,11500,10,0.0,1.0,0.1,1.0,0.0,10,0.0,1.0,0.0,0,RSTO,1750431374.0963075,0,0,0,1,0,0,0,0,2,0,0,0,0,tcp,1.0,0,1.0,mal_36_2,0.0,http,25,3,0.0,1.0,0.0,0,r2l,0,0,1
loadmodule,2,0.0,15,4000,4,0.0,0.0,1.0,1.0,0.0,4,0.25,0.0,0.0,1,SF,1750431333.8299959,3,0,0,1,0,1,0,2,0,0,0,1,0,tcp,0.0,1,1.0,mal_32_2,0.0,ftp_data,0,2,0.0,0.0,0.0,0,u2r,0,0,1
normal,2,0.0,21,858,42,0.0,0.0,0.02,1.0,0.0,255,0.01,0.0,0.0,0,SF,,0,0,0,0,0,1,0,0,0,0,0,0,0,tcp,0.0,0,1.0,,0.0,http,389,9,0.22,0.0,0.0,0,normal,0,0,0
normal,67,0.03,15,487,255,0.01,0.0,0.0,0.01,0.0,2,0.0,0.0,0.0,0,SF,,0,0,0,0,0,1,0,0,0,0,0,0,0,tcp,0.0,0,0.01,,0.0,domain,48,1,0.0,0.0,0.0,0,normal,0,0,0
normal,17,0.0,21,285,255,0.0,0.0,0.0,1.0,0.0,255,0.0,0.0,0.0,0,SF,,0,0,0,0,0,1,0,0,0,0,0,0,0,tcp,0.0,0,1.0,,0.0,http,310,17,0.0,0.0,0.0,0,normal,0,0,0
normal,4,0.0,21,2474,255,0.0,0.0,0.0,1.0,0.0,255,0.0,0.0,0.0,0,SF,,0,0,0,0,0,1,0,0,0,0,0,0,0,tcp,0.0,0,1.0,,0.0,http,280,6,0.33,0.0,0.0,0,normal,0,0,0
normal,18,0.05,18,3200,90,0.01,0.0,0.1,0.94,0.0,85,0.0,0.0,0.0,45,SF,1750431588.2804575,0,0,0,0,0,1,0,0,0,0,0,0,0,tcp,0.0,0,0.95,ben_96_2,0.0,ftp_data,550,22,0.0,0.0,0.0,0,normal,0,0,1
normal,25,0.0,19,12000,210,0.01,0.0,0.0,0.97,0.0,200,0.0,0.0,0.0,15,SF,1750431547.0174086,0,0,0,0,0,1,0,0,0,0,0,0,0,tcp,0.0,0,1.0,ben_88_0,0.0,http,350,30,0.0,0.0,0.0,0,normal,0,0,1
normal,1,0.0,20,334,164,0.01,0.0,0.01,0.96,0.0,247,0.01,0.0,0.0,3,SF,,0,0,0,0,0,1,0,0,0,0,0,0,0,tcp,0.0,0,1.0,,0.0,smtp,1046,1,0.0,0.0,0.0,0,normal,0,0,0
normal,11,0.0,21,17905,255,0.0,0.0,0.0,1.0,0.0,255,0.0,0.0,0.0,0,SF,,0,0,0,0,0,1,0,0,0,0,0,0,0,tcp,0.0,0,1.0,,0.0,http,321,11,0.0,0.0,0.0,0,normal,0,0,0
normal,1,0.0,18,173,90,0.03,0.0,0.01,0.04,0.0,6,0.5,0.0,0.17,0,SF,,0,0,0,0,0,0,0,0,0,0,0,0,0,tcp,0.0,0,1.0,,0.0,finger,8,1,0.0,0.0,0.0,0,normal,0,0,0
normal,2,0.0,16,2016,6,0.0,0.17,0.17,1.0,0.17,6,0.0,0.17,0.17,22,RSTR,,0,0,0,0,0,1,0,0,0,0,0,0,0,tcp,0.5,0,1.0,,0.0,X11,3660,2,0.0,0.5,0.0,0,normal,0,0,0
normal,10,0.0,21,942,255,0.0,0.0,0.0,1.0,0.0,255,0.0,0.0,0.0,0,SF,,0,0,0,0,0,1,0,0,0,0,0,0,0,tcp,0.0,0,1.0,,0.0,http,248,10,0.0,0.0,0.0,0,normal,0,0,0
normal,1,0.0,21,0,20,0.15,0.0,0.35,0.35,0.0,46,0.04,0.0,0.0,0,SF,,0,0,0,0,0,1,0,0,0,0,0,0,0,tcp,0.0,0,1.0,,0.0,ftp_data,9198,1,0.0,0.0,0.0,0,normal,0,0,0
normal,6,0.5,20,105,255,0.41,0.0,0.91,0.01,0.0,2,0.0,0.0,0.0,9597,SF,,0,0,0,0,0,0,0,0,0,0,0,0,0,udp,0.0,0,0.33,,0.0,other,147,2,0.0,0.0,0.0,0,normal,0,0,0
normal,18,0.0,18,3500,50,0.0,0.0,0.0,0.97,0.0,48,0.0,0.0,0.0,8,SF,1750431459.7867494,0,0,0,0,0,1,0,0,0,0,0,0,0,tcp,0.0,0,1.0,ben_69_2,0.0,ftp_data,4000,20,0.0,0.0,0.0,0,normal,0,0,1
normal,4,0.0,21,369,4,0.0,0.0,0.25,1.0,0.0,255,0.01,0.0,0.0,0,SF,,0,0,0,0,0,1,0,0,0,0,0,0,0,tcp,0.0,0,1.0,,0.0,http,240,4,0.0,0.0,0.0,0,normal,0,0,0
normal,1,0.0,21,3313,255,0.0,0.0,0.0,1.0,0.0,255,0.0,0.0,0.0,0,SF,,0,0,0,0,0,1,0,0,0,0,0,0,0,tcp,0.0,0,1.0,,0.0,http,219,1,0.0,0.0,0.0,0,normal,0,0,0
warezclient,3,0.0,12,750000,15,0.0,0.92,0.1,1.0,0.0,15,0.0,0.92,0.0,0,RSTO,1750431374.1333363,0,0,0,1,0,0,0,0,4,0,0,0,0,tcp,0.95,0,1.0,mal_39_0,0.0,ftp_data,0,3,0.0,1.0,0.0,0,r2l,0,0,1
loadmodule,2,0.0,15,3500,6,0.0,0.0,1.0,1.0,0.0,6,0.17,0.0,0.0,0,SF,1750431373.356036,2,0,0,1,0,1,1,2,0,0,0,1,0,tcp,0.0,1,1.0,mal_40_2,0.0,ftp_data,0,2,0.0,0.0,0.0,0,u2r,0,0,1
normal,35,0.1,20,110,80,0.04,0.0,0.0,0.94,0.0,75,0.01,0.0,0.0,3,SF,1750431527.426176,0,0,0,0,0,0,0,0,0,0,0,0,0,udp,0.0,0,0.9,ben_83_3,0.0,domain_u,30,40,0.05,0.0,0.0,0,normal,0,0,1
warezmaster,3,0.0,12,7200000,15,0.0,0.94,0.1,1.0,0.02,15,0.0,0.96,0.0,0,RSTO,1750431288.5938587,0,0,0,1,0,0,0,0,4,0,0,0,0,tcp,0.95,0,1.0,mal_22_0,0.02,ftp_data,0,3,0.0,0.98,0.0,0,r2l,0,0,1
rootkit,3,0.0,16,220,4,0.0,0.0,0.6,1.0,0.0,4,0.0,0.0,0.0,0,SF,1750431247.347126,4,0,0,1,0,1,0,3,0,1,0,1,0,tcp,0.0,1,1.0,mal_4_3,0.0,telnet,85,3,0.0,0.0,0.0,0,u2r,0,0,1
normal,150,0.0,20,200,230,0.0,0.0,0.0,1.0,0.0,230,0.0,0.0,0.0,45,SF,1750431512.1093266,0,0,0,0,0,0,0,0,0,0,0,0,0,udp,0.0,0,1.0,ben_78_1,0.0,domain_u,60,140,0.01,0.0,0.0,0,normal,0,0,1
normal,140,0.01,18,76,255,0.0,0.0,0.0,1.0,0.0,255,0.0,0.0,0.0,0,SF,,0,0,0,0,0,0,0,0,0,0,0,0,0,udp,0.0,0,0.99,,0.0,domain_u,45,140,0.01,0.0,0.0,0,normal,0,0,0
normal,2,1.0,19,0,255,0.01,0.0,0.15,0.02,0.0,5,0.0,0.0,0.0,0,SF,,0,0,0,0,0,0,0,0,0,0,0,0,0,icmp,0.0,0,0.5,,0.0,eco_i,30,1,0.0,0.0,0.0,0,normal,0,0,0
normal,1,0.0,21,0,1,0.0,1.0,1.0,1.0,0.0,87,0.31,1.0,0.0,0,REJ,,0,0,0,0,0,0,0,0,0,0,0,0,0,tcp,1.0,0,1.0,,0.0,http,0,2,1.0,1.0,0.0,0,normal,0,0,0
normal,25,0.0,21,5600,240,0.01,0.0,0.0,0.98,0.0,230,0.0,0.0,0.0,20,SF,1750431513.0483825,0,0,0,0,0,1,0,0,0,0,0,0,0,tcp,0.0,0,0.99,ben_80_4,0.0,http,500,22,0.0,0.0,0.0,0,normal,0,0,1
normal,12,0.0,21,1230,21,0.0,0.0,0.05,1.0,0.05,255,0.03,0.0,0.01,0,SF,,0,0,0,0,0,1,0,0,0,0,0,0,0,tcp,0.0,0,1.0,,0.0,http,340,27,0.15,0.04,0.04,0,normal,0,0,0
normal,2,0.0,20,0,255,0.02,0.0,0.43,0.43,0.0,110,0.0,0.0,0.0,0,SF,,0,0,0,0,0,1,0,0,0,0,0,0,0,tcp,0.0,0,1.0,,0.0,ftp_data,29,2,0.0,0.0,0.0,0,normal,0,0,0
normal,24,0.0,21,274,209,0.0,0.0,0.0,1.0,0.0,255,0.02,0.0,0.0,0,SF,,0,0,0,0,0,1,0,0,0,0,0,0,0,tcp,0.0,0,1.0,,0.0,http,202,24,0.0,0.0,0.0,0,normal,0,0,0
normal,2,1.0,19,0,255,0.01,0.0,0.09,0.08,0.0,20,0.0,0.0,0.0,0,SF,,0,0,0,0,0,0,0,0,0,0,0,0,0,icmp,0.0,0,0.5,,0.0,urp_i,182,1,0.0,0.0,0.0,0,normal,0,0,0
guess_passwd,3,0.0,14,12000,19,0.0,0.9,0.0,1.0,0.0,19,0.0,0.9,0.0,0,RSTO,1750431288.6910446,0,0,0,1,0,0,0,0,2,0,0,0,0,tcp,0.94,0,1.0,mal_23_3,0.0,http,45,3,0.0,0.95,0.0,0,r2l,0,0,1
normal,150,0.0,20,140,240,0.0,0.0,0.0,1.0,0.0,230,0.0,0.0,0.0,45,SF,1750431510.3913093,0,0,0,0,0,0,0,0,0,0,0,0,0,udp,0.0,0,1.0,ben_72_1,0.0,domain_u,60,160,0.03,0.0,0.0,0,normal,0,0,1
normal,40,0.03,18,95,60,0.01,0.0,0.0,0.96,0.0,55,0.02,0.0,0.0,7,SF,1750431419.1051536,0,0,0,0,0,0,0,0,0,0,0,0,0,icmp,0.0,0,0.97,ben_53_4,0.0,ecr_i,90,42,0.0,0.0,0.0,0,normal,0,0,1
normal,18,0.0,18,3800,75,0.02,0.0,0.0,0.95,0.0,72,0.01,0.0,0.0,16,SF,1750431477.3968863,0,0,0,0,0,1,0,0,0,0,0,0,0,tcp,0.0,0,1.0,ben_71_2,0.0,ftp_data,420,16,0.0,0.0,0.0,0,normal,0,0,1
normal,2,0.0,21,146,255,0.01,0.0,0.01,0.97,0.0,247,0.0,0.0,0.0,12,SF,,0,0,0,0,0,0,0,0,0,0,0,0,0,udp,0.0,0,1.0,,0.0,private,105,2,0.0,0.0,0.0,0,normal,0,0,0
normal,2,0.0,20,0,65,0.06,0.03,0.12,0.12,0.0,30,0.07,0.0,0.0,0,SF,,0,0,0,0,0,0,0,0,0,0,0,0,0,tcp,0.0,0,1.0,,0.0,ftp_data,491,2,0.0,0.0,0.0,0,normal,0,0,0
normal,5,0.0,21,608,255,0.0,0.0,0.0,1.0,0.0,255,0.0,0.0,0.0,0,SF,,0,0,0,0,0,1,0,0,0,0,0,0,0,tcp,0.0,0,1.0,,0.0,http,321,5,0.0,0.0,0.0,0,normal,0,0,0
normal,18,0.0,20,0,28,0.0,0.89,0.04,1.0,0.0,203,0.2,0.94,0.0,0,REJ,,0,0,0,0,0,0,0,0,0,0,0,0,0,tcp,0.83,0,1.0,,0.0,http,0,18,0.0,0.83,0.0,0,normal,0,0,0
normal,1,0.0,21,0,11,0.0,1.0,0.09,1.0,0.0,254,0.15,1.0,0.0,0,REJ,,0,0,0,0,0,0,0,0,0,0,0,0,0,tcp,1.0,0,1.0,,0.0,http,0,2,1.0,1.0,0.0,0,normal,0,0,0
rootkit,3,0.0,16,180,4,0.0,0.0,0.6,1.0,0.0,4,0.0,0.0,0.0,0,SF,1750431247.332152,4,0,0,1,0,1,0,3,0,1,0,2,0,tcp,0.0,1,1.0,mal_9_2,0.0,telnet,150,3,0.0,0.0,0.0,1,u2r,0,0,1
guess_passwd,4,0.25,12,8500,15,0.0,0.93,0.0,1.0,0.0,15,0.0,0.94,0.0,0,RSTO,1750431387.2068539,0,0,0,1,0,0,0,0,3,0,0,0,0,tcp,0.95,0,0.75,mal_47_0,0.0,telnet,0,4,0.0,0.93,0.0,0,r2l,0,0,1
guess_passwd,3,0.0,10,11000,19,0.0,0.9,0.0,1.0,0.0,19,0.0,0.91,0.0,0,RSTO,1750431333.501499,0,0,0,1,0,0,0,0,2,0,0,0,0,tcp,0.94,0,1.0,mal_27_3,0.0,http,50,3,0.0,0.95,0.0,0,r2l,0,0,1
normal,2,0.0,21,8746,132,0.0,0.0,0.01,1.0,0.0,255,0.04,0.0,0.0,0,SF,,0,0,0,0,0,1,0,0,0,0,0,0,0,tcp,0.0,0,1.0,,0.0,http,247,10,0.3,0.0,0.0,0,normal,0,0,0
normal,2,1.0,20,1379,124,0.05,0.01,0.01,0.02,0.01,2,0.0,0.0,0.0,12,SF,,0,0,0,0,0,1,0,0,0,0,0,0,0,tcp,0.0,0,0.5,,0.0,pop_3,52,1,0.0,0.0,0.0,0,normal,0,0,0
guess_passwd,4,0.0,11,6000,10,0.0,0.98,0.1,1.0,0.03,10,0.0,0.98,0.02,0,RSTO,1750431288.8163607,0,0,0,1,0,0,0,0,3,0,0,0,0,tcp,1.0,0,1.0,mal_16_1,0.03,telnet,20,4,0.0,1.0,0.01,0,r2l,0,0,1
normal,40,0.15,18,55,75,0.07,0.0,0.01,0.92,0.0,70,0.02,0.0,0.0,15,SF,1750431546.0078773,0,0,0,0,0,0,0,0,0,0,0,0,0,icmp,0.0,0,0.85,ben_84_4,0.0,ecr_i,45,42,0.05,0.0,0.0,0,normal,0,0,1
normal,60,0.0,19,120,180,0.0,0.0,0.02,1.0,0.0,175,0.01,0.0,0.0,8,SF,1750431457.838034,0,0,0,0,0,0,0,0,0,0,0,0,0,udp,0.0,0,1.0,ben_65_1,0.0,domain_u,75,70,0.03,0.0,0.0,0,normal,0,0,1
normal,2,0.0,21,2444,11,0.0,0.0,0.09,1.0,0.0,255,0.05,0.0,0.0,0,SF,,0,0,0,0,0,1,0,0,0,0,0,0,0,tcp,0.0,0,1.0,,0.0,http,199,2,0.0,0.0,0.0,0,normal,0,0,0
normal,2,0.0,21,755,142,0.0,0.0,0.01,1.0,0.01,212,0.02,0.0,0.0,0,SF,,0,0,0,0,0,1,0,0,0,0,0,0,0,tcp,0.0,0,1.0,,0.0,http,336,2,0.0,0.0,0.0,0,normal,0,0,0
normal,15,0.05,20,580,70,0.04,0.0,0.0,0.95,0.0,69,0.01,0.0,0.0,20,SF,1750431457.1585734,0,0,0,0,0,1,0,0,0,0,0,0,0,tcp,0.0,0,0.95,ben_63_3,0.0,telnet,220,14,0.05,0.0,0.0,0,normal,0,0,1
normal,2,0.0,21,23476,65,0.0,0.0,0.02,1.0,0.0,250,0.04,0.0,0.0,0,SF,,0,0,0,0,0,1,0,0,0,0,0,0,0,tcp,0.0,0,1.0,,0.0,http,150,2,0.0,0.0,0.0,0,normal,0,0,0
normal,75,0.02,19,250,210,0.01,0.0,0.0,0.98,0.0,205,0.0,0.0,0.0,60,SF,1750431457.1215746,0,0,0,0,0,0,0,0,0,0,0,0,0,udp,0.0,0,0.97,ben_62_4,0.0,domain_u,60,80,0.01,0.0,0.0,0,normal,0,0,1
normal,2,0.0,20,0,9,0.33,0.0,0.22,0.22,0.0,2,0.0,0.0,0.0,0,SF,,0,0,0,0,0,0,0,0,0,0,0,0,0,tcp,0.0,0,1.0,,0.0,ftp_data,245,2,0.0,0.0,0.0,0,normal,0,0,0
normal,13,0.0,21,930,255,0.0,0.0,0.0,1.0,0.0,255,0.0,0.0,0.0,0,SF,,0,0,0,0,0,1,0,0,0,0,0,0,0,tcp,0.0,0,1.0,,0.0,http,203,13,0.0,0.0,0.0,0,normal,0,0,0
normal,5,0.4,18,0,203,0.01,0.0,0.15,0.15,0.0,30,0.0,0.0,0.0,0,SF,,0,0,0,0,0,0,0,0,0,0,0,0,0,icmp,0.0,0,0.2,,0.0,urp_i,123,1,0.0,0.0,0.0,0,normal,0,0,0
normal,9,0.0,21,255,61,0.0,0.21,0.02,1.0,0.0,250,0.11,0.37,0.0,0,SF,,0,0,0,0,0,1,0,0,0,0,0,0,0,tcp,0.0,0,1.0,,0.0,http,246,11,0.18,0.0,0.0,0,normal,0,0,0
loadmodule,2,0.0,14,2300,6,0.0,0.0,1.0,1.0,0.0,6,0.2,0.0,0.0,0,SF,1750431333.545983,2,0,0,1,0,1,0,2,0,0,0,1,0,tcp,0.0,1,1.0,mal_33_2,0.0,ftp_data,0,2,0.0,0.0,0.0,1,u2r,0,0,1
normal,18,0.02,19,12000,200,0.02,0.0,0.0,0.96,0.0,190,0.0,0.0,0.0,12,SF,1750431431.6335685,0,0,0,0,0,1,0,0,0,0,0,0,0,tcp,0.0,0,0.98,ben_58_0,0.0,http,150,16,0.0,0.0,0.0,0,normal,0,0,1
normal,18,0.04,18,5200,60,0.04,0.0,0.02,0.96,0.0,60,0.0,0.0,0.0,12,SF,1750431420.9393408,0,0,0,0,0,1,0,0,0,0,0,0,0,tcp,0.0,0,0.96,ben_54_2,0.0,ftp_data,3000,20,0.0,0.0,0.0,0,normal,0,0,1
normal,1,0.0,21,32617,1,0.0,0.0,1.0,1.0,0.0,255,0.05,0.0,0.0,0,SF,,0,0,0,0,0,1,0,0,0,0,0,0,0,tcp,0.0,0,1.0,,0.0,http,232,1,0.0,0.0,0.0,0,normal,0,0,0
normal,6,0.33,18,0,255,0.01,0.0,0.09,0.09,0.0,22,0.0,0.0,0.0,0,SF,,0,0,0,0,0,0,0,0,0,0,0,0,0,icmp,0.0,0,0.17,,0.0,urp_i,78,1,0.0,0.0,0.0,0,normal,0,0,0
normal,1,0.0,21,0,1,0.0,1.0,1.0,1.0,0.0,255,0.06,0.63,0.0,0,REJ,,0,0,0,0,0,0,0,0,0,0,0,0,0,tcp,1.0,0,1.0,,0.0,http,0,3,1.0,1.0,0.0,0,normal,0,0,0
normal,6,0.0,21,2510,14,0.0,0.0,0.07,1.0,0.0,255,0.04,0.0,0.0,0,SF,,0,0,0,0,0,1,0,0,0,0,0,0,0,tcp,0.0,0,1.0,,0.0,http,227,8,0.25,0.0,0.0,0,normal,0,0,0
normal,4,0.0,21,18050,4,0.0,0.0,0.25,1.0,0.0,255,0.05,0.0,0.01,0,SF,,0,0,0,0,0,1,0,0,0,0,0,0,0,tcp,0.0,0,1.0,,0.0,http,261,27,0.19,0.0,0.0,0,normal,0,0,0
rootkit,2,0.0,16,210,5,0.0,0.0,0.4,1.0,0.0,5,0.0,0.0,0.0,0,SF,1750431333.4955006,4,0,0,1,0,1,0,4,0,2,0,2,0,tcp,0.0,1,1.0,mal_27_2,0.0,telnet,110,2,0.0,0.0,0.0,0,u2r,0,0,1
normal,1,0.0,21,1553,1,0.0,0.0,1.0,1.0,0.0,255,0.08,0.0,0.0,0,SF,,0,0,0,0,0,1,0,0,0,0,0,0,0,tcp,0.0,0,1.0,,0.0,http,233,1,0.0,0.0,0.0,0,normal,0,0,0
normal,150,0.0,20,160,240,0.0,0.0,0.0,1.0,0.0,240,0.0,0.0,0.0,40,SF,1750431470.765419,0,0,0,0,0,0,0,0,0,0,0,0,0,udp,0.0,0,1.0,ben_70_1,0.0,domain_u,60,220,0.01,0.0,0.0,0,normal,0,0,1
normal,1,0.0,21,115,110,0.02,0.0,0.01,0.93,0.0,102,0.0,0.0,0.0,0,SF,,0,0,0,0,0,0,0,0,0,0,0,0,0,udp,0.0,0,1.0,,0.0,domain_u,44,4,0.75,0.0,0.0,0,normal,0,0,0
normal,157,0.01,18,46,255,0.01,0.0,0.0,1.0,0.0,254,0.0,0.0,0.0,0,SF,,0,0,0,0,0,0,0,0,0,0,0,0,0,udp,0.0,0,0.99,,0.0,domain_u,46,156,0.0,0.0,0.0,0,normal,0,0,0
normal,1,0.0,21,5814,255,0.01,0.0,0.0,0.96,0.0,246,0.0,0.0,0.0,0,SF,,0,0,0,0,0,1,0,0,0,0,0,0,0,tcp,0.0,0,1.0,,0.0,http,251,2,1.0,0.5,0.0,0,normal,0,0,0
normal,3,0.67,20,3380,61,0.05,0.0,0.02,0.03,0.0,2,0.0,0.0,0.0,29,SF,,24,1,0,0,0,1,0,0,0,0,0,0,0,tcp,0.0,0,0.33,,0.0,ftp,1179,1,0.0,0.0,0.0,0,normal,0,0,0
normal,4,0.0,19,0,10,0.0,0.0,1.0,1.0,0.0,97,0.02,0.0,0.01,0,SF,,0,0,0,0,0,1,0,0,0,0,0,0,0,tcp,0.0,0,1.0,,0.0,ftp_data,2881,4,0.0,0.0,0.0,0,normal,0,0,0
loadmodule,2,0.0,15,3400,6,0.0,0.0,1.0,1.0,0.0,6,0.0,0.0,0.0,0,SF,1750431300.074915,3,0,0,1,0,1,0,2,0,0,0,1,0,tcp,0.0,1,1.0,mal_20_2,0.0,ftp_data,0,1,0.0,0.0,0.0,1,u2r,0,0,1
phf,5,0.0,8,11000,19,0.01,0.9,0.0,0.97,0.0,19,0.0,0.9,0.0,0,RSTO,1750431333.245619,0,0,0,1,0,0,0,0,1,0,0,0,0,tcp,0.92,0,1.0,mal_29_3,0.0,http,15,5,0.0,0.91,0.0,0,r2l,0,0,1
guess_passwd,5,0.0,13,15000,22,0.0,0.9,0.0,1.0,0.0,22,0.0,0.9,0.0,0,RSTO,1750431333.9377453,0,0,0,1,0,0,0,0,2,0,0,0,0,tcp,0.93,0,1.0,mal_31_4,0.0,http,20,5,0.0,0.95,0.0,0,r2l,0,0,1
normal,115,0.0,20,80,240,0.0,0.0,0.0,1.0,0.0,235,0.0,0.0,0.0,32,SF,1750431459.7767496,0,0,0,0,0,0,0,0,0,0,0,0,0,udp,0.0,0,1.0,ben_69_1,0.0,domain_u,60,160,0.01,0.0,0.0,0,normal,0,0,1
normal,13,0.0,21,1630,13,0.0,0.0,0.08,1.0,0.0,255,0.05,0.0,0.0,0,SF,,0,0,0,0,0,1,0,0,0,0,0,0,0,tcp,0.0,0,1.0,,0.0,http,218,31,0.06,0.0,0.0,0,normal,0,0,0
normal,1,0.0,21,0,3,0.0,1.0,0.33,1.0,0.0,253,0.17,1.0,0.0,0,REJ,,0,0,0,0,0,0,0,0,0,0,0,0,0,tcp,1.0,0,1.0,,0.0,http,0,1,0.0,1.0,0.0,0,normal,0,0,0
normal,35,0.0,20,180,40,0.0,0.0,0.1,1.0,0.0,40,0.0,0.0,0.0,8,SF,1750431470.7844193,0,0,0,0,0,1,0,0,0,0,0,0,0,tcp,0.0,0,1.0,ben_70_3,0.0,telnet,120,30,0.0,0.0,0.0,0,normal,0,0,1
normal,50,0.02,20,12000,200,0.02,0.0,0.0,0.97,0.0,195,0.0,0.0,0.0,15,SF,1750431547.3758538,0,0,0,0,0,1,0,0,0,0,0,0,0,tcp,0.0,0,0.98,ben_91_0,0.0,http,350,48,0.01,0.0,0.0,0,normal,0,0,1
warezclient,4,0.0,12,6200000,15,0.0,0.94,0.1,1.0,0.02,15,0.0,0.94,0.02,0,RSTO,1750431375.22758,0,0,0,1,0,0,0,0,3,0,0,0,0,tcp,0.97,0,1.0,mal_46_0,0.02,ftp_data,0,4,0.0,0.95,0.01,0,r2l,0,0,1
normal,2,0.0,18,12985,2,0.0,0.0,0.5,1.0,0.5,255,0.08,0.0,0.0,0,SF,,0,0,0,0,0,1,0,0,0,0,0,0,0,tcp,0.0,0,1.0,,0.5,http,292,2,0.0,0.0,0.5,0,normal,0,0,0
phf,4,0.0,9,7200,22,0.0,0.92,0.05,1.0,0.01,22,0.0,0.93,0.0,0,RSTO,1750431334.1602812,1,0,0,1,0,0,0,0,3,0,0,0,0,tcp,0.93,0,1.0,mal_34_2,0.01,http,40,4,0.0,0.95,0.0,0,r2l,0,0,1
normal,158,0.0,18,77,255,0.01,0.0,0.0,1.0,0.0,254,0.0,0.0,0.0,0,SF,,0,0,0,0,0,0,0,0,0,0,0,0,0,udp,0.0,0,1.0,,0.0,domain_u,45,158,0.0,0.0,0.0,0,normal,0,0,0
normal,19,0.0,20,0,25,0.0,0.0,1.0,1.0,0.0,90,0.02,0.0,0.0,0,SF,,0,0,0,0,0,0,0,0,0,0,0,0,0,tcp,0.0,0,1.0,,0.0,ftp_data,15377,19,0.0,0.0,0.0,0,normal,0,0,0
normal,1,0.0,21,105,255,0.64,0.0,0.95,0.01,0.0,2,0.0,0.0,0.0,2005,SF,,0,0,0,0,0,0,0,0,0,0,0,0,0,udp,0.0,0,1.0,,0.0,other,147,1,0.0,0.0,0.0,0,normal,0,0,0
rootkit,2,0.0,16,250,4,0.0,0.0,0.5,1.0,0.0,4,0.0,0.0,0.0,0,SF,1750431374.1133075,4,0,0,1,0,1,0,5,0,2,0,2,1,tcp,0.0,1,1.0,mal_38_1,0.0,telnet,110,2,0.0,0.0,0.0,1,u2r,0,0,1
normal,28,0.0,20,7500,140,0.01,0.0,0.0,0.99,0.0,135,0.0,0.0,0.0,16,SF,1750431510.4213085,0,0,0,0,0,1,0,0,0,0,0,0,0,tcp,0.0,0,1.0,ben_72_4,0.0,smtp,500,30,0.0,0.0,0.0,0,normal,0,0,1
normal,18,0.0,21,20331,255,0.0,0.0,0.0,1.0,0.0,255,0.0,0.0,0.0,0,SF,,0,0,0,0,0,1,0,0,0,0,0,0,0,tcp,0.0,0,1.0,,0.0,http,312,18,0.0,0.0,0.0,0,normal,0,0,0
normal,22,0.09,18,120,70,0.05,0.0,0.0,0.9,0.0,65,0.0,0.0,0.0,20,SF,1750431588.3071463,0,0,0,0,0,0,0,0,0,0,0,0,0,icmp,0.0,0,0.91,ben_96_4,0.0,ecr_i,100,25,0.05,0.0,0.0,0,normal,0,0,1
normal,25,0.05,20,29000,120,0.02,0.0,0.0,0.96,0.0,115,0.03,0.0,0.0,45,SF,1750431418.8546867,0,0,0,0,0,1,0,0,0,0,0,0,0,tcp,0.0,0,0.95,ben_51_0,0.0,http,3500,28,0.02,0.0,0.0,0,normal,0,0,1
normal,15,0.0,21,770,255,0.0,0.0,0.0,1.0,0.0,255,0.0,0.0,0.0,0,SF,,0,0,0,0,0,1,0,0,0,0,0,0,0,tcp,0.0,0,1.0,,0.07,http,295,15,0.0,0.0,0.07,0,normal,0,0,0
normal,7,0.0,21,7483,7,0.0,0.0,0.14,1.0,0.0,255,0.05,0.0,0.0,0,SF,,0,0,0,0,0,1,0,0,0,0,0,0,0,tcp,0.0,0,1.0,,0.0,http,177,7,0.0,0.0,0.0,0,normal,0,0,0
guess_passwd,4,0.0,11,8500,14,0.0,0.97,0.07,1.0,0.03,14,0.0,0.97,0.03,0,RSTO,1750431332.436743,0,0,0,1,0,0,0,0,3,0,0,0,0,tcp,1.0,0,1.0,mal_26_1,0.04,telnet,15,4,0.0,1.0,0.03,0,r2l,0,0,1
normal,120,0.0,20,110,200,0.0,0.0,0.0,1.0,0.0,200,0.0,0.0,0.0,12,SF,1750431546.5884645,0,0,0,0,0,0,0,0,0,0,0,0,0,udp,0.0,0,1.0,ben_86_1,0.0,domain_u,85,130,0.01,0.0,0.0,0,normal,0,0,1
normal,272,0.01,18,44,161,0.01,0.0,0.34,0.8,0.0,128,0.0,0.0,0.0,0,SF,,0,0,0,0,0,0,0,0,0,0,0,0,0,udp,0.0,0,1.0,,0.0,domain_u,122,271,0.0,0.0,0.0,0,normal,0,0,0
guess_passwd,4,0.0,13,15000,15,0.0,0.87,0.0,1.0,0.0,15,0.0,0.87,0.0,1,SF,1750431288.685046,0,0,0,1,0,0,0,0,3,0,0,0,0,tcp,0.92,0,1.0,mal_23_1,0.0,telnet,20,4,0.0,0.9,0.0,0,r2l,0,0,1
normal,31,0.0,21,506,255,0.0,0.0,0.0,1.0,0.0,255,0.0,0.0,0.0,0,SF,,0,0,0,0,0,1,0,0,0,0,0,0,0,tcp,0.0,0,1.0,,0.0,http,264,50,0.08,0.0,0.0,0,normal,0,0,0
normal,7,0.0,21,1484,174,0.0,0.0,0.01,1.0,0.01,255,0.02,0.0,0.01,0,SF,,0,0,0,0,0,1,0,0,0,0,0,0,0,tcp,0.0,0,1.0,,0.0,http,227,7,0.0,0.0,0.0,0,normal,0,0,0
loadmodule,3,0.0,15,3500,7,0.0,0.0,1.0,1.0,0.0,7,0.1,0.0,0.0,1,SF,1750431247.3141599,2,0,0,1,0,1,1,2,0,0,0,2,0,tcp,0.0,1,1.0,mal_11_2,0.0,ftp_data,5,3,0.0,0.0,0.0,0,u2r,0,0,1
normal,1,0.0,21,0,255,0.7,0.0,0.95,0.0,0.0,1,0.0,0.0,0.0,0,SF,,0,0,0,0,0,0,0,0,0,0,0,0,0,udp,0.0,0,1.0,,0.0,other,147,1,0.0,0.0,0.0,0,normal,0,0,0
normal,312,0.0,18,111,255,0.01,0.0,0.0,0.98,0.0,251,0.0,0.0,0.0,0,SF,,0,0,0,0,0,0,0,0,0,0,0,0,0,udp,0.0,0,1.0,,0.0,domain_u,45,312,0.0,0.0,0.0,0,normal,0,0,0
normal,10,0.0,21,302,255,0.0,0.0,0.0,1.0,0.0,255,0.0,0.0,0.0,0,SF,,0,0,0,0,0,1,0,0,0,0,0,0,0,tcp,0.0,0,1.0,,0.0,http,370,10,0.0,0.0,0.0,0,normal,0,0,0
normal,3,0.0,21,282,255,0.01,0.0,0.0,0.93,0.0,237,0.0,0.0,0.0,0,SF,,0,0,0,0,0,1,0,0,0,0,0,0,0,tcp,0.0,0,1.0,,0.0,http,337,3,0.0,0.0,0.0,0,normal,0,0,0
normal,203,0.01,18,134,205,0.01,0.0,0.0,0.81,0.0,166,0.0,0.0,0.0,0,SF,,0,0,0,0,0,0,0,0,0,0,0,0,0,udp,0.0,0,1.0,,0.0,domain_u,46,280,0.01,0.0,0.0,0,normal,0,0,0
normal,2,0.0,21,2649,255,0.0,0.0,0.0,1.0,0.0,255,0.0,0.0,0.0,0,SF,,0,0,0,0,0,1,0,0,0,0,0,0,0,tcp,0.0,0,1.0,,0.0,http,295,28,0.07,0.0,0.0,0,normal,0,0,0
normal,18,0.05,18,6100,85,0.02,0.0,0.01,0.97,0.0,82,0.01,0.0,0.0,20,SF,1750431457.7703373,0,0,0,0,0,1,0,0,0,1,0,0,0,tcp,0.0,0,0.95,ben_64_2,0.0,ftp_data,4200,20,0.0,0.0,0.0,0,normal,0,0,1
phf,4,0.0,9,11000,30,0.01,0.94,0.0,0.96,0.0,28,0.0,0.95,0.0,0,RSTO,1750431288.1774912,0,0,0,1,0,0,0,0,2,0,0,0,0,tcp,0.99,0,1.0,mal_13_3,0.0,http,37,4,0.0,1.0,0.0,0,r2l,0,0,1
normal,22,0.01,21,220,18,0.0,0.0,0.3,1.0,0.0,18,0.0,0.0,0.0,3,SF,1750431419.0981543,0,0,1,0,0,1,0,0,0,0,0,0,0,tcp,0.0,0,0.99,ben_53_3,0.0,telnet,100,25,0.0,0.0,0.0,0,normal,0,0,1
loadmodule,3,0.0,15,3200,7,0.0,0.0,1.0,1.0,0.0,7,0.15,0.0,0.0,1,SF,1750431333.928715,3,0,0,1,0,1,1,2,0,1,0,1,0,tcp,0.0,1,1.0,mal_31_2,0.0,ftp_data,0,3,0.0,0.0,0.0,0,u2r,0,0,1
normal,5,0.0,21,3504,50,0.0,0.0,0.02,1.0,0.0,255,0.01,0.0,0.0,0,SF,,0,0,0,0,0,1,0,0,0,0,0,0,0,tcp,0.0,0,1.0,,0.0,http,304,32,0.12,0.0,0.0,0,normal,0,0,0
normal,284,0.0,18,138,255,0.01,0.0,0.0,0.98,0.0,251,0.0,0.0,0.0,0,SF,,0,0,0,0,0,0,0,0,0,0,0,0,0,udp,0.0,0,1.0,,0.0,domain_u,45,284,0.0,0.0,0.0,0,normal,0,0,0
normal,11,0.0,21,1220,56,0.0,0.0,0.02,1.0,0.0,255,0.04,0.0,0.0,0,SF,,0,0,0,0,0,1,0,0,0,0,0,0,0,tcp,0.0,0,1.0,,0.0,http,313,11,0.0,0.0,0.0,0,normal,0,0,0
normal,140,0.0,20,140,210,0.0,0.0,0.0,1.0,0.0,210,0.0,0.0,0.0,45,SF,1750431457.973035,0,0,0,0,0,0,0,0,0,0,0,0,0,udp,0.0,0,1.0,ben_67_1,0.0,domain_u,80,160,0.02,0.0,0.0,0,normal,0,0,1
normal,36,0.0,21,791,255,0.0,0.0,0.0,1.0,0.0,255,0.0,0.0,0.0,0,SF,,0,0,0,0,0,1,0,0,0,0,0,0,0,tcp,0.0,0,1.0,,0.0,http,300,37,0.05,0.0,0.0,0,normal,0,0,0
guess_passwd,5,0.0,11,15000,20,0.0,0.97,0.05,1.0,0.01,20,0.0,0.97,0.01,0,RSTO,1750431375.2385783,0,0,0,1,0,0,0,0,2,0,0,0,0,tcp,0.99,0,1.0,mal_46_1,0.01,telnet,12,5,0.0,0.98,0.0,0,r2l,0,0,1
rootkit,3,0.0,17,230,4,0.0,0.0,0.4,1.0,0.0,4,0.0,0.0,0.0,0,SF,1750431333.9327152,4,0,0,1,0,1,0,4,0,1,0,2,1,tcp,0.0,1,1.0,mal_31_3,0.0,telnet,40,3,0.0,0.0,0.0,1,u2r,0,0,1
normal,255,0.0,18,79,255,0.01,0.0,0.0,0.86,0.0,220,0.0,0.0,0.0,0,SF,,0,0,0,0,0,0,0,0,0,0,0,0,0,udp,0.0,0,1.0,,0.0,domain_u,46,259,0.01,0.0,0.0,0,normal,0,0,0
normal,91,0.0,18,131,255,0.0,0.0,0.0,1.0,0.0,255,0.0,0.0,0.0,0,SF,,0,0,0,0,0,0,0,0,0,0,0,0,0,udp,0.0,0,1.0,,0.0,domain_u,44,157,0.01,0.0,0.0,0,normal,0,0,0
normal,105,0.0,18,125,255,0.0,0.0,0.0,1.0,0.0,255,0.0,0.0,0.0,0,SF,,0,0,0,0,0,0,0,0,0,0,0,0,0,udp,0.0,0,1.0,,0.0,domain_u,46,185,0.01,0.0,0.0,0,normal,0,0,0
normal,4,0.0,21,487,170,0.0,0.0,0.01,1.0,0.01,255,0.05,0.0,0.0,0,SF,,0,0,0,0,0,1,0,0,0,0,0,0,0,tcp,0.0,0,1.0,,0.0,http,224,4,0.0,0.0,0.0,0,normal,0,0,0
normal,25,0.0,21,1509,255,0.0,0.0,0.0,1.0,0.0,255,0.0,0.0,0.0,0,SF,,0,0,0,0,0,1,0,0,0,0,0,0,0,tcp,0.0,0,1.0,,0.0,http,315,25,0.0,0.0,0.0,0,normal,0,0,0
normal,18,0.05,18,5500,60,0.04,0.0,0.0,0.96,0.0,58,0.02,0.0,0.0,8,SF,1750431417.8029895,0,0,0,0,0,1,0,0,0,0,0,0,0,tcp,0.0,0,0.95,ben_50_2,0.0,ftp_data,450,17,0.0,0.0,0.0,0,normal,0,0,1
normal,18,0.01,18,1100,75,0.03,0.0,0.04,0.93,0.0,70,0.01,0.0,0.0,120,SF,1750431563.2697556,0,0,0,0,0,1,1,0,0,2,0,0,0,tcp,0.0,0,0.98,ben_95_2,0.0,ftp_data,900,20,0.0,0.0,0.0,0,normal,0,0,1
normal,25,0.02,20,12000,200,0.01,0.0,0.0,0.98,0.0,195,0.02,0.0,0.0,12,SF,1750431457.7523375,0,0,0,0,0,1,0,0,0,0,0,0,0,tcp,0.0,0,0.97,ben_64_0,0.0,http,350,30,0.01,0.0,0.0,0,normal,0,0,1
normal,1,0.0,19,98084,255,0.03,0.0,0.0,0.11,0.0,29,0.0,0.0,0.0,388,SF,,0,0,0,0,0,1,0,0,0,0,0,0,0,tcp,0.0,0,1.0,,0.0,X11,21945520,1,0.0,0.0,0.0,0,normal,0,0,0
normal,1,0.0,20,0,176,0.03,0.82,0.01,0.82,0.0,144,0.0,1.0,0.0,4,REJ,,0,0,0,0,0,0,0,0,0,0,0,0,0,tcp,1.0,0,1.0,,0.0,http,0,1,0.0,1.0,0.0,0,normal,0,0,0
normal,25,0.02,19,12000,200,0.02,0.01,0.0,0.97,0.0,195,0.01,0.01,0.0,12,SF,1750431560.3921049,0,0,0,0,0,1,0,0,0,0,0,0,0,tcp,0.01,0,0.98,ben_94_0,0.0,http,450,30,0.01,0.01,0.0,0,normal,0,0,1
normal,1,0.0,20,0,56,0.21,0.0,0.41,0.02,0.0,1,0.0,0.0,0.0,192,SF,,0,0,0,0,0,1,0,0,0,0,0,0,0,tcp,0.0,0,1.0,,0.0,other,3690,1,0.0,0.0,0.0,0,normal,0,0,0
normal,6,0.0,21,77,255,0.01,0.0,0.0,0.99,0.0,253,0.0,0.0,0.0,0,SF,,0,0,0,0,0,0,0,0,0,0,0,0,0,udp,0.0,0,1.0,,0.0,domain_u,45,6,0.0,0.0,0.0,0,normal,0,0,0
normal,35,0.03,21,2700,200,0.02,0.0,0.0,0.96,0.0,190,0.01,0.0,0.0,12,SF,1750431459.8067493,0,0,0,0,0,1,0,0,0,0,0,0,0,tcp,0.0,0,0.97,ben_69_4,0.0,http,2500,33,0.0,0.0,0.0,0,normal,0,0,1
normal,1,0.0,21,105,255,0.86,0.0,1.0,0.0,0.0,1,0.0,0.0,0.0,18848,SF,,0,0,0,0,0,0,0,0,0,0,0,0,0,udp,0.0,0,1.0,,0.0,other,147,1,0.0,0.0,0.0,0,normal,0,0,0
normal,4,0.0,21,626,255,0.0,0.0,0.0,1.0,0.0,255,0.0,0.0,0.0,0,SF,,0,0,0,0,0,1,0,0,0,0,0,0,0,tcp,0.0,0,1.0,,0.0,http,210,4,0.0,0.0,0.0,0,normal,0,0,0
normal,90,0.0,18,180,210,0.0,0.0,0.0,1.0,0.0,210,0.0,0.0,0.0,22,SF,1750431512.079357,0,0,0,0,0,0,0,0,0,0,0,0,0,udp,0.0,0,1.0,ben_79_4,0.0,domain_u,50,140,0.02,0.0,0.0,0,normal,0,0,1
normal,1,0.0,21,0,196,0.03,0.0,0.36,0.36,0.0,95,0.02,0.0,0.0,0,SF,,0,0,0,0,0,1,0,0,0,0,0,0,0,tcp,0.0,0,1.0,,0.0,ftp_data,59,1,0.0,0.0,0.0,0,normal,0,0,0
normal,7,0.0,21,1127,255,0.0,0.0,0.0,1.0,0.0,255,0.0,0.0,0.0,0,SF,,0,0,0,0,0,1,0,0,0,0,0,0,0,tcp,0.0,0,1.0,,0.0,http,376,8,0.25,0.0,0.0,0,normal,0,0,0
loadmodule,3,0.0,16,4200,6,0.0,0.0,1.0,1.0,0.0,6,0.17,0.0,0.0,1,SF,1750431332.736794,2,0,0,1,0,1,0,2,0,1,0,1,0,tcp,0.0,1,1.0,mal_30_2,0.0,ftp_data,0,3,0.0,0.0,0.0,0,u2r,0,0,1
normal,172,0.0,18,79,255,0.01,0.0,0.0,1.0,0.0,254,0.0,0.0,0.0,0,SF,,0,0,0,0,0,0,0,0,0,0,0,0,0,udp,0.0,0,1.0,,0.0,domain_u,45,172,0.0,0.0,0.0,0,normal,0,0,0
normal,21,0.0,21,313,255,0.0,0.0,0.0,1.0,0.0,255,0.0,0.0,0.0,0,SF,,0,0,0,0,0,1,0,0,0,0,0,0,0,tcp,0.0,0,1.0,,0.0,http,221,21,0.0,0.0,0.0,0,normal,0,0,0
normal,1,0.0,20,8766,149,0.05,0.0,0.01,0.48,0.02,71,0.0,0.0,0.03,0,SF,,0,0,0,0,0,0,0,0,0,0,0,0,0,tcp,0.0,0,1.0,,0.0,ftp_data,0,1,0.0,0.0,0.0,0,normal,0,0,0
normal,40,0.07,18,95,75,0.05,0.0,0.0,0.91,0.0,70,0.02,0.0,0.0,8,SF,1750431511.0278103,0,0,0,0,0,0,0,0,0,0,0,0,0,icmp,0.0,0,0.93,ben_74_4,0.0,ecr_i,100,42,0.04,0.0,0.0,0,normal,0,0,1
normal,242,0.0,18,74,255,0.01,0.0,0.01,0.86,0.0,219,0.0,0.0,0.0,0,SF,,0,0,0,0,0,0,0,0,0,0,0,0,0,udp,0.0,0,1.0,,0.0,domain_u,45,246,0.01,0.0,0.0,0,normal,0,0,0
normal,9,0.0,21,2913,255,0.0,0.0,0.01,1.0,0.0,255,0.0,0.0,0.0,0,SF,,0,0,0,0,0,1,0,0,0,0,0,0,0,tcp,0.0,0,1.0,,0.0,http,224,9,0.0,0.0,0.0,0,normal,0,0,0
normal,30,0.02,20,320,60,0.01,0.0,0.0,0.97,0.0,58,0.02,0.0,0.0,12,SF,1750431477.4078946,0,0,0,0,0,1,0,0,0,0,0,0,0,tcp,0.0,0,0.98,ben_71_3,0.0,telnet,140,28,0.01,0.0,0.0,0,normal,0,0,1
normal,115,0.0,19,135,240,0.0,0.0,0.0,1.0,0.0,240,0.0,0.0,0.0,24,SF,1750431418.697585,0,0,0,0,0,0,0,0,0,0,0,0,0,udp,0.0,0,1.0,ben_52_0,0.0,domain_u,45,185,0.02,0.0,0.0,0,normal,0,0,1
normal,130,0.0,21,110,240,0.0,0.0,0.0,1.0,0.0,230,0.0,0.0,0.0,45,SF,1750431417.8159919,0,0,0,0,0,0,0,0,0,0,0,0,0,udp,0.0,0,1.0,ben_50_4,0.0,domain_u,33,160,0.01,0.0,0.0,0,normal,0,0,1
normal,1,0.0,21,488,37,0.0,0.38,0.03,1.0,0.0,211,0.09,0.69,0.0,0,SF,,0,0,0,0,0,1,0,0,0,0,0,0,0,tcp,0.0,0,1.0,,0.0,http,270,2,1.0,0.0,0.0,0,normal,0,0,0
guess_passwd,5,0.1,12,6500,15,0.08,0.94,0.04,0.92,0.01,15,0.02,0.95,0.01,0,RSTO,1750431332.8579288,0,0,0,1,0,0,0,0,4,0,0,0,0,tcp,0.95,0,0.9,mal_24_0,0.02,telnet,0,5,0.01,0.97,0.03,0,r2l,0,0,1
normal,30,0.04,21,3500,240,0.03,0.0,0.0,0.95,0.0,230,0.0,0.0,0.0,6,SF,1750431457.166572,0,0,0,0,0,1,0,0,0,0,0,0,0,tcp,0.0,0,0.96,ben_63_4,0.0,http,280,29,0.0,0.0,0.0,0,normal,0,0,1
normal,25,0.0,21,1403,255,0.0,0.0,0.0,1.0,0.0,255,0.0,0.0,0.0,0,SF,,0,0,0,0,0,1,0,0,0,0,0,0,0,tcp,0.0,0,1.0,,0.0,http,246,25,0.0,0.0,0.0,0,normal,0,0,0
normal,17,0.0,21,46,126,0.02,0.0,0.01,0.97,0.0,122,0.0,0.0,0.0,0,SF,,0,0,0,0,0,0,0,0,0,0,0,0,0,udp,0.0,0,1.0,,0.0,domain_u,46,25,0.12,0.0,0.0,0,normal,0,0,0
normal,6,0.0,21,1227,244,0.0,0.0,0.0,1.0,0.0,244,0.0,0.0,0.0,0,SF,,0,0,0,0,0,1,0,0,0,0,0,0,0,tcp,0.0,0,1.0,,0.0,http,223,18,0.11,0.0,0.0,0,normal,0,0,0
normal,25,0.02,19,12000,230,0.01,0.0,0.0,0.96,0.0,215,0.0,0.0,0.0,15,SF,1750431588.2524533,0,0,0,0,0,1,0,0,0,0,0,0,0,tcp,0.0,0,0.98,ben_96_0,0.0,http,350,30,0.01,0.0,0.0,0,normal,0,0,1
rootkit,3,0.0,15,250,4,0.0,0.0,0.5,1.0,0.0,4,0.0,0.0,0.0,0,SF,1750431247.601708,3,0,0,1,0,1,0,4,0,1,0,1,0,tcp,0.0,1,1.0,mal_10_3,0.0,telnet,130,3,0.0,0.0,0.0,0,u2r,0,0,1
normal,15,0.04,18,2900,55,0.0,0.0,0.0,0.98,0.0,54,0.02,0.0,0.0,8,SF,1750431419.090154,0,0,0,0,0,1,0,0,0,0,0,0,0,tcp,0.0,0,0.96,ben_53_2,0.0,ftp_data,400,17,0.0,0.0,0.0,0,normal,0,0,1
guess_passwd,4,0.0,10,5500,15,0.0,0.89,0.08,1.0,0.0,15,0.0,0.89,0.0,0,SF,1750431332.970034,0,0,0,1,0,0,0,0,3,0,0,0,0,tcp,0.91,0,1.0,mal_28_1,0.0,telnet,10,4,0.0,0.92,0.0,0,r2l,0,0,1
normal,1,0.0,19,759161,255,0.0,0.0,0.0,1.0,0.0,255,0.0,0.0,0.0,5,SF,,9,0,0,0,0,1,0,0,0,0,0,0,0,tcp,0.0,1,1.0,,0.0,http,351,1,0.0,0.0,0.0,0,normal,0,0,0
normal,8,0.25,18,0,255,0.01,0.0,0.06,0.06,0.0,15,0.0,0.0,0.0,0,SF,,0,0,0,0,0,0,0,0,0,0,0,0,0,icmp,0.0,0,0.12,,0.0,urp_i,65,1,0.0,0.0,0.0,0,normal,0,0,0
loadmodule,2,0.0,16,3200,6,0.0,0.0,1.0,1.0,0.0,6,0.1,0.0,0.0,1,SF,1750431387.219857,2,0,0,1,0,1,0,2,0,0,0,1,0,tcp,0.0,1,1.0,mal_47_2,0.0,ftp_data,0,2,0.0,0.0,0.0,0,u2r,0,0,1
loadmodule,2,0.0,15,12000,6,0.0,0.0,1.0,1.0,0.0,6,0.16,0.0,0.0,0,SF,1750431332.9740388,3,0,0,1,0,1,0,2,0,1,0,1,0,tcp,0.0,1,1.0,mal_28_2,0.0,ftp_data,0,2,0.0,0.0,0.0,1,u2r,0,0,1
normal,18,0.03,20,250,45,0.0,0.0,0.0,0.98,0.0,45,0.0,0.0,0.0,12,SF,1750431513.1734366,0,0,0,0,0,1,0,0,0,0,0,0,0,tcp,0.0,0,0.97,ben_81_3,0.0,telnet,100,19,0.0,0.0,0.0,0,normal,0,0,1
normal,8,0.0,21,2531,132,0.0,0.01,0.01,1.0,0.01,132,0.0,0.01,0.01,0,SF,,0,0,0,0,0,1,0,0,0,0,0,0,0,tcp,0.0,0,1.0,,0.0,http,196,8,0.0,0.0,0.0,0,normal,0,0,0
normal,1,0.0,20,70827,127,0.04,0.02,0.01,0.23,0.0,29,0.0,0.07,0.0,15509,SF,,0,0,0,0,0,1,1,166,0,0,0,184,0,tcp,0.0,1,1.0,,0.0,telnet,512,1,0.0,0.0,0.0,2,normal,0,0,0
normal,2,0.0,21,2698,24,0.08,0.0,0.04,0.96,0.0,23,0.0,0.0,0.0,0,SF,,0,0,0,0,0,1,1,0,0,0,0,0,0,tcp,0.0,0,1.0,,0.0,http,316,3,0.67,0.33,0.0,0,normal,0,0,0
normal,11,0.0,21,1851,255,0.0,0.0,0.0,1.0,0.0,255,0.0,0.0,0.0,0,SF,,0,0,0,0,0,1,0,0,0,0,0,0,0,tcp,0.0,0,1.0,,0.0,http,339,11,0.0,0.0,0.0,0,normal,0,0,0
loadmodule,1,0.0,16,3200,5,0.0,0.0,1.0,1.0,0.0,5,0.2,0.0,0.0,0,SF,1750431247.3231542,3,0,0,1,0,1,0,2,0,1,0,1,0,tcp,0.0,1,1.0,mal_1_2,0.0,ftp_data,0,1,0.0,0.0,0.0,0,u2r,0,0,1
loadmodule,2,0.0,15,2800,6,0.0,0.0,1.0,1.0,0.0,6,0.1,0.0,0.0,0,SF,1750431247.3381517,2,0,0,1,0,1,0,1,0,0,0,1,0,tcp,0.0,1,1.0,mal_3_2,0.0,ftp_data,0,2,0.0,0.0,0.0,1,u2r,0,0,1
normal,6,0.0,21,637,232,0.0,0.0,0.0,1.0,0.0,255,0.01,0.0,0.0,0,SF,,0,0,0,0,0,1,0,0,0,0,0,0,0,tcp,0.0,0,1.0,,0.0,http,249,6,0.0,0.0,0.0,0,normal,0,0,0
normal,1,0.0,21,38,2,1.0,0.0,0.5,0.5,0.0,2,1.0,0.0,0.0,0,SF,,0,0,0,0,0,1,0,0,0,0,0,0,0,tcp,0.0,0,1.0,,0.0,auth,10,1,0.0,0.0,0.0,0,normal,0,0,0
normal,18,0.05,20,8300,200,0.01,0.0,0.0,0.98,0.0,190,0.0,0.0,0.0,12,SF,1750431546.8800669,0,0,0,0,0,1,0,0,0,0,0,0,0,tcp,0.0,0,0.95,ben_89_0,0.0,http,350,16,0.0,0.0,0.0,0,normal,0,0,1
normal,1,0.0,21,15993,75,0.95,0.88,0.01,0.07,0.0,5,0.0,0.2,0.0,17,SF,,0,0,0,0,0,1,0,0,0,0,0,0,0,tcp,0.0,0,1.0,,0.0,telnet,525,1,0.0,0.0,0.0,0,normal,0,0,0
normal,2,0.0,18,115,255,0.01,0.02,0.0,0.92,0.0,235,0.0,0.0,0.0,0,SF,,0,0,0,0,0,0,0,0,0,0,0,0,0,udp,0.0,0,1.0,,0.0,domain_u,44,5,0.4,0.0,0.0,0,normal,0,0,0
loadmodule,2,0.0,15,7200,6,0.0,0.0,1.0,1.0,0.0,6,0.15,0.0,0.0,1,SF,1750431247.529471,2,0,0,1,0,1,0,2,0,0,0,2,0,tcp,0.0,1,1.0,mal_0_1,0.0,ftp_data,0,2,0.0,0.0,0.0,0,u2r,0,0,1
normal,120,0.0,19,200,250,0.0,0.0,0.0,1.0,0.0,245,0.0,0.0,0.0,40,SF,1750431456.047942,0,0,0,0,0,0,0,0,0,0,0,0,0,udp,0.0,0,1.0,ben_60_1,0.0,domain_u,60,130,0.02,0.0,0.0,0,normal,0,0,1
normal,50,0.0,20,200,180,0.0,0.0,0.0,1.0,0.0,180,0.0,0.0,0.0,40,SF,1750431459.2907498,0,0,0,0,0,0,0,0,0,0,0,0,0,udp,0.0,0,1.0,ben_68_1,0.0,domain_u,50,48,0.01,0.0,0.0,0,normal,0,0,1
guess_passwd,2,0.0,13,15400,15,0.0,0.9,0.0,1.0,0.0,15,0.0,0.9,0.0,1,SF,1750431288.8431525,0,0,0,1,0,0,0,0,3,0,0,0,0,tcp,0.95,0,1.0,mal_21_1,0.0,telnet,10,2,0.0,0.96,0.0,0,r2l,0,0,1
normal,18,0.0,18,4500,40,0.01,0.0,0.0,0.98,0.0,38,0.0,0.0,0.0,8,SF,1750431434.2808454,0,0,0,0,0,1,1,0,0,1,0,0,0,tcp,0.0,0,1.0,ben_59_2,0.0,ftp_data,200,20,0.0,0.0,0.0,0,normal,0,0,1
normal,50,0.0,21,14000,240,0.01,0.0,0.0,0.98,0.0,235,0.0,0.0,0.0,20,SF,1750431434.2968452,0,0,0,0,0,1,0,0,0,0,0,0,0,tcp,0.0,0,0.99,ben_59_4,0.0,http,500,48,0.0,0.0,0.0,0,normal,0,0,1
warezmaster,5,0.0,12,7600000,25,0.0,0.93,0.05,1.0,0.07,25,0.0,0.94,0.07,0,RSTO,1750431332.433743,0,0,0,1,0,0,0,0,4,0,0,0,0,tcp,0.95,0,1.0,mal_26_0,0.08,ftp_data,0,5,0.0,0.97,0.07,0,r2l,0,0,1
normal,9,0.0,21,6608,255,0.0,0.0,0.0,1.0,0.0,255,0.0,0.0,0.0,0,SF,,0,0,0,0,0,1,0,0,0,0,0,0,0,tcp,0.0,0,1.0,,0.0,http,278,9,0.0,0.0,0.0,0,normal,0,0,0
normal,120,0.0,21,130,255,0.0,0.0,0.0,1.0,0.0,255,0.0,0.0,0.0,60,SF,1750431547.3878238,0,0,0,0,0,0,0,0,0,0,0,0,0,udp,0.0,0,1.0,ben_91_1,0.0,domain_u,45,130,0.02,0.0,0.0,0,normal,0,0,1
normal,12,0.0,21,445,12,0.0,0.0,0.08,1.0,0.0,255,0.04,0.0,0.0,0,SF,,0,0,0,0,0,1,0,0,0,0,0,0,0,tcp,0.0,0,1.0,,0.0,http,329,12,0.0,0.0,0.0,0,normal,0,0,0
phf,4,0.0,9,7000,30,0.0,0.9,0.1,1.0,0.01,30,0.0,0.9,0.01,0,RSTO,1750431247.577005,0,0,0,1,0,0,0,0,2,0,0,0,0,tcp,0.93,0,1.0,mal_8_3,0.01,http,25,4,0.0,0.94,0.0,0,r2l,0,0,1
normal,77,0.0,19,136,255,0.0,0.0,0.0,1.0,0.0,255,0.0,0.0,0.0,0,SF,,0,0,0,0,0,0,0,0,0,0,0,0,0,udp,0.0,0,1.0,,0.0,domain_u,45,155,0.01,0.0,0.0,0,normal,0,0,0
normal,1,0.0,20,286,139,0.06,0.01,0.01,0.48,0.01,114,0.02,0.0,0.02,0,SF,,0,0,0,0,0,1,0,0,0,0,0,0,0,tcp,0.0,0,1.0,,0.0,smtp,2600,1,0.0,0.0,0.0,0,normal,0,0,0
normal,15,0.0,18,4500,45,0.0,0.0,0.5,1.0,0.0,45,0.0,0.0,0.0,7,SF,1750431546.905401,0,0,0,0,0,1,0,0,0,0,0,0,0,tcp,0.0,0,1.0,ben_89_2,0.0,ftp_data,800,15,0.0,0.0,0.0,0,normal,0,0,1
normal,18,0.0,21,1281,32,0.0,0.0,0.03,1.0,0.0,255,0.05,0.0,0.0,0,SF,,0,0,0,0,0,1,0,0,0,0,0,0,0,tcp,0.0,0,1.0,,0.0,http,263,18,0.0,0.0,0.0,0,normal,0,0,0
normal,30,0.0,20,125,60,0.0,0.0,0.0,1.0,0.0,60,0.0,0.0,0.0,12,SF,1750431420.9963398,0,0,0,0,0,0,0,0,0,0,0,0,0,icmp,0.0,0,1.0,ben_56_4,0.0,ecr_i,75,28,0.0,0.0,0.0,0,normal,0,0,1
normal,25,0.05,18,300,40,0.0,0.0,0.1,1.0,0.0,40,0.0,0.0,0.0,25,SF,1750431456.064942,0,0,0,0,0,1,0,0,0,0,0,0,0,tcp,0.0,0,0.95,ben_60_3,0.0,telnet,80,27,0.0,0.0,0.0,0,normal,0,0,1
warezclient,3,0.0,12,7600000,22,0.0,0.92,0.1,1.0,0.0,22,0.0,0.92,0.0,0,RSTO,1750431333.2306206,0,0,0,1,0,0,0,0,4,0,0,0,0,tcp,0.95,0,1.0,mal_29_0,0.0,ftp_data,0,3,0.0,0.96,0.0,0,r2l,0,0,1
warezmaster,3,0.0,12,6500000,22,0.0,0.94,0.1,1.0,0.03,22,0.0,0.95,0.03,0,RSTO,1750431422.370126,0,0,0,1,0,0,0,0,4,0,0,0,0,tcp,0.95,0,1.0,mal_49_0,0.03,ftp_data,0,3,0.0,0.96,0.02,0,r2l,0,0,1
normal,264,0.0,18,83,255,0.01,0.0,0.0,0.79,0.0,202,0.0,0.0,0.0,0,SF,,0,0,0,0,0,0,0,0,0,0,0,0,0,udp,0.0,0,1.0,,0.0,domain_u,46,264,0.0,0.0,0.0,0,normal,0,0,0
normal,6,0.0,21,1075,255,0.01,0.0,0.0,0.98,0.0,250,0.0,0.0,0.0,0,SF,,0,0,0,0,0,1,0,0,0,0,0,0,0,tcp,0.0,0,1.0,,0.0,http,231,7,0.29,0.14,0.0,0,normal,0,0,0
normal,18,0.0,18,3500,55,0.0,0.0,0.0,1.0,0.0,55,0.0,0.0,0.0,25,SF,1750431510.4013028,0,0,0,0,0,1,0,0,0,0,0,0,0,tcp,0.0,0,1.0,ben_72_2,0.0,ftp_data,1200,17,0.0,0.0,0.0,0,normal,0,0,1
normal,13,0.0,21,38116,31,0.0,0.0,0.03,1.0,0.0,255,0.04,0.0,0.0,0,SF,,0,0,0,0,0,1,0,0,0,0,0,0,0,tcp,0.0,0,1.0,,0.0,http,320,14,0.14,0.0,0.0,0,normal,0,0,0
normal,3,0.0,18,0,111,0.0,0.0,0.02,1.0,0.01,255,0.02,0.0,0.0,0,S0,,0,0,0,0,0,0,0,0,0,0,0,0,0,tcp,0.0,0,1.0,,0.33,http,0,3,0.0,0.0,0.33,0,normal,0,0,0
normal,45,0.0,20,85,150,0.0,0.0,0.0,0.99,0.0,148,0.02,0.0,0.0,8,SF,1750431477.3868883,0,0,0,0,0,0,0,0,0,0,0,0,0,udp,0.0,0,1.0,ben_71_1,0.0,domain_u,60,50,0.01,0.0,0.0,0,normal,0,0,1
normal,5,0.0,21,1484,201,0.0,0.0,0.0,1.0,0.0,255,0.01,0.0,0.0,0,SF,,0,0,0,0,0,1,0,0,0,0,0,0,0,tcp,0.0,0,1.0,,0.0,http,221,5,0.0,0.0,0.0,0,normal,0,0,0
rootkit,3,0.0,17,210,3,0.0,0.0,0.4,1.0,0.0,3,0.0,0.0,0.0,0,SF,1750431246.9513485,3,0,0,1,0,1,1,3,0,1,0,2,0,tcp,0.0,1,1.0,mal_2_3,0.0,telnet,75,3,0.0,0.0,0.0,1,u2r,0,0,1
normal,1,0.0,21,312,207,0.02,0.0,0.0,0.03,0.0,9,0.22,0.0,0.0,1,SF,,0,0,0,0,0,0,0,0,0,0,0,0,0,tcp,0.0,0,1.0,,0.0,finger,7,1,0.0,0.0,0.0,0,normal,0,0,0
normal,1,0.0,21,493,10,0.0,0.0,0.1,1.0,0.0,182,0.01,0.0,0.0,11,SF,,0,0,0,0,0,1,0,0,0,0,0,0,0,tcp,0.0,0,1.0,,0.0,smtp,1196,2,1.0,0.0,0.0,0,normal,0,0,0
normal,1,0.0,21,9544,102,0.0,0.0,0.01,1.0,0.0,255,0.02,0.0,0.0,0,SF,,0,0,0,0,0,1,0,0,0,0,0,0,0,tcp,0.0,0,1.0,,0.0,http,201,1,0.0,0.0,0.0,0,normal,0,0,0
warezmaster,5,0.0,12,7500000,15,0.0,0.94,0.15,1.0,0.03,15,0.0,0.95,0.02,0,RSTO,1750431288.8133643,0,0,0,1,0,0,0,0,4,0,0,0,0,tcp,0.96,0,1.0,mal_16_0,0.02,ftp_data,0,5,0.0,0.97,0.0,0,r2l,0,0,1
normal,19,0.0,20,0,54,0.0,0.91,0.02,1.0,0.0,251,0.17,0.98,0.0,0,REJ,,0,0,0,0,0,0,0,0,0,0,0,0,0,tcp,0.74,0,1.0,,0.0,http,0,19,0.0,0.74,0.0,0,normal,0,0,0
normal,17,0.0,21,70,255,0.01,0.0,0.0,0.84,0.0,215,0.0,0.0,0.0,0,SF,,0,0,0,0,0,0,0,0,0,0,0,0,0,udp,0.0,0,1.0,,0.0,domain_u,44,17,0.0,0.0,0.0,0,normal,0,0,0
normal,40,0.0,20,220,200,0.0,0.0,0.0,1.0,0.0,200,0.0,0.0,0.0,35,SF,1750431457.6698778,0,0,0,0,0,0,0,0,0,0,0,0,0,udp,0.0,0,1.0,ben_66_1,0.0,domain_u,70,50,0.02,0.0,0.0,0,normal,0,0,1
warezmaster,3,0.05,12,6200000,25,0.01,0.93,0.05,0.96,0.1,24,0.03,0.95,0.08,0,RSTO,1750431373.3410363,0,0,0,1,0,0,0,0,4,0,0,0,0,tcp,0.95,0,0.95,mal_40_0,0.12,ftp_data,0,3,0.02,0.98,0.1,0,r2l,0,0,1
phf,6,0.0,9,7300,30,0.0,0.93,0.1,1.0,0.0,30,0.0,0.93,0.0,0,RSTO,1750431332.9820342,0,0,0,1,0,0,0,0,5,0,0,0,0,tcp,0.97,0,1.0,mal_28_4,0.0,http,30,6,0.0,0.98,0.0,0,r2l,0,0,1
normal,1,0.0,20,27,4,0.5,0.0,0.25,0.5,0.0,2,0.0,0.0,0.0,29,SF,,0,0,0,0,0,0,0,0,0,0,0,0,0,udp,0.0,0,1.0,,0.0,domain_u,27,3,0.67,0.0,0.0,0,normal,0,0,0
warezclient,2,0.0,11,9300000,18,0.0,0.93,0.12,1.0,0.1,18,0.0,0.93,0.1,2,RSTO,1750431247.533438,0,0,0,1,0,0,0,0,5,0,0,0,0,tcp,0.99,0,1.0,mal_0_4,0.1,ftp_data,0,2,0.0,0.99,0.1,0,r2l,0,0,1
normal,22,0.01,19,300,30,0.0,0.0,0.05,0.99,0.0,30,0.0,0.0,0.0,8,SF,1750431420.94634,0,0,0,0,0,1,0,0,0,0,0,0,0,tcp,0.0,0,0.99,ben_54_3,0.0,telnet,85,23,0.0,0.0,0.0,0,normal,0,0,1
normal,25,0.02,19,14500,150,0.01,0.0,0.0,0.98,0.0,148,0.01,0.0,0.0,15,SF,1750431420.9233415,0,0,0,0,0,1,0,0,0,0,0,0,0,tcp,0.0,0,0.98,ben_54_0,0.0,http,3500,22,0.01,0.0,0.0,0,normal,0,0,1
warezclient,5,0.0,12,7200000,22,0.0,0.94,0.07,1.0,0.03,22,0.0,0.95,0.03,0,RSTO,1750431374.9603944,0,0,0,1,0,0,0,0,4,0,0,0,0,tcp,0.95,0,1.0,mal_43_0,0.03,ftp_data,0,5,0.0,0.97,0.02,0,r2l,0,0,1
normal,25,0.02,20,4500,200,0.01,0.0,0.0,0.95,0.0,190,0.0,0.0,0.0,15,SF,1750431548.6382053,0,0,1,0,0,1,0,0,0,0,0,0,0,tcp,0.0,0,0.98,ben_93_0,0.0,http,1500,30,0.0,0.0,0.0,0,normal,0,0,1
normal,15,0.01,18,250,35,0.0,0.0,0.0,1.0,0.0,35,0.0,0.0,0.0,3,SF,1750431457.000974,0,0,0,0,0,1,0,0,0,0,0,0,0,tcp,0.0,0,0.99,ben_61_4,0.0,telnet,110,16,0.0,0.0,0.0,0,normal,0,0,1
rootkit,3,0.0,16,300,4,0.0,0.0,0.5,1.0,0.0,4,0.0,0.0,0.0,0,SF,1750431288.9730966,4,0,0,1,0,1,0,4,0,2,0,2,0,tcp,0.0,1,1.0,mal_19_2,0.0,telnet,120,3,0.0,0.0,0.0,0,u2r,0,0,1
normal,2,0.0,21,1146,2,0.0,0.0,0.5,1.0,0.0,255,0.01,0.0,0.0,0,SF,,0,0,0,0,0,1,0,0,0,0,0,0,0,tcp,0.0,0,1.0,,0.0,http,303,9,0.22,0.0,0.0,0,normal,0,0,0
normal,18,0.0,20,4000,80,0.01,0.0,0.0,0.98,0.0,78,0.0,0.0,0.0,10,SF,1750431548.6651766,0,0,1,0,0,1,1,0,0,1,0,0,0,tcp,0.01,0,0.99,ben_93_2,0.0,ftp_data,3000,19,0.0,0.01,0.0,0,normal,0,0,1
normal,1,0.0,21,0,19,0.0,1.0,0.05,1.0,0.0,102,0.25,1.0,0.0,0,REJ,,0,0,0,0,0,0,0,0,0,0,0,0,0,tcp,1.0,0,1.0,,0.0,http,0,1,0.0,1.0,0.0,0,normal,0,0,0
rootkit,3,0.0,17,180,5,0.0,0.0,0.6,1.0,0.0,5,0.0,0.0,0.0,0,SF,1750431391.799317,3,0,0,1,0,1,0,3,0,1,0,2,0,tcp,0.0,1,1.0,mal_42_2,0.0,telnet,85,3,0.0,0.0,0.0,0,u2r,0,0,1
normal,18,0.03,18,4500,40,0.01,0.0,0.01,0.98,0.0,40,0.0,0.0,0.0,6,SF,1750431459.3007498,0,0,0,0,0,1,0,0,0,0,0,0,0,tcp,0.0,0,0.97,ben_68_2,0.0,ftp_data,2000,20,0.0,0.0,0.0,0,normal,0,0,1
rootkit,3,0.0,17,350,4,0.0,0.0,0.5,1.0,0.0,4,0.0,0.0,0.0,0,SF,1750431373.3620355,4,0,0,1,0,1,0,3,0,1,0,2,0,tcp,0.0,1,1.0,mal_40_3,0.0,telnet,85,3,0.0,0.0,0.0,0,u2r,0,0,1
normal,36,0.0,21,6912,255,0.0,0.0,0.0,1.0,0.0,255,0.0,0.0,0.0,0,SF,,0,0,0,0,0,1,0,0,0,0,0,0,0,tcp,0.0,0,1.0,,0.0,http,219,36,0.0,0.0,0.0,0,normal,0,0,0
normal,14,0.0,21,2504,91,0.0,0.0,0.01,1.0,0.0,255,0.02,0.0,0.0,0,SF,,0,0,0,0,0,1,0,0,0,0,0,0,0,tcp,0.0,0,1.0,,0.0,http,248,14,0.0,0.0,0.0,0,normal,0,0,0
guess_passwd,4,0.0,13,8100,15,0.0,0.97,0.05,1.0,0.01,15,0.0,0.97,0.01,0,RSTO,1750431422.379126,0,0,0,1,0,0,0,0,3,0,0,0,0,tcp,0.98,0,1.0,mal_49_1,0.01,telnet,24,4,0.0,1.0,0.0,0,r2l,0,0,1
normal,73,0.0,20,109,255,0.01,0.0,0.0,0.93,0.0,237,0.0,0.0,0.0,0,SF,,0,0,0,0,0,0,0,0,0,0,0,0,0,udp,0.0,0,1.0,,0.0,domain_u,43,151,0.01,0.0,0.0,0,normal,0,0,0
normal,13,0.0,21,10848,255,0.0,0.0,0.0,1.0,0.01,255,0.0,0.0,0.01,0,SF,,0,0,0,0,0,1,0,0,0,0,0,0,0,tcp,0.0,0,1.0,,0.0,http,506,13,0.0,0.0,0.0,0,normal,0,0,0
normal,1,0.0,21,327,169,0.02,0.0,0.01,0.41,0.0,144,0.01,0.0,0.0,1,SF,,0,0,0,0,0,1,0,0,0,0,0,0,0,tcp,0.0,0,1.0,,0.0,smtp,895,3,1.0,0.0,0.0,0,normal,0,0,0
phf,6,0.0,10,12000,20,0.0,0.95,0.0,0.95,0.0,20,0.0,0.95,0.0,0,RSTO,1750431247.6324637,1,0,0,1,0,0,0,0,4,0,0,0,0,tcp,1.0,0,1.0,mal_7_4,0.0,http,20,6,0.0,1.0,0.0,0,r2l,0,0,1
guess_passwd,4,0.0,10,6200,15,0.0,0.95,0.05,1.0,0.03,15,0.0,0.95,0.03,0,RSTO,1750431333.235588,0,0,0,1,0,0,0,0,3,0,0,0,0,tcp,1.0,0,1.0,mal_29_1,0.04,telnet,10,4,0.0,1.0,0.02,0,r2l,0,0,1
normal,40,0.03,18,200,48,0.0,0.0,0.1,1.0,0.0,48,0.0,0.0,0.0,10,SF,1750431588.293456,0,0,0,0,0,1,0,0,0,0,0,0,0,tcp,0.0,0,0.97,ben_96_3,0.0,telnet,80,42,0.01,0.0,0.0,0,normal,0,0,1
normal,14,0.0,21,1342,70,0.0,0.0,0.01,1.0,0.0,255,0.03,0.0,0.0,0,SF,,0,0,0,0,0,1,0,0,0,0,0,0,0,tcp,0.0,0,1.0,,0.0,http,318,15,0.13,0.0,0.0,0,normal,0,0,0
normal,1,0.0,20,16696,255,0.06,0.01,0.0,0.05,0.87,12,0.0,0.17,0.0,13428,SF,,0,0,0,0,0,1,0,1,0,38,0,0,0,tcp,0.0,0,1.0,,0.0,telnet,10287,1,0.0,0.0,0.0,0,normal,0,0,0
normal,1,0.0,21,331,22,0.0,0.0,0.05,1.0,0.0,39,0.05,0.0,0.0,0,SF,,0,0,0,0,0,1,0,0,0,0,0,0,0,tcp,0.0,0,1.0,,0.0,smtp,890,2,1.0,0.0,0.0,0,normal,0,0,0
normal,1,0.0,21,0,33,0.0,1.0,0.03,1.0,0.0,255,0.1,1.0,0.0,0,REJ,,0,0,0,0,0,0,0,0,0,0,0,0,0,tcp,1.0,0,1.0,,0.0,http,0,1,0.0,1.0,0.0,0,normal,0,0,0
normal,15,0.0,20,600,35,0.0,0.0,0.02,1.0,0.0,35,0.0,0.0,0.0,12,SF,1750431459.3097503,0,0,0,0,0,1,0,0,0,0,0,0,0,tcp,0.0,0,0.99,ben_68_3,0.0,telnet,430,14,0.0,0.0,0.0,0,normal,0,0,1
normal,19,0.0,21,6902,255,0.0,0.0,0.01,1.0,0.0,255,0.0,0.0,0.0,0,SF,,0,0,0,0,0,1,0,0,0,0,0,0,0,tcp,0.0,0,1.0,,0.0,http,219,20,0.1,0.0,0.0,0,normal,0,0,0
normal,15,0.0,18,2800,45,0.0,0.0,1.0,1.0,0.0,45,0.0,0.0,0.0,7,SF,1750431420.9823399,0,0,0,0,0,1,0,0,0,1,0,0,0,tcp,0.0,0,1.0,ben_56_2,0.0,ftp_data,1200,14,0.0,0.0,0.0,0,normal,0,0,1
guess_passwd,5,0.0,11,16500,15,0.0,0.94,0.0,1.0,0.0,15,0.0,0.94,0.0,1,SF,1750431246.7555149,0,0,0,1,0,0,0,0,4,0,0,0,0,tcp,0.98,0,1.0,mal_5_1,0.0,telnet,15,5,0.0,0.98,0.0,0,r2l,0,0,1
normal,66,0.0,20,108,255,0.01,0.0,0.0,0.8,0.0,204,0.0,0.0,0.0,0,SF,,0,0,0,0,0,0,0,0,0,0,0,0,0,udp,0.0,0,1.0,,0.0,domain_u,42,146,0.01,0.0,0.0,0,normal,0,0,0
warezmaster,3,0.0,12,7300000,22,0.0,0.93,0.12,1.0,0.0,22,0.0,0.95,0.0,0,RSTO,1750431247.5700045,0,0,0,1,0,0,0,0,4,0,0,0,0,tcp,0.96,0,1.0,mal_8_0,0.0,ftp_data,0,3,0.0,0.98,0.0,0,r2l,0,0,1
normal,1,0.0,21,135,60,0.03,0.0,0.02,0.07,0.0,10,0.2,0.0,0.0,0,SF,,0,0,0,0,0,0,0,0,0,0,0,0,0,tcp,0.0,0,1.0,,0.0,finger,6,1,0.0,0.0,0.0,0,normal,0,0,0
normal,1,0.0,20,329,255,0.03,0.0,0.0,0.37,0.0,95,0.0,0.0,0.0,3,SF,,0,0,0,0,0,1,0,0,0,0,0,0,0,tcp,0.0,0,1.0,,0.0,smtp,2661,1,0.0,0.0,0.0,0,normal,0,0,0
guess_passwd,4,0.0,11,8500,16,0.0,0.9,0.05,1.0,0.0,16,0.0,0.9,0.0,0,RSTO,1750431288.2074862,0,0,0,1,0,0,0,0,3,0,0,0,0,tcp,0.95,0,1.0,mal_12_1,0.0,telnet,20,4,0.0,0.96,0.0,0,r2l,0,0,1
normal,15,0.0,21,1465,31,0.0,0.0,0.03,1.0,0.0,255,0.05,0.0,0.0,0,SF,,0,0,0,0,0,1,0,0,0,0,0,0,0,tcp,0.0,0,1.0,,0.0,http,246,17,0.18,0.0,0.0,0,normal,0,0,0
normal,156,0.0,18,44,255,0.0,0.0,0.0,1.0,0.0,255,0.0,0.0,0.0,0,SF,,0,0,0,0,0,0,0,0,0,0,0,0,0,udp,0.0,0,1.0,,0.0,domain_u,44,156,0.0,0.0,0.0,0,normal,0,0,0
warezclient,3,0.0,12,9200000,22,0.0,0.94,0.1,1.0,0.03,22,0.0,0.95,0.03,0,RSTO,1750431346.0338993,0,0,0,1,0,0,0,0,4,0,0,0,0,tcp,0.96,0,1.0,mal_35_0,0.03,ftp_data,0,3,0.0,0.97,0.02,0,r2l,0,0,1
rootkit,3,0.0,17,240,4,0.0,0.0,0.5,1.0,0.0,4,0.0,0.0,0.0,0,SF,1750431247.3141599,3,0,0,1,0,1,1,2,0,1,0,1,0,tcp,0.0,1,1.0,mal_11_3,0.0,telnet,60,3,0.0,0.0,0.0,1,u2r,0,0,1
loadmodule,3,0.0,14,2800,6,0.0,0.0,1.0,1.0,0.0,6,0.25,0.0,0.0,0,SF,1750431374.1183312,3,0,0,1,0,1,0,2,0,1,0,1,0,tcp,0.0,1,1.0,mal_38_2,0.0,ftp_data,0,3,0.0,0.0,0.0,1,u2r,0,0,1
normal,25,0.02,19,12000,200,0.01,0.0,0.0,0.97,0.0,190,0.0,0.0,0.0,15,SF,1750431548.567175,0,0,0,0,0,1,0,0,0,0,0,0,0,tcp,0.0,0,0.98,ben_92_0,0.0,http,350,30,0.0,0.0,0.0,0,normal,0,0,1
normal,22,0.0,21,13500,230,0.0,0.0,0.0,0.98,0.0,225,0.0,0.0,0.0,5,SF,1750431456.0739415,0,0,0,0,0,1,0,0,0,0,0,0,0,tcp,0.0,0,1.0,ben_60_4,0.0,http,220,20,0.0,0.0,0.0,0,normal,0,0,1
normal,10,0.0,21,458,255,0.0,0.0,0.0,1.0,0.0,255,0.0,0.0,0.0,0,SF,,0,0,0,0,0,1,0,0,0,0,0,0,0,tcp,0.0,0,1.0,,0.0,http,218,10,0.0,0.0,0.0,0,normal,0,0,0
normal,25,0.05,19,7200,220,0.01,0.0,0.0,0.98,0.0,210,0.03,0.0,0.0,34,SF,1750431477.3758566,0,0,0,0,0,1,0,0,0,0,0,0,0,tcp,0.0,0,0.95,ben_71_0,0.0,http,350,22,0.02,0.0,0.0,0,normal,0,0,1
normal,16,0.0,21,0,243,0.04,0.0,0.44,0.44,0.0,107,0.0,0.0,0.0,0,SF,,0,0,0,0,0,1,0,0,0,0,0,0,0,tcp,0.0,0,1.0,,0.0,ftp_data,59,16,0.0,0.0,0.0,0,normal,0,0,0
normal,105,0.0,20,76,255,0.01,0.0,0.0,0.9,0.0,229,0.0,0.0,0.0,0,SF,,0,0,0,0,0,0,0,0,0,0,0,0,0,udp,0.0,0,1.0,,0.0,domain_u,46,107,0.03,0.0,0.0,0,normal,0,0,0
normal,24,0.0,21,1408,255,0.0,0.0,0.0,1.0,0.0,255,0.0,0.0,0.0,0,SF,,0,0,0,0,0,1,0,0,0,0,0,0,0,tcp,0.0,0,1.0,,0.0,http,236,24,0.0,0.0,0.0,0,normal,0,0,0
rootkit,3,0.0,16,350,3,0.0,0.0,0.5,1.0,0.0,3,0.0,0.0,0.0,0,SF,1750431346.050898,3,0,0,1,0,1,0,3,0,1,0,1,0,tcp,0.0,1,1.0,mal_35_3,0.0,telnet,120,3,0.0,0.0,0.0,0,u2r,0,0,1
warezmaster,3,0.0,12,6720000,17,0.0,0.94,0.15,1.0,0.07,17,0.0,0.94,0.07,0,RSTO,1750431375.8072658,0,0,0,1,0,0,0,0,4,0,0,0,0,tcp,0.95,0,1.0,mal_45_0,0.07,ftp_data,0,3,0.0,0.97,0.06,0,r2l,0,0,1
warezmaster,3,0.0,12,6500000,18,0.0,0.9,0.05,1.0,0.0,18,0.0,0.9,0.0,0,RSTO,1750431421.5419915,0,0,0,1,0,0,0,0,4,0,0,0,0,tcp,0.95,0,1.0,mal_48_0,0.0,ftp_data,0,3,0.0,1.0,0.0,0,r2l,0,0,1
normal,40,0.1,18,90,150,0.01,0.0,0.0,0.95,0.0,150,0.0,0.0,0.0,20,SF,1750431546.4019704,0,0,0,0,0,0,0,0,0,0,0,0,0,udp,0.0,0,0.9,ben_85_4,0.0,domain_u,32,42,0.0,0.0,0.0,0,normal,0,0,1
loadmodule,3,0.0,15,7200,8,0.0,0.0,1.0,1.0,0.0,8,0.15,0.0,0.0,1,SF,1750431332.8619316,3,0,0,1,0,1,0,2,0,0,0,2,0,tcp,0.0,1,1.0,mal_24_1,0.0,ftp_data,0,3,0.0,0.0,0.0,1,u2r,0,0,1
normal,9,0.0,21,1713,25,0.0,0.0,0.04,1.0,0.0,255,0.05,0.0,0.0,0,SF,,0,0,0,0,0,1,0,0,0,0,0,0,0,tcp,0.0,0,1.0,,0.0,http,230,9,0.0,0.0,0.0,0,normal,0,0,0
normal,15,0.0,21,6693,104,0.0,0.0,0.01,1.0,0.0,255,0.02,0.0,0.0,0,SF,,0,0,0,0,0,1,0,0,0,0,0,0,0,tcp,0.0,0,1.0,,0.0,http,241,15,0.0,0.0,0.0,0,normal,0,0,0
normal,311,0.01,18,130,255,0.01,0.0,0.0,0.89,0.0,226,0.0,0.0,0.0,0,SF,,0,0,0,0,0,0,0,0,0,0,0,0,0,udp,0.0,0,1.0,,0.0,domain_u,43,310,0.0,0.0,0.0,0,normal,0,0,0
guess_passwd,5,0.0,9,15000,30,0.02,0.9,0.0,0.93,0.0,28,0.0,0.91,0.0,0,RSTO,1750431373.3670354,0,0,0,1,0,0,0,0,2,0,0,0,0,tcp,0.93,0,1.0,mal_40_4,0.0,http,47,5,0.0,0.95,0.0,0,r2l,0,0,1
normal,50,0.1,18,40,100,0.05,0.0,0.03,0.92,0.0,95,0.01,0.0,0.0,10,SF,1750431563.296725,0,0,0,0,0,0,0,0,0,0,0,0,0,icmp,0.0,0,0.9,ben_95_4,0.0,ecr_i,30,55,0.0,0.0,0.0,0,normal,0,0,1
normal,130,0.0,20,150,240,0.0,0.0,0.0,1.0,0.0,245,0.0,0.0,0.0,40,SF,1750431589.8981407,0,0,0,0,0,0,0,0,0,0,0,0,0,udp,0.0,0,1.0,ben_97_1,0.0,domain_u,60,160,0.01,0.0,0.0,0,normal,0,0,1
guess_passwd,6,0.0,10,18000,22,0.0,0.97,0.05,0.98,0.0,22,0.0,0.97,0.0,0,RSTO,1750431247.3391519,0,0,0,1,0,0,0,0,5,0,0,0,0,tcp,1.0,0,1.0,mal_3_3,0.0,http,20,6,0.0,1.0,0.0,0,r2l,0,0,1
normal,1,0.0,21,4613,132,0.0,0.01,0.01,1.0,0.0,255,0.01,0.0,0.0,0,SF,,0,0,0,0,0,1,0,0,0,0,0,0,0,tcp,0.0,0,1.0,,0.0,http,317,5,0.6,0.0,0.0,0,normal,0,0,0
normal,7,0.0,21,324,35,0.0,0.0,0.03,1.0,0.0,167,0.02,0.0,0.0,0,SF,,0,0,0,0,0,1,0,0,0,0,0,0,0,tcp,0.0,0,1.0,,0.0,http,226,7,0.0,0.0,0.0,0,normal,0,0,0
normal,1,0.0,18,773,105,0.05,0.01,0.01,0.27,0.0,28,0.0,0.04,0.0,33,SF,,4,1,0,0,0,1,0,0,0,0,0,0,0,tcp,0.0,0,1.0,,0.0,ftp,251,1,0.0,0.0,0.0,0,normal,0,0,0
normal,1,0.0,21,335,17,0.12,0.0,0.06,0.94,0.0,164,0.01,0.0,0.02,0,SF,,2,0,0,0,0,1,0,0,0,0,0,0,0,tcp,0.0,0,1.0,,0.0,smtp,1318,1,0.0,0.0,0.0,0,normal,0,0,0
normal,6,0.5,21,105,255,0.38,0.0,0.84,0.01,0.0,2,0.0,0.0,0.0,6165,SF,,0,0,0,0,0,0,0,0,0,0,0,0,0,udp,0.0,0,0.33,,0.0,other,147,2,0.0,0.0,0.0,0,normal,0,0,0
normal,45,0.02,19,8500,200,0.01,0.0,0.0,0.97,0.0,190,0.0,0.0,0.0,15,SF,1750431512.0363572,0,0,0,0,0,1,0,0,0,0,0,0,0,tcp,0.0,0,0.98,ben_79_0,0.0,http,1500,50,0.01,0.0,0.0,0,normal,0,0,1
guess_passwd,4,0.0,10,5400,10,0.0,0.93,0.1,1.0,0.03,10,0.0,0.94,0.03,0,RSTO,1750431247.3121834,0,0,0,1,0,0,0,0,3,0,0,0,0,tcp,0.92,0,1.0,mal_11_1,0.04,telnet,20,4,0.0,0.98,0.03,0,r2l,0,0,1
normal,4,0.0,21,2090,255,0.0,0.0,0.0,1.0,0.0,255,0.0,0.0,0.0,0,SF,,0,0,0,0,0,1,0,0,0,0,0,0,0,tcp,0.0,0,1.0,,0.0,http,345,4,0.0,0.0,0.0,0,normal,0,0,0
normal,150,0.0,20,140,245,0.0,0.0,0.0,1.0,0.0,240,0.0,0.0,0.0,40,SF,1750431546.5224652,0,0,0,0,0,0,0,0,0,0,0,0,0,udp,0.0,0,1.0,ben_87_1,0.0,domain_u,30,170,0.01,0.0,0.0,0,normal,0,0,1
normal,4,0.0,21,3222,255,0.01,0.0,0.0,0.95,0.03,243,0.0,0.0,0.03,0,SF,,0,0,0,0,0,1,0,0,0,0,0,0,0,tcp,0.0,0,1.0,,0.0,http,233,4,0.0,0.0,0.0,0,normal,0,0,0
normal,40,0.0,20,5000,50,0.0,0.0,0.9,1.0,0.0,50,0.1,0.0,0.0,120,SF,1750431418.7126143,0,0,0,0,0,1,0,0,0,1,0,0,0,tcp,0.0,0,0.99,ben_52_2,0.0,ftp_data,3500,38,0.01,0.0,0.0,0,normal,0,0,1
normal,10,0.0,21,2055,255,0.0,0.0,0.0,1.0,0.0,255,0.0,0.0,0.0,0,SF,,0,0,0,0,0,1,0,0,0,0,0,0,0,tcp,0.0,0,1.0,,0.0,http,200,11,0.18,0.0,0.0,0,normal,0,0,0
normal,4,0.0,21,128,255,0.02,0.0,0.0,0.8,0.0,205,0.0,0.0,0.0,0,SF,,0,0,0,0,0,0,0,0,0,0,0,0,0,udp,0.0,0,1.0,,0.0,domain_u,44,84,0.02,0.0,0.0,0,normal,0,0,0
normal,10,0.0,21,1600,224,0.0,0.0,0.0,1.0,0.0,255,0.01,0.0,0.0,0,SF,,0,0,0,0,0,1,0,0,0,0,0,0,0,tcp,0.0,0,1.0,,0.0,http,222,10,0.0,0.0,0.0,0,normal,0,0,0
normal,10,0.0,21,8774,185,0.0,0.0,0.01,1.0,0.0,255,0.02,0.0,0.0,0,SF,,0,0,0,0,0,1,0,0,0,0,0,0,0,tcp,0.0,0,1.0,,0.0,http,204,12,0.25,0.0,0.0,0,normal,0,0,0
normal,1,0.0,21,283,128,0.05,0.0,0.01,0.49,0.0,107,0.02,0.0,0.0,0,SF,,0,0,0,0,0,1,0,0,0,0,0,0,0,tcp,0.0,0,1.0,,0.0,smtp,1520,1,0.0,0.0,0.0,0,normal,0,0,0
normal,1,0.0,21,3529,1,0.0,0.0,1.0,1.0,0.0,233,0.05,0.0,0.0,0,SF,,0,0,0,0,0,1,0,0,0,0,0,0,0,tcp,0.0,0,1.0,,0.0,http,292,1,0.0,0.0,0.0,0,normal,0,0,0
normal,5,0.0,21,2649,166,0.0,0.0,0.01,1.0,0.0,255,0.01,0.0,0.0,0,SF,,0,0,0,0,0,1,0,0,0,0,0,0,0,tcp,0.0,0,1.0,,0.0,http,325,5,0.0,0.0,0.0,0,normal,0,0,0
normal,13,0.0,21,6914,255,0.0,0.0,0.0,1.0,0.0,255,0.0,0.0,0.0,0,SF,,0,0,0,0,0,1,0,0,0,0,0,0,0,tcp,0.0,0,1.0,,0.0,http,364,13,0.0,0.0,0.0,0,normal,0,0,0
normal,1,0.0,17,31623,77,0.04,0.0,0.01,0.25,0.21,20,0.1,0.0,0.8,10007,SF,,0,0,0,0,0,1,0,0,0,0,0,0,0,tcp,0.0,0,1.0,,0.0,telnet,615,1,0.0,0.0,0.0,0,normal,0,0,0
warezmaster,4,0.0,12,7500000,16,0.0,0.9,0.1,1.0,0.0,16,0.0,0.9,0.0,0,RSTO,1750431247.6254656,0,0,0,1,0,0,0,0,5,0,0,0,0,tcp,0.95,0,1.0,mal_7_0,0.0,ftp_data,0,3,0.0,1.0,0.0,0,r2l,0,0,1
warezclient,6,0.0,11,5300000,25,0.0,0.92,0.1,1.0,0.1,25,0.0,0.92,0.1,0,RSTO,1750431246.9513485,0,0,0,1,0,0,0,0,2,0,0,0,0,tcp,1.0,0,1.0,mal_2_4,0.1,ftp_data,0,6,0.0,1.0,0.1,0,r2l,0,0,1
normal,18,0.0,18,3500,45,0.0,0.0,0.0,1.0,0.0,45,0.0,0.0,0.0,8,SF,1750431456.9849734,0,0,0,0,0,1,0,0,0,0,0,0,0,tcp,0.0,0,1.0,ben_61_2,0.0,ftp_data,2000,20,0.0,0.0,0.0,0,normal,0,0,1
normal,242,0.0,18,67,255,0.01,0.0,0.0,1.0,0.0,254,0.0,0.0,0.0,0,SF,,0,0,0,0,0,0,0,0,0,0,0,0,0,udp,0.0,0,1.0,,0.0,domain_u,43,247,0.01,0.0,0.0,0,normal,0,0,0
normal,25,0.01,20,12000,220,0.02,0.0,0.0,0.97,0.0,210,0.02,0.0,0.0,12,SF,1750431511.1347692,0,0,0,0,0,1,0,0,0,0,0,0,0,tcp,0.0,0,0.98,ben_73_0,0.0,http,350,22,0.01,0.0,0.0,0,normal,0,0,1
normal,2,0.0,21,4505,37,0.0,0.0,0.03,1.0,0.0,255,0.03,0.0,0.0,0,SF,,0,0,0,0,0,1,0,0,0,0,0,0,0,tcp,0.0,0,1.0,,0.0,http,300,2,0.0,0.0,0.0,0,normal,0,0,0
loadmodule,2,0.0,15,900,6,0.0,0.0,1.0,1.0,0.0,6,0.1,0.0,0.0,0,SF,1750431247.6294646,2,0,0,1,0,1,1,2,0,0,0,1,0,tcp,0.0,1,1.0,mal_7_2,0.0,ftp_data,45,2,0.0,0.0,0.0,1,u2r,0,0,1
normal,22,0.0,18,5300,30,0.0,0.0,1.0,1.0,0.0,30,0.0,0.0,0.0,15,SF,1750431470.7754195,0,0,0,0,0,1,0,0,0,1,0,0,0,tcp,0.0,0,1.0,ben_70_2,0.0,ftp_data,450,20,0.0,0.0,0.0,0,normal,0,0,1
rootkit,2,0.0,16,300,3,0.0,0.0,0.5,1.0,0.0,3,0.0,0.0,0.0,0,SF,1750431372.17875,3,0,0,1,0,1,0,3,0,1,0,1,0,tcp,0.0,1,1.0,mal_37_1,0.0,telnet,80,2,0.0,0.0,0.0,0,u2r,0,0,1
normal,14,0.0,21,541,166,0.0,0.0,0.01,1.0,0.0,255,0.02,0.0,0.0,0,SF,,0,0,0,0,0,1,0,0,0,0,0,0,0,tcp,0.0,0,1.0,,0.0,http,306,14,0.0,0.0,0.0,0,normal,0,0,0
guess_passwd,2,0.0,11,15000,9,0.0,0.97,0.07,1.0,0.0,9,0.0,0.97,0.0,0,RSTO,1750431288.8591225,0,0,0,1,0,0,0,0,3,0,0,0,0,tcp,1.0,0,1.0,mal_15_1,0.0,telnet,15,2,0.0,1.0,0.0,0,r2l,0,0,1
warezclient,2,0.0,12,7250000,22,0.0,0.94,0.1,1.0,0.0,22,0.0,0.94,0.0,0,RSTO,1750431332.7287946,0,0,0,1,0,0,0,0,4,0,0,0,0,tcp,0.98,0,1.0,mal_30_0,0.0,ftp_data,0,2,0.0,0.97,0.0,0,r2l,0,0,1
normal,120,0.0,20,210,210,0.0,0.0,0.01,1.0,0.0,205,0.0,0.0,0.0,45,SF,1750431527.3891764,0,0,0,0,0,0,0,0,0,0,0,0,0,udp,0.0,0,1.0,ben_83_0,0.0,domain_u,85,110,0.01,0.0,0.0,0,normal,0,0,1
warezclient,4,0.0,12,10500,22,0.0,0.95,0.0,1.0,0.04,21,0.0,0.96,0.04,0,RSTO,1750431246.7555149,0,0,0,1,0,0,0,0,3,0,0,0,0,tcp,0.96,0,1.0,mal_5_0,0.04,ftp_data,0,5,0.0,0.97,0.03,0,r2l,0,0,1
normal,40,0.0,20,100,180,0.0,0.0,0.0,1.0,0.0,180,0.0,0.0,0.0,60,SF,1750431511.9460888,0,0,0,0,0,0,0,0,0,0,0,0,0,udp,0.0,0,1.0,ben_77_1,0.0,domain_u,35,50,0.05,0.0,0.0,0,normal,0,0,1
guess_passwd,2,0.0,12,12000,10,0.0,0.9,0.2,1.0,0.0,10,0.0,0.9,0.0,0,RSTO,1750431333.8250253,2,0,0,1,0,0,0,1,3,0,0,1,0,tcp,1.0,1,1.0,mal_32_1,0.0,telnet,15,2,0.0,1.0,0.0,0,r2l,0,0,1
guess_passwd,3,0.0,10,10500,14,0.0,0.99,0.0,1.0,0.01,14,0.0,0.99,0.01,0,RSTO,1750431332.7417946,0,0,0,1,0,0,0,0,2,0,0,0,0,tcp,1.0,0,1.0,mal_30_3,0.01,http,40,3,0.0,1.0,0.0,0,r2l,0,0,1
normal,18,0.0,18,1800,58,0.01,0.0,0.0,0.98,0.0,58,0.02,0.0,0.0,12,SF,1750431511.9580607,0,0,0,0,0,1,0,0,0,0,0,0,0,tcp,0.0,0,0.96,ben_77_2,0.0,ftp_data,3000,16,0.0,0.0,0.0,0,normal,0,0,1
normal,1,0.0,14,441,255,0.01,0.0,0.0,0.53,0.73,134,0.0,0.0,0.75,0,SF,,0,0,0,0,0,1,0,0,0,0,0,0,0,tcp,0.0,0,1.0,,0.0,smtp,1009,2,1.0,0.0,0.0,0,normal,0,0,0
loadmodule,2,0.0,14,7000,6,0.0,0.0,1.0,1.0,0.0,6,0.1,0.0,0.0,0,SF,1750431346.0448687,2,0,0,1,0,1,1,1,0,1,0,2,0,tcp,0.0,1,1.0,mal_35_2,0.0,ftp_data,0,2,0.0,0.0,0.0,1,u2r,0,0,1
guess_passwd,5,0.0,11,23000,14,0.0,0.95,0.05,1.0,0.0,14,0.0,0.95,0.0,1,SF,1750431247.6274712,0,0,0,1,0,0,0,0,3,0,0,0,0,tcp,0.98,0,1.0,mal_7_1,0.0,telnet,50,5,0.0,0.98,0.0,0,r2l,0,0,1
normal,3,0.0,18,188,255,0.0,0.0,0.0,1.0,0.0,255,0.0,0.0,0.0,0,SF,,0,0,0,0,0,1,0,0,0,0,0,0,0,tcp,0.0,0,1.0,,0.33,http,292,3,0.0,0.0,0.33,0,normal,0,0,0
warezmaster,5,0.0,12,7500000,30,0.0,0.96,0.15,1.0,0.01,30,0.0,0.96,0.01,0,RSTO,1750431375.0590396,0,0,0,1,0,0,0,0,4,0,0,0,0,tcp,0.97,0,1.0,mal_44_0,0.02,ftp_data,0,5,0.0,0.98,0.01,0,r2l,0,0,1
normal,16,0.0,21,2152,38,0.0,0.0,0.03,1.0,0.0,255,0.04,0.0,0.0,0,SF,,0,0,0,0,0,1,0,0,0,0,0,0,0,tcp,0.0,0,1.0,,0.0,http,192,17,0.12,0.0,0.0,0,normal,0,0,0
normal,1,0.0,17,141,1,0.0,0.0,1.0,1.0,0.0,9,0.22,0.0,0.0,0,SF,,0,0,0,0,0,0,0,0,0,0,0,0,0,tcp,0.0,0,1.0,,0.0,finger,7,1,0.0,0.0,0.0,0,normal,0,0,0
normal,2,0.0,21,13332,255,0.01,0.0,0.0,0.98,0.0,251,0.0,0.0,0.0,0,SF,,0,0,0,0,0,1,1,0,0,0,0,0,0,tcp,0.0,0,1.0,,0.0,http,194,2,0.0,0.0,0.0,0,normal,0,0,0
warezclient,5,0.0,12,7600000,22,0.0,0.94,0.05,1.0,0.01,22,0.0,0.95,0.0,0,RSTO,1750431288.6428483,0,0,0,1,0,0,0,0,4,0,0,0,0,tcp,0.96,0,1.0,mal_14_0,0.01,ftp_data,0,5,0.0,0.97,0.0,0,r2l,0,0,1
normal,211,0.0,18,75,255,0.0,0.0,0.01,1.0,0.0,255,0.0,0.0,0.0,0,SF,,0,0,0,0,0,0,0,0,0,0,0,0,0,udp,0.0,0,1.0,,0.0,domain_u,43,211,0.0,0.0,0.0,0,normal,0,0,0
guess_passwd,4,0.0,12,6500,10,0.0,0.9,0.07,1.0,0.0,10,0.0,0.9,0.0,0,RSTO,1750431246.9503171,0,0,0,1,0,0,0,0,3,0,0,0,0,tcp,0.93,0,1.0,mal_2_0,0.0,telnet,0,4,0.0,0.95,0.0,0,r2l,0,0,1
loadmodule,2,0.0,15,2100,6,0.0,0.0,1.0,1.0,0.0,6,0.17,0.0,0.0,1,SF,1750431332.4407454,2,0,0,1,0,1,0,2,0,0,0,1,0,tcp,0.0,1,1.0,mal_26_2,0.0,ftp_data,10,2,0.0,0.0,0.0,0,u2r,0,0,1
normal,16,0.0,18,4500,90,0.0,0.0,0.0,1.0,0.0,85,0.0,0.0,0.0,8,SF,1750431422.6102157,0,0,0,0,0,1,0,0,0,0,0,0,0,tcp,0.0,0,1.0,ben_57_2,0.0,ftp_data,3500,18,0.0,0.0,0.0,0,normal,0,0,1
normal,3,0.67,21,0,255,0.75,0.0,0.98,0.02,0.0,4,0.0,0.0,0.0,0,SF,,0,0,0,0,0,0,0,0,0,0,0,0,0,udp,0.0,0,0.33,,0.0,other,147,1,0.0,0.0,0.0,0,normal,0,0,0
normal,25,0.02,21,110,80,0.03,0.0,0.0,0.95,0.0,75,0.0,0.0,0.0,20,SF,1750431546.9176137,0,0,0,0,0,0,0,0,0,0,0,0,0,icmp,0.0,0,0.98,ben_89_3,0.0,ecr_i,120,30,0.0,0.0,0.0,0,normal,0,0,1
warezclient,6,0.0,11,5400000,22,0.0,0.96,0.12,1.0,0.05,22,0.0,0.97,0.05,4,RSTO,1750431332.8719292,0,0,0,1,0,0,0,0,5,0,0,0,0,tcp,0.99,0,1.0,mal_24_3,0.06,ftp_data,0,6,0.0,1.0,0.05,0,r2l,0,0,1
normal,2,1.0,19,0,255,0.01,0.0,0.12,0.02,0.0,5,0.0,0.0,0.0,0,SF,,0,0,0,0,0,0,0,0,0,0,0,0,0,icmp,0.0,0,0.5,,0.0,eco_i,30,1,0.0,0.0,0.0,0,normal,0,0,0
warezclient,4,0.0,12,7425000,25,0.0,0.93,0.15,1.0,0.1,25,0.0,0.93,0.1,0,RSTO,1750431247.3361273,0,0,0,1,0,0,0,0,3,0,0,0,0,tcp,0.95,0,1.0,mal_3_0,0.1,ftp_data,0,4,0.0,0.97,0.1,0,r2l,0,0,1
normal,130,0.0,20,180,245,0.0,0.0,0.0,0.99,0.0,240,0.0,0.0,0.0,5,SF,1750431419.0821257,0,0,0,0,0,0,0,0,0,0,0,0,0,udp,0.0,0,1.0,ben_53_1,0.0,domain_u,55,125,0.02,0.0,0.0,0,normal,0,0,1
normal,1,0.0,21,408,28,0.07,0.0,0.04,0.93,0.0,169,0.01,0.0,0.01,2,SF,,0,0,0,0,0,1,0,0,0,0,0,0,0,tcp,0.0,0,1.0,,0.0,smtp,1627,3,1.0,0.0,0.0,0,normal,0,0,0
guess_passwd,2,0.0,10,11000,10,0.0,0.95,0.0,1.0,0.0,10,0.0,0.95,0.0,0,RSTO,1750431247.6037085,0,0,0,1,0,0,0,0,2,0,0,0,0,tcp,1.0,0,1.0,mal_10_4,0.0,http,28,2,0.0,1.0,0.0,0,r2l,0,0,1
normal,14,0.0,21,1788,15,0.0,0.0,0.07,1.0,0.0,255,0.03,0.0,0.0,0,SF,,0,0,0,0,0,1,0,0,0,0,0,0,0,tcp,0.0,0,1.0,,0.0,http,221,14,0.0,0.0,0.0,0,normal,0,0,0
guess_passwd,4,0.0,11,18000,15,0.0,0.91,0.0,1.0,0.0,15,0.0,0.91,0.0,1,SF,1750431346.0398989,0,0,0,1,0,0,0,0,3,0,0,0,0,tcp,0.93,0,1.0,mal_35_1,0.0,telnet,25,4,0.0,0.94,0.0,0,r2l,0,0,1
guess_passwd,3,0.0,10,7800,18,0.0,0.92,0.0,1.0,0.02,18,0.0,0.93,0.02,0,RSTO,1750431246.7555149,0,0,0,1,0,0,0,0,2,0,0,0,0,tcp,0.95,0,1.0,mal_5_4,0.02,http,20,3,0.0,0.96,0.01,0,r2l,0,0,1
normal,2,0.0,21,12990,83,0.0,0.0,0.01,1.0,0.01,255,0.05,0.0,0.01,0,SF,,0,0,0,0,0,1,0,0,0,0,0,0,0,tcp,0.0,0,1.0,,0.0,http,154,2,0.0,0.0,0.0,0,normal,0,0,0
normal,1,0.0,20,36853,132,0.04,0.0,0.01,0.1,0.02,13,0.0,0.0,0.23,11460,SF,,1,0,0,0,0,1,0,0,0,17,0,0,0,tcp,0.0,0,1.0,,0.0,telnet,3227,1,0.0,0.0,0.0,0,normal,0,0,0
normal,22,0.02,19,450,40,0.0,0.0,0.03,0.99,0.0,40,0.0,0.0,0.0,15,SF,1750431418.875687,0,0,0,0,0,1,0,0,0,0,0,0,0,tcp,0.0,0,0.98,ben_51_3,0.0,telnet,150,20,0.0,0.0,0.0,0,normal,0,0,1
normal,16,0.0,18,2400,45,0.01,0.0,0.02,0.98,0.0,44,0.0,0.0,0.0,5,SF,1750431546.5354645,0,0,0,0,0,1,1,0,0,1,0,0,0,tcp,0.0,0,0.99,ben_87_2,0.0,ftp_data,1500,17,0.0,0.0,0.0,0,normal,0,0,1
normal,80,0.0,20,120,255,0.0,0.0,0.0,1.0,0.0,250,0.0,0.0,0.0,5,SF,1750431590.0181406,0,0,0,0,0,0,0,0,0,0,0,0,0,udp,0.0,0,1.0,ben_99_1,0.0,domain_u,35,90,0.02,0.0,0.0,0,normal,0,0,1
normal,33,0.0,21,2259,255,0.0,0.0,0.0,1.0,0.0,255,0.0,0.0,0.0,0,SF,,0,0,0,0,0,1,0,0,0,0,0,0,0,tcp,0.0,0,1.0,,0.0,http,265,37,0.11,0.0,0.0,0,normal,0,0,0
normal,2,0.0,20,0,68,0.04,0.0,0.22,0.22,0.01,43,0.05,0.0,0.0,0,SF,,0,0,0,0,0,0,0,0,0,0,0,0,0,tcp,0.0,0,1.0,,0.0,ftp_data,501760,2,0.0,0.0,0.0,0,normal,0,0,0
normal,17,0.0,21,1073,255,0.0,0.0,0.0,1.0,0.0,255,0.0,0.0,0.0,0,SF,,0,0,0,0,0,1,0,0,0,0,0,0,0,tcp,0.0,0,1.0,,0.0,http,256,25,0.16,0.0,0.0,0,normal,0,0,0
normal,12,0.0,21,471,255,0.0,0.0,0.0,1.0,0.0,255,0.0,0.0,0.0,0,SF,,0,0,0,0,0,1,0,0,0,0,0,0,0,tcp,0.0,0,1.0,,0.0,http,315,12,0.0,0.0,0.0,0,normal,0,0,0
normal,18,0.02,19,12500,240,0.01,0.0,0.0,0.98,0.0,235,0.01,0.0,0.0,12,SF,1750431419.075154,0,0,0,0,0,1,0,0,0,0,0,0,0,tcp,0.0,0,0.98,ben_53_0,0.0,http,350,20,0.0,0.0,0.0,0,normal,0,0,1
normal,150,0.0,20,180,230,0.0,0.0,0.0,1.0,0.0,230,0.0,0.0,0.0,40,SF,1750431420.9753406,0,0,0,0,0,0,0,0,0,0,0,0,0,udp,0.0,0,1.0,ben_56_1,0.0,domain_u,60,170,0.02,0.0,0.0,0,normal,0,0,1
normal,8,0.0,21,1448,167,0.0,0.0,0.01,1.0,0.0,255,0.02,0.0,0.0,0,SF,,0,0,0,0,0,1,0,0,0,0,0,0,0,tcp,0.0,0,1.0,,0.0,http,212,10,0.3,0.0,0.0,0,normal,0,0,0
normal,31,0.0,21,121,255,0.01,0.0,0.0,0.81,0.0,206,0.0,0.0,0.0,0,SF,,0,0,0,0,0,0,0,0,0,0,0,0,0,udp,0.0,0,1.0,,0.0,domain_u,43,31,0.0,0.0,0.0,0,normal,0,0,0
normal,18,0.0,18,230,60,0.0,0.0,0.0,1.0,0.0,60,0.0,0.0,0.0,8,SF,1750431546.5474648,0,0,0,0,0,1,0,0,0,0,0,0,0,tcp,0.0,0,1.0,ben_87_3,0.0,telnet,120,20,0.0,0.0,0.0,0,normal,0,0,1
rootkit,3,0.0,18,300,4,0.0,0.0,0.5,1.0,0.0,4,0.0,0.0,0.0,0,SF,1750431288.1754568,4,0,0,1,0,1,1,4,0,2,0,2,1,tcp,0.0,1,1.0,mal_13_2,0.0,telnet,150,3,0.0,0.0,0.0,1,u2r,0,0,1
normal,30,0.02,19,12500,200,0.02,0.0,0.0,0.97,0.0,195,0.01,0.0,0.0,15,SF,1750431524.9983187,0,0,0,0,0,1,0,0,0,0,0,0,0,tcp,0.0,0,0.98,ben_82_0,0.0,http,350,28,0.0,0.0,0.0,0,normal,0,0,1
normal,25,0.02,19,15000,240,0.01,0.0,0.0,0.97,0.0,230,0.01,0.0,0.0,15,SF,1750431513.1384385,0,0,0,0,0,1,0,0,0,0,0,0,0,tcp,0.0,0,0.98,ben_81_0,0.0,http,350,23,0.01,0.0,0.0,0,normal,0,0,1
normal,150,0.02,20,170,240,0.01,0.0,0.0,0.97,0.0,235,0.0,0.0,0.0,35,SF,1750431586.4225075,0,0,0,0,0,0,0,0,0,0,0,0,0,udp,0.0,0,0.98,ben_98_1,0.0,domain_u,45,190,0.01,0.0,0.0,0,normal,0,0,1
normal,22,0.02,19,3600,30,0.01,0.0,0.03,0.99,0.0,29,0.01,0.0,0.0,10,SF,1750431513.0263827,0,0,0,0,0,1,0,0,0,0,0,0,0,tcp,0.0,0,0.98,ben_80_2,0.0,ftp_data,450,25,0.01,0.0,0.0,0,normal,0,0,1
normal,30,0.0,19,60,60,0.0,0.0,0.0,1.0,0.0,60,0.0,0.0,0.0,15,SF,1750431457.7783375,0,0,0,0,0,0,0,0,0,0,0,0,0,icmp,0.0,0,1.0,ben_64_3,0.0,ecr_i,60,32,0.0,0.0,0.0,0,normal,0,0,1
guess_passwd,4,0.0,11,15000,20,0.0,0.92,0.05,1.0,0.0,20,0.0,0.92,0.0,0,SF,1750431247.19451,0,0,0,1,0,0,0,0,3,0,0,0,0,tcp,0.93,0,1.0,mal_6_1,0.0,telnet,40,4,0.0,0.94,0.0,0,r2l,0,0,1
normal,100,0.01,21,160,255,0.0,0.0,0.0,0.99,0.0,250,0.0,0.0,0.0,60,SF,1750431548.623175,0,0,0,0,0,0,0,0,0,0,0,0,0,udp,0.0,0,0.99,ben_92_4,0.0,domain_u,35,105,0.0,0.0,0.0,0,normal,0,0,1
guess_passwd,4,0.0,10,11200,11,0.0,0.99,0.04,1.0,0.0,11,0.0,0.99,0.0,0,RSTO,1750431247.3441262,0,0,0,1,0,0,0,0,3,0,0,0,0,tcp,1.0,0,1.0,mal_4_1,0.0,telnet,10,4,0.0,1.0,0.0,0,r2l,0,0,1
guess_passwd,2,0.0,10,12000,20,0.0,0.89,0.0,1.0,0.01,20,0.0,0.89,0.01,1,SF,1750431247.3231542,2,0,0,1,0,0,0,0,3,0,0,0,0,tcp,0.91,0,1.0,mal_1_1,0.01,telnet,40,2,0.0,0.92,0.0,0,r2l,0,0,1
normal,25,0.02,19,14200,210,0.01,0.01,0.0,0.97,0.0,200,0.0,0.01,0.0,15,SF,1750431589.884142,0,0,0,0,0,1,0,0,0,0,0,0,0,tcp,0.02,0,0.98,ben_97_0,0.0,http,350,22,0.0,0.01,0.0,0,normal,0,0,1
normal,8,0.0,21,1770,27,0.0,0.0,0.04,1.0,0.0,255,0.09,0.0,0.0,0,SF,,0,0,0,0,0,1,0,0,0,0,0,0,0,tcp,0.0,0,1.0,,0.0,http,326,15,0.13,0.0,0.0,0,normal,0,0,0
normal,2,0.0,21,146,255,0.01,0.0,0.01,0.91,0.0,233,0.0,0.0,0.0,9,SF,,0,0,0,0,0,0,0,0,0,0,0,0,0,udp,0.0,0,1.0,,0.0,private,105,2,0.0,0.0,0.0,0,normal,0,0,0
guess_passwd,4,0.0,13,7600,15,0.0,0.97,0.05,1.0,0.03,15,0.0,0.97,0.03,0,RSTO,1750431332.732794,0,0,0,1,0,0,0,0,3,0,0,0,0,tcp,0.99,0,1.0,mal_30_1,0.02,telnet,35,4,0.0,0.99,0.0,0,r2l,0,0,1
normal,2,0.0,18,0,4,0.0,0.5,0.5,1.0,0.25,255,0.04,0.02,0.02,0,S0,,0,0,0,0,0,0,0,0,0,0,0,0,0,tcp,0.0,0,1.0,,0.5,http,0,2,0.0,0.0,0.5,0,normal,0,0,0
guess_passwd,4,0.0,10,10200,14,0.0,0.94,0.06,1.0,0.02,14,0.0,0.95,0.01,0,RSTO,1750431373.3490362,0,0,0,1,0,0,0,0,3,0,0,0,0,tcp,0.96,0,1.0,mal_40_1,0.02,telnet,20,4,0.0,0.97,0.01,0,r2l,0,0,1
normal,8,0.0,21,531,255,0.0,0.01,0.0,1.0,0.0,255,0.0,0.01,0.0,0,SF,,0,0,0,0,0,1,0,0,0,0,0,0,0,tcp,0.0,0,1.0,,0.0,http,262,45,0.04,0.0,0.0,0,normal,0,0,0
normal,18,0.0,20,9500,220,0.01,0.0,0.0,0.98,0.0,210,0.01,0.0,0.0,9,SF,1750431511.1667976,0,0,0,0,0,1,0,0,0,0,0,0,0,tcp,0.0,0,0.99,ben_73_3,0.0,http,250,17,0.0,0.0,0.0,0,normal,0,0,1
normal,17,0.0,21,13936,51,0.0,0.0,0.02,1.0,0.02,255,0.05,0.0,0.0,0,SF,,0,0,0,0,0,1,0,0,0,0,0,0,0,tcp,0.0,0,1.0,,0.06,http,320,52,0.17,0.02,0.04,0,normal,0,0,0
guess_passwd,6,0.0,10,11000,18,0.0,0.96,0.2,1.0,0.0,18,0.0,0.95,0.0,0,RSTO,1750431288.9770677,0,0,0,1,0,0,0,0,4,0,0,0,0,tcp,0.97,0,1.0,mal_19_3,0.0,http,20,6,0.0,0.98,0.0,0,r2l,0,0,1
guess_passwd,3,0.0,10,13000,15,0.0,0.98,0.05,1.0,0.01,15,0.0,0.98,0.01,0,RSTO,1750431375.0760398,0,0,0,1,0,0,0,0,2,0,0,0,0,tcp,1.0,0,1.0,mal_44_2,0.01,http,20,3,0.0,1.0,0.0,0,r2l,0,0,1
normal,25,0.02,20,12500,200,0.01,0.0,0.0,0.99,0.0,198,0.01,0.0,0.0,15,SF,1750431510.9847777,0,0,1,0,0,1,0,0,0,0,0,0,0,tcp,0.0,0,0.98,ben_74_0,0.0,http,350,24,0.01,0.0,0.0,0,normal,0,0,1
guess_passwd,4,0.0,11,15000,22,0.0,0.9,0.1,1.0,0.0,22,0.0,0.9,0.0,1,SF,1750431375.0650299,0,0,0,1,0,0,0,0,3,0,0,0,0,tcp,0.95,0,1.0,mal_44_1,0.0,telnet,45,4,0.0,0.94,0.0,0,r2l,0,0,1
guess_passwd,4,0.0,13,16000,15,0.0,0.97,0.1,1.0,0.02,15,0.0,0.97,0.02,0,RSTO,1750431391.7913172,0,0,0,1,0,0,0,0,5,0,0,0,0,tcp,1.0,0,1.0,mal_42_1,0.02,telnet,20,4,0.0,1.0,0.0,0,r2l,0,0,1
guess_passwd,3,0.0,11,11000,15,0.0,0.9,0.0,1.0,0.0,15,0.0,0.91,0.0,0,SF,1750431247.3311517,0,0,0,1,0,0,0,0,2,0,0,0,0,tcp,0.93,0,1.0,mal_9_1,0.0,telnet,34,3,0.0,0.94,0.0,0,r2l,0,0,1
normal,11,0.0,21,397,255,0.0,0.0,0.0,1.0,0.0,255,0.0,0.0,0.0,0,SF,,0,0,0,0,0,1,0,0,0,0,0,0,0,tcp,0.0,0,1.0,,0.0,http,226,11,0.0,0.0,0.0,0,normal,0,0,0
rootkit,3,0.0,17,180,4,0.0,0.0,0.6,1.0,0.0,4,0.0,0.0,0.0,0,SF,1750431387.2258568,3,0,0,1,0,1,0,3,0,1,0,2,0,tcp,0.0,1,1.0,mal_47_3,0.0,telnet,95,3,0.0,0.0,0.0,1,u2r,0,0,1
normal,10,0.0,21,568,55,0.0,0.0,0.02,1.0,0.0,255,0.06,0.0,0.01,0,SF,,0,0,0,0,0,1,0,0,0,0,0,0,0,tcp,0.0,0,1.0,,0.0,http,310,12,0.17,0.0,0.0,0,normal,0,0,0
phf,6,0.0,9,9500,30,0.0,0.97,0.0,1.0,0.0,30,0.0,0.96,0.0,0,RSTO,1750431332.447714,0,0,0,1,0,0,0,0,2,0,0,0,0,tcp,0.99,0,1.0,mal_26_3,0.0,http,40,6,0.0,0.98,0.0,0,r2l,0,0,1
normal,45,0.04,19,85,180,0.01,0.0,0.0,0.97,0.0,175,0.0,0.0,0.0,35,SF,1750431548.6912048,0,0,0,0,0,0,0,0,0,0,0,0,0,udp,0.0,0,0.96,ben_93_4,0.0,domain_u,50,49,0.01,0.0,0.0,0,normal,0,0,1
normal,30,0.06,18,6200,55,0.02,0.01,0.02,0.93,0.0,52,0.01,0.0,0.0,18,SF,1750431586.4365077,0,0,0,0,0,1,0,0,0,0,0,0,0,tcp,0.01,0,0.94,ben_98_2,0.0,ftp_data,540,28,0.0,0.0,0.0,0,normal,0,0,1
normal,1,0.0,21,332,57,0.04,0.0,0.02,0.6,0.0,76,0.03,0.0,0.0,4,SF,,0,0,0,0,0,1,0,0,0,0,0,0,0,tcp,0.0,0,1.0,,0.0,smtp,1982,2,1.0,0.0,0.0,0,normal,0,0,0
normal,22,0.05,19,4900,240,0.01,0.0,0.0,0.98,0.0,230,0.0,0.0,0.0,18,SF,1750431511.9340892,0,0,0,0,0,1,0,0,0,0,0,0,0,tcp,0.0,0,0.95,ben_77_0,0.0,http,560,20,0.02,0.0,0.0,0,normal,0,0,1
guess_passwd,4,0.0,13,12800,20,0.0,0.95,0.05,1.0,0.0,20,0.0,0.95,0.0,0,RSTO,1750431374.1383357,0,0,0,1,0,0,0,0,3,0,0,0,0,tcp,0.99,0,1.0,mal_39_1,0.0,telnet,12,4,0.0,0.97,0.0,0,r2l,0,0,1
normal,14,0.0,21,6534,255,0.0,0.0,0.0,1.0,0.0,255,0.0,0.0,0.0,0,SF,,0,0,0,0,0,1,0,0,0,0,0,0,0,tcp,0.0,0,1.0,,0.0,http,319,15,0.13,0.0,0.0,0,normal,0,0,0
normal,12,0.0,21,1170,38,0.0,0.0,0.03,1.0,0.0,255,0.04,0.0,0.0,0,SF,,0,0,0,0,0,1,0,0,0,0,0,0,0,tcp,0.0,0,1.0,,0.0,http,310,12,0.0,0.0,0.0,0,normal,0,0,0
normal,22,0.03,19,4800,150,0.02,0.0,0.0,0.96,0.0,140,0.0,0.0,0.0,9,SF,1750431546.9296117,0,0,0,0,0,1,0,0,0,0,0,0,0,tcp,0.0,0,0.97,ben_89_4,0.0,smtp,220,20,0.0,0.0,0.0,0,normal,0,0,1
normal,226,0.0,18,130,255,0.01,0.0,0.0,0.99,0.0,253,0.0,0.0,0.0,0,SF,,0,0,0,0,0,0,0,0,0,0,0,0,0,udp,0.0,0,1.0,,0.0,domain_u,45,302,0.01,0.0,0.0,0,normal,0,0,0
normal,15,0.0,20,4500,60,0.0,0.0,0.0,1.0,0.0,60,0.0,0.0,0.0,8,SF,1750431546.3779702,0,0,0,0,0,1,0,0,0,0,0,0,0,tcp,0.0,0,1.0,ben_85_2,0.0,ftp_data,3000,18,0.0,0.0,0.0,0,normal,0,0,1
loadmodule,3,0.0,15,4000,5,0.0,0.0,1.0,1.0,0.0,5,0.1,0.0,0.0,1,SF,1750431332.421744,2,0,0,1,0,1,0,2,0,0,0,2,0,tcp,0.0,1,1.0,mal_25_2,0.0,ftp_data,0,3,0.0,0.0,0.0,0,u2r,0,0,1
normal,1,0.0,21,0,242,0.03,0.0,0.28,0.29,0.0,69,0.0,0.0,0.0,0,SF,,0,0,0,0,0,1,0,0,0,0,0,6,0,tcp,0.0,0,1.0,,0.0,ftp_data,567,1,0.0,0.0,0.0,0,normal,0,0,0
normal,35,0.0,21,2851,255,0.0,0.0,0.0,1.0,0.0,255,0.0,0.0,0.0,0,SF,,0,0,0,0,0,1,0,0,0,0,0,0,0,tcp,0.0,0,1.0,,0.0,http,342,38,0.05,0.0,0.0,0,normal,0,0,0
normal,22,0.01,18,3200,60,0.0,0.0,0.0,1.0,0.0,60,0.0,0.0,0.0,8,SF,1750431457.1035407,0,0,0,0,0,1,0,0,0,0,0,0,0,tcp,0.0,0,0.98,ben_62_2,0.0,ftp_data,1500,25,0.0,0.0,0.0,0,normal,0,0,1
phf,5,0.0,7,8500,22,0.0,0.91,0.05,0.98,0.0,22,0.0,0.91,0.0,2,RSTO,1750431375.8222961,0,0,0,1,0,0,0,0,2,0,0,0,0,tcp,0.93,0,1.0,mal_45_2,0.0,http,25,5,0.0,0.92,0.0,0,r2l,0,0,1
normal,85,0.01,20,150,200,0.0,0.0,0.0,0.99,0.0,195,0.0,0.0,0.0,45,SF,1750431511.9800882,0,0,0,0,0,0,0,0,0,0,0,0,0,udp,0.0,0,0.99,ben_77_4,0.0,domain_u,50,90,0.03,0.0,0.0,0,normal,0,0,1
normal,70,0.08,21,110,200,0.05,0.0,0.0,0.9,0.0,180,0.02,0.0,0.0,60,SF,1750431513.1854367,0,0,0,0,0,0,0,0,0,0,0,0,0,udp,0.0,0,0.92,ben_81_4,0.0,domain_u,30,85,0.03,0.0,0.0,0,normal,0,0,1
normal,15,0.04,18,3600,40,0.02,0.0,0.0,0.96,0.0,38,0.0,0.0,0.0,8,SF,1750431527.4011757,0,0,0,0,0,1,0,0,0,0,0,0,0,tcp,0.0,0,0.95,ben_83_1,0.0,ftp_data,1200,17,0.01,0.0,0.0,0,normal,0,0,1
normal,15,0.01,20,4500,90,0.0,0.0,0.0,0.99,0.0,90,0.0,0.0,0.0,20,SF,1750431511.6683135,0,0,0,0,0,1,1,0,0,1,0,0,0,tcp,0.0,0,0.99,ben_76_2,0.0,ftp_data,512,18,0.0,0.0,0.0,0,normal,0,0,1
loadmodule,2,0.0,14,2900,6,0.0,0.0,1.0,1.0,0.0,6,0.15,0.0,0.0,1,SF,1750431247.600708,2,0,0,1,0,1,0,1,0,0,0,1,0,tcp,0.0,1,1.0,mal_10_2,0.0,ftp_data,0,2,0.0,0.0,0.0,0,u2r,0,0,1
normal,22,0.0,18,2048,45,0.0,0.0,0.05,1.0,0.0,45,0.0,0.0,0.0,8,SF,1750431431.6485713,0,0,0,0,0,1,0,0,0,0,0,0,0,tcp,0.0,0,1.0,ben_58_2,0.0,ftp_data,1024,20,0.0,0.0,0.0,0,normal,0,0,1
normal,1,0.0,21,0,9,0.0,1.0,0.11,1.0,0.0,255,0.05,0.29,0.0,0,REJ,,0,0,0,0,0,0,0,0,0,0,0,0,0,tcp,1.0,0,1.0,,0.0,http,0,1,0.0,1.0,0.0,0,normal,0,0,0
guess_passwd,4,0.0,11,18000,20,0.0,0.9,0.05,1.0,0.0,20,0.0,0.91,0.0,1,SF,1750431288.5968618,0,0,0,1,0,0,0,0,3,0,0,0,0,tcp,0.93,0,1.0,mal_22_1,0.0,telnet,20,4,0.0,0.95,0.0,0,r2l,0,0,1
normal,14,0.01,18,5200,53,0.0,0.01,0.0,1.0,0.0,55,0.0,0.0,0.0,10,SF,1750431589.9131405,0,0,0,0,0,1,0,0,0,0,0,0,0,tcp,0.01,0,0.99,ben_97_2,0.0,ftp_data,850,16,0.0,0.0,0.0,0,normal,0,0,1
normal,25,0.0,19,8700,230,0.01,0.0,0.0,0.99,0.0,225,0.0,0.0,0.0,12,SF,1750431470.754411,0,0,0,0,0,1,0,0,0,0,0,0,0,tcp,0.01,0,1.0,ben_70_0,0.0,http,350,20,0.0,0.01,0.0,0,normal,0,0,1
normal,1,0.0,21,0,48,0.0,1.0,0.02,1.0,0.0,201,0.12,0.91,0.0,0,REJ,,0,0,0,0,0,0,0,0,0,0,0,0,0,tcp,1.0,0,1.0,,0.0,http,0,2,1.0,1.0,0.0,0,normal,0,0,0
phf,4,0.0,9,9500,28,0.0,0.88,0.0,1.0,0.02,28,0.0,0.88,0.02,0,RSTO,1750431288.852153,0,0,0,1,0,0,0,0,1,0,0,0,0,tcp,0.91,0,1.0,mal_21_4,0.03,http,15,4,0.0,0.9,0.02,0,r2l,0,0,1
normal,1,0.0,21,24556,255,0.02,0.0,0.0,0.24,0.0,61,0.0,0.0,0.0,11,SF,,0,0,0,0,0,1,0,0,0,0,0,0,0,tcp,0.0,0,1.0,,0.0,telnet,306,1,0.0,0.0,0.0,0,normal,0,0,0
normal,2,0.0,21,2769,255,0.0,0.0,0.0,1.0,0.0,255,0.0,0.0,0.0,0,SF,,0,0,0,0,0,1,0,0,0,0,0,0,0,tcp,0.0,0,1.0,,0.0,http,207,2,0.0,0.0,0.0,0,normal,0,0,0
guess_passwd,3,0.0,10,9000,18,0.0,0.95,0.0,1.0,0.0,18,0.0,0.96,0.0,0,RSTO,1750431372.8795862,0,0,0,1,0,0,0,0,2,0,0,0,0,tcp,1.0,0,1.0,mal_41_2,0.0,http,10,3,0.0,1.0,0.0,0,r2l,0,0,1
normal,33,0.0,21,73,97,0.02,0.0,0.01,0.81,0.0,79,0.0,0.0,0.0,0,SF,,0,0,0,0,0,0,0,0,0,0,0,0,0,udp,0.0,0,1.0,,0.0,domain_u,44,33,0.0,0.0,0.0,0,normal,0,0,0
normal,1,0.0,21,326,179,0.02,0.0,0.01,0.67,0.0,154,0.01,0.0,0.0,0,SF,,0,0,0,0,0,1,0,0,0,0,0,0,0,tcp,0.0,0,1.0,,0.0,smtp,888,1,0.0,0.0,0.0,0,normal,0,0,0
normal,2,0.0,20,1724,10,0.3,0.0,0.1,0.2,0.0,2,0.0,0.0,0.0,0,SF,,0,0,0,0,0,1,0,0,0,0,0,0,0,tcp,0.0,0,1.0,,0.0,http,181,2,0.0,0.0,0.0,0,normal,0,0,0
normal,80,0.0,20,200,255,0.0,0.0,0.0,1.0,0.0,255,0.0,0.0,0.0,45,SF,1750431513.1504362,0,0,0,0,0,0,0,0,0,0,0,0,0,udp,0.0,0,1.0,ben_81_1,0.0,domain_u,60,120,0.01,0.0,0.0,0,normal,0,0,1
normal,15,0.0,21,7653,255,0.0,0.0,0.0,1.0,0.0,255,0.0,0.0,0.0,0,SF,,0,0,0,0,0,1,0,0,0,0,0,0,0,tcp,0.0,0,1.0,,0.07,http,368,15,0.0,0.0,0.07,0,normal,0,0,0
normal,1,0.0,20,0,61,0.05,0.0,0.2,0.2,0.0,12,0.0,0.0,0.0,0,SF,,0,0,0,0,0,0,0,0,0,0,0,0,0,tcp,0.0,0,1.0,,0.0,ftp_data,383,1,0.0,0.0,0.0,0,normal,0,0,0
normal,130,0.01,19,150,210,0.0,0.0,0.0,1.0,0.0,210,0.0,0.0,0.0,45,SF,1750431546.8930714,0,0,0,0,0,0,0,0,0,0,0,0,0,udp,0.0,0,0.99,ben_89_1,0.0,domain_u,60,170,0.01,0.0,0.0,0,normal,0,0,1
normal,1,0.0,21,0,4,0.0,1.0,0.25,1.0,0.0,141,0.04,0.99,0.01,0,REJ,,0,0,0,0,0,0,0,0,0,0,0,0,0,tcp,1.0,0,1.0,,0.0,http,0,2,1.0,1.0,0.0,0,normal,0,0,0
normal,4,0.0,21,114,255,0.01,0.0,0.01,0.92,0.0,235,0.0,0.0,0.0,0,SF,,0,0,0,0,0,0,0,0,0,0,0,0,0,udp,0.0,0,1.0,,0.0,domain_u,45,11,0.27,0.0,0.0,0,normal,0,0,0
normal,4,0.0,21,9472,55,0.0,0.0,0.02,1.0,0.0,255,0.02,0.0,0.0,0,SF,,0,0,0,0,0,1,0,0,0,0,0,0,0,tcp,0.0,0,1.0,,0.0,http,289,4,0.0,0.0,0.0,0,normal,0,0,0
normal,150,0.0,20,140,255,0.0,0.0,0.0,1.0,0.0,255,0.0,0.0,0.0,60,SF,1750431588.2654526,0,0,0,0,0,0,0,0,0,0,0,0,0,udp,0.0,0,1.0,ben_96_1,0.0,domain_u,60,190,0.02,0.0,0.0,0,normal,0,0,1
normal,13,0.0,21,786,255,0.0,0.0,0.0,1.0,0.0,255,0.0,0.0,0.0,0,SF,,0,0,0,0,0,1,0,0,0,0,0,0,0,tcp,0.0,0,1.0,,0.0,http,341,13,0.0,0.0,0.0,0,normal,0,0,0
normal,35,0.05,20,480,130,0.05,0.0,0.0,0.95,0.0,125,0.01,0.0,0.0,15,SF,1750431422.6182153,0,0,0,0,0,1,0,0,0,1,0,0,0,tcp,0.0,0,0.95,ben_57_3,0.0,telnet,400,30,0.02,0.0,0.0,0,normal,0,0,1
normal,10,0.0,21,2189,221,0.0,0.0,0.0,1.0,0.0,255,0.01,0.0,0.0,0,SF,,0,0,0,0,0,1,0,0,0,0,0,0,0,tcp,0.0,0,1.0,,0.0,http,249,10,0.0,0.0,0.0,0,normal,0,0,0
normal,5,0.6,21,105,255,0.85,0.0,1.0,0.0,0.0,1,0.0,0.0,0.0,7783,SF,,0,0,0,0,0,0,0,0,0,0,0,0,0,udp,0.0,0,0.2,,0.0,other,147,1,0.0,0.0,0.0,0,normal,0,0,0
normal,1,0.0,21,0,167,0.02,0.05,0.01,0.69,0.0,149,0.01,0.05,0.0,0,RSTO,,0,0,0,0,0,0,0,0,0,0,0,0,0,tcp,1.0,0,1.0,,0.0,smtp,0,1,0.0,1.0,0.0,0,normal,0,0,0
normal,3,0.0,21,468,58,0.0,0.02,0.02,1.0,0.0,255,0.01,0.0,0.01,0,SF,,0,0,0,0,0,1,0,0,0,0,0,0,0,tcp,0.0,0,1.0,,0.0,http,289,4,0.5,0.0,0.0,0,normal,0,0,0
normal,40,0.03,18,3800,50,0.05,0.0,0.0,0.95,0.0,48,0.0,0.0,0.0,25,SF,1750431511.2137973,0,0,0,0,0,1,0,0,0,0,0,0,0,tcp,0.0,0,0.97,ben_75_2,0.0,ftp_data,4000,45,0.02,0.0,0.0,0,normal,0,0,1
normal,1,0.0,17,0,56,0.0,0.0,1.0,1.0,0.0,131,0.3,0.0,0.0,0,SF,,0,0,0,0,0,0,0,0,0,0,0,0,0,icmp,0.0,0,1.0,,0.0,eco_i,30,1,0.0,0.0,0.0,0,normal,0,0,0
normal,25,0.02,18,4500,150,0.02,0.0,0.0,0.97,0.0,140,0.03,0.0,0.0,12,SF,1750431457.6619112,0,0,0,0,0,1,0,0,0,0,0,0,0,tcp,0.0,0,0.98,ben_66_0,0.0,http,350,30,0.01,0.0,0.0,0,normal,0,0,1
guess_passwd,3,0.0,10,6000,17,0.0,0.92,0.02,1.0,0.01,17,0.0,0.92,0.01,0,RSTO,1750431374.976394,0,0,0,1,0,0,0,0,2,0,0,0,0,tcp,0.93,0,1.0,mal_43_2,0.01,http,20,3,0.0,0.94,0.0,0,r2l,0,0,1
normal,1,0.0,21,443,137,0.0,0.01,0.01,1.0,0.01,137,0.0,0.01,0.01,0,SF,,0,0,0,0,0,1,0,0,0,0,0,0,0,tcp,0.0,0,1.0,,0.0,http,155,6,0.5,0.0,0.17,0,normal,0,0,0
rootkit,2,0.0,17,220,3,0.0,0.0,0.3,1.0,0.0,3,0.0,0.0,0.0,0,SF,1750431375.2535756,3,0,0,1,0,1,1,4,0,1,0,2,0,tcp,0.0,1,1.0,mal_46_3,0.0,telnet,80,2,0.0,0.0,0.0,1,u2r,0,0,1
normal,7,0.0,21,3952,7,0.0,0.0,0.14,1.0,0.0,255,0.03,0.0,0.0,0,SF,,0,0,0,0,0,1,0,0,0,0,0,0,0,tcp,0.0,0,1.0,,0.0,http,237,7,0.0,0.0,0.0,0,normal,0,0,0
normal,7,0.29,18,147,255,0.01,0.0,0.0,0.98,0.0,249,0.0,0.0,0.0,0,SF,,0,0,0,0,0,0,0,0,0,0,0,0,0,udp,0.0,0,0.14,,0.0,private,105,1,0.0,0.0,0.0,0,normal,0,0,0
normal,1,0.0,21,332,255,0.03,0.0,0.0,0.28,0.0,72,0.0,0.0,0.01,2,SF,,0,0,0,0,0,1,0,0,0,0,0,0,0,tcp,0.0,0,1.0,,0.0,smtp,1915,2,1.0,0.0,0.0,0,normal,0,0,0
normal,21,0.0,21,865,26,0.0,0.0,0.04,1.0,0.0,255,0.03,0.0,0.0,0,SF,,0,0,0,0,0,1,0,0,0,0,0,0,0,tcp,0.0,0,1.0,,0.0,http,214,21,0.0,0.0,0.0,0,normal,0,0,0
normal,128,0.02,18,131,255,0.02,0.0,0.01,0.85,0.0,218,0.0,0.0,0.0,0,SF,,0,0,0,0,0,0,0,0,0,0,0,0,0,udp,0.0,0,0.99,,0.0,domain_u,45,194,0.01,0.0,0.0,0,normal,0,0,0
normal,21,0.0,20,0,255,0.03,0.0,0.44,0.44,0.0,112,0.0,0.0,0.0,0,SF,,0,0,0,0,0,0,0,0,0,0,0,0,0,tcp,0.0,0,1.0,,0.0,ftp_data,4539,21,0.0,0.0,0.0,0,normal,0,0,0
guess_passwd,5,0.0,11,15000,15,0.0,0.9,0.1,1.0,0.0,15,0.0,0.9,0.0,1,SF,1750431247.3371263,0,0,0,1,0,0,0,0,4,0,0,0,0,tcp,0.98,0,1.0,mal_3_1,0.0,telnet,10,5,0.0,0.99,0.0,0,r2l,0,0,1
normal,4,0.0,21,11333,10,0.0,0.0,0.1,1.0,0.0,255,0.04,0.0,0.0,0,SF,,0,0,0,0,0,1,0,0,0,0,0,0,0,tcp,0.0,0,1.0,,0.0,http,226,4,0.0,0.0,0.0,0,normal,0,0,0
normal,120,0.0,19,120,255,0.0,0.0,0.0,1.0,0.0,255,0.0,0.0,0.0,40,SF,1750431548.6512072,0,0,0,0,0,0,0,0,0,0,0,0,0,udp,0.0,0,1.0,ben_93_1,0.0,domain_u,80,150,0.01,0.0,0.0,0,normal,0,0,1
normal,35,0.0,21,1965,255,0.0,0.0,0.0,1.0,0.0,255,0.0,0.0,0.0,0,SF,,0,0,0,0,0,1,0,0,0,0,0,0,0,tcp,0.0,0,1.0,,0.0,http,209,35,0.0,0.0,0.0,0,normal,0,0,0
normal,4,0.0,21,1630,255,0.0,0.0,0.0,1.0,0.0,255,0.0,0.0,0.0,0,SF,,0,0,0,0,0,1,0,0,0,0,0,0,0,tcp,0.0,0,1.0,,0.0,http,210,42,0.05,0.0,0.0,0,normal,0,0,0
normal,40,0.05,18,210,100,0.02,0.0,0.0,0.96,0.0,98,0.0,0.0,0.0,12,SF,1750431589.9401405,0,0,0,0,0,0,0,0,0,0,0,0,0,icmp,0.0,0,0.95,ben_97_4,0.0,ecr_i,80,42,0.0,0.0,0.0,0,normal,0,0,1
warezmaster,5,0.0,12,6500000,15,0.0,0.96,0.07,1.0,0.03,15,0.0,0.95,0.03,0,RSTO,1750431372.867585,0,0,0,1,0,0,0,0,4,0,0,0,0,tcp,0.97,0,1.0,mal_41_0,0.03,ftp_data,0,5,0.0,0.98,0.02,0,r2l,0,0,1
warezmaster,3,0.0,12,7500000,22,0.0,0.93,0.12,1.0,0.0,22,0.0,0.94,0.0,0,RSTO,1750431391.7843177,0,0,0,1,0,0,0,0,4,0,0,0,0,tcp,0.95,0,1.0,mal_42_0,0.0,ftp_data,0,3,0.0,0.96,0.0,0,r2l,0,0,1
normal,9,0.0,21,11406,252,0.0,0.0,0.0,1.0,0.0,255,0.01,0.0,0.0,0,SF,,0,0,0,0,0,1,0,0,0,0,0,0,0,tcp,0.0,0,1.0,,0.0,http,288,9,0.0,0.0,0.0,0,normal,0,0,0
normal,110,0.03,21,220,230,0.0,0.0,0.0,0.97,0.0,230,0.01,0.0,0.0,60,SF,1750431420.9543395,0,0,0,0,0,0,0,0,0,0,0,0,0,udp,0.0,0,0.97,ben_54_4,0.0,domain_u,90,130,0.02,0.0,0.0,0,normal,0,0,1
normal,2,0.0,21,944,68,0.0,0.0,0.01,1.0,0.0,255,0.01,0.0,0.0,0,SF,,0,0,0,0,0,1,0,0,0,0,0,0,0,tcp,0.0,0,1.0,,0.0,http,216,2,0.0,0.0,0.0,0,normal,0,0,0
normal,50,0.05,18,95,100,0.1,0.0,0.0,0.9,0.0,95,0.01,0.0,0.0,18,SF,1750431470.794419,0,0,0,0,0,0,0,0,0,0,0,0,0,icmp,0.0,0,0.95,ben_70_4,0.0,ecr_i,80,48,0.0,0.0,0.0,0,normal,0,0,1
normal,1,0.0,21,404,25,0.12,0.04,0.04,0.72,0.0,179,0.02,0.0,0.01,0,SF,,0,0,0,0,0,1,0,0,0,0,0,0,0,tcp,0.0,0,1.0,,0.0,smtp,1235,4,1.0,0.0,0.0,0,normal,0,0,0
normal,31,0.06,18,0,255,0.01,0.0,0.07,0.07,0.0,19,0.0,0.0,0.0,0,SF,,0,0,0,0,0,0,0,0,0,0,0,0,0,icmp,0.0,0,0.03,,0.0,urp_i,78,1,0.0,0.0,0.0,0,normal,0,0,0
guess_passwd,4,0.0,10,16000,23,0.0,0.9,0.05,1.0,0.0,23,0.0,0.9,0.0,0,RSTO,1750431288.6720164,0,0,0,1,0,0,0,0,3,0,0,0,0,tcp,0.93,0,1.0,mal_18_2,0.0,http,18,4,0.0,0.94,0.0,0,r2l,0,0,1
normal,18,0.02,19,4200,210,0.01,0.0,0.0,0.98,0.0,205,0.0,0.0,0.0,15,SF,1750431457.1315713,0,0,0,0,0,1,0,0,0,0,0,0,0,tcp,0.0,0,0.97,ben_63_0,0.0,http,350,17,0.01,0.0,0.0,0,normal,0,0,1
normal,22,0.12,19,480,50,0.04,0.0,0.05,0.94,0.0,48,0.03,0.0,0.0,15,SF,1750431547.3478584,0,0,0,0,0,1,0,0,0,1,0,0,0,tcp,0.0,0,0.87,ben_90_3,0.0,telnet,260,20,0.1,0.0,0.0,0,normal,0,0,1
normal,24,0.0,21,471,51,0.0,0.0,0.02,1.0,0.0,255,0.03,0.0,0.0,0,SF,,0,0,0,0,0,1,0,0,0,0,0,0,0,tcp,0.0,0,1.0,,0.0,http,295,24,0.0,0.0,0.0,0,normal,0,0,0
normal,1,0.0,21,326,2,0.0,0.0,0.5,1.0,0.0,131,0.02,0.0,0.0,0,SF,,0,0,0,0,0,1,0,0,0,0,0,0,0,tcp,0.0,0,1.0,,0.0,smtp,1079,1,0.0,0.0,0.0,0,normal,0,0,0
normal,5,0.0,21,4290,5,0.0,0.0,0.2,1.0,0.0,255,0.03,0.0,0.0,0,SF,,0,0,0,0,0,1,0,0,0,0,0,0,0,tcp,0.0,0,1.0,,0.0,http,217,5,0.0,0.0,0.0,0,normal,0,0,0
rootkit,3,0.0,16,210,4,0.0,0.0,0.4,1.0,0.0,4,0.0,0.0,0.0,0,SF,1750431288.8621225,3,0,0,1,0,1,0,3,0,1,0,2,0,tcp,0.0,1,1.0,mal_15_2,0.0,telnet,90,3,0.0,0.0,0.0,0,u2r,0,0,1
rootkit,3,0.0,16,350,5,0.0,0.0,0.4,1.0,0.0,5,0.0,0.0,0.0,0,SF,1750431288.6740446,3,0,0,1,0,1,0,2,0,0,0,1,0,tcp,0.0,1,1.0,mal_18_3,0.0,telnet,60,3,0.0,0.0,0.0,1,u2r,0,0,1
normal,9,0.0,21,526,255,0.0,0.0,0.0,1.0,0.0,255,0.0,0.0,0.0,0,SF,,0,0,0,0,0,1,0,0,0,0,0,0,0,tcp,0.0,0,1.0,,0.0,http,209,9,0.0,0.0,0.0,0,normal,0,0,0
normal,18,0.0,18,4200,45,0.0,0.0,0.95,1.0,0.0,45,0.0,0.0,0.0,7,SF,1750431547.0424056,0,0,0,0,0,1,0,0,0,0,0,0,0,tcp,0.0,0,1.0,ben_88_2,0.0,ftp_data,500,20,0.0,0.0,0.0,0,normal,0,0,1
normal,5,0.4,15,0,102,0.05,0.0,0.02,0.35,0.01,100,0.02,0.0,0.01,0,S0,,0,0,0,0,0,0,0,0,0,0,0,0,0,tcp,0.0,0,0.4,,0.2,smtp,0,2,0.0,0.0,0.5,0,normal,0,0,0
normal,25,0.0,18,3200,80,0.0,0.0,0.0,1.0,0.0,80,0.0,0.0,0.0,12,SF,1750431525.0223162,0,0,0,0,0,1,0,0,0,0,0,0,0,tcp,0.0,0,1.0,ben_82_2,0.0,ftp_data,400,22,0.0,0.0,0.0,0,normal,0,0,1
warezmaster,4,0.0,12,7800000,22,0.0,0.94,0.08,1.0,0.03,22,0.0,0.95,0.03,0,RSTO,1750431247.330128,0,0,0,1,0,0,0,0,3,0,0,0,0,tcp,0.95,0,1.0,mal_9_0,0.03,ftp_data,0,4,0.0,0.97,0.0,0,r2l,0,0,1
normal,67,0.0,20,135,255,0.0,0.0,0.0,1.0,0.0,255,0.0,0.0,0.0,0,SF,,0,0,0,0,0,0,0,0,0,0,0,0,0,udp,0.0,0,1.0,,0.0,domain_u,44,147,0.01,0.0,0.0,0,normal,0,0,0
normal,22,0.0,20,1200,70,0.0,0.0,0.0,1.0,0.0,70,0.0,0.0,0.0,20,SF,1750431456.9929738,0,0,0,0,0,1,0,0,0,0,0,0,0,tcp,0.0,0,1.0,ben_61_3,0.0,smtp,800,22,0.0,0.0,0.0,0,normal,0,0,1
normal,21,0.0,21,14953,255,0.0,0.0,0.0,1.0,0.0,255,0.0,0.0,0.0,0,SF,,0,0,0,0,0,1,0,0,0,0,0,0,0,tcp,0.0,0,1.0,,0.0,http,376,21,0.0,0.0,0.0,0,normal,0,0,0
normal,1,0.0,20,325,255,0.02,0.0,0.0,0.78,0.0,200,0.0,0.0,0.0,0,SF,,0,0,0,0,0,1,0,0,0,0,0,0,0,tcp,0.0,0,1.0,,0.0,smtp,2483,1,0.0,0.0,0.0,0,normal,0,0,0
normal,20,0.01,21,800,45,0.0,0.0,0.02,0.98,0.0,44,0.0,0.0,0.0,5,SF,1750431586.4505074,0,0,0,0,0,1,0,0,0,0,0,0,0,tcp,0.0,0,0.99,ben_98_3,0.0,telnet,100,19,0.0,0.0,0.0,0,normal,0,0,1
normal,18,0.08,21,6000,45,0.02,0.0,0.0,0.98,0.0,44,0.0,0.0,0.0,8,SF,1750431547.3338537,0,0,0,0,0,1,0,0,0,0,0,0,0,tcp,0.0,0,0.92,ben_90_2,0.0,ftp_data,450,20,0.05,0.0,0.0,0,normal,0,0,1
guess_passwd,5,0.0,12,15000,15,0.0,0.93,0.03,1.0,0.0,15,0.0,0.94,0.0,0,RSTO,1750431332.4177437,0,0,0,1,0,0,0,0,4,0,0,0,0,tcp,0.97,0,1.0,mal_25_1,0.0,telnet,25,5,0.0,0.98,0.0,0,r2l,0,0,1
normal,1,0.0,21,105,255,0.69,0.0,0.96,0.0,0.0,1,0.0,0.0,0.0,5568,SF,,0,0,0,0,0,0,0,0,0,0,0,0,0,udp,0.0,0,1.0,,0.0,other,146,1,0.0,0.0,0.0,0,normal,0,0,0
normal,1,0.0,21,334,133,0.04,0.0,0.01,0.69,0.0,92,0.0,0.0,0.0,0,SF,,0,0,0,0,0,1,0,0,0,0,0,0,0,tcp,0.0,0,1.0,,0.0,smtp,1447,1,0.0,0.0,0.0,0,normal,0,0,0
normal,1,0.0,21,90,45,0.0,0.0,1.0,1.0,0.0,197,0.01,0.0,0.0,0,SF,,0,0,0,0,0,0,0,0,0,0,0,0,0,udp,0.0,0,1.0,,0.0,domain_u,30,1,0.0,0.0,0.0,0,normal,0,0,0
guess_passwd,4,0.0,13,10450,14,0.0,0.95,0.07,1.0,0.01,14,0.0,0.95,0.0,0,RSTO,1750431374.0843377,0,0,0,1,0,0,0,0,3,0,0,0,0,tcp,0.96,0,1.0,mal_36_0,0.01,telnet,10,4,0.0,0.95,0.0,0,r2l,0,0,1
normal,15,0.15,18,70,100,0.03,0.0,0.0,0.92,0.0,95,0.01,0.0,0.0,5,SF,1750431546.625434,0,0,0,0,0,0,0,0,0,0,0,0,0,icmp,0.0,0,0.85,ben_86_4,0.0,eco_i,60,20,0.0,0.0,0.0,0,normal,0,0,1
normal,10,0.0,21,1225,63,0.0,0.0,0.02,1.0,0.0,255,0.02,0.0,0.0,0,SF,,0,0,0,0,0,1,0,0,0,0,0,0,0,tcp,0.0,0,1.0,,0.0,http,305,11,0.18,0.0,0.0,0,normal,0,0,0
normal,31,0.0,21,75,106,0.02,0.0,0.01,0.62,0.0,66,0.0,0.0,0.0,0,SF,,0,0,0,0,0,0,0,0,0,0,0,0,0,udp,0.0,0,1.0,,0.0,domain_u,45,31,0.0,0.0,0.0,0,normal,0,0,0
normal,18,0.0,21,5501,40,0.0,0.0,0.03,1.0,0.0,255,0.03,0.0,0.0,0,SF,,0,0,0,0,0,1,0,0,0,0,0,0,0,tcp,0.0,0,1.0,,0.0,http,302,18,0.0,0.0,0.0,0,normal,0,0,0
normal,1,0.0,21,8719,1,0.0,0.0,1.0,1.0,0.0,255,0.02,0.0,0.0,0,SF,,0,0,0,0,0,1,0,0,0,0,0,0,0,tcp,0.0,0,1.0,,0.0,http,268,44,0.05,0.0,0.0,0,normal,0,0,0
normal,17,0.0,21,707,17,0.0,0.0,0.06,1.0,0.0,255,0.02,0.0,0.0,0,SF,,0,0,0,0,0,1,0,0,0,0,0,0,0,tcp,0.0,0,1.0,,0.0,http,173,17,0.0,0.0,0.0,0,normal,0,0,0
rootkit,2,0.0,16,400,3,0.0,0.0,0.33,1.0,0.0,3,0.0,0.0,0.0,0,SF,1750431246.7555149,4,0,0,1,0,1,1,2,0,1,0,2,1,tcp,0.0,1,1.0,mal_5_3,0.0,telnet,80,2,0.0,0.0,0.0,1,u2r,0,0,1
normal,16,0.0,21,2488,255,0.0,0.0,0.01,1.0,0.0,255,0.0,0.0,0.0,0,SF,,0,0,0,0,0,1,0,0,0,0,0,0,0,tcp,0.0,0,1.0,,0.0,http,202,19,0.16,0.0,0.0,0,normal,0,0,0
normal,25,0.02,19,4200,180,0.02,0.0,0.0,0.97,0.0,175,0.01,0.0,0.0,15,SF,1750431420.5441122,0,0,0,0,0,1,0,0,0,0,0,0,0,tcp,0.0,0,0.98,ben_55_0,0.0,http,350,22,0.01,0.0,0.0,0,normal,0,0,1
normal,1,0.0,21,402,189,0.0,0.0,0.01,1.0,0.0,255,0.03,0.0,0.0,0,SF,,0,0,0,0,0,1,0,0,0,0,0,0,0,tcp,0.0,0,1.0,,0.0,http,292,1,0.0,0.0,0.0,0,normal,0,0,0
normal,1,0.0,21,0,1,0.0,1.0,1.0,1.0,0.0,255,0.19,0.98,0.0,0,REJ,,0,0,0,0,0,0,0,0,0,0,0,0,0,tcp,1.0,0,1.0,,0.0,http,0,2,1.0,1.0,0.0,0,normal,0,0,0
normal,10,0.0,21,18290,88,0.0,0.6,0.01,1.0,0.0,255,0.09,0.65,0.0,0,SF,,0,0,0,0,0,1,0,0,0,0,0,0,0,tcp,0.0,0,1.0,,0.0,http,197,21,0.14,0.0,0.0,0,normal,0,0,0
guess_passwd,4,0.0,11,15000,10,0.0,0.9,0.0,1.0,0.0,10,0.0,0.91,0.0,0,SF,1750431372.1737566,0,0,0,1,0,0,0,0,3,0,0,0,0,tcp,0.96,0,1.0,mal_37_0,0.0,telnet,12,4,0.0,0.97,0.0,0,r2l,0,0,1
normal,19,0.0,21,560,19,0.0,0.0,0.05,1.0,0.0,255,0.01,0.0,0.0,0,SF,,0,0,0,0,0,1,0,0,0,0,0,0,0,tcp,0.0,0,1.0,,0.0,http,302,19,0.0,0.0,0.0,0,normal,0,0,0
normal,5,0.0,21,511,255,0.0,0.0,0.0,1.0,0.0,255,0.0,0.0,0.0,0,SF,,0,0,0,0,0,1,0,0,0,0,0,0,0,tcp,0.0,0,1.0,,0.0,http,220,7,0.43,0.0,0.0,0,normal,0,0,0
normal,5,0.0,21,8275,41,0.0,0.0,0.02,1.0,0.02,255,0.04,0.0,0.0,0,SF,,0,0,0,0,0,1,0,0,0,0,0,0,0,tcp,0.0,0,1.0,,0.0,http,335,5,0.0,0.0,0.0,0,normal,0,0,0
guess_passwd,4,0.0,11,15000,15,0.0,0.89,0.04,1.0,0.0,15,0.0,0.9,0.0,1,SF,1750431374.9673944,0,0,0,1,0,0,0,0,3,0,0,0,0,tcp,0.91,0,1.0,mal_43_1,0.0,telnet,30,4,0.0,0.92,0.0,0,r2l,0,0,1
rootkit,3,0.0,17,250,3,0.0,0.0,0.5,1.0,0.0,3,0.0,0.0,0.0,0,SF,1750431247.1955073,4,0,0,1,0,1,0,2,0,1,0,1,1,tcp,0.0,1,1.0,mal_6_3,0.0,telnet,100,3,0.0,0.0,0.0,1,u2r,0,0,1
guess_passwd,7,0.0,13,12000,20,0.03,0.99,0.0,0.97,0.0,20,0.0,0.98,0.0,0,RSTO,1750431332.8669004,0,0,0,1,0,0,0,0,3,0,0,0,0,tcp,1.0,0,1.0,mal_24_2,0.0,http,30,7,0.0,0.95,0.0,0,r2l,0,0,1
rootkit,2,0.0,17,230,4,0.0,0.0,0.5,1.0,0.0,4,0.0,0.0,0.0,0,SF,1750431288.6488783,4,0,0,1,0,1,1,4,0,1,0,2,0,tcp,0.0,1,1.0,mal_14_2,0.0,telnet,120,2,0.0,0.0,0.0,1,u2r,0,0,1
normal,1,0.0,21,105,255,0.84,0.0,1.0,0.0,0.0,1,0.0,0.0,0.0,2644,SF,,0,0,0,0,0,0,0,0,0,0,0,0,0,udp,0.0,0,1.0,,0.0,other,147,1,0.0,0.0,0.0,0,normal,0,0,0
guess_passwd,3,0.0,12,8500,16,0.0,0.91,0.03,1.0,0.0,16,0.0,0.91,0.0,0,RSTO,1750431247.5274546,0,0,0,1,0,0,0,0,4,0,0,0,0,tcp,0.95,0,1.0,mal_0_0,0.0,telnet,0,3,0.0,0.96,0.0,0,r2l,0,0,1
guess_passwd,3,0.0,11,15000,20,0.0,0.9,0.0,1.0,0.0,20,0.0,0.9,0.0,1,SF,1750431288.172486,0,0,0,1,0,0,0,0,3,0,0,0,0,tcp,0.94,0,1.0,mal_13_1,0.0,telnet,40,3,0.0,0.93,0.0,0,r2l,0,0,1
guess_passwd,5,0.0,10,11000,20,0.0,0.9,0.0,1.0,0.0,20,0.0,0.9,0.0,0,RSTO,1750431288.212831,0,0,0,1,0,0,0,0,2,0,0,0,0,tcp,0.93,0,1.0,mal_12_3,0.0,http,45,5,0.0,0.94,0.0,0,r2l,0,0,1
normal,2,0.0,21,314,76,0.0,0.0,0.01,1.0,0.0,255,0.06,0.0,0.0,0,SF,,0,0,0,0,0,1,0,0,0,0,0,0,0,tcp,0.0,0,1.0,,0.0,http,204,2,0.0,0.0,0.0,0,normal,0,0,0
loadmodule,2,0.0,14,3500,5,0.0,0.0,1.0,1.0,0.0,5,0.2,0.0,0.0,0,SF,1750431421.5589876,2,0,0,1,0,1,0,1,0,0,0,1,0,tcp,0.0,1,1.0,mal_48_2,0.0,ftp_data,0,2,0.0,0.0,0.0,1,u2r,0,0,1
rootkit,3,0.0,17,180,4,0.0,0.0,0.4,1.0,0.0,4,0.0,0.0,0.0,1,SF,1750431374.1463382,4,0,0,1,0,1,1,3,0,1,0,1,0,tcp,0.0,1,1.0,mal_39_2,0.0,telnet,95,3,0.0,0.0,0.0,1,u2r,0,0,1
normal,40,0.0,20,120,180,0.0,0.0,0.0,1.0,0.0,175,0.0,0.0,0.0,35,SF,1750431422.6032166,0,0,0,0,0,0,0,0,0,0,0,0,0,udp,0.0,0,1.0,ben_57_1,0.0,domain_u,60,42,0.02,0.0,0.0,0,normal,0,0,1
guess_passwd,6,0.0,10,12000,40,0.0,0.9,0.0,0.99,0.0,40,0.0,0.92,0.0,0,RSTO,1750431288.6518767,0,0,0,1,0,0,0,0,2,0,0,0,0,tcp,0.91,0,1.0,mal_14_3,0.0,http,10,6,0.0,0.93,0.0,0,r2l,0,0,1
normal,5,0.0,21,552,253,0.0,0.0,0.0,1.0,0.0,255,0.01,0.0,0.0,0,SF,,0,0,0,0,0,1,0,0,0,0,0,0,0,tcp,0.0,0,1.0,,0.0,http,339,5,0.0,0.0,0.0,0,normal,0,0,0
normal,25,0.04,19,400,90,0.02,0.0,0.0,0.95,0.0,85,0.01,0.0,0.0,5,SF,1750431457.8580337,0,0,0,0,0,1,0,0,0,0,0,0,0,tcp,0.0,0,0.95,ben_65_3,0.0,telnet,150,30,0.01,0.0,0.0,0,normal,0,0,1
loadmodule,2,0.0,15,3100,6,0.0,0.0,1.0,1.0,0.0,6,0.17,0.0,0.0,1,SF,1750431247.3451264,3,0,0,1,0,1,1,2,0,0,0,2,0,tcp,0.0,1,1.0,mal_4_2,0.0,ftp_data,0,2,0.0,0.0,0.0,1,u2r,0,0,1
normal,2,0.0,21,757,19,0.0,0.0,0.05,1.0,0.0,255,0.04,0.0,0.0,0,SF,,0,0,0,0,0,1,0,0,0,0,0,0,0,tcp,0.0,0,1.0,,0.0,http,208,4,0.5,0.0,0.0,0,normal,0,0,0
normal,100,0.0,19,180,250,0.0,0.0,0.0,1.0,0.0,250,0.0,0.0,0.0,45,SF,1750431547.3198247,0,0,0,0,0,0,0,0,0,0,0,0,0,udp,0.0,0,1.0,ben_90_1,0.0,domain_u,60,150,0.02,0.0,0.0,0,normal,0,0,1
guess_passwd,5,0.0,13,11000,50,0.0,0.95,0.0,1.0,0.0,50,0.0,0.95,0.0,0,RSTO,1750431387.2328558,0,0,0,1,0,0,0,0,2,0,0,0,0,tcp,0.97,0,1.0,mal_47_4,0.0,http,15,5,0.0,0.96,0.0,0,r2l,0,0,1
normal,18,0.0,21,2554,58,0.0,0.22,0.02,1.0,0.0,255,0.09,0.62,0.0,0,SF,,0,0,0,0,0,1,0,0,0,0,0,0,0,tcp,0.0,0,1.0,,0.0,http,325,18,0.0,0.0,0.0,0,normal,0,0,0
normal,77,0.0,19,124,255,0.01,0.0,0.0,0.97,0.0,247,0.0,0.0,0.0,0,SF,,0,0,0,0,0,0,0,0,0,0,0,0,0,udp,0.0,0,1.0,,0.0,domain_u,43,157,0.01,0.0,0.0,0,normal,0,0,0
guess_passwd,6,0.0,10,15360,20,0.0,0.9,0.07,1.0,0.0,20,0.0,0.91,0.0,0,SF,1750431334.1512866,0,0,0,1,0,0,0,0,3,0,0,0,0,tcp,0.91,0,1.0,mal_34_1,0.0,telnet,25,6,0.0,0.92,0.0,0,r2l,0,0,1
rootkit,3,0.0,17,250,4,0.0,0.0,0.33,1.0,0.0,4,0.0,0.0,0.0,0,SF,1750431300.0789149,4,0,0,1,0,1,0,4,0,1,0,2,0,tcp,0.0,1,1.0,mal_20_3,0.0,telnet,110,3,0.0,0.0,0.0,1,u2r,0,0,1
normal,130,0.0,20,140,255,0.0,0.0,0.0,1.0,0.0,255,0.0,0.0,0.0,35,SF,1750431560.4061348,0,0,0,0,0,0,0,0,0,0,0,0,0,udp,0.0,0,1.0,ben_94_1,0.0,domain_u,55,180,0.03,0.0,0.0,0,normal,0,0,1
normal,4,0.5,20,0,98,0.05,0.01,0.41,0.01,0.01,1,0.0,0.0,0.0,0,SF,,0,0,0,0,0,1,0,0,0,0,0,0,0,tcp,0.0,0,0.25,,0.25,other,7077,1,0.0,0.0,0.0,0,normal,0,0,0
normal,6,0.0,21,1208,40,0.0,0.0,0.03,1.0,0.0,255,0.04,0.0,0.0,0,SF,,0,0,0,0,0,1,0,0,0,0,0,0,0,tcp,0.0,0,1.0,,0.0,http,325,6,0.0,0.0,0.0,0,normal,0,0,0
normal,1,0.0,21,757,35,0.0,0.0,0.03,1.0,0.0,255,0.05,0.0,0.0,0,SF,,0,0,0,0,0,1,0,0,0,0,0,0,0,tcp,0.0,0,1.0,,0.0,http,281,8,0.25,0.0,0.0,0,normal,0,0,0
normal,6,0.0,21,3222,255,0.01,0.0,0.0,0.97,0.0,248,0.0,0.0,0.0,0,SF,,0,0,0,0,0,1,0,0,0,0,0,0,0,tcp,0.0,0,1.0,,0.0,http,311,6,0.0,0.0,0.0,0,normal,0,0,0
normal,1,0.0,20,0,5,0.0,1.0,0.2,1.0,0.0,22,0.09,0.27,0.09,0,REJ,,0,0,0,0,0,0,0,0,0,0,0,0,0,tcp,1.0,0,1.0,,0.0,http,0,1,0.0,1.0,0.0,0,normal,0,0,0
normal,24,0.0,21,1674,255,0.0,0.02,0.0,1.0,0.01,255,0.0,0.02,0.01,0,SF,,0,0,0,0,0,1,0,0,0,0,0,0,0,tcp,0.0,0,1.0,,0.0,http,293,24,0.0,0.0,0.0,0,normal,0,0,0
normal,1,0.0,21,768,255,0.0,0.0,0.0,1.0,0.0,255,0.0,0.0,0.0,0,SF,,0,0,0,0,0,1,0,0,0,0,0,0,0,tcp,0.0,0,1.0,,0.0,http,250,2,1.0,0.0,0.0,0,normal,0,0,0
normal,1,0.0,21,0,87,0.05,0.0,0.32,0.32,0.0,74,0.03,0.0,0.0,0,SF,,0,0,0,0,0,1,0,0,0,0,0,0,0,tcp,0.0,0,1.0,,0.0,ftp_data,192,1,0.0,0.0,0.0,0,normal,0,0,0
warezclient,4,0.0,10,9500,15,0.0,0.95,0.1,1.0,0.0,15,0.0,0.95,0.0,0,RSTO,1750431333.9187474,0,0,0,1,0,0,0,0,3,0,0,0,0,tcp,0.96,0,1.0,mal_31_0,0.0,ftp_data,0,4,0.0,0.97,0.0,0,r2l,0,0,1
normal,3,0.0,21,2698,99,0.0,0.0,0.01,1.0,0.0,99,0.0,0.0,0.0,0,SF,,0,0,0,0,0,1,1,0,0,0,0,0,0,tcp,0.0,0,1.0,,0.0,http,235,3,0.0,0.0,0.0,0,normal,0,0,0
warezmaster,1,0.0,9,5151154,16,0.0,0.0,1.0,1.0,0.0,16,0.0,0.0,0.0,10,SF,,0,0,0,1,0,0,0,0,0,0,0,0,0,tcp,0.0,0,1.0,,0.0,ftp_data,0,1,0.0,0.0,0.0,0,r2l,0,0,0
normal,1,0.0,21,0,31,0.0,0.97,0.03,1.0,0.0,255,0.13,1.0,0.0,0,REJ,,0,0,0,0,0,0,0,0,0,0,0,0,0,tcp,1.0,0,1.0,,0.0,http,0,2,1.0,1.0,0.0,0,normal,0,0,0
guess_passwd,4,0.0,11,11000,15,0.0,0.93,0.0,1.0,0.0,15,0.0,0.93,0.0,0,RSTO,1750431247.5987394,0,0,0,1,0,0,0,0,3,0,0,0,0,tcp,1.0,0,1.0,mal_10_1,0.0,telnet,35,4,0.0,1.0,0.0,0,r2l,0,0,1
normal,5,0.0,21,6129,5,0.0,0.0,0.2,1.0,0.0,255,0.01,0.0,0.01,0,SF,,0,0,0,0,0,1,0,0,0,0,0,0,0,tcp,0.0,0,1.0,,0.0,http,228,5,0.0,0.0,0.0,0,normal,0,0,0
normal,18,0.0,18,4200,200,0.01,0.0,0.0,0.97,0.0,195,0.0,0.0,0.0,15,SF,1750431513.0013835,0,0,0,0,0,1,0,0,0,0,0,0,0,tcp,0.0,0,1.0,ben_80_0,0.0,http,350,20,0.0,0.0,0.0,0,normal,0,0,1
normal,2,0.0,20,0,109,0.04,0.0,0.76,0.76,0.01,142,0.01,0.0,0.0,0,SF,,0,0,0,0,0,1,0,0,0,0,0,0,0,tcp,0.0,0,1.0,,0.0,ftp_data,854,2,0.0,0.0,0.0,0,normal,0,0,0
normal,15,0.05,20,350,80,0.02,0.0,0.0,0.94,0.0,75,0.01,0.0,0.0,5,SF,1750431548.6091747,0,0,0,0,0,1,0,0,0,0,0,0,0,tcp,0.0,0,0.95,ben_92_3,0.0,telnet,150,17,0.0,0.0,0.0,0,normal,0,0,1
phf,3,0.0,10,8900,22,0.0,0.9,0.0,1.0,0.01,22,0.0,0.9,0.0,0,RSTO,1750431288.8233604,1,0,0,1,0,0,0,0,2,0,0,0,0,tcp,0.93,0,1.0,mal_16_3,0.01,http,40,3,0.0,0.94,0.0,0,r2l,0,0,1
normal,17,0.0,18,0,255,0.02,0.03,0.28,0.28,0.0,71,0.0,0.0,0.0,0,SF,,0,0,0,0,0,1,0,0,0,0,0,0,0,tcp,0.0,0,1.0,,0.0,ftp_data,59,17,0.0,0.0,0.0,0,normal,0,0,0
normal,9,0.0,21,2098,46,0.0,0.0,0.02,1.0,0.0,255,0.01,0.0,0.0,0,SF,,0,0,0,0,0,1,0,0,0,0,0,0,0,tcp,0.0,0,1.0,,0.0,http,273,9,0.0,0.0,0.0,0,normal,0,0,0
normal,6,0.0,21,9523,6,0.0,0.0,0.17,1.0,0.0,255,0.05,0.0,0.0,0,SF,,0,0,0,0,0,1,0,0,0,0,0,0,0,tcp,0.0,0,1.0,,0.0,http,216,37,0.05,0.0,0.0,0,normal,0,0,0
normal,1,0.0,20,331,67,0.04,0.03,0.01,0.97,0.0,65,0.0,0.03,0.0,2,SF,,0,0,0,0,0,1,0,0,0,0,0,0,0,tcp,0.0,0,1.0,,0.0,smtp,1149,2,1.0,0.0,0.0,0,normal,0,0,0
normal,8,0.0,21,965,8,0.0,0.0,0.12,1.0,0.0,255,0.01,0.0,0.0,0,SF,,0,0,0,0,0,1,0,0,0,0,0,0,0,tcp,0.0,0,1.0,,0.0,http,189,8,0.0,0.0,0.0,0,normal,0,0,0
normal,1,0.0,21,423,6,0.0,0.0,0.17,1.0,0.0,255,0.03,0.0,0.0,0,SF,,0,0,0,0,0,1,0,0,0,0,0,0,0,tcp,0.0,0,1.0,,0.0,http,215,1,0.0,0.0,0.0,0,normal,0,0,0
normal,2,0.0,20,0,11,0.27,0.0,0.27,0.27,0.0,7,0.29,0.0,0.0,0,SF,,0,0,0,0,0,1,0,0,0,0,0,0,0,tcp,0.0,0,1.0,,0.0,ftp_data,1010,2,0.0,0.0,0.0,0,normal,0,0,0
normal,4,0.0,21,2544,255,0.0,0.0,0.0,1.0,0.0,255,0.0,0.0,0.0,0,SF,,0,0,0,0,0,1,0,0,0,0,0,0,0,tcp,0.0,0,1.0,,0.0,http,267,5,0.4,0.0,0.0,0,normal,0,0,0
phf,5,0.0,8,9500,20,0.0,0.89,0.0,0.98,0.0,20,0.0,0.89,0.0,0,RSTO,1750431247.3481257,0,0,0,1,0,0,0,0,2,0,0,0,0,tcp,0.92,0,1.0,mal_4_4,0.0,http,15,5,0.0,0.91,0.0,0,r2l,0,0,1
normal,1,0.0,21,397,103,0.04,0.0,0.01,0.85,0.0,215,0.01,0.0,0.0,0,SF,,0,0,0,0,0,1,0,0,0,0,0,0,0,tcp,0.0,0,1.0,,0.0,smtp,2044,1,0.0,0.0,0.0,0,normal,0,0,0
warezmaster,3,0.0,12,7500000,22,0.0,0.93,0.1,1.0,0.05,22,0.0,0.94,0.05,0,RSTO,1750431333.5359828,0,0,0,1,0,0,0,0,4,0,0,0,0,tcp,0.96,0,1.0,mal_33_0,0.05,ftp_data,0,3,0.0,0.97,0.04,0,r2l,0,0,1
normal,8,0.0,21,2289,17,0.0,0.0,0.06,1.0,0.0,255,0.06,0.0,0.0,0,SF,,0,0,0,0,0,1,0,0,0,0,0,0,0,tcp,0.0,0,1.0,,0.0,http,339,9,0.22,0.0,0.0,0,normal,0,0,0
normal,2,0.0,21,248,48,0.0,0.0,0.02,1.0,0.0,255,0.02,0.0,0.0,93,SF,,0,0,0,0,0,1,0,0,0,0,0,0,0,tcp,0.0,0,1.0,,0.0,http,375,4,0.75,0.0,0.0,0,normal,0,0,0
normal,3,0.0,21,32294,172,0.0,0.0,0.01,1.0,0.01,255,0.02,0.0,0.0,0,SF,,0,0,0,0,0,1,0,0,0,0,0,0,0,tcp,0.0,0,1.0,,0.0,http,296,3,0.0,0.0,0.0,0,normal,0,0,0
loadmodule,1,0.0,17,9200,7,0.0,0.0,1.0,1.0,0.0,7,0.15,0.0,0.0,2,SF,1750431288.6770456,1,0,0,1,0,1,0,1,0,0,0,0,0,tcp,0.0,1,1.0,mal_18_4,0.0,ftp_data,0,1,0.0,0.0,0.0,0,u2r,0,0,1
normal,8,0.0,21,575,8,0.0,0.0,0.12,1.0,0.0,255,0.01,0.0,0.0,0,SF,,0,0,0,0,0,1,0,0,0,0,0,0,0,tcp,0.0,0,1.0,,0.0,http,222,16,0.19,0.0,0.0,0,normal,0,0,0
normal,1,0.0,21,138,53,0.06,0.0,0.02,0.08,0.0,8,0.25,0.0,0.0,2,SF,,0,0,0,0,0,0,0,0,0,0,0,0,0,tcp,0.0,0,1.0,,0.0,finger,7,1,0.0,0.0,0.0,0,normal,0,0,0
